commit_hash,author,committer,author_date,committer_date,msg,is_merge,parents_count,file,file_path,lines_added,lines_deleted,lines_changed,is_bug_fix,is_buggy
4101de3daf91c6d35b92395a72bf84132ef48f7c,Armin Ronacher,Armin Ronacher,2014-04-24 09:51:55+00:00,2014-04-24T11:51:55+02:00,Initial commit,False,0,setup.py,setup.py,18,0,18,0,0
4101de3daf91c6d35b92395a72bf84132ef48f7c,Armin Ronacher,Armin Ronacher,2014-04-24 09:51:55+00:00,2014-04-24T11:51:55+02:00,Initial commit,False,0,.gitignore,.gitignore,7,0,7,0,0
4101de3daf91c6d35b92395a72bf84132ef48f7c,Armin Ronacher,Armin Ronacher,2014-04-24 09:51:55+00:00,2014-04-24T11:51:55+02:00,Initial commit,False,0,click.py,click.py,1533,0,1533,0,0
4101de3daf91c6d35b92395a72bf84132ef48f7c,Armin Ronacher,Armin Ronacher,2014-04-24 09:51:55+00:00,2014-04-24T11:51:55+02:00,Initial commit,False,0,Makefile,docs/Makefile,130,0,130,0,0
4101de3daf91c6d35b92395a72bf84132ef48f7c,Armin Ronacher,Armin Ronacher,2014-04-24 09:51:55+00:00,2014-04-24T11:51:55+02:00,Initial commit,False,0,LICENSE,docs/_themes/LICENSE,37,0,37,0,0
4101de3daf91c6d35b92395a72bf84132ef48f7c,Armin Ronacher,Armin Ronacher,2014-04-24 09:51:55+00:00,2014-04-24T11:51:55+02:00,Initial commit,False,0,README,docs/_themes/README,31,0,31,0,0
4101de3daf91c6d35b92395a72bf84132ef48f7c,Armin Ronacher,Armin Ronacher,2014-04-24 09:51:55+00:00,2014-04-24T11:51:55+02:00,Initial commit,False,0,setup.py,examples/repo/setup.py,15,0,15,0,0
4101de3daf91c6d35b92395a72bf84132ef48f7c,Armin Ronacher,Armin Ronacher,2014-04-24 09:51:55+00:00,2014-04-24T11:51:55+02:00,Initial commit,False,0,theme.conf,docs/_themes/click/theme.conf,4,0,4,0,0
4101de3daf91c6d35b92395a72bf84132ef48f7c,Armin Ronacher,Armin Ronacher,2014-04-24 09:51:55+00:00,2014-04-24T11:51:55+02:00,Initial commit,False,0,repo.py,examples/repo/repo.py,51,0,51,0,0
4101de3daf91c6d35b92395a72bf84132ef48f7c,Armin Ronacher,Armin Ronacher,2014-04-24 09:51:55+00:00,2014-04-24T11:51:55+02:00,Initial commit,False,0,click.css_t,docs/_themes/click/static/click.css_t,396,0,396,0,0
4101de3daf91c6d35b92395a72bf84132ef48f7c,Armin Ronacher,Armin Ronacher,2014-04-24 09:51:55+00:00,2014-04-24T11:51:55+02:00,Initial commit,False,0,conf.py,docs/conf.py,217,0,217,0,1
4101de3daf91c6d35b92395a72bf84132ef48f7c,Armin Ronacher,Armin Ronacher,2014-04-24 09:51:55+00:00,2014-04-24T11:51:55+02:00,Initial commit,False,0,make.bat,docs/make.bat,155,0,155,0,0
2867443b240cd7d389eb3fe52388e41b866e9aa2,Armin Ronacher,Armin Ronacher,2014-04-24 09:53:08+00:00,2014-04-24T11:53:09+02:00,Added readme and license,False,1,LICENSE,LICENSE,31,0,31,0,0
2867443b240cd7d389eb3fe52388e41b866e9aa2,Armin Ronacher,Armin Ronacher,2014-04-24 09:53:08+00:00,2014-04-24T11:53:09+02:00,Added readme and license,False,1,README,README,15,0,15,0,0
5b7b7296fabc5d47d4ffd179be52492095e36f30,Armin Ronacher,Armin Ronacher,2014-04-24 09:57:19+00:00,2014-04-24T11:57:19+02:00,Added makefile for uploading docs,False,1,Makefile,Makefile,5,0,5,0,0
47f9cb435b047f4bccf2dcee3ce3dd0bb91d8535,Henrique Pereira,Henrique Pereira,2014-04-24 13:21:47+00:00,2014-04-24T10:21:47-03:00,Windows compatibility,False,1,click.py,click.py,2,2,4,0,1
7783631af5d7ce48bda32dd6e1ae0bbb34d6e73d,Armin Ronacher,Armin Ronacher,2014-04-24 20:40:11+00:00,2014-04-24T22:40:11+02:00,Pass default values through the type system.,False,1,click.py,click.py,6,2,8,1,1
bdf4ddfe904dad9ec062314cccfccf9be2087e67,Armin Ronacher,Armin Ronacher,2014-04-24 20:52:32+00:00,2014-04-24T22:52:32+02:00,Improved error handling for files.,False,1,click.py,click.py,19,3,22,1,0
8259846071cbd9d34ac0b4259a9ace374ef32ffb,Armin Ronacher,Armin Ronacher,2014-04-24 20:52:41+00:00,2014-04-24T22:52:41+02:00,Added inout example,False,1,setup.py,examples/inout/setup.py,15,0,15,0,0
8259846071cbd9d34ac0b4259a9ace374ef32ffb,Armin Ronacher,Armin Ronacher,2014-04-24 20:52:41+00:00,2014-04-24T22:52:41+02:00,Added inout example,False,1,inout.py,examples/inout/inout.py,13,0,13,0,0
23d3f68126168ce7be34aac162a22c7200ebc657,Armin Ronacher,Armin Ronacher,2014-04-24 22:07:45+00:00,2014-04-25T00:07:45+02:00,Added docs for building complex click applications,False,1,repo.py,examples/repo/repo.py,27,6,33,0,0
23d3f68126168ce7be34aac162a22c7200ebc657,Armin Ronacher,Armin Ronacher,2014-04-24 22:07:45+00:00,2014-04-25T00:07:45+02:00,Added docs for building complex click applications,False,1,click.py,click.py,74,13,87,0,0
5dcddcd9edd926160875b9dd9c8e5446ecafb4b4,Armin Ronacher,Armin Ronacher,2014-04-24 22:08:53+00:00,2014-04-25T00:08:53+02:00,rsync > scp,False,1,Makefile,Makefile,1,1,2,0,0
9d027aac4fb4229230591aeeb36778da34daa3b6,Armin Ronacher,Armin Ronacher,2014-04-24 22:24:04+00:00,2014-04-25T00:24:04+02:00,Added epilog support.,False,1,click.py,click.py,7,3,10,0,0
18fff340f135ea8fb95bf049162d8d5b12a7d742,Armin Ronacher,Armin Ronacher,2014-04-24 22:42:29+00:00,2014-04-25T00:42:29+02:00,Added support for multiple arguments.,False,1,click.py,click.py,15,3,18,0,1
18fff340f135ea8fb95bf049162d8d5b12a7d742,Armin Ronacher,Armin Ronacher,2014-04-24 22:42:29+00:00,2014-04-25T00:42:29+02:00,Added support for multiple arguments.,False,1,repo.py,examples/repo/repo.py,9,0,9,0,0
7caa40d1dab77e9c55417a5a6158a421fb458e6d,Armin Ronacher,Armin Ronacher,2014-04-24 23:30:00+00:00,2014-04-25T01:30:00+02:00,Added a link to the website,False,1,README,README,2,0,2,0,0
8ca33a9fba18a8ffe9670eebf7448e022bdb3a33,Armin Ronacher,Armin Ronacher,2014-04-25 09:03:50+00:00,2014-04-25T11:04:00+02:00,Correct fix for #20,False,1,click.py,click.py,3,3,6,1,0
a4316a46d20a42743447a007c0753ff5382e2feb,Lingchao Xin,Lingchao Xin,2014-04-25 09:13:13+00:00,2014-04-25T17:13:31+08:00,"If no enough values we need, no need use None fill it",False,1,click.py,click.py,0,1,1,0,0
24efee07209bc65b76063e4ab93389c1401d27c8,Armin Ronacher,Armin Ronacher,2014-04-25 13:19:12+00:00,2014-04-25T15:19:25+02:00,Added support for mixing nargs and multiple,False,1,click.py,click.py,5,6,11,0,0
84fbcb2aa25643409c21fea2c5215812e2db0425,Armin Ronacher,Armin Ronacher,2014-04-25 16:52:55+00:00,2014-04-25T18:53:04+02:00,Added some more statements on argparse and how verbosity can be implemented in click.,False,1,click.py,click.py,7,9,16,0,0
9eacc909590342760ab9899ed24886e871bf5c2e,Armin Ronacher,Armin Ronacher,2014-04-25 22:50:29+00:00,2014-04-26T00:50:29+02:00,Added choice support,False,1,click.py,click.py,25,0,25,0,1
962e97add7fb46671f0e5126dedf5de3a4063e42,Steve Morin,Steve Morin,2014-04-26 07:02:29+00:00,2014-04-26T00:02:29-07:00,fixed a typo in english chose to choose,False,1,click.py,click.py,1,1,2,1,0
e2d388e05db0059b1ba209153e96ec7b70ff8560,Armin Ronacher,Armin Ronacher,2014-04-26 11:00:10+00:00,2014-04-26T13:00:10+02:00,Added an example for aliases,False,1,click.py,click.py,14,9,23,0,1
e7f6b3830aa4604ef45d8ac231cc8669a2ab72b5,Paul Moore,Paul Moore,2014-04-26 11:20:09+00:00,2014-04-26T12:20:09+01:00,Fix Python 3 issue with errors arg on binary open_stream,False,1,click.py,click.py,3,1,4,1,0
0f820c1404a8571777ac24998f0686e157598fef,Paul Moore,Paul Moore,2014-04-26 11:30:10+00:00,2014-04-26T12:30:10+01:00,Use shutil.get_terminal_size if available,False,1,click.py,click.py,7,0,7,0,1
0a446700e1f0a2355bc3e17ae7d117d893b92e1c,Armin Ronacher,Armin Ronacher,2014-04-26 12:40:01+00:00,2014-04-26T14:40:01+02:00,Make documentation invoke click and fix a bunch of issues,False,1,clickdoctools.py,docs/clickdoctools.py,251,0,251,1,0
0a446700e1f0a2355bc3e17ae7d117d893b92e1c,Armin Ronacher,Armin Ronacher,2014-04-26 12:40:01+00:00,2014-04-26T14:40:01+02:00,Make documentation invoke click and fix a bunch of issues,False,1,conf.py,docs/conf.py,3,1,4,1,0
0a446700e1f0a2355bc3e17ae7d117d893b92e1c,Armin Ronacher,Armin Ronacher,2014-04-26 12:40:01+00:00,2014-04-26T14:40:01+02:00,Make documentation invoke click and fix a bunch of issues,False,1,click.py,click.py,10,3,13,1,0
fcd6d327327bc240d75e64f1baa1b0a51c992f2a,Armin Ronacher,Armin Ronacher,2014-04-26 18:05:05+00:00,2014-04-26T20:05:05+02:00,Added notes on Python 3 support,False,1,click.py,click.py,18,4,22,0,0
8254b7961b30a61c32f13de616566449f491d374,Armin Ronacher,Armin Ronacher,2014-04-26 21:03:18+00:00,2014-04-26T23:03:18+02:00,More automated docs,False,1,clickdoctools.py,docs/clickdoctools.py,1,0,1,0,0
c54d8cceddcd846cce1331e859f1c62dc1176dec,Armin Ronacher,Armin Ronacher,2014-04-26 22:41:01+00:00,2014-04-27T00:41:01+02:00,Updated readme a bit,False,1,README,README,3,1,4,0,0
0ed40c880cb3e7cdabd528ef7ca5da3800367aee,Armin Ronacher,Armin Ronacher,2014-04-26 23:42:58+00:00,2014-04-27T01:42:58+02:00,Split up click into a package,False,1,click.py,click.py,0,1686,1686,0,0
0ed40c880cb3e7cdabd528ef7ca5da3800367aee,Armin Ronacher,Armin Ronacher,2014-04-26 23:42:58+00:00,2014-04-27T01:42:58+02:00,Split up click into a package,False,1,__init__.py,click/__init__.py,54,0,54,0,0
0ed40c880cb3e7cdabd528ef7ca5da3800367aee,Armin Ronacher,Armin Ronacher,2014-04-26 23:42:58+00:00,2014-04-27T01:42:58+02:00,Split up click into a package,False,1,_compat.py,click/_compat.py,72,0,72,0,0
0ed40c880cb3e7cdabd528ef7ca5da3800367aee,Armin Ronacher,Armin Ronacher,2014-04-26 23:42:58+00:00,2014-04-27T01:42:58+02:00,Split up click into a package,False,1,_optparse.py,click/_optparse.py,71,0,71,0,0
0ed40c880cb3e7cdabd528ef7ca5da3800367aee,Armin Ronacher,Armin Ronacher,2014-04-26 23:42:58+00:00,2014-04-27T01:42:58+02:00,Split up click into a package,False,1,core.py,click/core.py,850,0,850,0,0
0ed40c880cb3e7cdabd528ef7ca5da3800367aee,Armin Ronacher,Armin Ronacher,2014-04-26 23:42:58+00:00,2014-04-27T01:42:58+02:00,Split up click into a package,False,1,decorators.py,click/decorators.py,258,0,258,0,0
0ed40c880cb3e7cdabd528ef7ca5da3800367aee,Armin Ronacher,Armin Ronacher,2014-04-26 23:42:58+00:00,2014-04-27T01:42:58+02:00,Split up click into a package,False,1,exceptions.py,click/exceptions.py,19,0,19,0,1
0ed40c880cb3e7cdabd528ef7ca5da3800367aee,Armin Ronacher,Armin Ronacher,2014-04-26 23:42:58+00:00,2014-04-27T01:42:58+02:00,Split up click into a package,False,1,helpers.py,click/helpers.py,146,0,146,0,0
0ed40c880cb3e7cdabd528ef7ca5da3800367aee,Armin Ronacher,Armin Ronacher,2014-04-26 23:42:58+00:00,2014-04-27T01:42:58+02:00,Split up click into a package,False,1,types.py,click/types.py,240,0,240,0,0
0ed40c880cb3e7cdabd528ef7ca5da3800367aee,Armin Ronacher,Armin Ronacher,2014-04-26 23:42:58+00:00,2014-04-27T01:42:58+02:00,Split up click into a package,False,1,utils.py,click/utils.py,26,0,26,0,0
0ed40c880cb3e7cdabd528ef7ca5da3800367aee,Armin Ronacher,Armin Ronacher,2014-04-26 23:42:58+00:00,2014-04-27T01:42:58+02:00,Split up click into a package,False,1,clickdoctools.py,docs/clickdoctools.py,24,20,44,0,0
0ed40c880cb3e7cdabd528ef7ca5da3800367aee,Armin Ronacher,Armin Ronacher,2014-04-26 23:42:58+00:00,2014-04-27T01:42:58+02:00,Split up click into a package,False,1,setup.py,setup.py,1,1,2,0,0
0ed40c880cb3e7cdabd528ef7ca5da3800367aee,Armin Ronacher,Armin Ronacher,2014-04-26 23:42:58+00:00,2014-04-27T01:42:58+02:00,Split up click into a package,False,1,formatting.py,click/formatting.py,40,0,40,0,0
e5dc29db918d5c74c640788ba0e247a5d2023620,Armin Ronacher,Armin Ronacher,2014-04-27 00:06:32+00:00,2014-04-27T02:06:32+02:00,Some performance improvements,False,1,helpers.py,click/helpers.py,12,7,19,0,0
e5dc29db918d5c74c640788ba0e247a5d2023620,Armin Ronacher,Armin Ronacher,2014-04-27 00:06:32+00:00,2014-04-27T02:06:32+02:00,Some performance improvements,False,1,core.py,click/core.py,8,9,17,0,1
e5dc29db918d5c74c640788ba0e247a5d2023620,Armin Ronacher,Armin Ronacher,2014-04-27 00:06:32+00:00,2014-04-27T02:06:32+02:00,Some performance improvements,False,1,_optparse.py,click/_optparse.py,28,12,40,0,1
ded4bd56203615bb4d2093a1cef20e8e46877849,Armin Ronacher,Armin Ronacher,2014-04-27 14:26:53+00:00,2014-04-27T16:26:53+02:00,Fixed #38,False,1,_optparse.py,click/_optparse.py,2,0,2,1,1
8f7caca12b728288ed52ee59e4e6c8807476609f,Armin Ronacher,Armin Ronacher,2014-04-27 23:01:01+00:00,2014-04-28T01:01:01+02:00,Some small fixes for problems,False,1,_optparse.py,click/_optparse.py,4,1,5,1,0
8f7caca12b728288ed52ee59e4e6c8807476609f,Armin Ronacher,Armin Ronacher,2014-04-27 23:01:01+00:00,2014-04-28T01:01:01+02:00,Some small fixes for problems,False,1,core.py,click/core.py,7,4,11,1,1
e2124ba8c617d826954a0172419c6440be24fdb5,Armin Ronacher,Armin Ronacher,2014-04-27 23:14:00+00:00,2014-04-28T01:14:00+02:00,Allow to set defaults for bools to None,False,1,core.py,click/core.py,4,1,5,1,0
68e142599b4e258f21aa16b923da9a200ac14454,Armin Ronacher,Armin Ronacher,2014-04-28 10:25:29+00:00,2014-04-28T12:25:29+02:00,Changed how sub commands are invoked and made it clearer.,False,1,core.py,click/core.py,9,11,20,0,1
9ab74c30fc0eae429c77ab0dffac3103b701c110,Armin Ronacher,Armin Ronacher,2014-04-29 15:43:12+00:00,2014-04-29T17:43:12+02:00,Abort with a clear error message on Python 3 if the env is ASCII.,False,1,core.py,click/core.py,19,0,19,1,0
535a8358eea55b37908e38f12b8cc13a3a637a63,Armin Ronacher,Armin Ronacher,2014-04-29 16:15:42+00:00,2014-04-29T18:15:42+02:00,Clean up unicode handling,False,1,utils.py,click/utils.py,29,2,31,0,0
535a8358eea55b37908e38f12b8cc13a3a637a63,Armin Ronacher,Armin Ronacher,2014-04-29 16:15:42+00:00,2014-04-29T18:15:42+02:00,Clean up unicode handling,False,1,core.py,click/core.py,6,4,10,0,0
51ebc82f828d392cb5b56ed202f60855ffb12733,Armin Ronacher,Armin Ronacher,2014-04-29 16:29:55+00:00,2014-04-29T18:29:55+02:00,Added notes on unicode on python 3,False,1,core.py,click/core.py,1,1,2,0,0
055a8e6054700951c95aac3d9709e4538ec7c0b8,Armin Ronacher,Armin Ronacher,2014-04-29 20:07:15+00:00,2014-04-29T22:07:15+02:00,Implemented basic command collections,False,1,core.py,click/core.py,29,0,29,0,0
055a8e6054700951c95aac3d9709e4538ec7c0b8,Armin Ronacher,Armin Ronacher,2014-04-29 20:07:15+00:00,2014-04-29T22:07:15+02:00,Implemented basic command collections,False,1,__init__.py,click/__init__.py,4,4,8,0,0
3f695c6ec86d6933ade870fb00bb51be2436f215,Armin Ronacher,Armin Ronacher,2014-04-29 20:55:27+00:00,2014-04-29T22:55:27+02:00,Started a bit of test code,False,1,test_basic.py,tests/test_basic.py,73,0,73,0,0
3f695c6ec86d6933ade870fb00bb51be2436f215,Armin Ronacher,Armin Ronacher,2014-04-29 20:55:27+00:00,2014-04-29T22:55:27+02:00,Started a bit of test code,False,1,conftest.py,tests/conftest.py,130,0,130,0,0
95c24b3267fcb4f8b78b6b97041e0a98c071be3d,Armin Ronacher,Armin Ronacher,2014-04-29 20:56:00+00:00,2014-04-29T22:56:00+02:00,Implemented and exposed click.echo,False,1,__init__.py,click/__init__.py,2,2,4,0,0
95c24b3267fcb4f8b78b6b97041e0a98c071be3d,Armin Ronacher,Armin Ronacher,2014-04-29 20:56:00+00:00,2014-04-29T22:56:00+02:00,Implemented and exposed click.echo,False,1,core.py,click/core.py,2,2,4,0,0
95c24b3267fcb4f8b78b6b97041e0a98c071be3d,Armin Ronacher,Armin Ronacher,2014-04-29 20:56:00+00:00,2014-04-29T22:56:00+02:00,Implemented and exposed click.echo,False,1,decorators.py,click/decorators.py,1,1,2,0,1
95c24b3267fcb4f8b78b6b97041e0a98c071be3d,Armin Ronacher,Armin Ronacher,2014-04-29 20:56:00+00:00,2014-04-29T22:56:00+02:00,Implemented and exposed click.echo,False,1,utils.py,click/utils.py,0,13,13,0,1
95c24b3267fcb4f8b78b6b97041e0a98c071be3d,Armin Ronacher,Armin Ronacher,2014-04-29 20:56:00+00:00,2014-04-29T22:56:00+02:00,Implemented and exposed click.echo,False,1,helpers.py,click/helpers.py,22,2,24,0,0
c22f16c438b890e346098aeafb3d2e2ce84e35c3,Armin Ronacher,Armin Ronacher,2014-04-29 21:12:33+00:00,2014-04-29T23:12:33+02:00,Improved echo and some help texts,False,1,types.py,click/types.py,2,1,3,0,0
c22f16c438b890e346098aeafb3d2e2ce84e35c3,Armin Ronacher,Armin Ronacher,2014-04-29 21:12:33+00:00,2014-04-29T23:12:33+02:00,Improved echo and some help texts,False,1,helpers.py,click/helpers.py,3,1,4,0,1
c22f16c438b890e346098aeafb3d2e2ce84e35c3,Armin Ronacher,Armin Ronacher,2014-04-29 21:12:33+00:00,2014-04-29T23:12:33+02:00,Improved echo and some help texts,False,1,core.py,click/core.py,3,2,5,0,0
c22f16c438b890e346098aeafb3d2e2ce84e35c3,Armin Ronacher,Armin Ronacher,2014-04-29 21:12:33+00:00,2014-04-29T23:12:33+02:00,Improved echo and some help texts,False,1,_compat.py,click/_compat.py,2,0,2,0,1
7360097ec25e89730f46b840aa050467c5a80e9e,Armin Ronacher,Armin Ronacher,2014-04-29 21:12:38+00:00,2014-04-29T23:12:38+02:00,Added some tests for some options,False,1,test_basic.py,tests/test_basic.py,102,9,111,0,0
7360097ec25e89730f46b840aa050467c5a80e9e,Armin Ronacher,Armin Ronacher,2014-04-29 21:12:38+00:00,2014-04-29T23:12:38+02:00,Added some tests for some options,False,1,conftest.py,tests/conftest.py,17,5,22,0,0
7360097ec25e89730f46b840aa050467c5a80e9e,Armin Ronacher,Armin Ronacher,2014-04-29 21:12:38+00:00,2014-04-29T23:12:38+02:00,Added some tests for some options,False,1,Makefile,Makefile,3,0,3,0,0
82d9b0c56b1dfec813ac3c16934a5eb401f302f7,Armin Ronacher,Armin Ronacher,2014-04-30 08:13:56+00:00,2014-04-30T10:13:56+02:00,Ship a modified version of optparse with click,False,1,_optparse.py,click/_optparse.py,649,32,681,0,0
82d9b0c56b1dfec813ac3c16934a5eb401f302f7,Armin Ronacher,Armin Ronacher,2014-04-30 08:13:56+00:00,2014-04-30T10:13:56+02:00,Ship a modified version of optparse with click,False,1,core.py,click/core.py,6,7,13,0,0
14c9b1a0b05e1c3855f1d48e3780596f77bee3b0,Armin Ronacher,Armin Ronacher,2014-04-30 08:14:09+00:00,2014-04-30T09:14:09+01:00,Made tests pass on 3.x,False,1,LICENSE,LICENSE,7,0,7,0,0
14c9b1a0b05e1c3855f1d48e3780596f77bee3b0,Armin Ronacher,Armin Ronacher,2014-04-30 08:14:09+00:00,2014-04-30T09:14:09+01:00,Made tests pass on 3.x,False,1,test_basic.py,tests/test_basic.py,2,2,4,0,0
14c9b1a0b05e1c3855f1d48e3780596f77bee3b0,Armin Ronacher,Armin Ronacher,2014-04-30 08:14:09+00:00,2014-04-30T09:14:09+01:00,Made tests pass on 3.x,False,1,conftest.py,tests/conftest.py,28,13,41,0,0
5fb4c01fb3a54b86dd7937c3e0ad8fbd71363072,Armin Ronacher,Armin Ronacher,2014-04-30 17:57:44+00:00,2014-04-30T18:57:44+01:00,Moved help arg from parameter to option,False,1,core.py,click/core.py,5,6,11,0,0
506e4e7f4eb72f83739feb700ab1f82c3cc91c70,Armin Ronacher,Armin Ronacher,2014-04-30 19:23:01+00:00,2014-04-30T20:23:01+01:00,Added support for command forwarding.,False,1,test_commands.py,tests/test_commands.py,18,0,18,0,1
506e4e7f4eb72f83739feb700ab1f82c3cc91c70,Armin Ronacher,Armin Ronacher,2014-04-30 19:23:01+00:00,2014-04-30T20:23:01+01:00,Added support for command forwarding.,False,1,core.py,click/core.py,33,0,33,0,0
72cfc494c4d348bd1a94d631da0a641d74b86522,Razzi,Razzi,2014-05-01 07:48:15+00:00,2014-05-01T03:48:30-04:00,fix instanciate -> instantiate typo,False,1,decorators.py,click/decorators.py,1,1,2,1,0
1a54ca3a4012046c90c9ae619653487ac3646ebc,Armin Ronacher,Armin Ronacher,2014-05-01 12:42:04+00:00,2014-05-01T13:42:04+01:00,Show options before commands,False,1,_optparse.py,click/_optparse.py,1,1,2,0,0
083d566f2f4809c55dea9ea6d85ae37404da48bc,Armin Ronacher,Armin Ronacher,2014-05-01 13:31:11+00:00,2014-05-01T14:31:11+01:00,Fixed a bug that caused random prints,False,1,helpers.py,click/helpers.py,8,7,15,1,0
083d566f2f4809c55dea9ea6d85ae37404da48bc,Armin Ronacher,Armin Ronacher,2014-05-01 13:31:11+00:00,2014-05-01T14:31:11+01:00,Fixed a bug that caused random prints,False,1,exceptions.py,click/exceptions.py,1,1,2,1,0
8512acddabb12e2c641f098f638499501742ce0c,Armin Ronacher,Armin Ronacher,2014-05-01 14:44:03+00:00,2014-05-01T15:44:03+01:00,Added support for object ensuring,False,1,core.py,click/core.py,9,0,9,0,0
8512acddabb12e2c641f098f638499501742ce0c,Armin Ronacher,Armin Ronacher,2014-05-01 14:44:03+00:00,2014-05-01T15:44:03+01:00,Added support for object ensuring,False,1,decorators.py,click/decorators.py,9,2,11,0,0
8512acddabb12e2c641f098f638499501742ce0c,Armin Ronacher,Armin Ronacher,2014-05-01 14:44:03+00:00,2014-05-01T15:44:03+01:00,Added support for object ensuring,False,1,test_context.py,tests/test_context.py,93,0,93,0,0
141a6921eb44bbd4836b2e8e5ee007dc6fada0c8,Armin Ronacher,Armin Ronacher,2014-05-01 17:08:44+00:00,2014-05-01T18:08:44+01:00,Removed some dead code in optparse,False,1,core.py,click/core.py,12,4,16,0,0
141a6921eb44bbd4836b2e8e5ee007dc6fada0c8,Armin Ronacher,Armin Ronacher,2014-05-01 17:08:44+00:00,2014-05-01T18:08:44+01:00,Removed some dead code in optparse,False,1,_optparse.py,click/_optparse.py,1,69,70,0,0
5ffa7c850b17bb280ed78e5f0bf56c31eac733b2,Armin Ronacher,Armin Ronacher,2014-05-01 17:20:18+00:00,2014-05-01T18:20:18+01:00,More modernization in _optparse,False,1,_optparse.py,click/_optparse.py,19,62,81,0,1
dce3b868b128618a8deff8470fe50eee438802c8,Fotis Gimian,Fotis Gimian,2014-05-02 00:07:12+00:00,2014-05-02T10:07:12+10:00,Repaired incorrect call to fail function in optparse,False,1,_optparse.py,click/_optparse.py,1,1,2,1,0
981172fbb4c28454623b0e9741d970dbc547b856,Armin Ronacher,Armin Ronacher,2014-05-02 01:43:33+00:00,2014-05-02T02:43:33+01:00,Greatly refactored help formatting by moving it from optparse to a higher level.,False,1,_optparse.py,click/_optparse.py,8,264,272,0,0
981172fbb4c28454623b0e9741d970dbc547b856,Armin Ronacher,Armin Ronacher,2014-05-02 01:43:33+00:00,2014-05-02T02:43:33+01:00,Greatly refactored help formatting by moving it from optparse to a higher level.,False,1,repo.py,examples/repo/repo.py,2,0,2,0,0
981172fbb4c28454623b0e9741d970dbc547b856,Armin Ronacher,Armin Ronacher,2014-05-02 01:43:33+00:00,2014-05-02T02:43:33+01:00,Greatly refactored help formatting by moving it from optparse to a higher level.,False,1,formatting.py,click/formatting.py,159,16,175,0,0
981172fbb4c28454623b0e9741d970dbc547b856,Armin Ronacher,Armin Ronacher,2014-05-02 01:43:33+00:00,2014-05-02T02:43:33+01:00,Greatly refactored help formatting by moving it from optparse to a higher level.,False,1,core.py,click/core.py,89,35,124,0,1
2ca87b3dcabd232142a0f2b8bdc3f60226bd2eb9,Armin Ronacher,Armin Ronacher,2014-05-02 01:51:16+00:00,2014-05-02T02:51:16+01:00,Fixed a bug with formatting for arguments,False,1,core.py,click/core.py,20,10,30,1,1
40987c9fd7ae1a8c817cfa85940bd91554918951,Armin Ronacher,Armin Ronacher,2014-05-02 01:54:48+00:00,2014-05-02T02:54:48+01:00,Fixed a bug with empty help texts causing extra newlines,False,1,core.py,click/core.py,2,1,3,1,1
a25bf1300142bc30369920e3bca740efb92c4575,Armin Ronacher,Armin Ronacher,2014-05-02 09:32:53+00:00,2014-05-02T10:32:53+01:00,Auto truncate short help instead of hiding it.  Fixes #53,False,1,core.py,click/core.py,2,6,8,1,0
a25bf1300142bc30369920e3bca740efb92c4575,Armin Ronacher,Armin Ronacher,2014-05-02 09:32:53+00:00,2014-05-02T10:32:53+01:00,Auto truncate short help instead of hiding it.  Fixes #53,False,1,test_commands.py,tests/test_commands.py,22,0,22,1,1
a25bf1300142bc30369920e3bca740efb92c4575,Armin Ronacher,Armin Ronacher,2014-05-02 09:32:53+00:00,2014-05-02T10:32:53+01:00,Auto truncate short help instead of hiding it.  Fixes #53,False,1,utils.py,click/utils.py,25,0,25,1,0
d5e2fbf6774e19db6492a410e0f955d865822736,Armin Ronacher,Armin Ronacher,2014-05-02 09:43:28+00:00,2014-05-02T10:43:28+01:00,Removed more unneeded leftovers from optparse,False,1,_optparse.py,click/_optparse.py,0,342,342,0,0
d5e2fbf6774e19db6492a410e0f955d865822736,Armin Ronacher,Armin Ronacher,2014-05-02 09:43:28+00:00,2014-05-02T10:43:28+01:00,Removed more unneeded leftovers from optparse,False,1,parser.py,click/parser.py,275,0,275,0,0
d5e2fbf6774e19db6492a410e0f955d865822736,Armin Ronacher,Armin Ronacher,2014-05-02 09:43:28+00:00,2014-05-02T10:43:28+01:00,Removed more unneeded leftovers from optparse,False,1,core.py,click/core.py,14,21,35,0,0
373d92d621a201f48383aeecd5d79acd1f2c8e21,Armin Ronacher,Armin Ronacher,2014-05-02 09:49:40+00:00,2014-05-02T10:49:40+01:00,Documented the format options a bit and made them public.,False,1,formatting.py,click/formatting.py,2,2,4,0,0
373d92d621a201f48383aeecd5d79acd1f2c8e21,Armin Ronacher,Armin Ronacher,2014-05-02 09:49:40+00:00,2014-05-02T10:49:40+01:00,Documented the format options a bit and made them public.,False,1,decorators.py,click/decorators.py,1,1,2,0,0
373d92d621a201f48383aeecd5d79acd1f2c8e21,Armin Ronacher,Armin Ronacher,2014-05-02 09:49:40+00:00,2014-05-02T10:49:40+01:00,Documented the format options a bit and made them public.,False,1,core.py,click/core.py,55,37,92,0,0
97b505cec0109c027f682a469f5b21003b09250f,Armin Ronacher,Armin Ronacher,2014-05-02 09:58:50+00:00,2014-05-02T10:58:50+01:00,Exposed formatting,False,1,formatting.py,click/formatting.py,60,19,79,0,1
97b505cec0109c027f682a469f5b21003b09250f,Armin Ronacher,Armin Ronacher,2014-05-02 09:58:50+00:00,2014-05-02T10:58:50+01:00,Exposed formatting,False,1,__init__.py,click/__init__.py,6,0,6,0,0
97b505cec0109c027f682a469f5b21003b09250f,Armin Ronacher,Armin Ronacher,2014-05-02 09:58:50+00:00,2014-05-02T10:58:50+01:00,Exposed formatting,False,1,LICENSE,LICENSE,1,1,2,0,1
75aeb7c39f15c5c3cea4141470d811dafcc6ac51,Armin Ronacher,Armin Ronacher,2014-05-02 10:06:20+00:00,2014-05-02T11:06:20+01:00,Removed more optparse leftovers,False,1,parser.py,click/parser.py,9,28,37,0,0
0c43d5a977b6e8b17cc3da8ed364eacaadb206fd,Armin Ronacher,Armin Ronacher,2014-05-02 10:07:06+00:00,2014-05-02T11:07:06+01:00,Removed pointless comment,False,1,parser.py,click/parser.py,1,1,2,0,0
052ee213ca182a0780903d37fcde9f6ab8a6f1ad,Armin Ronacher,Armin Ronacher,2014-05-02 10:09:34+00:00,2014-05-02T11:09:34+01:00,Removed some more dead code,False,1,parser.py,click/parser.py,2,7,9,0,0
4ed961d2f5dc8eb1b68e6ebb6936b0d59779e307,Armin Ronacher,Armin Ronacher,2014-05-02 10:21:40+00:00,2014-05-02T11:21:40+01:00,Added UUID type support,False,1,__init__.py,click/__init__.py,2,2,4,0,0
4ed961d2f5dc8eb1b68e6ebb6936b0d59779e307,Armin Ronacher,Armin Ronacher,2014-05-02 10:21:40+00:00,2014-05-02T11:21:40+01:00,Added UUID type support,False,1,types.py,click/types.py,17,0,17,0,0
4ed961d2f5dc8eb1b68e6ebb6936b0d59779e307,Armin Ronacher,Armin Ronacher,2014-05-02 10:21:40+00:00,2014-05-02T11:21:40+01:00,Added UUID type support,False,1,test_basic.py,tests/test_basic.py,23,0,23,0,0
4a8cf56965a8056321ca03a88b36e30e6eb47e7c,Armin Ronacher,Armin Ronacher,2014-05-02 10:27:00+00:00,2014-05-02T11:27:01+01:00,Added tests for choice type,False,1,test_basic.py,tests/test_basic.py,16,0,16,0,0
e9ec187b0506d2ef3a4c70596d1ada01ed9470c6,Armin Ronacher,Armin Ronacher,2014-05-02 10:31:43+00:00,2014-05-02T11:31:43+01:00,Corrected col distance check,False,1,formatting.py,click/formatting.py,1,1,2,1,0
e67212bc86460a3f7778bcf68fa63512c80443dc,Armin Ronacher,Armin Ronacher,2014-05-02 10:32:57+00:00,2014-05-02T11:32:57+01:00,Added metavars for choice test,False,1,test_basic.py,tests/test_basic.py,3,0,3,0,0
a6f94010aa3cb8adc49136983569d6a0c393bfc8,Armin Ronacher,Armin Ronacher,2014-05-02 10:39:01+00:00,2014-05-02T11:39:01+01:00,Added test for required,False,1,test_basic.py,tests/test_basic.py,11,0,11,0,0
54c90d0609449e99ebea1586d5e9aca9897c7f69,Armin Ronacher,Armin Ronacher,2014-05-02 15:40:53+00:00,2014-05-02T16:40:53+01:00,Added an echo function with pager support,False,1,helpers.py,click/helpers.py,25,0,25,0,0
54c90d0609449e99ebea1586d5e9aca9897c7f69,Armin Ronacher,Armin Ronacher,2014-05-02 15:40:53+00:00,2014-05-02T16:40:53+01:00,Added an echo function with pager support,False,1,__init__.py,click/__init__.py,2,2,4,0,0
bf3930d594af4101fd25304f64b934f2533dd023,Armin Ronacher,Armin Ronacher,2014-05-02 16:57:53+00:00,2014-05-02T17:57:53+01:00,Removed dead code,False,1,helpers.py,click/helpers.py,0,4,4,0,1
7e05e67e2451a7622f6ee123b8d03ff0c980ed91,Chris Rose,Chris Rose,2014-05-02 22:29:33+00:00,2014-05-02T15:29:33-07:00,Handle the case where the ioctl returns sizes == 0,False,1,helpers.py,click/helpers.py,1,1,2,1,0
fd9c73ce16faeb22bb0f3d601097a4245d8c7867,Armin Ronacher,Armin Ronacher,2014-05-03 19:42:36+00:00,2014-05-03T20:42:36+01:00,Properly skip empty second parts in dls,False,1,formatting.py,click/formatting.py,3,0,3,0,1
2a2c4f4a9ec31c21954db8f4df01c02245fe2a49,Julen Ruiz Aizpuru,Julen Ruiz Aizpuru,2014-05-04 20:09:07+00:00,2014-05-04T22:09:07+02:00,Docs: fixes,False,1,formatting.py,click/formatting.py,1,1,2,1,0
db9a9c22632543e66ee3e66936162ba0f47d4303,Armin Ronacher,Armin Ronacher,2014-05-05 09:37:27+00:00,2014-05-05T11:37:57+02:00,Added a group decorator to group classes.,False,1,core.py,click/core.py,13,1,14,0,0
2e8354a82505cf5ef6f2f93e6403db0a23b8dc8f,Armin Ronacher,Armin Ronacher,2014-05-05 21:17:06+00:00,2014-05-05T23:17:06+02:00,Added support for nargs in other places,False,1,utils.py,click/utils.py,60,1,61,0,0
2e8354a82505cf5ef6f2f93e6403db0a23b8dc8f,Armin Ronacher,Armin Ronacher,2014-05-05 21:17:06+00:00,2014-05-05T23:17:06+02:00,Added support for nargs in other places,False,1,parser.py,click/parser.py,19,23,42,0,0
2e8354a82505cf5ef6f2f93e6403db0a23b8dc8f,Armin Ronacher,Armin Ronacher,2014-05-05 21:17:06+00:00,2014-05-05T23:17:06+02:00,Added support for nargs in other places,False,1,core.py,click/core.py,9,31,40,0,0
2e8354a82505cf5ef6f2f93e6403db0a23b8dc8f,Armin Ronacher,Armin Ronacher,2014-05-05 21:17:06+00:00,2014-05-05T23:17:06+02:00,Added support for nargs in other places,False,1,test_arguments.py,tests/test_arguments.py,49,0,49,0,1
e0d4520663614bd46f1afe22f21e9d706adef7d1,Armin Ronacher,Armin Ronacher,2014-05-05 22:54:19+00:00,2014-05-06T00:54:19+02:00,Converted a list into a tuple,False,1,parser.py,click/parser.py,1,1,2,0,0
a4a59869015599afa2d5cba48490d8a25225e149,Armin Ronacher,Armin Ronacher,2014-05-05 23:08:39+00:00,2014-05-06T01:08:39+02:00,Simplified internal parser API,False,1,parser.py,click/parser.py,3,3,6,0,0
a4a59869015599afa2d5cba48490d8a25225e149,Armin Ronacher,Armin Ronacher,2014-05-05 23:08:39+00:00,2014-05-06T01:08:39+02:00,Simplified internal parser API,False,1,core.py,click/core.py,4,4,8,0,1
8c184c65a1857e0ecd3acfd2103797c15b604c74,Armin Ronacher,Armin Ronacher,2014-05-05 23:10:31+00:00,2014-05-06T01:10:31+02:00,Further simplified internal parser API,False,1,parser.py,click/parser.py,8,19,27,0,1
38b3b4151e1ad3ba709f43d8b69a82db57eb402e,Armin Ronacher,Armin Ronacher,2014-05-05 23:53:29+00:00,2014-05-06T01:53:29+02:00,Added support for alternative prefix chars,False,1,test_options.py,tests/test_options.py,19,0,19,1,0
38b3b4151e1ad3ba709f43d8b69a82db57eb402e,Armin Ronacher,Armin Ronacher,2014-05-05 23:53:29+00:00,2014-05-06T01:53:29+02:00,Added support for alternative prefix chars,False,1,parser.py,click/parser.py,18,9,27,1,0
38b3b4151e1ad3ba709f43d8b69a82db57eb402e,Armin Ronacher,Armin Ronacher,2014-05-05 23:53:29+00:00,2014-05-06T01:53:29+02:00,Added support for alternative prefix chars,False,1,core.py,click/core.py,15,7,22,1,0
38b3b4151e1ad3ba709f43d8b69a82db57eb402e,Armin Ronacher,Armin Ronacher,2014-05-05 23:53:29+00:00,2014-05-06T01:53:29+02:00,Added support for alternative prefix chars,False,1,_compat.py,click/_compat.py,7,0,7,1,0
fa467ce3d550dcca7ac60b8e2f0674bd7c85b0ca,Armin Ronacher,Armin Ronacher,2014-05-05 23:57:25+00:00,2014-05-06T01:57:25+02:00,This is 0.2,False,1,setup.py,setup.py,1,1,2,0,0
81930b58c35ce8550a8dca61116a2649b8e23fc3,Armin Ronacher,Armin Ronacher,2014-05-06 10:07:38+00:00,2014-05-06T12:07:38+02:00,Added count support and int ranges,False,1,test_basic.py,tests/test_basic.py,33,0,33,0,0
81930b58c35ce8550a8dca61116a2649b8e23fc3,Armin Ronacher,Armin Ronacher,2014-05-06 10:07:38+00:00,2014-05-06T12:07:38+02:00,Added count support and int ranges,False,1,types.py,click/types.py,43,0,43,0,0
81930b58c35ce8550a8dca61116a2649b8e23fc3,Armin Ronacher,Armin Ronacher,2014-05-06 10:07:38+00:00,2014-05-06T12:07:38+02:00,Added count support and int ranges,False,1,parser.py,click/parser.py,2,0,2,0,0
81930b58c35ce8550a8dca61116a2649b8e23fc3,Armin Ronacher,Armin Ronacher,2014-05-06 10:07:38+00:00,2014-05-06T12:07:38+02:00,Added count support and int ranges,False,1,core.py,click/core.py,21,4,25,0,0
81930b58c35ce8550a8dca61116a2649b8e23fc3,Armin Ronacher,Armin Ronacher,2014-05-06 10:07:38+00:00,2014-05-06T12:07:38+02:00,Added count support and int ranges,False,1,__init__.py,click/__init__.py,4,2,6,0,0
81930b58c35ce8550a8dca61116a2649b8e23fc3,Armin Ronacher,Armin Ronacher,2014-05-06 10:07:38+00:00,2014-05-06T12:07:38+02:00,Added count support and int ranges,False,1,test_options.py,tests/test_options.py,17,0,17,0,0
f270dd2085d90f6171d858c7af3f3f8320543110,Armin Ronacher,Armin Ronacher,2014-05-06 11:00:15+00:00,2014-05-06T13:00:15+02:00,Added lazy file opening,False,1,__init__.py,click/__init__.py,12,6,18,0,0
f270dd2085d90f6171d858c7af3f3f8320543110,Armin Ronacher,Armin Ronacher,2014-05-06 11:00:15+00:00,2014-05-06T13:00:15+02:00,Added lazy file opening,False,1,decorators.py,click/decorators.py,1,1,2,0,0
f270dd2085d90f6171d858c7af3f3f8320543110,Armin Ronacher,Armin Ronacher,2014-05-06 11:00:15+00:00,2014-05-06T13:00:15+02:00,Added lazy file opening,False,1,_compat.py,click/_compat.py,26,0,26,0,0
f270dd2085d90f6171d858c7af3f3f8320543110,Armin Ronacher,Armin Ronacher,2014-05-06 11:00:15+00:00,2014-05-06T13:00:15+02:00,Added lazy file opening,False,1,core.py,click/core.py,6,8,14,0,1
f270dd2085d90f6171d858c7af3f3f8320543110,Armin Ronacher,Armin Ronacher,2014-05-06 11:00:15+00:00,2014-05-06T13:00:15+02:00,Added lazy file opening,False,1,exceptions.py,click/exceptions.py,38,6,44,0,0
f270dd2085d90f6171d858c7af3f3f8320543110,Armin Ronacher,Armin Ronacher,2014-05-06 11:00:15+00:00,2014-05-06T13:00:15+02:00,Added lazy file opening,False,1,clickdoctools.py,docs/clickdoctools.py,6,6,12,0,1
f270dd2085d90f6171d858c7af3f3f8320543110,Armin Ronacher,Armin Ronacher,2014-05-06 11:00:15+00:00,2014-05-06T13:00:15+02:00,Added lazy file opening,False,1,helpers.py,click/helpers.py,0,195,195,0,0
f270dd2085d90f6171d858c7af3f3f8320543110,Armin Ronacher,Armin Ronacher,2014-05-06 11:00:15+00:00,2014-05-06T13:00:15+02:00,Added lazy file opening,False,1,formatting.py,click/formatting.py,1,1,2,0,0
f270dd2085d90f6171d858c7af3f3f8320543110,Armin Ronacher,Armin Ronacher,2014-05-06 11:00:15+00:00,2014-05-06T13:00:15+02:00,Added lazy file opening,False,1,utils.py,click/utils.py,93,1,94,0,0
f270dd2085d90f6171d858c7af3f3f8320543110,Armin Ronacher,Armin Ronacher,2014-05-06 11:00:15+00:00,2014-05-06T13:00:15+02:00,Added lazy file opening,False,1,conftest.py,tests/conftest.py,6,6,12,0,1
f270dd2085d90f6171d858c7af3f3f8320543110,Armin Ronacher,Armin Ronacher,2014-05-06 11:00:15+00:00,2014-05-06T13:00:15+02:00,Added lazy file opening,False,1,types.py,click/types.py,29,16,45,0,0
f270dd2085d90f6171d858c7af3f3f8320543110,Armin Ronacher,Armin Ronacher,2014-05-06 11:00:15+00:00,2014-05-06T13:00:15+02:00,Added lazy file opening,False,1,termui.py,click/termui.py,172,0,172,0,0
85e466724706db03dc8e7e5b8d5037ad84bfd453,Armin Ronacher,Armin Ronacher,2014-05-06 11:04:24+00:00,2014-05-06T13:04:24+02:00,Added tests for lazy flags,False,1,test_basic.py,tests/test_basic.py,42,0,42,0,0
7d505244d58f86b98cf0629d96078b0d9a793d93,Armin Ronacher,Armin Ronacher,2014-05-06 11:15:55+00:00,2014-05-06T13:15:55+02:00,This is 0.3,False,1,setup.py,setup.py,1,1,2,0,0
e77783dcd9b9b74f0f53c3b5857407cef07fba87,Armin Ronacher,Armin Ronacher,2014-05-06 11:44:42+00:00,2014-05-06T13:44:42+02:00,Added support for default overrides.  This fixes #42,False,1,test_commands.py,tests/test_commands.py,18,0,18,1,1
e77783dcd9b9b74f0f53c3b5857407cef07fba87,Armin Ronacher,Armin Ronacher,2014-05-06 11:44:42+00:00,2014-05-06T13:44:42+02:00,Added support for default overrides.  This fixes #42,False,1,conftest.py,tests/conftest.py,3,2,5,1,0
e77783dcd9b9b74f0f53c3b5857407cef07fba87,Armin Ronacher,Armin Ronacher,2014-05-06 11:44:42+00:00,2014-05-06T13:44:42+02:00,Added support for default overrides.  This fixes #42,False,1,clickdoctools.py,docs/clickdoctools.py,2,3,5,1,0
e77783dcd9b9b74f0f53c3b5857407cef07fba87,Armin Ronacher,Armin Ronacher,2014-05-06 11:44:42+00:00,2014-05-06T13:44:42+02:00,Added support for default overrides.  This fixes #42,False,1,core.py,click/core.py,22,1,23,1,0
1726e474a5882f5d827114db89c7c3414ebbd7f7,Armin Ronacher,Armin Ronacher,2014-05-06 12:11:15+00:00,2014-05-06T14:11:15+02:00,Exposed parser,False,1,parser.py,click/parser.py,45,17,62,0,0
1726e474a5882f5d827114db89c7c3414ebbd7f7,Armin Ronacher,Armin Ronacher,2014-05-06 12:11:15+00:00,2014-05-06T14:11:15+02:00,Exposed parser,False,1,__init__.py,click/__init__.py,6,0,6,0,0
7bbddd816dc511387aa8cc90222871e4def2e5a2,Armin Ronacher,Armin Ronacher,2014-05-06 13:28:33+00:00,2014-05-06T15:28:33+02:00,Protection against creating invalid keyword arguments.,False,1,core.py,click/core.py,2,0,2,0,0
f69bc7b3b1a60093914efed16071d55fa0688f99,Armin Ronacher,Armin Ronacher,2014-05-06 13:31:43+00:00,2014-05-06T15:31:43+02:00,Added another note on file type laziness.,False,1,types.py,click/types.py,4,0,4,0,0
277d410e7342b0754369589f4856288f6111f75b,Armin Ronacher,Armin Ronacher,2014-05-06 14:02:59+00:00,2014-05-06T16:03:01+02:00,Refactored prompts a bit,False,1,termui.py,click/termui.py,17,7,24,0,0
24d400f8807e6634a0475198bc8f5f93673c1415,Armin Ronacher,Armin Ronacher,2014-05-06 14:32:59+00:00,2014-05-06T16:32:59+02:00,Added support for explicit terminal widths and disabling of rewrapping,False,1,test_formatting.py,tests/test_formatting.py,41,0,41,0,1
24d400f8807e6634a0475198bc8f5f93673c1415,Armin Ronacher,Armin Ronacher,2014-05-06 14:32:59+00:00,2014-05-06T16:32:59+02:00,Added support for explicit terminal widths and disabling of rewrapping,False,1,formatting.py,click/formatting.py,30,6,36,0,0
24d400f8807e6634a0475198bc8f5f93673c1415,Armin Ronacher,Armin Ronacher,2014-05-06 14:32:59+00:00,2014-05-06T16:32:59+02:00,Added support for explicit terminal widths and disabling of rewrapping,False,1,core.py,click/core.py,18,4,22,0,0
523aaa0ef63dbfeffe7d909608f2143a5f9b292f,Armin Ronacher,Armin Ronacher,2014-05-06 14:33:56+00:00,2014-05-06T16:33:56+02:00,This is 0.4,False,1,setup.py,setup.py,1,1,2,0,0
5e86fcf7d83d81eabc84818751782bbbda1b8851,Armin Ronacher,Armin Ronacher,2014-05-06 21:01:48+00:00,2014-05-06T23:01:48+02:00,Improved formatting of help pages slightly,False,1,core.py,click/core.py,13,8,21,0,0
5e86fcf7d83d81eabc84818751782bbbda1b8851,Armin Ronacher,Armin Ronacher,2014-05-06 21:01:48+00:00,2014-05-06T23:01:48+02:00,Improved formatting of help pages slightly,False,1,formatting.py,click/formatting.py,1,1,2,0,1
5e86fcf7d83d81eabc84818751782bbbda1b8851,Armin Ronacher,Armin Ronacher,2014-05-06 21:01:48+00:00,2014-05-06T23:01:48+02:00,Improved formatting of help pages slightly,False,1,types.py,click/types.py,1,1,2,0,0
5e86fcf7d83d81eabc84818751782bbbda1b8851,Armin Ronacher,Armin Ronacher,2014-05-06 21:01:48+00:00,2014-05-06T23:01:48+02:00,Improved formatting of help pages slightly,False,1,parser.py,click/parser.py,15,6,21,0,0
5e86fcf7d83d81eabc84818751782bbbda1b8851,Armin Ronacher,Armin Ronacher,2014-05-06 21:01:48+00:00,2014-05-06T23:01:48+02:00,Improved formatting of help pages slightly,False,1,decorators.py,click/decorators.py,1,0,1,0,0
6fbfd771377035d55c0848f661ca61b6ac70e8ff,Armin Ronacher,Armin Ronacher,2014-05-06 21:12:24+00:00,2014-05-06T23:12:24+02:00,"Make nargs != 1 be documented by hand, looks nicer.",False,1,core.py,click/core.py,0,2,2,0,1
502185da0957000714dca6211daa95bbe9fa2dee,Armin Ronacher,Armin Ronacher,2014-05-06 21:16:23+00:00,2014-05-06T23:16:23+02:00,Hide defaults by default on help page,False,1,core.py,click/core.py,3,5,8,1,0
b8e766ffae3b52067ce5ba1f58d06fca7c2149df,Armin Ronacher,Armin Ronacher,2014-05-06 21:18:29+00:00,2014-05-06T23:18:29+02:00,Always pick first optoin instead of longest,False,1,core.py,click/core.py,1,1,2,0,1
c6d41437323f7ad9c84cbd02cb085094d485e9fa,Armin Ronacher,Armin Ronacher,2014-05-06 21:25:58+00:00,2014-05-06T23:25:58+02:00,Fixed last broken commit,False,1,core.py,click/core.py,4,11,15,1,0
5dbdfefcb34f39da309fc563e2c49381e4c3b09d,Armin Ronacher,Armin Ronacher,2014-05-06 21:27:06+00:00,2014-05-06T23:27:06+02:00,"Reversed logic, pick the long ones before the short ones",False,1,core.py,click/core.py,1,1,2,0,0
fe89108c1aba39268ad898f879ec12514f26bb7b,Armin Ronacher,Armin Ronacher,2014-05-06 21:43:11+00:00,2014-05-06T23:43:11+02:00,Added support for requiring with multiples.,False,1,test_options.py,tests/test_options.py,15,0,15,0,1
fe89108c1aba39268ad898f879ec12514f26bb7b,Armin Ronacher,Armin Ronacher,2014-05-06 21:43:11+00:00,2014-05-06T23:43:11+02:00,Added support for requiring with multiples.,False,1,core.py,click/core.py,8,1,9,0,1
fb7f67403dc2b58e2a3797cfc7d5a2cdf68784d4,Armin Ronacher,Armin Ronacher,2014-05-06 21:51:24+00:00,2014-05-06T23:51:24+02:00,Fixed a bug with rewrapping of options.,False,1,formatting.py,click/formatting.py,6,3,9,1,0
dad85018d095f7d40eff09ab0ed55ec69837f44f,Armin Ronacher,Armin Ronacher,2014-05-06 21:52:18+00:00,2014-05-06T23:52:18+02:00,Removed an extra newline.,False,1,formatting.py,click/formatting.py,3,1,4,0,1
ca1dff925e3a3d3aac0b5725ee5e8b5b022d70ff,Armin Ronacher,Armin Ronacher,2014-05-06 21:54:53+00:00,2014-05-06T23:54:53+02:00,Updated repo script a bit,False,1,repo.py,examples/repo/repo.py,77,24,101,0,0
4e2a3291613f6903afa179396676d4aebb340eb1,Armin Ronacher,Armin Ronacher,2014-05-06 22:02:44+00:00,2014-05-07T00:02:44+02:00,Fixed a bug with whitespace preservation.,False,1,test_formatting.py,tests/test_formatting.py,9,0,9,1,0
4e2a3291613f6903afa179396676d4aebb340eb1,Armin Ronacher,Armin Ronacher,2014-05-06 22:02:44+00:00,2014-05-07T00:02:44+02:00,Fixed a bug with whitespace preservation.,False,1,formatting.py,click/formatting.py,9,5,14,1,0
38eb59cd00bf81ca13013cc045a66e49ee05d665,Armin Ronacher,Armin Ronacher,2014-05-06 22:03:19+00:00,2014-05-07T00:03:19+02:00,Allow whitespace after \b for whitespace preservation.,False,1,formatting.py,click/formatting.py,1,1,2,0,0
19e9c6dc136ccf17a226e263407876d245dc7ba5,Armin Ronacher,Armin Ronacher,2014-05-06 22:03:25+00:00,2014-05-07T00:03:25+02:00,Updated inout example,False,1,inout.py,examples/inout/inout.py,24,7,31,0,1
a0deb2ec35075249ad4c8eeff2d02b7cc066710d,Armin Ronacher,Armin Ronacher,2014-05-06 22:03:45+00:00,2014-05-07T00:03:45+02:00,This is 0.5,False,1,setup.py,setup.py,1,1,2,0,0
533cf7c209a0dba15b4ec784e8789d443754e64e,Armin Ronacher,Armin Ronacher,2014-05-06 22:08:59+00:00,2014-05-07T00:08:59+02:00,This is 0.5.1,False,1,setup.py,setup.py,1,1,2,0,0
848b664ede2e854cfd89d0b46506df32c8a40e27,Armin Ronacher,Armin Ronacher,2014-05-06 23:07:59+00:00,2014-05-07T01:07:59+02:00,Default count to 0,False,1,core.py,click/core.py,11,9,20,1,0
848b664ede2e854cfd89d0b46506df32c8a40e27,Armin Ronacher,Armin Ronacher,2014-05-06 23:07:59+00:00,2014-05-07T01:07:59+02:00,Default count to 0,False,1,test_options.py,tests/test_options.py,4,0,4,1,1
765c7607499145251c6f273cefb3d23e86d19696,Armin Ronacher,Armin Ronacher,2014-05-06 23:10:11+00:00,2014-05-07T01:10:11+02:00,Removed some dead code,False,1,core.py,click/core.py,0,1,1,0,0
645652840d996bad108a9a2f2e99cbea67080daa,Narbonne,Narbonne,2014-05-07 07:18:28+00:00,2014-05-07T09:18:28+02:00,fix a typo.,False,1,inout.py,examples/inout/inout.py,1,1,2,1,0
4034cecbbe12775be0b06c6c4e6b008002859c9c,Armin Ronacher,Armin Ronacher,2014-05-07 09:01:37+00:00,2014-05-07T11:01:37+02:00,Allow the show function of click exceptions to work without context.,False,1,exceptions.py,click/exceptions.py,2,1,3,0,0
0b08568ad2874a6d625f5ec3af51286052368833,Armin Ronacher,Armin Ronacher,2014-05-07 17:44:18+00:00,2014-05-07T19:44:41+02:00,Added a helper method to add help options and refactored the group decorator a bit.,False,1,core.py,click/core.py,5,1,6,0,0
0b08568ad2874a6d625f5ec3af51286052368833,Armin Ronacher,Armin Ronacher,2014-05-07 17:44:18+00:00,2014-05-07T19:44:41+02:00,Added a helper method to add help options and refactored the group decorator a bit.,False,1,decorators.py,click/decorators.py,2,1,3,0,0
5381d65d5c1b6c016a2227e185c34cbd4d6ecfa6,Armin Ronacher,Armin Ronacher,2014-05-07 19:18:03+00:00,2014-05-07T21:18:03+02:00,Added strong support for a defined parameter callback evaluation order.,False,1,parser.py,click/parser.py,89,53,142,0,1
5381d65d5c1b6c016a2227e185c34cbd4d6ecfa6,Armin Ronacher,Armin Ronacher,2014-05-07 19:18:03+00:00,2014-05-07T21:18:03+02:00,Added strong support for a defined parameter callback evaluation order.,False,1,test_basic.py,tests/test_basic.py,45,0,45,0,0
5381d65d5c1b6c016a2227e185c34cbd4d6ecfa6,Armin Ronacher,Armin Ronacher,2014-05-07 19:18:03+00:00,2014-05-07T21:18:03+02:00,Added strong support for a defined parameter callback evaluation order.,False,1,core.py,click/core.py,24,24,48,0,0
a86aa6a55ef41ff99d29d160189957bb57e296a1,Armin Ronacher,Armin Ronacher,2014-05-07 19:18:15+00:00,2014-05-07T21:18:15+02:00,This is 0.6,False,1,setup.py,setup.py,1,1,2,0,0
dc36b8b2ab3eaf0fde67a22baa3e63b49a3e5e69,Armin Ronacher,Armin Ronacher,2014-05-07 19:18:15+00:00,2014-05-10T02:14:08+02:00,This is 0.6,False,1,setup.py,setup.py,1,1,2,0,0
f353cf19ab08a9cb7c5c5cd62e3067eca17998fe,Armin Ronacher,Armin Ronacher,2014-05-10 00:10:18+00:00,2014-05-10T02:14:08+02:00,Uppercase parameters are lowercased for keyword args.,False,1,core.py,click/core.py,2,2,4,0,1
2e7c39c42d902a923b123c6ffbfbe26729995aad,Armin Ronacher,Armin Ronacher,2014-05-10 00:10:39+00:00,2014-05-10T02:14:08+02:00,Implemented the Path type,False,1,test_basic.py,tests/test_basic.py,49,0,49,0,1
2e7c39c42d902a923b123c6ffbfbe26729995aad,Armin Ronacher,Armin Ronacher,2014-05-10 00:10:39+00:00,2014-05-10T02:14:08+02:00,Implemented the Path type,False,1,types.py,click/types.py,79,0,79,0,1
2e7c39c42d902a923b123c6ffbfbe26729995aad,Armin Ronacher,Armin Ronacher,2014-05-10 00:10:39+00:00,2014-05-10T02:14:08+02:00,Implemented the Path type,False,1,__init__.py,click/__init__.py,4,4,8,0,0
de338becf99f56b8e24b5e2d8c7ca3465d922406,Armin Ronacher,Armin Ronacher,2014-05-10 00:10:49+00:00,2014-05-10T02:14:09+02:00,Updated the repo example a little,False,1,repo.py,examples/repo/repo.py,4,4,8,0,0
7ebd3b9482ea63b787f637c8bf52d81f5547ef52,Armin Ronacher,Armin Ronacher,2014-05-10 00:13:42+00:00,2014-05-10T02:14:09+02:00,Fixed a bug with forwarding and added a test,False,1,test_commands.py,tests/test_commands.py,20,0,20,1,1
7ebd3b9482ea63b787f637c8bf52d81f5547ef52,Armin Ronacher,Armin Ronacher,2014-05-10 00:13:42+00:00,2014-05-10T02:14:09+02:00,Fixed a bug with forwarding and added a test,False,1,core.py,click/core.py,3,3,6,1,1
a6125e11d164356dae997517fa5c99c0800b7c7c,Armin Ronacher,Armin Ronacher,2014-05-10 00:45:56+00:00,2014-05-10T02:45:56+02:00,Implemented automatic version detection,False,1,_compat.py,click/_compat.py,2,0,2,0,0
a6125e11d164356dae997517fa5c99c0800b7c7c,Armin Ronacher,Armin Ronacher,2014-05-10 00:45:56+00:00,2014-05-10T02:45:56+02:00,Implemented automatic version detection,False,1,decorators.py,click/decorators.py,21,2,23,0,1
ae52b1aa6e3c7e76b94a1027c3b1d3ad0fa2ad18,Armin Ronacher,Armin Ronacher,2014-05-10 00:46:08+00:00,2014-05-10T02:46:08+02:00,Ported naval example from docopt and expanded it,False,1,naval.py,examples/naval/naval.py,70,0,70,0,1
ae52b1aa6e3c7e76b94a1027c3b1d3ad0fa2ad18,Armin Ronacher,Armin Ronacher,2014-05-10 00:46:08+00:00,2014-05-10T02:46:08+02:00,Ported naval example from docopt and expanded it,False,1,setup.py,examples/naval/setup.py,15,0,15,0,0
d227e5e3a238f19dddeba48c269a9273e2c7431d,Armin Ronacher,Armin Ronacher,2014-05-10 01:09:52+00:00,2014-05-10T03:09:52+02:00,Delay resolve version,False,1,decorators.py,click/decorators.py,17,16,33,1,1
f3ee4e539ef4d81a20465009ea30cc12283547c0,Armin Ronacher,Armin Ronacher,2014-05-10 13:01:27+00:00,2014-05-10T15:01:27+02:00,Added nicer error handling for group commands with arguments.,False,1,test_commands.py,tests/test_commands.py,27,0,27,1,1
f3ee4e539ef4d81a20465009ea30cc12283547c0,Armin Ronacher,Armin Ronacher,2014-05-10 13:01:27+00:00,2014-05-10T15:01:27+02:00,Added nicer error handling for group commands with arguments.,False,1,core.py,click/core.py,26,7,33,1,1
c265355bcd50a0848cb973e8e83b3e21ee60a775,Armin Ronacher,Armin Ronacher,2014-05-10 13:29:19+00:00,2014-05-10T15:29:19+02:00,Moved the test code into the API,False,1,conftest.py,tests/conftest.py,1,151,152,0,0
c265355bcd50a0848cb973e8e83b3e21ee60a775,Armin Ronacher,Armin Ronacher,2014-05-10 13:29:19+00:00,2014-05-10T15:29:19+02:00,Moved the test code into the API,False,1,testing.py,click/testing.py,216,0,216,0,0
48f3e9160f4199cb428eae1b7b7c04176dd7cd99,Armin Ronacher,Armin Ronacher,2014-05-10 13:38:27+00:00,2014-05-10T15:38:27+02:00,Added testing docs,False,1,testing.py,click/testing.py,15,6,21,0,0
ea5edae20706d9f3d652658d2d01f426c96aeca0,Julen Ruiz Aizpuru,Julen Ruiz Aizpuru,2014-05-10 20:40:42+00:00,2014-05-10T22:40:42+02:00,Docs: minor fixes,False,1,types.py,click/types.py,2,2,4,1,0
002c38d4c50a48e9d01b9a10052bb192204d423a,Armin Ronacher,Armin Ronacher,2014-05-11 00:18:30+00:00,2014-05-11T02:18:30+02:00,Improved stream support and added it to public API.,False,1,__init__.py,click/__init__.py,2,2,4,0,1
002c38d4c50a48e9d01b9a10052bb192204d423a,Armin Ronacher,Armin Ronacher,2014-05-11 00:18:30+00:00,2014-05-11T02:18:30+02:00,Improved stream support and added it to public API.,False,1,_compat.py,click/_compat.py,287,52,339,0,1
002c38d4c50a48e9d01b9a10052bb192204d423a,Armin Ronacher,Armin Ronacher,2014-05-11 00:18:30+00:00,2014-05-11T02:18:30+02:00,Improved stream support and added it to public API.,False,1,utils.py,click/utils.py,35,18,53,0,0
002c38d4c50a48e9d01b9a10052bb192204d423a,Armin Ronacher,Armin Ronacher,2014-05-11 00:18:30+00:00,2014-05-11T02:18:30+02:00,Improved stream support and added it to public API.,False,1,termui.py,click/termui.py,3,2,5,0,0
15f0e22383717b0373cd91fea0f2b4ef556e8358,Armin Ronacher,Armin Ronacher,2014-05-11 15:02:14+00:00,2014-05-11T17:02:26+02:00,Added tests for stream wrapping.,False,1,types.py,click/types.py,3,2,5,0,1
15f0e22383717b0373cd91fea0f2b4ef556e8358,Armin Ronacher,Armin Ronacher,2014-05-11 15:02:14+00:00,2014-05-11T17:02:26+02:00,Added tests for stream wrapping.,False,1,testing.py,click/testing.py,53,20,73,0,0
15f0e22383717b0373cd91fea0f2b4ef556e8358,Armin Ronacher,Armin Ronacher,2014-05-11 15:02:14+00:00,2014-05-11T17:02:26+02:00,Added tests for stream wrapping.,False,1,test_testing.py,tests/test_testing.py,57,0,57,0,0
b3965e826d8aee3d8edc7788640229c10e2c2549,Armin Ronacher,Armin Ronacher,2014-05-11 15:44:56+00:00,2014-05-11T17:44:56+02:00,Added tests for prompts,False,1,test_testing.py,tests/test_testing.py,22,0,22,0,0
3e51448fb7cf7b777ce977d7e6c47d9cf29e9ae3,Armin Ronacher,Armin Ronacher,2014-05-11 15:46:54+00:00,2014-05-11T17:46:54+02:00,Added docs for input stream testing.,False,1,test_testing.py,tests/test_testing.py,2,2,4,0,0
970364db257039bd5fbf3ffabfba1c183e7c97ac,Armin Ronacher,Armin Ronacher,2014-05-11 20:38:04+00:00,2014-05-11T22:38:04+02:00,Made the echo function accept bytes transparently on 3.x,False,1,utils.py,click/utils.py,34,10,44,0,0
159ffc5b0c193783d8092b4f99a058686f4191e4,Armin Ronacher,Armin Ronacher,2014-05-11 20:46:11+00:00,2014-05-11T22:46:11+02:00,Added echo tests,False,1,test_utils.py,tests/test_utils.py,11,0,11,0,0
4fd19ce097576072020084a61b6172bfb9b07f26,Armin Ronacher,Armin Ronacher,2014-05-11 23:43:55+00:00,2014-05-12T01:43:57+02:00,"Fixed argument handling for ""-"" and added test.  This fixes #77",False,1,test_arguments.py,tests/test_arguments.py,23,0,23,1,0
4fd19ce097576072020084a61b6172bfb9b07f26,Armin Ronacher,Armin Ronacher,2014-05-11 23:43:55+00:00,2014-05-12T01:43:57+02:00,"Fixed argument handling for ""-"" and added test.  This fixes #77",False,1,parser.py,click/parser.py,3,2,5,1,0
aed87f04bde1e1c2c6dca0736ebfd7f628c64e01,Armin Ronacher,Armin Ronacher,2014-05-11 23:45:08+00:00,2014-05-13T01:22:08+02:00,This is 0.7,False,1,setup.py,setup.py,1,1,2,0,0
8119330fe73209eb379c89df3505ddf78267e34a,Armin Ronacher,Armin Ronacher,2014-05-11 23:45:08+00:00,2014-05-12T01:45:08+02:00,This is 0.7,False,1,setup.py,setup.py,1,1,2,0,0
9659523177b4c68df46e6b1f062587407717341b,Julen Ruiz Aizpuru,Julen Ruiz Aizpuru,2014-05-13 19:57:41+00:00,2014-05-13T21:57:41+02:00,Docs: docstring fixes,False,1,decorators.py,click/decorators.py,1,1,2,1,0
9659523177b4c68df46e6b1f062587407717341b,Julen Ruiz Aizpuru,Julen Ruiz Aizpuru,2014-05-13 19:57:41+00:00,2014-05-13T21:57:41+02:00,Docs: docstring fixes,False,1,core.py,click/core.py,10,10,20,1,1
7acef5fe75490773e7c832e7c27f1cea2f37cc2d,Armin Ronacher,Armin Ronacher,2014-05-14 12:51:11+00:00,2014-05-14T14:51:26+02:00,Added readmes for examples,False,1,README,examples/repo/README,9,0,9,0,0
7acef5fe75490773e7c832e7c27f1cea2f37cc2d,Armin Ronacher,Armin Ronacher,2014-05-14 12:51:11+00:00,2014-05-14T14:51:26+02:00,Added readmes for examples,False,1,README,examples/naval/README,14,0,14,0,0
7acef5fe75490773e7c832e7c27f1cea2f37cc2d,Armin Ronacher,Armin Ronacher,2014-05-14 12:51:11+00:00,2014-05-14T14:51:26+02:00,Added readmes for examples,False,1,README,examples/inout/README,10,0,10,0,0
7acef5fe75490773e7c832e7c27f1cea2f37cc2d,Armin Ronacher,Armin Ronacher,2014-05-14 12:51:11+00:00,2014-05-14T14:51:26+02:00,Added readmes for examples,False,1,README,examples/README,12,0,12,0,1
660a54ef0a88d8be3bd43735eb977edc6f8e56d0,Armin Ronacher,Armin Ronacher,2014-05-14 21:44:31+00:00,2014-05-14T23:44:31+02:00,Use detach for TextIOWrapper.  See http://bugs.python.org/issue21363,False,1,_compat.py,click/_compat.py,4,6,10,1,0
baa7d301a03e3835e623852319d28e1fdc5871de,Armin Ronacher,Armin Ronacher,2014-05-14 21:57:08+00:00,2014-05-14T23:57:08+02:00,read1 calls into read now but line buffering gets enabled.,False,1,_compat.py,click/_compat.py,3,2,5,0,1
955beb8fd0657c6c3c59b27dfeebb8e6d0d17ce7,Armin Ronacher,Armin Ronacher,2014-05-16 21:29:37+00:00,2014-05-16T23:29:37+02:00,Added a base command for dispatching to other parsers.,False,1,__init__.py,click/__init__.py,4,4,8,1,0
955beb8fd0657c6c3c59b27dfeebb8e6d0d17ce7,Armin Ronacher,Armin Ronacher,2014-05-16 21:29:37+00:00,2014-05-16T23:29:37+02:00,Added a base command for dispatching to other parsers.,False,1,core.py,click/core.py,161,121,282,1,1
955beb8fd0657c6c3c59b27dfeebb8e6d0d17ce7,Armin Ronacher,Armin Ronacher,2014-05-16 21:29:37+00:00,2014-05-16T23:29:37+02:00,Added a base command for dispatching to other parsers.,False,1,test_commands.py,tests/test_commands.py,65,0,65,1,1
817ef38339a1495f8d6cab90239db1d1c45c3577,Armin Ronacher,Armin Ronacher,2014-05-21 17:11:50+00:00,2014-05-21T19:11:50+02:00,Added support for lists from envvars.  This fixes #87,False,1,core.py,click/core.py,4,1,5,1,0
817ef38339a1495f8d6cab90239db1d1c45c3577,Armin Ronacher,Armin Ronacher,2014-05-21 17:11:50+00:00,2014-05-21T19:11:50+02:00,Added support for lists from envvars.  This fixes #87,False,1,test_options.py,tests/test_options.py,23,0,23,1,0
817ef38339a1495f8d6cab90239db1d1c45c3577,Armin Ronacher,Armin Ronacher,2014-05-21 17:11:50+00:00,2014-05-21T19:11:50+02:00,Added support for lists from envvars.  This fixes #87,False,1,types.py,click/types.py,20,0,20,1,1
5105e6be48a55c3f3e4c1eecb7d116233036cc27,Armin Ronacher,Armin Ronacher,2014-05-21 17:15:34+00:00,2014-05-21T19:15:34+02:00,Apply the same splitting logic for explicit envvars,False,1,test_options.py,tests/test_options.py,9,0,9,0,0
5105e6be48a55c3f3e4c1eecb7d116233036cc27,Armin Ronacher,Armin Ronacher,2014-05-21 17:15:34+00:00,2014-05-21T19:15:34+02:00,Apply the same splitting logic for explicit envvars,False,1,core.py,click/core.py,6,6,12,0,0
eeb1378b0872cddbdda15f0cded34ff66ccaebe8,Armin Ronacher,Armin Ronacher,2014-05-21 17:28:24+00:00,2014-05-21T19:28:24+02:00,Also added support for nargs != for values from environment.,False,1,test_options.py,tests/test_options.py,23,0,23,0,0
eeb1378b0872cddbdda15f0cded34ff66ccaebe8,Armin Ronacher,Armin Ronacher,2014-05-21 17:28:24+00:00,2014-05-21T19:28:24+02:00,Also added support for nargs != for values from environment.,False,1,test_arguments.py,tests/test_arguments.py,21,0,21,0,0
eeb1378b0872cddbdda15f0cded34ff66ccaebe8,Armin Ronacher,Armin Ronacher,2014-05-21 17:28:24+00:00,2014-05-21T19:28:24+02:00,Also added support for nargs != for values from environment.,False,1,core.py,click/core.py,27,8,35,0,0
39b5df2b12a0e746c5020e0f4379b8e27b44f911,Armin Ronacher,Armin Ronacher,2014-05-21 19:36:14+00:00,2014-05-21T21:36:14+02:00,Fixed lack of clear reporting for paths,False,1,test_basic.py,tests/test_basic.py,2,2,4,1,0
39b5df2b12a0e746c5020e0f4379b8e27b44f911,Armin Ronacher,Armin Ronacher,2014-05-21 19:36:14+00:00,2014-05-21T21:36:14+02:00,Fixed lack of clear reporting for paths,False,1,types.py,click/types.py,5,5,10,1,1
31043c3dc7b6b355831a2c49c14a1aecda2af3b5,Armin Ronacher,Armin Ronacher,2014-05-21 23:18:36+00:00,2014-05-22T01:18:36+02:00,Added filename format function,False,1,test_utils.py,tests/test_utils.py,9,0,9,0,1
31043c3dc7b6b355831a2c49c14a1aecda2af3b5,Armin Ronacher,Armin Ronacher,2014-05-21 23:18:36+00:00,2014-05-22T01:18:36+02:00,Added filename format function,False,1,utils.py,click/utils.py,19,1,20,0,0
31043c3dc7b6b355831a2c49c14a1aecda2af3b5,Armin Ronacher,Armin Ronacher,2014-05-21 23:18:36+00:00,2014-05-22T01:18:36+02:00,Added filename format function,False,1,__init__.py,click/__init__.py,3,2,5,0,0
db4b4b467118fec0ba87c07b548a6f23eced4dee,Armin Ronacher,Armin Ronacher,2014-05-21 23:21:41+00:00,2014-05-22T01:21:41+02:00,Added a complex example for plugin loading.,False,1,README,examples/complex/README,10,0,10,0,0
db4b4b467118fec0ba87c07b548a6f23eced4dee,Armin Ronacher,Armin Ronacher,2014-05-21 23:21:41+00:00,2014-05-22T01:21:41+02:00,Added a complex example for plugin loading.,False,1,__init__.py,examples/complex/complex/__init__.py,0,0,0,0,0
db4b4b467118fec0ba87c07b548a6f23eced4dee,Armin Ronacher,Armin Ronacher,2014-05-21 23:21:41+00:00,2014-05-22T01:21:41+02:00,Added a complex example for plugin loading.,False,1,cli.py,examples/complex/complex/cli.py,65,0,65,0,1
db4b4b467118fec0ba87c07b548a6f23eced4dee,Armin Ronacher,Armin Ronacher,2014-05-21 23:21:41+00:00,2014-05-22T01:21:41+02:00,Added a complex example for plugin loading.,False,1,setup.py,examples/complex/setup.py,15,0,15,0,0
db4b4b467118fec0ba87c07b548a6f23eced4dee,Armin Ronacher,Armin Ronacher,2014-05-21 23:21:41+00:00,2014-05-22T01:21:41+02:00,Added a complex example for plugin loading.,False,1,cmd_init.py,examples/complex/complex/commands/cmd_init.py,13,0,13,0,0
db4b4b467118fec0ba87c07b548a6f23eced4dee,Armin Ronacher,Armin Ronacher,2014-05-21 23:21:41+00:00,2014-05-22T01:21:41+02:00,Added a complex example for plugin loading.,False,1,cmd_status.py,examples/complex/complex/commands/cmd_status.py,10,0,10,0,0
db4b4b467118fec0ba87c07b548a6f23eced4dee,Armin Ronacher,Armin Ronacher,2014-05-21 23:21:41+00:00,2014-05-22T01:21:41+02:00,Added a complex example for plugin loading.,False,1,__init__.py,examples/complex/complex/commands/__init__.py,0,0,0,0,0
b26d02f5f38bcf7c1a454193acd9a0ee8a7694c4,Armin Ronacher,Armin Ronacher,2014-05-21 23:24:41+00:00,2014-05-22T01:24:41+02:00,Updated README for complex apps,False,1,README,examples/complex/README,6,0,6,0,1
295269d084052fdf645ef16943e871ac63194527,Armin Ronacher,Armin Ronacher,2014-05-21 23:29:49+00:00,2014-05-22T01:29:49+02:00,This is version 1.0,False,1,setup.py,setup.py,1,1,2,0,0
f1941895f363b505a77f3a6c5eda3fc661ee6b69,Armin Ronacher,Armin Ronacher,2014-05-21 23:29:49+00:00,2014-05-22T09:25:10+02:00,This is version 1.0,False,1,setup.py,setup.py,1,1,2,0,0
a218f6cc0e4c8d0e8dddea2c8c3c1353cfc39181,Julen Ruiz Aizpuru,Julen Ruiz Aizpuru,2014-05-22 07:08:33+00:00,2014-05-22T09:08:33+02:00,Docs: fixes,False,1,types.py,click/types.py,2,2,4,1,0
6e0fe3be8854e1fa5605810f629094051c4e61f7,Hólmar Sigmundsson,Hólmar Sigmundsson,2014-05-22 07:55:55+00:00,2014-05-22T09:55:55+02:00,Change cmd_status's command name to status,False,1,cmd_status.py,examples/complex/complex/commands/cmd_status.py,1,1,2,0,0
0030136148ce19f9cf2a12970364ce622fa71ac9,invlpg,invlpg,2014-05-22 14:28:01+00:00,2014-05-22T22:28:01+08:00,Fix binary mode stdio on Windows,False,1,_compat.py,click/_compat.py,9,0,9,1,0
d980bfef7fd2a9f87488404ddb188e0aa7331bc6,Armin Ronacher,Armin Ronacher,2014-05-22 20:42:14+00:00,2014-05-22T22:42:14+02:00,Added comments for windows binary support and made it more stable.,False,1,_compat.py,click/_compat.py,26,11,37,0,0
a1f69d097278b158fb8748fe63a287de6ff23886,Armin Ronacher,Armin Ronacher,2014-05-23 15:43:14+00:00,2014-05-23T17:43:14+02:00,"Added test for ""--""",False,1,test_arguments.py,tests/test_arguments.py,24,0,24,0,0
3df2c33b2eaa5c4663d76a3ffb2a17019e792daf,Armin Ronacher,Armin Ronacher,2014-05-23 17:25:46+00:00,2014-05-23T19:25:46+02:00,This is 2.0-dev,False,1,setup.py,setup.py,1,1,2,0,0
469ba25d562418a5d88409db79b9a3e1c386f338,Armin Ronacher,Armin Ronacher,2014-05-23 17:28:57+00:00,2014-05-23T19:28:57+02:00,Implemented atomic file opening support.,False,1,test_arguments.py,tests/test_arguments.py,20,0,20,0,1
469ba25d562418a5d88409db79b9a3e1c386f338,Armin Ronacher,Armin Ronacher,2014-05-23 17:28:57+00:00,2014-05-23T19:28:57+02:00,Implemented atomic file opening support.,False,1,utils.py,click/utils.py,6,3,9,0,0
469ba25d562418a5d88409db79b9a3e1c386f338,Armin Ronacher,Armin Ronacher,2014-05-23 17:28:57+00:00,2014-05-23T19:28:57+02:00,Implemented atomic file opening support.,False,1,types.py,click/types.py,12,3,15,0,1
469ba25d562418a5d88409db79b9a3e1c386f338,Armin Ronacher,Armin Ronacher,2014-05-23 17:28:57+00:00,2014-05-23T19:28:57+02:00,Implemented atomic file opening support.,False,1,_compat.py,click/_compat.py,70,12,82,0,1
df428cafbdc42f68621f6215bd00cf1a5868768a,Armin Ronacher,Armin Ronacher,2014-05-23 17:31:44+00:00,2014-05-23T19:31:44+02:00,Added changes,False,1,CHANGES,CHANGES,19,0,19,0,0
ddf58b240965cb6eee41b807dee65332362b2fbb,Armin Ronacher,Armin Ronacher,2014-05-23 17:36:45+00:00,2014-05-23T19:36:45+02:00,Added license to docs and changelog.,False,1,CHANGES,CHANGES,2,0,2,0,0
99753bffe24bfedbf0237764fb1ba1b2a987ec5d,Armin Ronacher,Armin Ronacher,2014-05-23 18:24:24+00:00,2014-05-23T20:24:24+02:00,This is 1.1-dev,False,1,setup.py,setup.py,1,1,2,0,0
f4cfcb5788343f1f17e165eebe20b58dbf45d598,Armin Ronacher,Armin Ronacher,2014-05-23 18:27:40+00:00,2014-05-23T20:27:40+02:00,Added changelog,False,1,CHANGES,CHANGES,16,0,16,0,1
50469da33c5ca387a36b5318256542ac0cb17de0,Armin Ronacher,Armin Ronacher,2014-05-23 18:28:13+00:00,2014-05-23T20:28:13+02:00,Fixed a bug that caused text files on 2.x to not accept bytestrings.,False,1,test_arguments.py,tests/test_arguments.py,12,0,12,1,0
50469da33c5ca387a36b5318256542ac0cb17de0,Armin Ronacher,Armin Ronacher,2014-05-23 18:28:13+00:00,2014-05-23T20:28:13+02:00,Fixed a bug that caused text files on 2.x to not accept bytestrings.,False,1,_compat.py,click/_compat.py,16,3,19,1,0
50469da33c5ca387a36b5318256542ac0cb17de0,Armin Ronacher,Armin Ronacher,2014-05-23 18:28:13+00:00,2014-05-23T20:28:13+02:00,Fixed a bug that caused text files on 2.x to not accept bytestrings.,False,1,CHANGES,CHANGES,3,0,3,1,0
7108f4916b66d77a92f43dc3401562420bb5ee1a,Armin Ronacher,Armin Ronacher,2014-05-23 18:31:25+00:00,2014-05-23T20:31:25+02:00,This is 1.1,False,1,setup.py,setup.py,1,1,2,0,0
7108f4916b66d77a92f43dc3401562420bb5ee1a,Armin Ronacher,Armin Ronacher,2014-05-23 18:31:25+00:00,2014-05-23T20:31:25+02:00,This is 1.1,False,1,CHANGES,CHANGES,1,1,2,0,0
63e92816061f806ed20bc1310cb03ccb9e17838c,Armin Ronacher,Armin Ronacher,2014-05-23 18:31:55+00:00,2014-05-23T20:31:55+02:00,This is 1.2-dev,False,1,setup.py,setup.py,1,1,2,0,0
b0a53abfcc76c291385c37ef5ef1cd01e04568d2,Armin Ronacher,Armin Ronacher,2014-05-24 08:39:01+00:00,2014-05-24T10:39:01+02:00,Fixed a broken test on 3.x,False,1,test_utils.py,tests/test_utils.py,1,1,2,1,0
61db52c7114a2b3af35f63ccf81340a42beff4db,Julen Ruiz Aizpuru,Julen Ruiz Aizpuru,2014-05-24 16:06:21+00:00,2014-05-25T23:05:23+02:00,Docs: minor fixes to atomic type support,False,1,types.py,click/types.py,2,2,4,1,0
9f778e82f4d03f5daa8b7fedfff8b2827b7432ae,Armin Ronacher,Armin Ronacher,2014-05-25 12:48:58+00:00,2014-05-25T14:48:58+02:00,Updated example names,False,1,setup.py,examples/complex/setup.py,1,1,2,0,1
9f778e82f4d03f5daa8b7fedfff8b2827b7432ae,Armin Ronacher,Armin Ronacher,2014-05-25 12:48:58+00:00,2014-05-25T14:48:58+02:00,Updated example names,False,1,setup.py,examples/inout/setup.py,1,1,2,0,0
9f778e82f4d03f5daa8b7fedfff8b2827b7432ae,Armin Ronacher,Armin Ronacher,2014-05-25 12:48:58+00:00,2014-05-25T14:48:58+02:00,Updated example names,False,1,setup.py,examples/repo/setup.py,1,1,2,0,0
9f778e82f4d03f5daa8b7fedfff8b2827b7432ae,Armin Ronacher,Armin Ronacher,2014-05-25 12:48:58+00:00,2014-05-25T14:48:58+02:00,Updated example names,False,1,setup.py,examples/naval/setup.py,1,1,2,0,0
fdb0a8ce6d12a334b378076ec97a484105fa8618,Armin Ronacher,Armin Ronacher,2014-05-25 12:49:06+00:00,2014-05-25T14:49:06+02:00,Added a complex aliases example,False,1,aliases.py,examples/aliases/aliases.py,111,0,111,0,0
fdb0a8ce6d12a334b378076ec97a484105fa8618,Armin Ronacher,Armin Ronacher,2014-05-25 12:49:06+00:00,2014-05-25T14:49:06+02:00,Added a complex aliases example,False,1,README,examples/aliases/README,16,0,16,0,0
fdb0a8ce6d12a334b378076ec97a484105fa8618,Armin Ronacher,Armin Ronacher,2014-05-25 12:49:06+00:00,2014-05-25T14:49:06+02:00,Added a complex aliases example,False,1,setup.py,examples/aliases/setup.py,15,0,15,0,0
ce64176604c3b7fc31f2d3c0a73ca5cc55a23958,Armin Ronacher,Armin Ronacher,2014-05-25 12:50:46+00:00,2014-05-25T14:50:46+02:00,Updated readme,False,1,README,examples/aliases/README,11,10,21,0,1
1407ecbb104fa9d9bf40ddb33650116db56b859b,Armin Ronacher,Armin Ronacher,2014-05-25 13:53:38+00:00,2014-05-25T15:53:38+02:00,Added support for BadParameter exceptions.,False,1,test_options.py,tests/test_options.py,19,0,19,0,0
1407ecbb104fa9d9bf40ddb33650116db56b859b,Armin Ronacher,Armin Ronacher,2014-05-25 13:53:38+00:00,2014-05-25T15:53:38+02:00,Added support for BadParameter exceptions.,False,1,types.py,click/types.py,2,7,9,0,0
1407ecbb104fa9d9bf40ddb33650116db56b859b,Armin Ronacher,Armin Ronacher,2014-05-25 13:53:38+00:00,2014-05-25T15:53:38+02:00,Added support for BadParameter exceptions.,False,1,exceptions.py,click/exceptions.py,49,4,53,0,1
1407ecbb104fa9d9bf40ddb33650116db56b859b,Armin Ronacher,Armin Ronacher,2014-05-25 13:53:38+00:00,2014-05-25T15:53:38+02:00,Added support for BadParameter exceptions.,False,1,core.py,click/core.py,29,6,35,0,0
1407ecbb104fa9d9bf40ddb33650116db56b859b,Armin Ronacher,Armin Ronacher,2014-05-25 13:53:38+00:00,2014-05-25T15:53:38+02:00,Added support for BadParameter exceptions.,False,1,__init__.py,click/__init__.py,4,2,6,0,0
1407ecbb104fa9d9bf40ddb33650116db56b859b,Armin Ronacher,Armin Ronacher,2014-05-25 13:53:38+00:00,2014-05-25T15:53:38+02:00,Added support for BadParameter exceptions.,False,1,CHANGES,CHANGES,2,0,2,0,0
438b945f934935a1be79e0b922d5c897307cdcde,Armin Ronacher,Armin Ronacher,2014-05-25 13:54:36+00:00,2014-05-25T15:54:36+02:00,Added validation example to docs.,False,1,validation.py,examples/validation/validation.py,44,0,44,0,0
438b945f934935a1be79e0b922d5c897307cdcde,Armin Ronacher,Armin Ronacher,2014-05-25 13:54:36+00:00,2014-05-25T15:54:36+02:00,Added validation example to docs.,False,1,setup.py,examples/validation/setup.py,15,0,15,0,0
438b945f934935a1be79e0b922d5c897307cdcde,Armin Ronacher,Armin Ronacher,2014-05-25 13:54:36+00:00,2014-05-25T15:54:36+02:00,Added validation example to docs.,False,1,README,examples/validation/README,12,0,12,0,0
8074246b03df54511d1e04927d92a808966cec76,Armin Ronacher,Armin Ronacher,2014-05-25 13:57:19+00:00,2014-05-25T15:57:19+02:00,Catch a common mistake with passing uninstanciated parameter types.,False,1,validation.py,examples/validation/validation.py,1,1,2,0,1
8074246b03df54511d1e04927d92a808966cec76,Armin Ronacher,Armin Ronacher,2014-05-25 13:57:19+00:00,2014-05-25T15:57:19+02:00,Catch a common mistake with passing uninstanciated parameter types.,False,1,types.py,click/types.py,9,0,9,0,0
f5b2e399da265985c31f53fafe5ef80dde50e296,Armin Ronacher,Armin Ronacher,2014-05-25 13:59:44+00:00,2014-05-25T15:59:44+02:00,Fixed the example i accidentally broke.,False,1,validation.py,examples/validation/validation.py,1,1,2,1,0
366e2b4cad92fc66c5a017090d1e9bd8ade280bb,Armin Ronacher,Armin Ronacher,2014-05-25 14:14:07+00:00,2014-05-25T16:14:07+02:00,Import uuid module late because it might be slow to import,False,1,types.py,click/types.py,1,1,2,0,0
0b27ddf43fb198f3a1fae8dfb19c9e00e8cd58b7,Armin Ronacher,Armin Ronacher,2014-05-25 16:06:08+00:00,2014-05-25T18:06:08+02:00,Moved uuid import out of an except block,False,1,types.py,click/types.py,1,1,2,0,1
0223fa20ab202e838cc2912a76712bc31671aaae,Julen Ruiz Aizpuru,Julen Ruiz Aizpuru,2014-05-25 21:06:54+00:00,2014-05-25T23:06:54+02:00,Fixed typo,False,1,types.py,click/types.py,1,1,2,1,0
3a0aacb85634ecb04a902f4fea6d728ac7822422,Armin Ronacher,Armin Ronacher,2014-05-25 22:05:41+00:00,2014-05-26T00:32:24+02:00,Added get_app_dir function.,False,1,utils.py,click/utils.py,55,0,55,0,1
3a0aacb85634ecb04a902f4fea6d728ac7822422,Armin Ronacher,Armin Ronacher,2014-05-25 22:05:41+00:00,2014-05-26T00:32:24+02:00,Added get_app_dir function.,False,1,__init__.py,click/__init__.py,2,1,3,0,0
64d7fcfd96aa587915aba4827c0a58d4df574349,Armin Ronacher,Armin Ronacher,2014-05-25 22:06:08+00:00,2014-05-26T00:32:24+02:00,Added progressbar function.,False,1,_compat.py,click/_compat.py,2,0,2,0,0
64d7fcfd96aa587915aba4827c0a58d4df574349,Armin Ronacher,Armin Ronacher,2014-05-25 22:06:08+00:00,2014-05-26T00:32:24+02:00,Added progressbar function.,False,1,__init__.py,click/__init__.py,3,1,4,0,0
64d7fcfd96aa587915aba4827c0a58d4df574349,Armin Ronacher,Armin Ronacher,2014-05-25 22:06:08+00:00,2014-05-26T00:32:24+02:00,Added progressbar function.,False,1,termui.py,click/termui.py,66,0,66,0,0
64d7fcfd96aa587915aba4827c0a58d4df574349,Armin Ronacher,Armin Ronacher,2014-05-25 22:06:08+00:00,2014-05-26T00:32:24+02:00,Added progressbar function.,False,1,_termui_impl.py,click/_termui_impl.py,225,0,225,0,0
12f50b4a51af4bcd2f4f8c83e5233f0d8de41265,Armin Ronacher,Armin Ronacher,2014-05-25 22:07:30+00:00,2014-05-26T00:32:24+02:00,Added changelog entry and docs,False,1,CHANGES,CHANGES,3,0,3,0,0
12f50b4a51af4bcd2f4f8c83e5233f0d8de41265,Armin Ronacher,Armin Ronacher,2014-05-25 22:07:30+00:00,2014-05-26T00:32:24+02:00,Added changelog entry and docs,False,1,termui.py,click/termui.py,2,0,2,0,1
4e099e5a906fc2268ab868ff655d332ef72644c4,Armin Ronacher,Armin Ronacher,2014-05-25 23:07:23+00:00,2014-05-26T01:07:23+02:00,Fixed a python 3 syntax error.,False,1,utils.py,click/utils.py,1,1,2,1,0
ba1955022c49713f9f608afb600cc65513ca23fe,Armin Ronacher,Armin Ronacher,2014-05-25 23:10:42+00:00,2014-05-26T01:10:42+02:00,Added colorama support into the echo function.,False,1,utils.py,click/utils.py,17,1,18,0,1
ba1955022c49713f9f608afb600cc65513ca23fe,Armin Ronacher,Armin Ronacher,2014-05-25 23:10:42+00:00,2014-05-26T01:10:42+02:00,Added colorama support into the echo function.,False,1,_termui_impl.py,click/_termui_impl.py,2,1,3,0,0
ba1955022c49713f9f608afb600cc65513ca23fe,Armin Ronacher,Armin Ronacher,2014-05-25 23:10:42+00:00,2014-05-26T01:10:42+02:00,Added colorama support into the echo function.,False,1,_compat.py,click/_compat.py,27,0,27,0,0
ba1955022c49713f9f608afb600cc65513ca23fe,Armin Ronacher,Armin Ronacher,2014-05-25 23:10:42+00:00,2014-05-26T01:10:42+02:00,Added colorama support into the echo function.,False,1,CHANGES,CHANGES,2,0,2,0,0
f46b3f9bf7db8845a209e4fc20b29265e188af53,Armin Ronacher,Armin Ronacher,2014-05-25 23:24:36+00:00,2014-05-26T01:24:36+02:00,Fixed a broken rst directive,False,1,utils.py,click/utils.py,1,1,2,1,1
6e31b1cc7886489b95a79aafe5cdd2f3e18a2277,Armin Ronacher,Armin Ronacher,2014-05-25 23:25:03+00:00,2014-05-26T01:25:03+02:00,Added a colorama example.,False,1,README,examples/colors/README,9,0,9,0,0
6e31b1cc7886489b95a79aafe5cdd2f3e18a2277,Armin Ronacher,Armin Ronacher,2014-05-25 23:25:03+00:00,2014-05-26T01:25:03+02:00,Added a colorama example.,False,1,setup.py,examples/colors/setup.py,16,0,16,0,0
6e31b1cc7886489b95a79aafe5cdd2f3e18a2277,Armin Ronacher,Armin Ronacher,2014-05-25 23:25:03+00:00,2014-05-26T01:25:03+02:00,Added a colorama example.,False,1,colors.py,examples/colors/colors.py,14,0,14,0,0
7d4bbfd35237ba915f777933e13a3c068fc790e9,Julen Ruiz Aizpuru,Julen Ruiz Aizpuru,2014-05-26 06:37:09+00:00,2014-05-26T08:41:50+02:00,Docs: progressbar fixes,False,1,termui.py,click/termui.py,5,5,10,1,0
7af94e896cd186daf56835d351bd7c2e61ebae76,Julen Ruiz Aizpuru,Julen Ruiz Aizpuru,2014-05-26 06:42:18+00:00,2014-05-26T08:46:25+02:00,Docs: minor fixes,False,1,utils.py,click/utils.py,3,3,6,1,0
aef16506b5da26684103db2e47346dbf49a7e7a1,Armin Ronacher,Armin Ronacher,2014-05-26 09:38:02+00:00,2014-05-26T11:38:02+02:00,Refactored pager support to not rely on pydoc,False,1,test_utils.py,tests/test_utils.py,2,1,3,0,0
aef16506b5da26684103db2e47346dbf49a7e7a1,Armin Ronacher,Armin Ronacher,2014-05-26 09:38:02+00:00,2014-05-26T11:38:02+02:00,Refactored pager support to not rely on pydoc,False,1,utils.py,click/utils.py,11,2,13,0,0
aef16506b5da26684103db2e47346dbf49a7e7a1,Armin Ronacher,Armin Ronacher,2014-05-26 09:38:02+00:00,2014-05-26T11:38:02+02:00,Refactored pager support to not rely on pydoc,False,1,termui.py,click/termui.py,2,6,8,0,0
aef16506b5da26684103db2e47346dbf49a7e7a1,Armin Ronacher,Armin Ronacher,2014-05-26 09:38:02+00:00,2014-05-26T11:38:02+02:00,Refactored pager support to not rely on pydoc,False,1,_termui_impl.py,click/_termui_impl.py,60,1,61,0,0
aef16506b5da26684103db2e47346dbf49a7e7a1,Armin Ronacher,Armin Ronacher,2014-05-26 09:38:02+00:00,2014-05-26T11:38:02+02:00,Refactored pager support to not rely on pydoc,False,1,_compat.py,click/_compat.py,17,6,23,0,0
537d6d57851f25a2eb566b577384904bc4a05362,Armin Ronacher,Armin Ronacher,2014-05-26 10:08:52+00:00,2014-05-26T12:08:52+02:00,Unbroke colorama integrated echo for unicode.,False,1,_compat.py,click/_compat.py,33,5,38,0,0
537d6d57851f25a2eb566b577384904bc4a05362,Armin Ronacher,Armin Ronacher,2014-05-26 10:08:52+00:00,2014-05-26T12:08:52+02:00,Unbroke colorama integrated echo for unicode.,False,1,test_utils.py,tests/test_utils.py,19,0,19,0,0
537d6d57851f25a2eb566b577384904bc4a05362,Armin Ronacher,Armin Ronacher,2014-05-26 10:08:52+00:00,2014-05-26T12:08:52+02:00,Unbroke colorama integrated echo for unicode.,False,1,utils.py,click/utils.py,4,8,12,0,0
537d6d57851f25a2eb566b577384904bc4a05362,Armin Ronacher,Armin Ronacher,2014-05-26 10:08:52+00:00,2014-05-26T12:08:52+02:00,Unbroke colorama integrated echo for unicode.,False,1,_termui_impl.py,click/_termui_impl.py,8,7,15,0,0
0686ce1fc459240f4d7cda5204b197ba94dd8d50,Armin Ronacher,Armin Ronacher,2014-05-26 10:12:11+00:00,2014-05-26T12:12:11+02:00,Added an example for the terminal ui functions,False,1,README,examples/termui/README,9,0,9,0,1
0686ce1fc459240f4d7cda5204b197ba94dd8d50,Armin Ronacher,Armin Ronacher,2014-05-26 10:12:11+00:00,2014-05-26T12:12:11+02:00,Added an example for the terminal ui functions,False,1,termui.py,examples/termui/termui.py,68,0,68,0,0
0686ce1fc459240f4d7cda5204b197ba94dd8d50,Armin Ronacher,Armin Ronacher,2014-05-26 10:12:11+00:00,2014-05-26T12:12:11+02:00,Added an example for the terminal ui functions,False,1,setup.py,examples/termui/setup.py,16,0,16,0,0
427492b2b2cb6110891ae402c14df9fd0a96fd60,Armin Ronacher,Armin Ronacher,2014-05-26 10:23:52+00:00,2014-05-26T12:23:52+02:00,Ensure we do not strip color codes for bytes.,False,1,utils.py,click/utils.py,26,16,42,0,0
427492b2b2cb6110891ae402c14df9fd0a96fd60,Armin Ronacher,Armin Ronacher,2014-05-26 10:23:52+00:00,2014-05-26T12:23:52+02:00,Ensure we do not strip color codes for bytes.,False,1,_compat.py,click/_compat.py,8,2,10,0,0
427492b2b2cb6110891ae402c14df9fd0a96fd60,Armin Ronacher,Armin Ronacher,2014-05-26 10:23:52+00:00,2014-05-26T12:23:52+02:00,Ensure we do not strip color codes for bytes.,False,1,test_utils.py,tests/test_utils.py,5,0,5,0,1
b24e00471f82e2accb332e98997e2095d21475e9,Armin Ronacher,Armin Ronacher,2014-05-26 10:26:25+00:00,2014-05-26T12:26:25+02:00,Fixed a test on python 3,False,1,test_utils.py,tests/test_utils.py,1,1,2,1,0
dd39a03c407dcbb4d5035e80a2a5b73347960718,Armin Ronacher,Armin Ronacher,2014-05-26 10:35:43+00:00,2014-05-26T12:35:43+02:00,Added support for current item display to progressbar.,False,1,termui.py,examples/termui/termui.py,6,1,7,0,0
dd39a03c407dcbb4d5035e80a2a5b73347960718,Armin Ronacher,Armin Ronacher,2014-05-26 10:35:43+00:00,2014-05-26T12:35:43+02:00,Added support for current item display to progressbar.,False,1,termui.py,click/termui.py,12,7,19,0,0
dd39a03c407dcbb4d5035e80a2a5b73347960718,Armin Ronacher,Armin Ronacher,2014-05-26 10:35:43+00:00,2014-05-26T12:35:43+02:00,Added support for current item display to progressbar.,False,1,_termui_impl.py,click/_termui_impl.py,12,7,19,0,1
32ba5e770bd3daa98605ddc8485ab63bb00d4fed,Armin Ronacher,Armin Ronacher,2014-05-26 10:38:20+00:00,2014-05-26T12:38:20+02:00,Calculate line length correctly,False,1,_termui_impl.py,click/_termui_impl.py,2,2,4,1,0
4a30d5cf209778b06b3c92487f283e6bf9e387c9,Armin Ronacher,Armin Ronacher,2014-05-26 12:53:31+00:00,2014-05-26T14:53:31+02:00,Added a test for empty nargs,False,1,test_arguments.py,tests/test_arguments.py,11,0,11,0,0
09ba1e935c6d930bf948aef9efd931d8056e5f06,Armin Ronacher,Armin Ronacher,2014-05-26 14:22:08+00:00,2014-05-26T16:22:08+02:00,Added support for screen clearing.,False,1,CHANGES,CHANGES,1,0,1,0,0
09ba1e935c6d930bf948aef9efd931d8056e5f06,Armin Ronacher,Armin Ronacher,2014-05-26 14:22:08+00:00,2014-05-26T16:22:08+02:00,Added support for screen clearing.,False,1,termui.py,click/termui.py,17,1,18,0,0
09ba1e935c6d930bf948aef9efd931d8056e5f06,Armin Ronacher,Armin Ronacher,2014-05-26 14:22:08+00:00,2014-05-26T16:22:08+02:00,Added support for screen clearing.,False,1,__init__.py,click/__init__.py,2,2,4,0,0
657cdd9f07f0a0954da22120334a1a6b92a3c1bd,Armin Ronacher,Armin Ronacher,2014-05-26 14:24:34+00:00,2014-05-26T16:24:34+02:00,Updated termui script to also have a clear command.,False,1,termui.py,examples/termui/termui.py,6,0,6,0,0
e4325811ff795e326ce8ad87a093beecf0ef36a0,Armin Ronacher,Armin Ronacher,2014-05-26 14:27:00+00:00,2014-05-26T16:27:00+02:00,Make clear() a noop if not connected to a terminal.,False,1,termui.py,click/termui.py,4,2,6,0,0
0167819a733b83f77119f0327f2762bcfb744fe8,Kevin Yap,Kevin Yap,2014-05-27 02:39:21+00:00,2014-05-26T19:39:21-07:00,Added 2x images to docs for retina display support,False,1,click.css_t,docs/_themes/click/static/click.css_t,2,1,3,0,0
35c2738cef98111ad1aaf827fa1fca2bf9983a69,Kevin Yap,Kevin Yap,2014-05-27 05:30:03+00:00,2014-05-26T22:30:03-07:00,Added media query detection for retina displays,False,1,click.css_t,docs/_themes/click/static/click.css_t,9,3,12,0,0
bda39db618e9bb899525105d06b21a1ff0f6ef0d,Armin Ronacher,Armin Ronacher,2014-05-27 13:29:36+00:00,2014-05-27T17:29:36+04:00,Changed parameter callback signature.,False,1,test_compat.py,tests/test_compat.py,16,0,16,0,0
bda39db618e9bb899525105d06b21a1ff0f6ef0d,Armin Ronacher,Armin Ronacher,2014-05-27 13:29:36+00:00,2014-05-27T17:29:36+04:00,Changed parameter callback signature.,False,1,validation.py,examples/validation/validation.py,1,1,2,0,1
bda39db618e9bb899525105d06b21a1ff0f6ef0d,Armin Ronacher,Armin Ronacher,2014-05-27 13:29:36+00:00,2014-05-27T17:29:36+04:00,Changed parameter callback signature.,False,1,aliases.py,examples/aliases/aliases.py,1,1,2,0,0
bda39db618e9bb899525105d06b21a1ff0f6ef0d,Armin Ronacher,Armin Ronacher,2014-05-27 13:29:36+00:00,2014-05-27T17:29:36+04:00,Changed parameter callback signature.,False,1,decorators.py,click/decorators.py,4,4,8,0,0
bda39db618e9bb899525105d06b21a1ff0f6ef0d,Armin Ronacher,Armin Ronacher,2014-05-27 13:29:36+00:00,2014-05-27T17:29:36+04:00,Changed parameter callback signature.,False,1,core.py,click/core.py,24,3,27,0,0
bda39db618e9bb899525105d06b21a1ff0f6ef0d,Armin Ronacher,Armin Ronacher,2014-05-27 13:29:36+00:00,2014-05-27T17:29:36+04:00,Changed parameter callback signature.,False,1,CHANGES,CHANGES,3,0,3,0,0
0df815a55cd98c4eab1fea2701ba8044041946d7,Armin Ronacher,Armin Ronacher,2014-05-27 14:02:44+00:00,2014-05-27T20:02:44+06:00,Added __version__ attribute,False,1,__init__.py,click/__init__.py,3,0,3,0,0
0df815a55cd98c4eab1fea2701ba8044041946d7,Armin Ronacher,Armin Ronacher,2014-05-27 14:02:44+00:00,2014-05-27T20:02:44+06:00,Added __version__ attribute,False,1,setup.py,setup.py,11,1,12,0,0
d27f3a62c5c65779b58bc618e72b50c59374942f,Armin Ronacher,Armin Ronacher,2014-05-27 14:07:13+00:00,2014-05-27T20:07:13+06:00,Added notes on callback changes to the docs,False,1,core.py,click/core.py,2,1,3,0,0
f516eeecf79be6ed51a064e99f01a34a4aec7a75,Armin Ronacher,Armin Ronacher,2014-05-27 14:59:50+00:00,2014-05-27T20:59:50+06:00,Added style helpers and added deeper ansi color support. Colorama now optional.,False,1,setup.py,examples/termui/setup.py,1,0,1,0,0
f516eeecf79be6ed51a064e99f01a34a4aec7a75,Armin Ronacher,Armin Ronacher,2014-05-27 14:59:50+00:00,2014-05-27T20:59:50+06:00,Added style helpers and added deeper ansi color support. Colorama now optional.,False,1,setup.py,examples/colors/setup.py,1,0,1,0,0
f516eeecf79be6ed51a064e99f01a34a4aec7a75,Armin Ronacher,Armin Ronacher,2014-05-27 14:59:50+00:00,2014-05-27T20:59:50+06:00,Added style helpers and added deeper ansi color support. Colorama now optional.,False,1,colors.py,examples/colors/colors.py,18,6,24,0,0
f516eeecf79be6ed51a064e99f01a34a4aec7a75,Armin Ronacher,Armin Ronacher,2014-05-27 14:59:50+00:00,2014-05-27T20:59:50+06:00,Added style helpers and added deeper ansi color support. Colorama now optional.,False,1,README,examples/colors/README,3,1,4,0,0
f516eeecf79be6ed51a064e99f01a34a4aec7a75,Armin Ronacher,Armin Ronacher,2014-05-27 14:59:50+00:00,2014-05-27T20:59:50+06:00,Added style helpers and added deeper ansi color support. Colorama now optional.,False,1,utils.py,click/utils.py,7,9,16,0,0
f516eeecf79be6ed51a064e99f01a34a4aec7a75,Armin Ronacher,Armin Ronacher,2014-05-27 14:59:50+00:00,2014-05-27T20:59:50+06:00,Added style helpers and added deeper ansi color support. Colorama now optional.,False,1,termui.py,click/termui.py,81,1,82,0,0
f516eeecf79be6ed51a064e99f01a34a4aec7a75,Armin Ronacher,Armin Ronacher,2014-05-27 14:59:50+00:00,2014-05-27T20:59:50+06:00,Added style helpers and added deeper ansi color support. Colorama now optional.,False,1,formatting.py,click/formatting.py,13,8,21,0,0
f516eeecf79be6ed51a064e99f01a34a4aec7a75,Armin Ronacher,Armin Ronacher,2014-05-27 14:59:50+00:00,2014-05-27T20:59:50+06:00,Added style helpers and added deeper ansi color support. Colorama now optional.,False,1,_compat.py,click/_compat.py,25,20,45,0,0
f516eeecf79be6ed51a064e99f01a34a4aec7a75,Armin Ronacher,Armin Ronacher,2014-05-27 14:59:50+00:00,2014-05-27T20:59:50+06:00,Added style helpers and added deeper ansi color support. Colorama now optional.,False,1,__init__.py,click/__init__.py,2,2,4,0,0
f516eeecf79be6ed51a064e99f01a34a4aec7a75,Armin Ronacher,Armin Ronacher,2014-05-27 14:59:50+00:00,2014-05-27T20:59:50+06:00,Added style helpers and added deeper ansi color support. Colorama now optional.,False,1,termui.py,examples/termui/termui.py,7,10,17,0,0
22241e44aa69bc515355edd3c14c62122b2e4502,Armin Ronacher,Armin Ronacher,2014-05-27 15:00:43+00:00,2014-05-27T21:00:43+06:00,Added style and unstyle to docs.,False,1,termui.py,click/termui.py,4,0,4,0,0
3eb2c48e1179f6b131f9ac1b2311cd16170821d0,Armin Ronacher,Armin Ronacher,2014-05-27 16:43:32+00:00,2014-05-27T22:43:32+06:00,Added tests for styling,False,1,test_utils.py,tests/test_utils.py,28,0,28,0,0
3eb2c48e1179f6b131f9ac1b2311cd16170821d0,Armin Ronacher,Armin Ronacher,2014-05-27 16:43:32+00:00,2014-05-27T22:43:32+06:00,Added tests for styling,False,1,termui.py,click/termui.py,1,1,2,0,0
e6599a3cf6db6d582a94e16383dd9570457ab99c,Armin Ronacher,Armin Ronacher,2014-05-27 16:47:40+00:00,2014-05-27T22:47:40+06:00,Added note on dim.,False,1,termui.py,click/termui.py,2,1,3,0,0
97f942cb099a5b090ebbfa958a2cd6d93d201644,Armin Ronacher,Armin Ronacher,2014-05-27 16:52:48+00:00,2014-05-27T22:52:48+06:00,Added secho,False,1,__init__.py,click/__init__.py,2,2,4,0,0
97f942cb099a5b090ebbfa958a2cd6d93d201644,Armin Ronacher,Armin Ronacher,2014-05-27 16:52:48+00:00,2014-05-27T22:52:48+06:00,Added secho,False,1,termui.py,click/termui.py,16,0,16,0,0
895b1aa1444a7ae48c04ac09a6b7b1cf10a75439,Armin Ronacher,Armin Ronacher,2014-05-27 16:53:19+00:00,2014-05-27T22:53:19+06:00,Added missing changelog entry.,False,1,CHANGES,CHANGES,2,0,2,0,0
721e52714c8817189240d5a22c588e8cf1f1baa6,Armin Ronacher,Armin Ronacher,2014-05-28 10:04:11+00:00,2014-05-28T16:04:11+06:00,Added an edit function.,False,1,termui.py,click/termui.py,45,0,45,0,0
721e52714c8817189240d5a22c588e8cf1f1baa6,Armin Ronacher,Armin Ronacher,2014-05-28 10:04:11+00:00,2014-05-28T16:04:11+06:00,Added an edit function.,False,1,_termui_impl.py,click/_termui_impl.py,76,0,76,0,0
721e52714c8817189240d5a22c588e8cf1f1baa6,Armin Ronacher,Armin Ronacher,2014-05-28 10:04:11+00:00,2014-05-28T16:04:11+06:00,Added an edit function.,False,1,__init__.py,click/__init__.py,2,2,4,0,0
721e52714c8817189240d5a22c588e8cf1f1baa6,Armin Ronacher,Armin Ronacher,2014-05-28 10:04:11+00:00,2014-05-28T16:04:11+06:00,Added an edit function.,False,1,CHANGES,CHANGES,1,0,1,0,0
ba36392082ea0e20521b63c7cc6e0b0f8aea1c29,Armin Ronacher,Armin Ronacher,2014-05-28 10:38:55+00:00,2014-05-28T16:38:55+06:00,Added click.launch,False,1,termui.py,click/termui.py,26,8,34,0,0
ba36392082ea0e20521b63c7cc6e0b0f8aea1c29,Armin Ronacher,Armin Ronacher,2014-05-28 10:38:55+00:00,2014-05-28T16:38:55+06:00,Added click.launch,False,1,_termui_impl.py,click/_termui_impl.py,43,0,43,0,0
ba36392082ea0e20521b63c7cc6e0b0f8aea1c29,Armin Ronacher,Armin Ronacher,2014-05-28 10:38:55+00:00,2014-05-28T16:38:55+06:00,Added click.launch,False,1,__init__.py,click/__init__.py,2,2,4,0,0
1ee30bbc8a3888c390a5ae308e366c6cf6a01178,Armin Ronacher,Armin Ronacher,2014-05-28 10:39:22+00:00,2014-05-28T16:39:22+06:00,Added changelog entry for click.launch,False,1,CHANGES,CHANGES,1,0,1,0,0
c6872ec14c52f754dcfcca1475e2046fd0f92184,Armin Ronacher,Armin Ronacher,2014-05-28 10:52:43+00:00,2014-05-28T16:52:43+06:00,Added more examples to termui,False,1,termui.py,examples/termui/termui.py,29,0,29,0,1
c6872ec14c52f754dcfcca1475e2046fd0f92184,Armin Ronacher,Armin Ronacher,2014-05-28 10:52:43+00:00,2014-05-28T16:52:43+06:00,Added more examples to termui,False,1,_termui_impl.py,click/_termui_impl.py,5,0,5,0,1
e0486c66a3ad06093f4f5b967e01f4ea4f026079,Armin Ronacher,Armin Ronacher,2014-05-28 10:55:31+00:00,2014-05-28T16:55:31+06:00,Fixed a bug with click.edit and None as text.,False,1,_termui_impl.py,click/_termui_impl.py,2,1,3,1,0
ce1a41861ddad45659bb1e8bfe2d493d90a1b483,Armin Ronacher,Armin Ronacher,2014-05-28 11:35:41+00:00,2014-05-28T17:35:41+06:00,Customize required in arguments for nargs of -1,False,1,repo.py,examples/repo/repo.py,17,2,19,0,0
ce1a41861ddad45659bb1e8bfe2d493d90a1b483,Armin Ronacher,Armin Ronacher,2014-05-28 11:35:41+00:00,2014-05-28T17:35:41+06:00,Customize required in arguments for nargs of -1,False,1,test_arguments.py,tests/test_arguments.py,10,1,11,0,1
ce1a41861ddad45659bb1e8bfe2d493d90a1b483,Armin Ronacher,Armin Ronacher,2014-05-28 11:35:41+00:00,2014-05-28T17:35:41+06:00,Customize required in arguments for nargs of -1,False,1,core.py,click/core.py,3,1,4,0,1
4aef7599bd87fdbb4b83d492cf0a8a874dca28f7,Armin Ronacher,Armin Ronacher,2014-05-28 11:41:13+00:00,2014-05-28T17:41:13+06:00,Added missing changelog entry.,False,1,CHANGES,CHANGES,2,0,2,0,1
71da0b4f5606732e39283646fdccfca3650a5de4,Armin Ronacher,Armin Ronacher,2014-05-28 11:41:30+00:00,2014-05-28T17:41:30+06:00,setting a default for arguments now implicitly makes it non required,False,1,core.py,click/core.py,4,1,5,1,1
71da0b4f5606732e39283646fdccfca3650a5de4,Armin Ronacher,Armin Ronacher,2014-05-28 11:41:30+00:00,2014-05-28T17:41:30+06:00,setting a default for arguments now implicitly makes it non required,False,1,CHANGES,CHANGES,1,0,1,1,0
71da0b4f5606732e39283646fdccfca3650a5de4,Armin Ronacher,Armin Ronacher,2014-05-28 11:41:30+00:00,2014-05-28T17:41:30+06:00,setting a default for arguments now implicitly makes it non required,False,1,test_arguments.py,tests/test_arguments.py,11,0,11,1,1
c7299c431933db47c9fab6771e34a9dd46a09415,Armin Ronacher,Armin Ronacher,2014-05-28 11:52:53+00:00,2014-05-28T17:52:53+06:00,yN->y/N,False,1,test_utils.py,tests/test_utils.py,40,0,40,0,0
c7299c431933db47c9fab6771e34a9dd46a09415,Armin Ronacher,Armin Ronacher,2014-05-28 11:52:53+00:00,2014-05-28T17:52:53+06:00,yN->y/N,False,1,termui.py,click/termui.py,1,1,2,0,1
c7299c431933db47c9fab6771e34a9dd46a09415,Armin Ronacher,Armin Ronacher,2014-05-28 11:52:53+00:00,2014-05-28T17:52:53+06:00,yN->y/N,False,1,CHANGES,CHANGES,1,0,1,0,0
bf94cbb1f4040908858ff54337d9721f720c2cfa,Julen Ruiz Aizpuru,Julen Ruiz Aizpuru,2014-05-28 13:31:16+00:00,2014-05-28T15:31:30+02:00,Docs: fixes,False,1,core.py,click/core.py,4,4,8,1,1
9ca28175ce4829ace538048b78888f59ad303434,Julen Ruiz Aizpuru,Julen Ruiz Aizpuru,2014-05-28 13:35:29+00:00,2014-05-28T15:35:29+02:00,Docs: fixed mention to default extension,False,1,termui.py,click/termui.py,1,1,2,1,0
a6af25df9c2e82e94c3aa15d579f9347881e5efb,Armin Ronacher,Armin Ronacher,2014-05-28 20:50:41+00:00,2014-05-29T02:50:41+06:00,Fixed a bug in argument handling,False,1,test_arguments.py,tests/test_arguments.py,11,0,11,1,1
a6af25df9c2e82e94c3aa15d579f9347881e5efb,Armin Ronacher,Armin Ronacher,2014-05-28 20:50:41+00:00,2014-05-29T02:50:41+06:00,Fixed a bug in argument handling,False,1,core.py,click/core.py,1,1,2,1,0
c13d72354fe77551ddbb1e0ddc762aa9b2c35a21,Armin Ronacher,Armin Ronacher,2014-05-28 20:51:11+00:00,2014-05-29T02:51:11+06:00,Added docs for path type,False,1,repo.py,examples/repo/repo.py,1,1,2,0,0
6386d1379c272f1d2b71d9e2a89721aa9572440d,Armin Ronacher,Armin Ronacher,2014-05-28 21:54:38+00:00,2014-05-29T03:54:38+06:00,Echo prompts with color on windows,False,1,termui.py,click/termui.py,8,2,10,0,0
7b8486606f99367e3ff64a43e0e1a228edb74318,Armin Ronacher,Armin Ronacher,2014-05-29 11:28:29+00:00,2014-05-29T17:28:29+06:00,Fixed the naval example,False,1,naval.py,examples/naval/naval.py,1,1,2,1,0
4fa40cf5051f249829600f1b731822729cd50e56,Armin Ronacher,Armin Ronacher,2014-05-29 11:43:21+00:00,2014-05-29T17:43:21+06:00,Added basic bash complete support.,False,1,parser.py,click/parser.py,25,2,27,0,0
4fa40cf5051f249829600f1b731822729cd50e56,Armin Ronacher,Armin Ronacher,2014-05-29 11:43:21+00:00,2014-05-29T17:43:21+06:00,Added basic bash complete support.,False,1,core.py,click/core.py,45,7,52,0,1
4fa40cf5051f249829600f1b731822729cd50e56,Armin Ronacher,Armin Ronacher,2014-05-29 11:43:21+00:00,2014-05-29T17:43:21+06:00,Added basic bash complete support.,False,1,bashcomplete.py,click/bashcomplete.py,74,0,74,0,0
4fa40cf5051f249829600f1b731822729cd50e56,Armin Ronacher,Armin Ronacher,2014-05-29 11:43:21+00:00,2014-05-29T17:43:21+06:00,Added basic bash complete support.,False,1,CHANGES,CHANGES,1,0,1,0,0
56e68e278b982f71bab5f6c756f0ffe10bf804b3,Armin Ronacher,Armin Ronacher,2014-05-29 11:51:26+00:00,2014-05-29T17:51:26+06:00,Invoke callbacks in resilent parsing for better bash complete but catch errors.,False,1,core.py,click/core.py,7,4,11,1,0
236e09cd7e2999d23dad63a1ad1d53ce3a648072,Armin Ronacher,Armin Ronacher,2014-05-29 11:51:33+00:00,2014-05-29T17:51:33+06:00,Do not warn about callback changes until 3.0,False,1,test_compat.py,tests/test_compat.py,12,11,23,0,1
236e09cd7e2999d23dad63a1ad1d53ce3a648072,Armin Ronacher,Armin Ronacher,2014-05-29 11:51:33+00:00,2014-05-29T17:51:33+06:00,Do not warn about callback changes until 3.0,False,1,core.py,click/core.py,6,5,11,0,0
2fae192c2447bf8cfffc63a46130330791801ec7,Armin Ronacher,Armin Ronacher,2014-05-29 12:01:23+00:00,2014-05-29T18:01:23+06:00,print -> echo,False,1,bashcomplete.py,click/bashcomplete.py,1,1,2,0,0
aa752fda86c1682b99ae59a5afaabca21f9fff47,Armin Ronacher,Armin Ronacher,2014-05-29 12:19:52+00:00,2014-05-29T18:19:52+06:00,Do not fail on missing flush,False,1,_compat.py,click/_compat.py,4,1,5,0,1
ce616c977f7f22040d8a0549b2417456e88570a1,Armin Ronacher,Armin Ronacher,2014-05-29 12:22:54+00:00,2014-05-29T18:22:54+06:00,Use readline() on 2.x for fixup stream.,False,1,_compat.py,click/_compat.py,5,0,5,1,0
080179683dca88decf803e6d606ca61490ebe7f6,Armin Ronacher,Armin Ronacher,2014-05-29 14:17:55+00:00,2014-05-29T20:17:55+06:00,Moved bashcomplete into an internal module by name.,False,1,bashcomplete.py,click/bashcomplete.py,0,74,74,0,0
080179683dca88decf803e6d606ca61490ebe7f6,Armin Ronacher,Armin Ronacher,2014-05-29 14:17:55+00:00,2014-05-29T20:17:55+06:00,Moved bashcomplete into an internal module by name.,False,1,core.py,click/core.py,1,1,2,0,1
080179683dca88decf803e6d606ca61490ebe7f6,Armin Ronacher,Armin Ronacher,2014-05-29 14:17:55+00:00,2014-05-29T20:17:55+06:00,Moved bashcomplete into an internal module by name.,False,1,_bashcomplete.py,click/_bashcomplete.py,74,0,74,0,0
cf2a337ef242da8b788de10bbb91abe3c1d2a780,Armin Ronacher,Armin Ronacher,2014-05-29 14:23:24+00:00,2014-05-29T20:23:24+06:00,Silence open's messages on OS X.,False,1,_termui_impl.py,click/_termui_impl.py,5,1,6,0,0
1c8197d3be9c65438a0574e99749c97e8c53b091,Armin Ronacher,Armin Ronacher,2014-05-29 14:47:59+00:00,2014-05-29T20:47:59+06:00,Removed some leftover code that became unnecessary,False,1,termui.py,click/termui.py,2,7,9,0,0
88c97ef2f9c9831f7677886e203fca33b79010d7,Armin Ronacher,Armin Ronacher,2014-05-29 18:43:28+00:00,2014-05-30T00:43:28+06:00,Added getchar(),False,1,test_testing.py,tests/test_testing.py,11,0,11,0,0
88c97ef2f9c9831f7677886e203fca33b79010d7,Armin Ronacher,Armin Ronacher,2014-05-29 18:43:28+00:00,2014-05-30T00:43:28+06:00,Added getchar(),False,1,testing.py,click/testing.py,10,0,10,0,0
88c97ef2f9c9831f7677886e203fca33b79010d7,Armin Ronacher,Armin Ronacher,2014-05-29 18:43:28+00:00,2014-05-30T00:43:28+06:00,Added getchar(),False,1,termui.py,click/termui.py,27,0,27,0,1
88c97ef2f9c9831f7677886e203fca33b79010d7,Armin Ronacher,Armin Ronacher,2014-05-29 18:43:28+00:00,2014-05-30T00:43:28+06:00,Added getchar(),False,1,_termui_impl.py,click/_termui_impl.py,52,1,53,0,1
88c97ef2f9c9831f7677886e203fca33b79010d7,Armin Ronacher,Armin Ronacher,2014-05-29 18:43:28+00:00,2014-05-30T00:43:28+06:00,Added getchar(),False,1,__init__.py,click/__init__.py,2,1,3,0,0
88c97ef2f9c9831f7677886e203fca33b79010d7,Armin Ronacher,Armin Ronacher,2014-05-29 18:43:28+00:00,2014-05-30T00:43:28+06:00,Added getchar(),False,1,CHANGES,CHANGES,1,0,1,0,1
ae0572b668b47ecf41e613b9e3e0c14fd9c06f4b,Armin Ronacher,Armin Ronacher,2014-05-29 18:48:06+00:00,2014-05-30T00:48:06+06:00,Errors now go to stderr.  This fixes #103,False,1,exceptions.py,click/exceptions.py,6,1,7,1,0
ae0572b668b47ecf41e613b9e3e0c14fd9c06f4b,Armin Ronacher,Armin Ronacher,2014-05-29 18:48:06+00:00,2014-05-30T00:48:06+06:00,Errors now go to stderr.  This fixes #103,False,1,CHANGES,CHANGES,1,0,1,1,0
cb88b405aed370b8f8924be3709c5138c57f9b30,Julen Ruiz Aizpuru,Julen Ruiz Aizpuru,2014-05-29 19:25:56+00:00,2014-05-29T21:25:56+02:00,Docs: several fixes,False,1,core.py,click/core.py,2,2,4,1,0
cb88b405aed370b8f8924be3709c5138c57f9b30,Julen Ruiz Aizpuru,Julen Ruiz Aizpuru,2014-05-29 19:25:56+00:00,2014-05-29T21:25:56+02:00,Docs: several fixes,False,1,termui.py,click/termui.py,2,2,4,1,0
3d34ddf667e66f26b7322dedd25c272870c66185,enkore,enkore,2014-05-30 02:02:24+00:00,2014-05-30T04:05:12+02:00,Fix editor failing with Python 3,False,1,_termui_impl.py,click/_termui_impl.py,1,1,2,1,1
502c86b3189e55c5fd507724a1bc82b72096fc7a,Armin Ronacher,Armin Ronacher,2014-05-30 06:03:12+00:00,2014-05-30T12:03:12+06:00,open -> launch,False,1,termui.py,click/termui.py,2,2,4,0,1
ddb112dd213e4dfc88443e84ef5938e7bafd01a0,Armin Ronacher,Armin Ronacher,2014-05-30 06:07:21+00:00,2014-05-30T12:07:21+06:00,Import tempfile late,False,1,_compat.py,click/_compat.py,1,1,2,0,0
3982fbe5e4210fa40aea8ff77c54223cc9df41d9,Armin Ronacher,Armin Ronacher,2014-05-30 07:25:31+00:00,2014-05-30T13:25:31+06:00,Fixed some 3.x problems.,False,1,termui.py,examples/termui/termui.py,1,1,2,1,1
3982fbe5e4210fa40aea8ff77c54223cc9df41d9,Armin Ronacher,Armin Ronacher,2014-05-30 07:25:31+00:00,2014-05-30T13:25:31+06:00,Fixed some 3.x problems.,False,1,termui.py,click/termui.py,2,2,4,1,0
9877d9a2a7f53d83d107393a5ce9a930791b8933,Armin Ronacher,Armin Ronacher,2014-05-30 13:06:37+00:00,2014-05-30T19:06:37+06:00,Fixed a bug in tempfile pager.  This fixes #107,False,1,_termui_impl.py,click/_termui_impl.py,1,1,2,1,0
7d0ded687b54e4bad76ddf04315255bdd2c153c9,Armin Ronacher,Armin Ronacher,2014-05-30 13:36:30+00:00,2014-05-30T19:36:30+06:00,Do not show help or version if resilent parsing is enabled.,False,1,decorators.py,click/decorators.py,2,2,4,0,1
336e5e08acf98a4033e5aa4c6fcef118d4f469ec,Armin Ronacher,Armin Ronacher,2014-05-30 13:45:40+00:00,2014-05-30T19:45:40+06:00,Fixed a bug with the version flag introduced last commit.,False,1,decorators.py,click/decorators.py,1,1,2,1,1
cf8f1b7504c346e40201226ca4edd818d90a8dfa,Armin Ronacher,Armin Ronacher,2014-05-30 15:06:47+00:00,2014-05-30T21:06:47+06:00,progressbar: add automatic full-width mode,False,1,termui.py,click/termui.py,2,1,3,0,0
cf8f1b7504c346e40201226ca4edd818d90a8dfa,Armin Ronacher,Armin Ronacher,2014-05-30 15:06:47+00:00,2014-05-30T21:06:47+06:00,progressbar: add automatic full-width mode,False,1,_termui_impl.py,click/_termui_impl.py,16,0,16,0,1
1b9e2c0284a61fdcd452b34122f37774045a0106,Armin Ronacher,Armin Ronacher,2014-05-30 15:13:37+00:00,2014-05-30T21:13:39+06:00,Fixed a bug with autowidth on progress bars.,False,1,termui.py,examples/termui/termui.py,6,0,6,1,0
1b9e2c0284a61fdcd452b34122f37774045a0106,Armin Ronacher,Armin Ronacher,2014-05-30 15:13:37+00:00,2014-05-30T21:13:39+06:00,Fixed a bug with autowidth on progress bars.,False,1,_termui_impl.py,click/_termui_impl.py,1,1,2,1,0
b911a9148cb0a586891ee73a59c674335a5d3078,Krock Kode,Krock Kode,2014-05-31 08:27:41+00:00,2014-05-31T18:27:41+10:00,fix Argument class name typo,False,1,decorators.py,click/decorators.py,1,1,2,1,0
133c4173934e99903a4c075e048e742bd21e343e,Armin Ronacher,Armin Ronacher,2014-05-31 13:19:45+00:00,2014-05-31T19:19:45+06:00,Improved handling of dos/windows arguments greatly.,False,1,parser.py,click/parser.py,10,16,26,0,0
133c4173934e99903a4c075e048e742bd21e343e,Armin Ronacher,Armin Ronacher,2014-05-31 13:19:45+00:00,2014-05-31T19:19:45+06:00,Improved handling of dos/windows arguments greatly.,False,1,core.py,click/core.py,17,7,24,0,0
133c4173934e99903a4c075e048e742bd21e343e,Armin Ronacher,Armin Ronacher,2014-05-31 13:19:45+00:00,2014-05-31T19:19:45+06:00,Improved handling of dos/windows arguments greatly.,False,1,CHANGES,CHANGES,2,0,2,0,0
133c4173934e99903a4c075e048e742bd21e343e,Armin Ronacher,Armin Ronacher,2014-05-31 13:19:45+00:00,2014-05-31T19:19:45+06:00,Improved handling of dos/windows arguments greatly.,False,1,test_options.py,tests/test_options.py,29,0,29,0,1
c9eb780225e71eb3c1444871b4b5179ff160d91e,Armin Ronacher,Armin Ronacher,2014-05-31 14:30:02+00:00,2014-05-31T20:30:02+06:00,Added click.pause,False,1,termui.py,click/termui.py,24,0,24,0,0
c9eb780225e71eb3c1444871b4b5179ff160d91e,Armin Ronacher,Armin Ronacher,2014-05-31 14:30:02+00:00,2014-05-31T20:30:02+06:00,Added click.pause,False,1,__init__.py,click/__init__.py,3,2,5,0,0
c9eb780225e71eb3c1444871b4b5179ff160d91e,Armin Ronacher,Armin Ronacher,2014-05-31 14:30:02+00:00,2014-05-31T20:30:02+06:00,Added click.pause,False,1,CHANGES,CHANGES,3,0,3,0,1
da0a1647325677448efffd0a7649ec81edd6eb60,Armin Ronacher,Armin Ronacher,2014-05-31 14:49:41+00:00,2014-05-31T20:49:41+06:00,Moved textwrap functions into a delayed import to speed up execution time if help is not needed.,False,1,_termui_impl.py,click/_termui_impl.py,3,3,6,0,0
da0a1647325677448efffd0a7649ec81edd6eb60,Armin Ronacher,Armin Ronacher,2014-05-31 14:49:41+00:00,2014-05-31T20:49:41+06:00,Moved textwrap functions into a delayed import to speed up execution time if help is not needed.,False,1,_compat.py,click/_compat.py,4,0,4,0,0
da0a1647325677448efffd0a7649ec81edd6eb60,Armin Ronacher,Armin Ronacher,2014-05-31 14:49:41+00:00,2014-05-31T20:49:41+06:00,Moved textwrap functions into a delayed import to speed up execution time if help is not needed.,False,1,formatting.py,click/formatting.py,2,49,51,0,0
da0a1647325677448efffd0a7649ec81edd6eb60,Armin Ronacher,Armin Ronacher,2014-05-31 14:49:41+00:00,2014-05-31T20:49:41+06:00,Moved textwrap functions into a delayed import to speed up execution time if help is not needed.,False,1,_textwrap.py,click/_textwrap.py,45,0,45,0,0
13ab804f5f520819d062ed1377811bc06d73f487,Armin Ronacher,Armin Ronacher,2014-05-31 15:12:43+00:00,2014-05-31T21:12:43+06:00,Add test to ensure click does not import too much,False,1,test_imports.py,tests/test_imports.py,49,0,49,0,0
57c6f135206e69fed0cd58aabdbcb930772ff13c,Armin Ronacher,Armin Ronacher,2014-05-31 20:28:50+00:00,2014-06-01T02:28:50+06:00,Added some examples to termui for getchar and pause,False,1,termui.py,examples/termui/termui.py,34,0,34,0,0
ef65f30f9756a23ffefa5ec55b96c2909d28604f,Julen Ruiz Aizpuru,Julen Ruiz Aizpuru,2014-05-31 20:56:02+00:00,2014-05-31T22:58:29+02:00,Docs: minor fixes,False,1,CHANGES,CHANGES,2,2,4,1,0
e4dca8aaa86b58b12a482f7607283f60a7786952,Kevin Yap,Armin Ronacher,2014-06-01 03:59:48+00:00,2014-06-01T12:14:03+06:00,Standardized capitalization of Windows and POSIX,False,1,setup.py,examples/termui/setup.py,1,1,2,0,0
e4dca8aaa86b58b12a482f7607283f60a7786952,Kevin Yap,Armin Ronacher,2014-06-01 03:59:48+00:00,2014-06-01T12:14:03+06:00,Standardized capitalization of Windows and POSIX,False,1,setup.py,examples/colors/setup.py,1,1,2,0,0
e4dca8aaa86b58b12a482f7607283f60a7786952,Kevin Yap,Armin Ronacher,2014-06-01 03:59:48+00:00,2014-06-01T12:14:03+06:00,Standardized capitalization of Windows and POSIX,False,1,utils.py,click/utils.py,2,2,4,0,0
e4dca8aaa86b58b12a482f7607283f60a7786952,Kevin Yap,Armin Ronacher,2014-06-01 03:59:48+00:00,2014-06-01T12:14:03+06:00,Standardized capitalization of Windows and POSIX,False,1,types.py,click/types.py,1,1,2,0,0
e4dca8aaa86b58b12a482f7607283f60a7786952,Kevin Yap,Armin Ronacher,2014-06-01 03:59:48+00:00,2014-06-01T12:14:03+06:00,Standardized capitalization of Windows and POSIX,False,1,termui.py,click/termui.py,4,4,8,0,0
e4dca8aaa86b58b12a482f7607283f60a7786952,Kevin Yap,Armin Ronacher,2014-06-01 03:59:48+00:00,2014-06-01T12:14:03+06:00,Standardized capitalization of Windows and POSIX,False,1,CHANGES,CHANGES,1,1,2,0,0
9b2648ae260fad9b076558aed478fdc5ed5e047c,Kevin Yap,Kevin Yap,2014-06-01 06:32:47+00:00,2014-05-31T23:32:47-07:00,"Changed occurrences of ""on Python"" to ""in Python""",False,1,CHANGES,CHANGES,1,1,2,0,1
9b2648ae260fad9b076558aed478fdc5ed5e047c,Kevin Yap,Kevin Yap,2014-06-01 06:32:47+00:00,2014-05-31T23:32:47-07:00,"Changed occurrences of ""on Python"" to ""in Python""",False,1,core.py,click/core.py,1,1,2,0,0
9b2648ae260fad9b076558aed478fdc5ed5e047c,Kevin Yap,Kevin Yap,2014-06-01 06:32:47+00:00,2014-05-31T23:32:47-07:00,"Changed occurrences of ""on Python"" to ""in Python""",False,1,utils.py,click/utils.py,2,2,4,0,0
9b2648ae260fad9b076558aed478fdc5ed5e047c,Kevin Yap,Kevin Yap,2014-06-01 06:32:47+00:00,2014-05-31T23:32:47-07:00,"Changed occurrences of ""on Python"" to ""in Python""",False,1,test_utils.py,tests/test_utils.py,2,2,4,0,1
9b2648ae260fad9b076558aed478fdc5ed5e047c,Kevin Yap,Kevin Yap,2014-06-01 06:32:47+00:00,2014-05-31T23:32:47-07:00,"Changed occurrences of ""on Python"" to ""in Python""",False,1,testing.py,click/testing.py,1,1,2,0,0
b131df85c515a2289678a45140504a8ebc2b88b9,Kevin Yap,Kevin Yap,2014-06-01 06:34:50+00:00,2014-05-31T23:34:50-07:00,Standardized capitalization of Unix,False,1,inout.py,examples/inout/inout.py,1,1,2,0,0
b131df85c515a2289678a45140504a8ebc2b88b9,Kevin Yap,Kevin Yap,2014-06-01 06:34:50+00:00,2014-05-31T23:34:50-07:00,Standardized capitalization of Unix,False,1,types.py,click/types.py,1,1,2,0,0
0f894faab89db531bfa92d5bb792a45df13f69c1,Kevin Yap,Kevin Yap,2014-06-01 07:50:15+00:00,2014-06-01T00:50:15-07:00,Miscellaneous documentation & docstring changes,False,1,__init__.py,click/__init__.py,3,3,6,0,0
0f894faab89db531bfa92d5bb792a45df13f69c1,Kevin Yap,Kevin Yap,2014-06-01 07:50:15+00:00,2014-06-01T00:50:15-07:00,Miscellaneous documentation & docstring changes,False,1,_compat.py,click/_compat.py,33,36,69,0,0
0f894faab89db531bfa92d5bb792a45df13f69c1,Kevin Yap,Kevin Yap,2014-06-01 07:50:15+00:00,2014-06-01T00:50:15-07:00,Miscellaneous documentation & docstring changes,False,1,_termui_impl.py,click/_termui_impl.py,1,1,2,0,0
0f894faab89db531bfa92d5bb792a45df13f69c1,Kevin Yap,Kevin Yap,2014-06-01 07:50:15+00:00,2014-06-01T00:50:15-07:00,Miscellaneous documentation & docstring changes,False,1,decorators.py,click/decorators.py,7,7,14,0,0
0f894faab89db531bfa92d5bb792a45df13f69c1,Kevin Yap,Kevin Yap,2014-06-01 07:50:15+00:00,2014-06-01T00:50:15-07:00,Miscellaneous documentation & docstring changes,False,1,exceptions.py,click/exceptions.py,5,5,10,0,1
0f894faab89db531bfa92d5bb792a45df13f69c1,Kevin Yap,Kevin Yap,2014-06-01 07:50:15+00:00,2014-06-01T00:50:15-07:00,Miscellaneous documentation & docstring changes,False,1,core.py,click/core.py,20,20,40,0,1
0f894faab89db531bfa92d5bb792a45df13f69c1,Kevin Yap,Kevin Yap,2014-06-01 07:50:15+00:00,2014-06-01T00:50:15-07:00,Miscellaneous documentation & docstring changes,False,1,parser.py,click/parser.py,3,4,7,0,0
0f894faab89db531bfa92d5bb792a45df13f69c1,Kevin Yap,Kevin Yap,2014-06-01 07:50:15+00:00,2014-06-01T00:50:15-07:00,Miscellaneous documentation & docstring changes,False,1,termui.py,click/termui.py,18,18,36,0,0
0f894faab89db531bfa92d5bb792a45df13f69c1,Kevin Yap,Kevin Yap,2014-06-01 07:50:15+00:00,2014-06-01T00:50:15-07:00,Miscellaneous documentation & docstring changes,False,1,testing.py,click/testing.py,6,6,12,0,0
0f894faab89db531bfa92d5bb792a45df13f69c1,Kevin Yap,Kevin Yap,2014-06-01 07:50:15+00:00,2014-06-01T00:50:15-07:00,Miscellaneous documentation & docstring changes,False,1,types.py,click/types.py,8,8,16,0,1
0f894faab89db531bfa92d5bb792a45df13f69c1,Kevin Yap,Kevin Yap,2014-06-01 07:50:15+00:00,2014-06-01T00:50:15-07:00,Miscellaneous documentation & docstring changes,False,1,utils.py,click/utils.py,12,12,24,0,1
0f894faab89db531bfa92d5bb792a45df13f69c1,Kevin Yap,Kevin Yap,2014-06-01 07:50:15+00:00,2014-06-01T00:50:15-07:00,Miscellaneous documentation & docstring changes,False,1,formatting.py,click/formatting.py,6,6,12,0,0
24c01d5851b8a8992b6f01986c693725fced8b88,Kevin Yap,Kevin Yap,2014-06-01 19:54:21+00:00,2014-06-01T12:54:21-07:00,Minor README modifications,False,1,README,README,5,5,10,0,0
264fa24d40725f3278d9a783c84cf8bf2d333300,Armin Ronacher,Armin Ronacher,2014-06-04 19:20:45+00:00,2014-06-05T01:21:05+06:00,Implemented extra info for missing choice parameters.  This fixes #120,False,1,test_options.py,tests/test_options.py,13,0,13,1,0
264fa24d40725f3278d9a783c84cf8bf2d333300,Armin Ronacher,Armin Ronacher,2014-06-04 19:20:45+00:00,2014-06-05T01:21:05+06:00,Implemented extra info for missing choice parameters.  This fixes #120,False,1,types.py,click/types.py,10,0,10,1,0
264fa24d40725f3278d9a783c84cf8bf2d333300,Armin Ronacher,Armin Ronacher,2014-06-04 19:20:45+00:00,2014-06-05T01:21:05+06:00,Implemented extra info for missing choice parameters.  This fixes #120,False,1,core.py,click/core.py,5,1,6,1,0
264fa24d40725f3278d9a783c84cf8bf2d333300,Armin Ronacher,Armin Ronacher,2014-06-04 19:20:45+00:00,2014-06-05T01:21:05+06:00,Implemented extra info for missing choice parameters.  This fixes #120,False,1,CHANGES,CHANGES,1,0,1,1,0
59b5a5ecf03241b2cbf14873f191e4197686279f,Armin Ronacher,Armin Ronacher,2014-06-04 21:13:38+00:00,2014-06-05T03:13:38+06:00,Made EDITOR/VISUAL be a command line like in hg/git.,False,1,_termui_impl.py,click/_termui_impl.py,2,1,3,0,1
c2e187b7361a8d7bc2ddab27c159132b94722ef9,Armin Ronacher,Armin Ronacher,2014-06-05 10:08:11+00:00,2014-06-05T16:08:11+06:00,User interface improvements.,False,1,CHANGES,CHANGES,4,0,4,0,0
c2e187b7361a8d7bc2ddab27c159132b94722ef9,Armin Ronacher,Armin Ronacher,2014-06-05 10:08:11+00:00,2014-06-05T16:08:11+06:00,User interface improvements.,False,1,core.py,click/core.py,92,25,117,0,0
c2e187b7361a8d7bc2ddab27c159132b94722ef9,Armin Ronacher,Armin Ronacher,2014-06-05 10:08:11+00:00,2014-06-05T16:08:11+06:00,User interface improvements.,False,1,formatting.py,click/formatting.py,21,0,21,0,0
c2e187b7361a8d7bc2ddab27c159132b94722ef9,Armin Ronacher,Armin Ronacher,2014-06-05 10:08:11+00:00,2014-06-05T16:08:11+06:00,User interface improvements.,False,1,test_normalization.py,tests/test_normalization.py,39,0,39,0,1
c2e187b7361a8d7bc2ddab27c159132b94722ef9,Armin Ronacher,Armin Ronacher,2014-06-05 10:08:11+00:00,2014-06-05T16:08:11+06:00,User interface improvements.,False,1,types.py,click/types.py,10,0,10,0,1
c2e187b7361a8d7bc2ddab27c159132b94722ef9,Armin Ronacher,Armin Ronacher,2014-06-05 10:08:11+00:00,2014-06-05T16:08:11+06:00,User interface improvements.,False,1,parser.py,click/parser.py,12,2,14,0,1
c2e187b7361a8d7bc2ddab27c159132b94722ef9,Armin Ronacher,Armin Ronacher,2014-06-05 10:08:11+00:00,2014-06-05T16:08:11+06:00,User interface improvements.,False,1,test_options.py,tests/test_options.py,6,6,12,0,0
6e98e9bfc31a2e360addd3e443eb93afb384e099,Armin Ronacher,Armin Ronacher,2014-06-05 10:39:50+00:00,2014-06-05T16:39:50+06:00,Added an example for help parameter customization.,False,1,core.py,click/core.py,1,1,2,0,1
7d776de4eb89a58058567d9992371f58c71c3ad4,Armin Ronacher,Armin Ronacher,2014-06-05 10:45:41+00:00,2014-06-05T16:45:41+06:00,Cleaned up context defaults and documented them.,False,1,core.py,click/core.py,4,7,11,1,1
c71b7edfeaef8fe2d27f3506e6b62e5f3daefe6d,Armin Ronacher,Armin Ronacher,2014-06-05 11:14:21+00:00,2014-06-05T17:14:21+06:00,Updated complex example to use context defaults,False,1,cli.py,examples/complex/complex/cli.py,4,5,9,1,1
c71b7edfeaef8fe2d27f3506e6b62e5f3daefe6d,Armin Ronacher,Armin Ronacher,2014-06-05 11:14:21+00:00,2014-06-05T17:14:21+06:00,Updated complex example to use context defaults,False,1,setup.py,examples/complex/setup.py,1,1,2,1,0
1bc0a1995d9a0b6b25d63c96a7fb55a181449bcd,Armin Ronacher,Armin Ronacher,2014-06-05 11:56:33+00:00,2014-06-05T17:56:33+06:00,defaults -> settings,False,1,cli.py,examples/complex/complex/cli.py,2,2,4,1,1
1bc0a1995d9a0b6b25d63c96a7fb55a181449bcd,Armin Ronacher,Armin Ronacher,2014-06-05 11:56:33+00:00,2014-06-05T17:56:33+06:00,defaults -> settings,False,1,core.py,click/core.py,9,9,18,1,0
1bc0a1995d9a0b6b25d63c96a7fb55a181449bcd,Armin Ronacher,Armin Ronacher,2014-06-05 11:56:33+00:00,2014-06-05T17:56:33+06:00,defaults -> settings,False,1,test_normalization.py,tests/test_normalization.py,4,4,8,1,0
fd401cd761a2cf15fbb9a54404860b636a5b558d,Markus Unterwaditzer,Markus Unterwaditzer,2014-06-05 12:02:26+00:00,2014-06-05T14:02:26+02:00,Fix indentation of option help,False,1,test_options.py,tests/test_options.py,20,0,20,0,0
fd401cd761a2cf15fbb9a54404860b636a5b558d,Markus Unterwaditzer,Markus Unterwaditzer,2014-06-05 12:02:26+00:00,2014-06-05T14:02:26+02:00,Fix indentation of option help,False,1,decorators.py,click/decorators.py,2,0,2,0,0
254bc7974551abb422a4eade6486594c469bee77,Kevin Yap,Kevin Yap,2014-06-06 02:27:41+00:00,2014-06-05T19:27:41-07:00,Minor changes to readme text,False,1,README,README,7,6,13,0,0
5bf07ba510a82d546b99518171ec2b365ac05962,Armin Ronacher,Armin Ronacher,2014-06-06 13:33:47+00:00,2014-06-06T19:33:47+06:00,Unified help parameter after last pull.,False,1,decorators.py,click/decorators.py,8,4,12,0,1
5c55910879a136238494324bee894cb7d2361d28,Armin Ronacher,Armin Ronacher,2014-06-06 14:20:11+00:00,2014-06-06T20:20:11+06:00,This is 2.0,False,1,__init__.py,click/__init__.py,1,1,2,0,0
5c55910879a136238494324bee894cb7d2361d28,Armin Ronacher,Armin Ronacher,2014-06-06 14:20:11+00:00,2014-06-06T20:20:11+06:00,This is 2.0,False,1,CHANGES,CHANGES,1,1,2,0,0
8d801a1dce41cc682349ea3da1e4d26a69550960,Armin Ronacher,Armin Ronacher,2014-06-06 14:20:59+00:00,2014-06-06T20:20:59+06:00,Ready for 3.0-dev,False,1,__init__.py,click/__init__.py,1,1,2,0,0
fc8b5335b806c354c702123d1f1413544f7fb319,Rafael G. Martins,Rafael G. Martins,2014-06-08 01:20:54+00:00,2014-06-07T22:20:54-03:00,added MANIFEST.in,False,1,.gitignore,.gitignore,1,0,1,0,0
fc8b5335b806c354c702123d1f1413544f7fb319,Rafael G. Martins,Rafael G. Martins,2014-06-08 01:20:54+00:00,2014-06-07T22:20:54-03:00,added MANIFEST.in,False,1,MANIFEST.in,MANIFEST.in,12,0,12,0,0
ba3f66f1f6ddab5f8e4b9e0f2e94f588315f878f,sloria,sloria,2014-06-08 15:35:21+00:00,2014-06-08T11:35:21-04:00,Correctly print exceptions to stderr,False,1,exceptions.py,click/exceptions.py,1,1,2,1,0
73a3eba573d19265820b3184137fecde1e3afc77,sloria,sloria,2014-06-08 15:39:51+00:00,2014-06-08T11:39:51-04:00,Remove unused import,False,1,exceptions.py,click/exceptions.py,0,1,1,0,1
a8e45bced86bd9f14a0781466682beab2a0d8b63,Armin Ronacher,Armin Ronacher,2014-06-08 19:10:37+00:00,2014-06-08T20:10:37+01:00,This is going to be 2.1-dev,False,1,__init__.py,click/__init__.py,1,1,2,0,0
a8e45bced86bd9f14a0781466682beab2a0d8b63,Armin Ronacher,Armin Ronacher,2014-06-08 19:10:37+00:00,2014-06-08T20:10:37+01:00,This is going to be 2.1-dev,False,1,CHANGES,CHANGES,5,0,5,0,1
0135331c76cfce0e2418138ee2304b0b1a3a8988,Armin Ronacher,Armin Ronacher,2014-06-08 19:20:18+00:00,2014-06-08T20:20:18+01:00,Fixed the launch function on windows,False,1,_termui_impl.py,click/_termui_impl.py,5,6,11,1,0
0135331c76cfce0e2418138ee2304b0b1a3a8988,Armin Ronacher,Armin Ronacher,2014-06-08 19:20:18+00:00,2014-06-08T20:20:18+01:00,Fixed the launch function on windows,False,1,CHANGES,CHANGES,2,0,2,1,0
237606d9553d2b5704d589283e8c2d2e0b37b056,Armin Ronacher,Armin Ronacher,2014-06-08 19:55:31+00:00,2014-06-08T20:55:31+01:00,Try hard to not screw up cmd.exe on windows on interrupts.,False,1,_compat.py,click/_compat.py,17,1,18,0,0
237606d9553d2b5704d589283e8c2d2e0b37b056,Armin Ronacher,Armin Ronacher,2014-06-08 19:55:31+00:00,2014-06-08T20:55:31+01:00,Try hard to not screw up cmd.exe on windows on interrupts.,False,1,CHANGES,CHANGES,2,0,2,0,0
d5b2191f6daf96c3d419c306a65f2f6414776078,Armin Ronacher,Armin Ronacher,2014-06-08 20:11:16+00:00,2014-06-08T21:11:16+01:00,Made termui example fit into 79 column terms.,False,1,termui.py,examples/termui/termui.py,1,1,2,0,0
13aa9c53485e53032c658aa47fa7c834cceaa5c7,Armin Ronacher,Armin Ronacher,2014-06-08 20:12:08+00:00,2014-06-08T21:12:08+01:00,Improved windows terminal support.,False,1,_compat.py,click/_compat.py,11,0,11,0,1
13aa9c53485e53032c658aa47fa7c834cceaa5c7,Armin Ronacher,Armin Ronacher,2014-06-08 20:12:08+00:00,2014-06-08T21:12:08+01:00,Improved windows terminal support.,False,1,termui.py,click/termui.py,6,2,8,0,0
13aa9c53485e53032c658aa47fa7c834cceaa5c7,Armin Ronacher,Armin Ronacher,2014-06-08 20:12:08+00:00,2014-06-08T21:12:08+01:00,Improved windows terminal support.,False,1,CHANGES,CHANGES,4,0,4,0,1
4dc22260fff45300bb1f8ae866bcf610caf09eb8,Florian Friesdorf,Florian Friesdorf,2014-06-09 14:53:23+00:00,2014-06-09T16:55:45+02:00,fix Choice docstring,False,1,types.py,click/types.py,1,1,2,1,1
2b08764844db45d531d400ca4d76af5f91ef3a3f,Armin Ronacher,Armin Ronacher,2014-06-10 07:12:38+00:00,2014-06-10T13:12:38+06:00,Fixed complex example for Python 3.  This fixes #142,False,1,cli.py,examples/complex/complex/cli.py,3,2,5,1,0
a273c20d9eeecbcbc96237cd8b427914878ca1e7,Rotem Yaari,Armin Ronacher,2014-06-13 10:28:13+00:00,2014-06-14T15:32:59+06:00,Fix error message for unknown switches (#146),False,1,parser.py,click/parser.py,1,1,2,1,1
8ff7d53fc908f08cb2b185ca1fc4875351d4a945,Armin Ronacher,Armin Ronacher,2014-06-13 20:54:49+00:00,2014-06-14T02:54:49+06:00,Fixed an issue with custom types on Python 3.,False,1,types.py,click/types.py,1,1,2,1,1
8ff7d53fc908f08cb2b185ca1fc4875351d4a945,Armin Ronacher,Armin Ronacher,2014-06-13 20:54:49+00:00,2014-06-14T02:54:49+06:00,Fixed an issue with custom types on Python 3.,False,1,CHANGES,CHANGES,1,0,1,1,1
f982c310e218eae55fdb191501e5b615d32cd339,Rotem Yaari,Armin Ronacher,2014-06-14 07:14:55+00:00,2014-06-14T15:32:59+06:00,Add test for #146,False,1,test_options.py,tests/test_options.py,12,0,12,0,0
35044bd48ef4082530ef04f9e04bd200888e10e2,Armin Ronacher,Armin Ronacher,2014-06-14 09:35:38+00:00,2014-06-14T15:35:38+06:00,Added changelog entry for last bugfix.,False,1,CHANGES,CHANGES,2,0,2,1,0
dbb0a0a807517af57f762a9379ef4689ed8b2f62,Armin Ronacher,Armin Ronacher,2014-06-14 09:40:32+00:00,2014-06-14T15:40:32+06:00,This is 2.1,False,1,CHANGES,CHANGES,1,1,2,0,0
dbb0a0a807517af57f762a9379ef4689ed8b2f62,Armin Ronacher,Armin Ronacher,2014-06-14 09:40:32+00:00,2014-06-14T15:40:32+06:00,This is 2.1,False,1,__init__.py,click/__init__.py,1,1,2,0,1
6ec3e65abbd7e302db90e42942d9377659e30f98,Armin Ronacher,Armin Ronacher,2014-06-14 10:35:02+00:00,2014-06-14T16:35:02+06:00,Legacy callbacks are warnings now.,False,1,core.py,click/core.py,5,5,10,0,1
7758d0d99f39e45491a5d6480488b78d437c3061,Markus Unterwaditzer,Markus Unterwaditzer,2014-06-14 13:30:38+00:00,2014-06-14T15:30:38+02:00,Add tox envs to gitignore,False,1,.gitignore,.gitignore,1,0,1,0,0
2a7c39956c49d8ca5bd8297164c51fe59ab477de,Markus Unterwaditzer,Markus Unterwaditzer,2014-06-14 13:56:19+00:00,2014-06-14T15:56:49+02:00,Add catch_exceptions parameter to CliRunner.invoke,False,1,test_testing.py,tests/test_testing.py,23,0,23,0,0
2a7c39956c49d8ca5bd8297164c51fe59ab477de,Markus Unterwaditzer,Markus Unterwaditzer,2014-06-14 13:56:19+00:00,2014-06-14T15:56:49+02:00,Add catch_exceptions parameter to CliRunner.invoke,False,1,testing.py,click/testing.py,12,3,15,0,0
4832fd55c6db80b2e30b4479da2aa32f520edc3d,Armin Ronacher,Armin Ronacher,2014-06-14 17:40:59+00:00,2014-06-14T23:40:59+06:00,Removed some proper pointless textwrap code which did not work anyways.,False,1,_textwrap.py,click/_textwrap.py,3,10,13,0,1
b8ca3f5bd0ccc17afe70aa394d935247bca7f718,Armin Ronacher,Armin Ronacher,2014-06-14 17:50:31+00:00,2014-06-14T23:50:31+06:00,Started changelog section for 3.0,False,1,CHANGES,CHANGES,5,0,5,0,0
910b3b1dc79f7b2b0bc9f14e7d95188a71dac75c,Armin Ronacher,Armin Ronacher,2014-06-14 17:55:24+00:00,2014-06-14T23:55:24+06:00,Don't accomodate for small terminals,False,1,formatting.py,click/formatting.py,2,2,4,0,1
910b3b1dc79f7b2b0bc9f14e7d95188a71dac75c,Armin Ronacher,Armin Ronacher,2014-06-14 17:55:24+00:00,2014-06-14T23:55:24+06:00,Don't accomodate for small terminals,False,1,CHANGES,CHANGES,4,0,4,0,0
537e51eb78128c78e5acc5dcbf35f2f299436180,Armin Ronacher,Armin Ronacher,2014-06-14 17:58:06+00:00,2014-06-14T23:58:06+06:00,Added changelog entry for last change.,False,1,CHANGES,CHANGES,1,0,1,0,0
52f9d9b688933de363f76be8601996480fdc4935,Armin Ronacher,Armin Ronacher,2014-06-14 18:23:42+00:00,2014-06-15T00:23:42+06:00,Added better color support for pagers.,False,1,CHANGES,CHANGES,2,0,2,0,0
52f9d9b688933de363f76be8601996480fdc4935,Armin Ronacher,Armin Ronacher,2014-06-14 18:23:42+00:00,2014-06-15T00:23:42+06:00,Added better color support for pagers.,False,1,_termui_impl.py,click/_termui_impl.py,42,20,62,0,1
52f9d9b688933de363f76be8601996480fdc4935,Armin Ronacher,Armin Ronacher,2014-06-14 18:23:42+00:00,2014-06-15T00:23:42+06:00,Added better color support for pagers.,False,1,termui.py,click/termui.py,7,2,9,0,1
f1a846081b241c742c9700354ebe16f56c1c28fc,Armin Ronacher,Armin Ronacher,2014-06-14 18:27:43+00:00,2014-06-15T00:27:43+06:00,Added exc_info to result.,False,1,CHANGES,CHANGES,1,0,1,0,1
f1a846081b241c742c9700354ebe16f56c1c28fc,Armin Ronacher,Armin Ronacher,2014-06-14 18:27:43+00:00,2014-06-15T00:27:43+06:00,Added exc_info to result.,False,1,test_testing.py,tests/test_testing.py,2,0,2,0,0
f1a846081b241c742c9700354ebe16f56c1c28fc,Armin Ronacher,Armin Ronacher,2014-06-14 18:27:43+00:00,2014-06-15T00:27:43+06:00,Added exc_info to result.,False,1,testing.py,click/testing.py,14,3,17,0,1
e25a95b7811a1a250a17c931ef32367c683882d0,Kevin Yap,Kevin Yap,2014-06-15 02:50:56+00:00,2014-06-14T19:50:56-07:00,Capitalized instances of Click (addressing #128),False,1,CHANGES,CHANGES,1,1,2,1,0
e25a95b7811a1a250a17c931ef32367c683882d0,Kevin Yap,Kevin Yap,2014-06-15 02:50:56+00:00,2014-06-14T19:50:56-07:00,Capitalized instances of Click (addressing #128),False,1,_termui_impl.py,click/_termui_impl.py,1,1,2,1,0
e25a95b7811a1a250a17c931ef32367c683882d0,Kevin Yap,Kevin Yap,2014-06-15 02:50:56+00:00,2014-06-14T19:50:56-07:00,Capitalized instances of Click (addressing #128),False,1,core.py,click/core.py,10,10,20,1,0
e25a95b7811a1a250a17c931ef32367c683882d0,Kevin Yap,Kevin Yap,2014-06-15 02:50:56+00:00,2014-06-14T19:50:56-07:00,Capitalized instances of Click (addressing #128),False,1,decorators.py,click/decorators.py,1,1,2,1,0
e25a95b7811a1a250a17c931ef32367c683882d0,Kevin Yap,Kevin Yap,2014-06-15 02:50:56+00:00,2014-06-14T19:50:56-07:00,Capitalized instances of Click (addressing #128),False,1,exceptions.py,click/exceptions.py,4,4,8,1,0
e25a95b7811a1a250a17c931ef32367c683882d0,Kevin Yap,Kevin Yap,2014-06-15 02:50:56+00:00,2014-06-14T19:50:56-07:00,Capitalized instances of Click (addressing #128),False,1,termui.py,click/termui.py,1,1,2,1,1
e25a95b7811a1a250a17c931ef32367c683882d0,Kevin Yap,Kevin Yap,2014-06-15 02:50:56+00:00,2014-06-14T19:50:56-07:00,Capitalized instances of Click (addressing #128),False,1,README,examples/termui/README,1,1,2,1,0
e25a95b7811a1a250a17c931ef32367c683882d0,Kevin Yap,Kevin Yap,2014-06-15 02:50:56+00:00,2014-06-14T19:50:56-07:00,Capitalized instances of Click (addressing #128),False,1,types.py,click/types.py,1,1,2,1,1
e25a95b7811a1a250a17c931ef32367c683882d0,Kevin Yap,Kevin Yap,2014-06-15 02:50:56+00:00,2014-06-14T19:50:56-07:00,Capitalized instances of Click (addressing #128),False,1,utils.py,click/utils.py,2,2,4,1,1
e25a95b7811a1a250a17c931ef32367c683882d0,Kevin Yap,Kevin Yap,2014-06-15 02:50:56+00:00,2014-06-14T19:50:56-07:00,Capitalized instances of Click (addressing #128),False,1,README,examples/README,1,1,2,1,0
e25a95b7811a1a250a17c931ef32367c683882d0,Kevin Yap,Kevin Yap,2014-06-15 02:50:56+00:00,2014-06-14T19:50:56-07:00,Capitalized instances of Click (addressing #128),False,1,README,examples/aliases/README,1,1,2,1,0
e25a95b7811a1a250a17c931ef32367c683882d0,Kevin Yap,Kevin Yap,2014-06-15 02:50:56+00:00,2014-06-14T19:50:56-07:00,Capitalized instances of Click (addressing #128),False,1,README,examples/complex/README,1,1,2,1,0
e25a95b7811a1a250a17c931ef32367c683882d0,Kevin Yap,Kevin Yap,2014-06-15 02:50:56+00:00,2014-06-14T19:50:56-07:00,Capitalized instances of Click (addressing #128),False,1,testing.py,click/testing.py,3,3,6,1,0
e25a95b7811a1a250a17c931ef32367c683882d0,Kevin Yap,Kevin Yap,2014-06-15 02:50:56+00:00,2014-06-14T19:50:56-07:00,Capitalized instances of Click (addressing #128),False,1,parser.py,click/parser.py,2,2,4,1,0
49e1f77a3499a339e8e8b511b433cfce6c6a1fa8,Markus Unterwaditzer,Armin Ronacher,2014-06-25 15:31:27+00:00,2014-06-26T11:46:43+01:00,Use helper function instead of own code,False,1,_termui_impl.py,click/_termui_impl.py,1,5,6,0,1
924ea9d09bcd59f4e044366772ffd136cd8f0567,Markus Unterwaditzer,Armin Ronacher,2014-06-25 15:47:23+00:00,2014-06-26T11:46:43+01:00,Fix #164,False,1,_compat.py,click/_compat.py,6,2,8,1,1
4fd91c2872fbadfa70b7d3e8d65fad37d52c0550,Armin Ronacher,Armin Ronacher,2014-06-26 10:47:13+00:00,2014-06-26T11:47:13+01:00,Added changelog,False,1,CHANGES,CHANGES,1,0,1,0,1
579262766b1e57d8b2dcca0607e8e8f665950b00,Armin Ronacher,Armin Ronacher,2014-06-26 10:55:10+00:00,2014-06-26T11:55:10+01:00,Improved automatic short help detection.  This fixes #165,False,1,CHANGES,CHANGES,2,0,2,1,1
579262766b1e57d8b2dcca0607e8e8f665950b00,Armin Ronacher,Armin Ronacher,2014-06-26 10:55:10+00:00,2014-06-26T11:55:10+01:00,Improved automatic short help detection.  This fixes #165,False,1,test_commands.py,tests/test_commands.py,7,1,8,1,0
579262766b1e57d8b2dcca0607e8e8f665950b00,Armin Ronacher,Armin Ronacher,2014-06-26 10:55:10+00:00,2014-06-26T11:55:10+01:00,Improved automatic short help detection.  This fixes #165,False,1,utils.py,click/utils.py,1,2,3,1,1
11db86740bc2c04e762b2bb38af751f171e35b49,Armin Ronacher,Armin Ronacher,2014-06-26 10:56:49+00:00,2014-06-26T11:56:49+01:00,Added MANIFEST.in,False,1,MANIFEST.in,MANIFEST.in,12,0,12,0,0
6a790327145d0e6e47360b513e1df15c18e71fc5,Armin Ronacher,Armin Ronacher,2014-06-26 11:02:46+00:00,2014-06-26T12:02:46+01:00,Fixed an issue with progress bars not being rendered on enter.  This fixes #168,False,1,_termui_impl.py,click/_termui_impl.py,1,0,1,1,1
6a790327145d0e6e47360b513e1df15c18e71fc5,Armin Ronacher,Armin Ronacher,2014-06-26 11:02:46+00:00,2014-06-26T12:02:46+01:00,Fixed an issue with progress bars not being rendered on enter.  This fixes #168,False,1,CHANGES,CHANGES,2,0,2,1,1
36357eea83cb97e006c20d3484ff53e78c214d62,Armin Ronacher,Armin Ronacher,2014-06-26 11:29:07+00:00,2014-06-26T12:29:07+01:00,Corrected changelog for 2.2,False,1,__init__.py,click/__init__.py,1,1,2,1,0
36357eea83cb97e006c20d3484ff53e78c214d62,Armin Ronacher,Armin Ronacher,2014-06-26 11:29:07+00:00,2014-06-26T12:29:07+01:00,Corrected changelog for 2.2,False,1,CHANGES,CHANGES,9,3,12,1,0
ac5ae693c3ad156dfb82e3adf1b9753836b037c3,Armin Ronacher,Armin Ronacher,2014-06-26 11:29:59+00:00,2014-06-26T12:29:59+01:00,This is 2.2,False,1,CHANGES,CHANGES,1,1,2,0,0
1646647ed4e90183d074d0387b59ffee8bd2bc2f,Armin Ronacher,Armin Ronacher,2014-06-28 20:07:48+00:00,2014-06-28T22:07:48+02:00,Disallow empty options to help users find options that should be arguments.,False,1,test_options.py,tests/test_options.py,13,0,13,0,1
1646647ed4e90183d074d0387b59ffee8bd2bc2f,Armin Ronacher,Armin Ronacher,2014-06-28 20:07:48+00:00,2014-06-28T22:07:48+02:00,Disallow empty options to help users find options that should be arguments.,False,1,core.py,click/core.py,5,0,5,0,1
1646647ed4e90183d074d0387b59ffee8bd2bc2f,Armin Ronacher,Armin Ronacher,2014-06-28 20:07:48+00:00,2014-06-28T22:07:48+02:00,Disallow empty options to help users find options that should be arguments.,False,1,CHANGES,CHANGES,4,0,4,0,0
d93cc094564cb81c4572b1acc0d4d9ce8dcec50d,Armin Ronacher,Armin Ronacher,2014-06-29 10:56:50+00:00,2014-06-29T12:56:50+02:00,Ignore all egg info.,False,1,.gitignore,.gitignore,1,0,1,0,1
dc99ea49e0b6cbf9f0f9709233bd20449d0979a3,Armin Ronacher,Armin Ronacher,2014-06-29 20:47:00+00:00,2014-06-29T22:47:00+02:00,Open up for 2.3-dev,False,1,__init__.py,click/__init__.py,1,1,2,0,0
dc99ea49e0b6cbf9f0f9709233bd20449d0979a3,Armin Ronacher,Armin Ronacher,2014-06-29 20:47:00+00:00,2014-06-29T22:47:00+02:00,Open up for 2.3-dev,False,1,CHANGES,CHANGES,5,0,5,0,1
bb7b2df4d67bcd02a044d21c5ee3c7acb51f5d88,Armin Ronacher,Armin Ronacher,2014-06-29 20:47:29+00:00,2014-06-29T22:47:29+02:00,Fixed an incorrectly formatted help text for count options.,False,1,test_options.py,tests/test_options.py,3,0,3,1,1
bb7b2df4d67bcd02a044d21c5ee3c7acb51f5d88,Armin Ronacher,Armin Ronacher,2014-06-29 20:47:29+00:00,2014-06-29T22:47:29+02:00,Fixed an incorrectly formatted help text for count options.,False,1,core.py,click/core.py,1,1,2,1,0
bb7b2df4d67bcd02a044d21c5ee3c7acb51f5d88,Armin Ronacher,Armin Ronacher,2014-06-29 20:47:29+00:00,2014-06-29T22:47:29+02:00,Fixed an incorrectly formatted help text for count options.,False,1,CHANGES,CHANGES,2,0,2,1,1
1cceb6da090d52f84c7a423f5f947ef40d38a861,Armin Ronacher,Armin Ronacher,2014-06-30 08:33:43+00:00,2014-06-30T10:33:43+02:00,Correctly strip ansi codes on windows without colorama.,False,1,utils.py,click/utils.py,10,6,16,1,0
1cceb6da090d52f84c7a423f5f947ef40d38a861,Armin Ronacher,Armin Ronacher,2014-06-30 08:33:43+00:00,2014-06-30T10:33:43+02:00,Correctly strip ansi codes on windows without colorama.,False,1,termui.py,click/termui.py,2,2,4,1,0
1cceb6da090d52f84c7a423f5f947ef40d38a861,Armin Ronacher,Armin Ronacher,2014-06-30 08:33:43+00:00,2014-06-30T10:33:43+02:00,Correctly strip ansi codes on windows without colorama.,False,1,_termui_impl.py,click/_termui_impl.py,7,7,14,1,1
1cceb6da090d52f84c7a423f5f947ef40d38a861,Armin Ronacher,Armin Ronacher,2014-06-30 08:33:43+00:00,2014-06-30T10:33:43+02:00,Correctly strip ansi codes on windows without colorama.,False,1,_compat.py,click/_compat.py,3,3,6,1,1
1cceb6da090d52f84c7a423f5f947ef40d38a861,Armin Ronacher,Armin Ronacher,2014-06-30 08:33:43+00:00,2014-06-30T10:33:43+02:00,Correctly strip ansi codes on windows without colorama.,False,1,CHANGES,CHANGES,2,0,2,1,0
a77e0acd80925221b83c348ab0f53964dfbfa80c,Armin Ronacher,Armin Ronacher,2014-07-03 09:37:18+00:00,2014-07-03T11:37:18+02:00,Restore the Click 1.0 help handling.,False,1,core.py,click/core.py,28,5,33,0,1
a77e0acd80925221b83c348ab0f53964dfbfa80c,Armin Ronacher,Armin Ronacher,2014-07-03 09:37:18+00:00,2014-07-03T11:37:18+02:00,Restore the Click 1.0 help handling.,False,1,CHANGES,CHANGES,2,0,2,0,0
dd41abfacdb8cd0f4ccd718f8f66674849b0db66,Armin Ronacher,Armin Ronacher,2014-07-03 09:37:49+00:00,2014-07-03T11:37:49+02:00,This is 2.3,False,1,CHANGES,CHANGES,1,1,2,0,0
dd41abfacdb8cd0f4ccd718f8f66674849b0db66,Armin Ronacher,Armin Ronacher,2014-07-03 09:37:49+00:00,2014-07-03T11:37:49+02:00,This is 2.3,False,1,__init__.py,click/__init__.py,1,1,2,0,0
0999c784d3d9f4397ffd93fe9d85733b67fa08d9,Armin Ronacher,Armin Ronacher,2014-07-04 13:05:54+00:00,2014-07-04T15:05:54+02:00,Ready for 2.4,False,1,__init__.py,click/__init__.py,1,1,2,0,0
0999c784d3d9f4397ffd93fe9d85733b67fa08d9,Armin Ronacher,Armin Ronacher,2014-07-04 13:05:54+00:00,2014-07-04T15:05:54+02:00,Ready for 2.4,False,1,CHANGES,CHANGES,5,0,5,0,1
6ab7b039b21d510a305837fa9bff9329444cdb49,Armin Ronacher,Armin Ronacher,2014-07-04 13:06:34+00:00,2014-07-04T15:06:34+02:00,Corrected a help option regression.,False,1,core.py,click/core.py,28,45,73,1,0
6ab7b039b21d510a305837fa9bff9329444cdb49,Armin Ronacher,Armin Ronacher,2014-07-04 13:06:34+00:00,2014-07-04T15:06:34+02:00,Corrected a help option regression.,False,1,CHANGES,CHANGES,2,0,2,1,0
73ef9f336699127a9254075810d83fd1a7b2e0d7,Armin Ronacher,Armin Ronacher,2014-07-04 13:06:55+00:00,2014-07-04T15:06:55+02:00,This is 2.4,False,1,__init__.py,click/__init__.py,1,1,2,0,0
73ef9f336699127a9254075810d83fd1a7b2e0d7,Armin Ronacher,Armin Ronacher,2014-07-04 13:06:55+00:00,2014-07-04T15:06:55+02:00,This is 2.4,False,1,CHANGES,CHANGES,1,1,2,0,1
b625654063f03936c65f33d1f5025376f57f4a06,Armin Ronacher,Armin Ronacher,2014-07-08 14:10:50+00:00,2014-07-08T16:10:50+02:00,Fixed a regression for echo_via_pager on 3.x.  This fixes #185,False,1,test_utils.py,tests/test_utils.py,11,0,11,1,0
b625654063f03936c65f33d1f5025376f57f4a06,Armin Ronacher,Armin Ronacher,2014-07-08 14:10:50+00:00,2014-07-08T16:10:50+02:00,Fixed a regression for echo_via_pager on 3.x.  This fixes #185,False,1,_termui_impl.py,click/_termui_impl.py,5,3,8,1,1
af627c2ec72059566614b82827253d7c300f696d,Armin Ronacher,Armin Ronacher,2014-07-27 17:38:07+00:00,2014-07-27T19:38:07+02:00,Fixed text wrapping on 3.x.  This fixes #196,False,1,_textwrap.py,click/_textwrap.py,2,2,4,1,0
af627c2ec72059566614b82827253d7c300f696d,Armin Ronacher,Armin Ronacher,2014-07-27 17:38:07+00:00,2014-07-27T19:38:07+02:00,Fixed text wrapping on 3.x.  This fixes #196,False,1,CHANGES,CHANGES,1,0,1,1,0
77269f3682724a4ad131ab3594d6cddcfeb4118a,Armin Ronacher,Armin Ronacher,2014-07-27 17:42:49+00:00,2014-07-27T19:42:49+02:00,Changed behavior of unpack_args to what is documented.,False,1,utils.py,click/utils.py,1,1,2,0,0
cbe8b00d7be85b764b0ab19135364f43310e1557,Armin Ronacher,Armin Ronacher,2014-07-27 17:50:55+00:00,2014-07-27T19:50:55+02:00,Added vendoring support to click.,False,1,testing.py,click/testing.py,17,11,28,0,0
cbe8b00d7be85b764b0ab19135364f43310e1557,Armin Ronacher,Armin Ronacher,2014-07-27 17:50:55+00:00,2014-07-27T19:50:55+02:00,Added vendoring support to click.,False,1,core.py,click/core.py,1,1,2,0,0
cbe8b00d7be85b764b0ab19135364f43310e1557,Armin Ronacher,Armin Ronacher,2014-07-27 17:50:55+00:00,2014-07-27T19:50:55+02:00,Added vendoring support to click.,False,1,_bashcomplete.py,click/_bashcomplete.py,3,3,6,0,0
cbe8b00d7be85b764b0ab19135364f43310e1557,Armin Ronacher,Armin Ronacher,2014-07-27 17:50:55+00:00,2014-07-27T19:50:55+02:00,Added vendoring support to click.,False,1,CHANGES,CHANGES,1,0,1,0,0
644dc87adfc3c505dc2711e4e734fc6501330ed3,Armin Ronacher,Armin Ronacher,2014-07-27 22:08:02+00:00,2014-07-28T00:08:02+02:00,This is actually 2.5-dev,False,1,CHANGES,CHANGES,7,1,8,0,1
644dc87adfc3c505dc2711e4e734fc6501330ed3,Armin Ronacher,Armin Ronacher,2014-07-27 22:08:02+00:00,2014-07-28T00:08:02+02:00,This is actually 2.5-dev,False,1,__init__.py,click/__init__.py,1,1,2,0,0
d409ccc03511cb308b35047a9f65cbaf7bd521e9,Armin Ronacher,Armin Ronacher,2014-07-27 22:09:01+00:00,2014-07-28T00:09:01+02:00,This is 2.5,False,1,__init__.py,click/__init__.py,1,1,2,0,0
b34ce9c68ad1d6361958afe4d639af942b95c1e2,Armin Ronacher,Armin Ronacher,2014-07-27 22:19:55+00:00,2014-07-28T00:19:55+02:00,this is 2.6-dev,False,1,__init__.py,click/__init__.py,1,1,2,0,0
dc2a4d129764dd9ec658af7835efefcc422eb49f,Armin Ronacher,Armin Ronacher,2014-07-27 22:20:01+00:00,2014-07-28T00:20:01+02:00,Fixed an issue with stream wrapping on python 3,False,1,_compat.py,click/_compat.py,3,3,6,1,0
dc2a4d129764dd9ec658af7835efefcc422eb49f,Armin Ronacher,Armin Ronacher,2014-07-27 22:20:01+00:00,2014-07-28T00:20:01+02:00,Fixed an issue with stream wrapping on python 3,False,1,CHANGES,CHANGES,8,0,8,1,0
8d0dfa5c3751ff37bccaa7a176a2ae902c84d00d,Armin Ronacher,Armin Ronacher,2014-08-11 08:04:06+00:00,2014-08-11T10:04:06+02:00,Added subcommand chaining.,False,1,test_chain.py,tests/test_chain.py,129,0,129,0,0
8d0dfa5c3751ff37bccaa7a176a2ae902c84d00d,Armin Ronacher,Armin Ronacher,2014-08-11 08:04:06+00:00,2014-08-11T10:04:06+02:00,Added subcommand chaining.,False,1,test_basic.py,tests/test_basic.py,1,0,1,0,0
8d0dfa5c3751ff37bccaa7a176a2ae902c84d00d,Armin Ronacher,Armin Ronacher,2014-08-11 08:04:06+00:00,2014-08-11T10:04:06+02:00,Added subcommand chaining.,False,1,core.py,click/core.py,115,26,141,0,1
8d0dfa5c3751ff37bccaa7a176a2ae902c84d00d,Armin Ronacher,Armin Ronacher,2014-08-11 08:04:06+00:00,2014-08-11T10:04:06+02:00,Added subcommand chaining.,False,1,Makefile,Makefile,1,1,2,0,0
8d0dfa5c3751ff37bccaa7a176a2ae902c84d00d,Armin Ronacher,Armin Ronacher,2014-08-11 08:04:06+00:00,2014-08-11T10:04:06+02:00,Added subcommand chaining.,False,1,CHANGES,CHANGES,1,0,1,0,1
c8d3300a2467d3a017aac1d24a92cb254ce921fe,Armin Ronacher,Armin Ronacher,2014-08-11 09:26:46+00:00,2014-08-11T11:26:46+02:00,Added support for multiple defaults on options and nargs,False,1,CHANGES,CHANGES,2,0,2,1,0
c8d3300a2467d3a017aac1d24a92cb254ce921fe,Armin Ronacher,Armin Ronacher,2014-08-11 09:26:46+00:00,2014-08-11T11:26:46+02:00,Added support for multiple defaults on options and nargs,False,1,core.py,click/core.py,15,4,19,1,0
c8d3300a2467d3a017aac1d24a92cb254ce921fe,Armin Ronacher,Armin Ronacher,2014-08-11 09:26:46+00:00,2014-08-11T11:26:46+02:00,Added support for multiple defaults on options and nargs,False,1,test_defaults.py,tests/test_defaults.py,46,0,46,1,0
e3f3fdc5969dc819c14bb2e3a25bdfaba61cdb0b,Armin Ronacher,Armin Ronacher,2014-08-11 11:48:56+00:00,2014-08-11T13:48:56+02:00,This is 2.6,False,1,__init__.py,click/__init__.py,1,1,2,0,0
e3f3fdc5969dc819c14bb2e3a25bdfaba61cdb0b,Armin Ronacher,Armin Ronacher,2014-08-11 11:48:56+00:00,2014-08-11T13:48:56+02:00,This is 2.6,False,1,CHANGES,CHANGES,1,1,2,0,1
8c369b9472dca30a6e607661a75227518d75399c,Armin Ronacher,Armin Ronacher,2014-08-11 11:54:33+00:00,2014-08-11T13:54:33+02:00,No more whitespace stripping to progressbar label.  This fixes #186,False,1,_termui_impl.py,click/_termui_impl.py,1,1,2,1,0
8c369b9472dca30a6e607661a75227518d75399c,Armin Ronacher,Armin Ronacher,2014-08-11 11:54:33+00:00,2014-08-11T13:54:33+02:00,No more whitespace stripping to progressbar label.  This fixes #186,False,1,CHANGES,CHANGES,2,0,2,1,0
6a559ecb18f8726b54a7f38ec007a656a361d28b,Armin Ronacher,Armin Ronacher,2014-08-11 12:22:43+00:00,2014-08-11T14:22:43+02:00,Added a way to disable the standalone mode on main.,False,1,core.py,click/core.py,21,2,23,0,0
6a559ecb18f8726b54a7f38ec007a656a361d28b,Armin Ronacher,Armin Ronacher,2014-08-11 12:22:43+00:00,2014-08-11T14:22:43+02:00,Added a way to disable the standalone mode on main.,False,1,CHANGES,CHANGES,2,0,2,0,0
a939618ed6096076d46ece7f8a621fe9f25f6d33,Armin Ronacher,Armin Ronacher,2014-08-11 12:23:08+00:00,2014-08-11T14:23:08+02:00,Added termui tests,False,1,test_termui.py,tests/test_termui.py,14,0,14,0,1
aa89d5d1965cee90ab0d7864ddb218c1a81a5da1,Armin Ronacher,Armin Ronacher,2014-08-11 22:15:19+00:00,2014-08-12T00:15:19+02:00,Added support for return values from command callbacks.,False,1,test_basic.py,tests/test_basic.py,10,0,10,0,0
aa89d5d1965cee90ab0d7864ddb218c1a81a5da1,Armin Ronacher,Armin Ronacher,2014-08-11 22:15:19+00:00,2014-08-12T00:15:19+02:00,Added support for return values from command callbacks.,False,1,core.py,click/core.py,1,1,2,0,0
aa89d5d1965cee90ab0d7864ddb218c1a81a5da1,Armin Ronacher,Armin Ronacher,2014-08-11 22:15:19+00:00,2014-08-12T00:15:19+02:00,Added support for return values from command callbacks.,False,1,CHANGES,CHANGES,1,0,1,0,0
7d76c676bc564175624646b1da6aa70df465f3ef,Armin Ronacher,Armin Ronacher,2014-08-11 22:15:28+00:00,2014-08-12T00:15:28+02:00,Added printing to stderr to echo,False,1,CHANGES,CHANGES,1,0,1,0,0
7d76c676bc564175624646b1da6aa70df465f3ef,Armin Ronacher,Armin Ronacher,2014-08-11 22:15:28+00:00,2014-08-12T00:15:28+02:00,Added printing to stderr to echo,False,1,_compat.py,click/_compat.py,21,18,39,0,0
7d76c676bc564175624646b1da6aa70df465f3ef,Armin Ronacher,Armin Ronacher,2014-08-11 22:15:28+00:00,2014-08-12T00:15:28+02:00,Added printing to stderr to echo,False,1,utils.py,click/utils.py,12,3,15,0,0
04127558d55ea74b37a766c744fc29dcd409dd41,Armin Ronacher,Armin Ronacher,2014-08-12 08:33:40+00:00,2014-08-12T10:33:40+02:00,Added result callbacks for groups.,False,1,core.py,click/core.py,31,3,34,0,0
04127558d55ea74b37a766c744fc29dcd409dd41,Armin Ronacher,Armin Ronacher,2014-08-12 08:33:40+00:00,2014-08-12T10:33:40+02:00,Added result callbacks for groups.,False,1,CHANGES,CHANGES,1,0,1,0,0
1cb9fe1e76fdf8db97ced1c6a8e5e3bea1ffa5f0,Armin Ronacher,Armin Ronacher,2014-08-12 08:35:33+00:00,2014-08-12T10:35:33+02:00,Added imagepipe example.,False,1,setup.py,examples/imagepipe/setup.py,16,0,16,0,0
1cb9fe1e76fdf8db97ced1c6a8e5e3bea1ffa5f0,Armin Ronacher,Armin Ronacher,2014-08-12 08:35:33+00:00,2014-08-12T10:35:33+02:00,Added imagepipe example.,False,1,imagepipe.py,examples/imagepipe/imagepipe.py,266,0,266,0,0
1cb9fe1e76fdf8db97ced1c6a8e5e3bea1ffa5f0,Armin Ronacher,Armin Ronacher,2014-08-12 08:35:33+00:00,2014-08-12T10:35:33+02:00,Added imagepipe example.,False,1,README,examples/imagepipe/README,13,0,13,0,0
82d237494a09972beb421885d8e029d3d4445c85,Armin Ronacher,Armin Ronacher,2014-08-12 09:25:30+00:00,2014-08-12T11:25:30+02:00,Added a missing gitignore for imagepipe,False,1,.gitignore,examples/imagepipe/.gitignore,1,0,1,0,0
5a90908c716512f847f6c1cf46e015dbcb3c526a,Armin Ronacher,Armin Ronacher,2014-08-12 09:26:08+00:00,2014-08-12T11:26:08+02:00,Entering a context multiple times defers the cleanup.,False,1,core.py,click/core.py,5,1,6,0,0
5a90908c716512f847f6c1cf46e015dbcb3c526a,Armin Ronacher,Armin Ronacher,2014-08-12 09:26:08+00:00,2014-08-12T11:26:08+02:00,Entering a context multiple times defers the cleanup.,False,1,CHANGES,CHANGES,2,0,2,0,0
f92c4f475e0d2dd9d4bb68ff6028c91a9e1f71b9,Armin Ronacher,Armin Ronacher,2014-08-12 09:29:16+00:00,2014-08-12T11:29:16+02:00,Added a test for multi command entering.,False,1,test_context.py,tests/test_context.py,19,0,19,0,0
525069262ef50dbb23c05bdfd19daf8d25ff3199,Armin Ronacher,Armin Ronacher,2014-08-12 09:32:38+00:00,2014-08-12T11:32:38+02:00,Added support for passing through arguments to result callbacks,False,1,core.py,click/core.py,19,3,22,0,0
bd61da2632589a7df74a790dc5f799532827bb97,Armin Ronacher,Armin Ronacher,2014-08-12 09:33:16+00:00,2014-08-12T11:33:16+02:00,Preserve contexts around result callbacks and ensure that they are invoked without subcommands.,False,1,core.py,click/core.py,36,16,52,0,0
60714161d638fc036d59b927f200b7045f9ec5cc,Armin Ronacher,Armin Ronacher,2014-08-12 09:36:00+00:00,2014-08-12T11:36:00+02:00,Added a test for pipelines,False,1,test_chain.py,tests/test_chain.py,51,0,51,0,1
54828653981f849e9f581f24be86cc976f9de843,Armin Ronacher,Armin Ronacher,2014-08-12 10:05:22+00:00,2014-08-12T12:05:22+02:00,Added a changelog entry for open_file,False,1,CHANGES,CHANGES,1,0,1,0,0
075a77bb25e2b1a4b7b7df6feb081bf29cb83669,Armin Ronacher,Armin Ronacher,2014-08-12 10:05:41+00:00,2014-08-12T12:05:44+02:00,Added open_file function.,False,1,__init__.py,click/__init__.py,3,3,6,0,0
075a77bb25e2b1a4b7b7df6feb081bf29cb83669,Armin Ronacher,Armin Ronacher,2014-08-12 10:05:41+00:00,2014-08-12T12:05:44+02:00,Added open_file function.,False,1,utils.py,click/utils.py,51,0,51,0,1
1318a207c5bd55b879a200799368b87241aae33e,Armin Ronacher,Armin Ronacher,2014-08-12 10:18:34+00:00,2014-08-12T12:18:34+02:00,Added test for open_file,False,1,test_utils.py,tests/test_utils.py,21,0,21,0,0
fa5f5033d32cc1a3c56377a5ef8e4d68a5e36bd8,Armin Ronacher,Armin Ronacher,2014-08-12 12:48:52+00:00,2014-08-12T14:48:52+02:00,Corrected an incorrect stub.,False,1,types.py,click/types.py,1,1,2,1,0
a4d02ff64c328e7a7693b8d8dbeecfed1c704f6f,Armin Ronacher,Armin Ronacher,2014-08-12 14:08:23+00:00,2014-08-12T16:08:23+02:00,Fixed an rst syntax error,False,1,utils.py,click/utils.py,1,1,2,1,0
61b6ffa13f3d1b471847c57b44bf0c5ac29c0244,Armin Ronacher,Armin Ronacher,2014-08-12 20:50:21+00:00,2014-08-12T22:50:21+02:00,Rewrote the setuptools documentation.,False,1,clickdoctools.py,docs/clickdoctools.py,5,5,10,0,0
547a4d09255d253bf0d14759c3dbc277b38911e7,Armin Ronacher,Armin Ronacher,2014-08-12 21:24:13+00:00,2014-08-12T23:24:13+02:00,This is 3.0 (clonk clonk),False,1,__init__.py,click/__init__.py,1,1,2,0,0
547a4d09255d253bf0d14759c3dbc277b38911e7,Armin Ronacher,Armin Ronacher,2014-08-12 21:24:13+00:00,2014-08-12T23:24:13+02:00,This is 3.0 (clonk clonk),False,1,CHANGES,CHANGES,1,1,2,0,0
fffeae408274c51b085109b97e946dc6e2c8e438,Armin Ronacher,Armin Ronacher,2014-08-12 21:25:48+00:00,2014-08-12T23:25:48+02:00,This is 4.0-dev,False,1,CHANGES,CHANGES,5,0,5,0,0
fffeae408274c51b085109b97e946dc6e2c8e438,Armin Ronacher,Armin Ronacher,2014-08-12 21:25:48+00:00,2014-08-12T23:25:48+02:00,This is 4.0-dev,False,1,__init__.py,click/__init__.py,1,1,2,0,0
85dec99b99bdca3dc3571e68e789df512f1d50e4,Armin Ronacher,Armin Ronacher,2014-08-13 07:16:20+00:00,2014-08-13T09:16:20+02:00,Started maintenance branch for 3.x,False,1,CHANGES,CHANGES,5,0,5,0,0
85dec99b99bdca3dc3571e68e789df512f1d50e4,Armin Ronacher,Armin Ronacher,2014-08-13 07:16:20+00:00,2014-08-13T09:16:20+02:00,Started maintenance branch for 3.x,False,1,__init__.py,click/__init__.py,1,1,2,0,0
d88d0a73eb97abcd11fa5bcffee23f1980acfb75,Armin Ronacher,Armin Ronacher,2014-08-13 07:17:08+00:00,2014-08-13T09:17:08+02:00,Defer subcommand context creation until later.,False,1,test_commands.py,tests/test_commands.py,20,0,20,0,1
d88d0a73eb97abcd11fa5bcffee23f1980acfb75,Armin Ronacher,Armin Ronacher,2014-08-13 07:17:08+00:00,2014-08-13T09:17:08+02:00,Defer subcommand context creation until later.,False,1,core.py,click/core.py,16,16,32,0,1
d88d0a73eb97abcd11fa5bcffee23f1980acfb75,Armin Ronacher,Armin Ronacher,2014-08-13 07:17:08+00:00,2014-08-13T09:17:08+02:00,Defer subcommand context creation until later.,False,1,CHANGES,CHANGES,4,0,4,0,0
92489f1210a76a2e7707bc85e438b8a2027e88b5,Armin Ronacher,Armin Ronacher,2014-08-13 07:19:13+00:00,2014-08-13T09:19:13+02:00,This is 3.1,False,1,__init__.py,click/__init__.py,1,1,2,0,0
92489f1210a76a2e7707bc85e438b8a2027e88b5,Armin Ronacher,Armin Ronacher,2014-08-13 07:19:13+00:00,2014-08-13T09:19:13+02:00,This is 3.1,False,1,CHANGES,CHANGES,1,1,2,0,0
1e4438d3754f5ba5c3882cd7ab77c0e413074052,Armin Ronacher,Armin Ronacher,2014-08-13 07:20:20+00:00,2014-08-13T09:20:20+02:00,This is 3.2-dev,False,1,__init__.py,click/__init__.py,1,1,2,0,0
0008933ec6540e6a2fe3f01f4b2d7e227a878d45,Armin Ronacher,Armin Ronacher,2014-08-13 13:51:34+00:00,2014-08-13T15:51:34+02:00,Properly forward err to secho,False,1,termui.py,click/termui.py,2,2,4,0,0
0008933ec6540e6a2fe3f01f4b2d7e227a878d45,Armin Ronacher,Armin Ronacher,2014-08-13 13:51:34+00:00,2014-08-13T15:51:34+02:00,Properly forward err to secho,False,1,CHANGES,CHANGES,7,0,7,0,1
bb42d2eda44f033126538020433a3d34f09e9a32,Armin Ronacher,Armin Ronacher,2014-08-14 07:42:48+00:00,2014-08-14T09:42:48+02:00,Handle defaults for context invoke.  This fixes #201,False,1,CHANGES,CHANGES,3,0,3,1,0
bb42d2eda44f033126538020433a3d34f09e9a32,Armin Ronacher,Armin Ronacher,2014-08-14 07:42:48+00:00,2014-08-14T09:42:48+02:00,Handle defaults for context invoke.  This fixes #201,False,1,test_commands.py,tests/test_commands.py,36,1,37,1,1
bb42d2eda44f033126538020433a3d34f09e9a32,Armin Ronacher,Armin Ronacher,2014-08-14 07:42:48+00:00,2014-08-14T09:42:48+02:00,Handle defaults for context invoke.  This fixes #201,False,1,core.py,click/core.py,46,8,54,1,0
04f795c3c726737a2fcecc8c65bd36a00a6d04ea,Armin Ronacher,Armin Ronacher,2014-08-14 08:02:41+00:00,2014-08-14T10:02:41+02:00,Added missing documentation to some docstrings.,False,1,core.py,click/core.py,4,0,4,0,0
5cf7f2ddfba328070751cbda32782520d4e0d6f5,Armin Ronacher,Armin Ronacher,2014-08-15 13:03:22+00:00,2014-08-15T15:03:22+02:00,Added support for explicit color control.,False,1,test_utils.py,tests/test_utils.py,27,0,27,0,0
5cf7f2ddfba328070751cbda32782520d4e0d6f5,Armin Ronacher,Armin Ronacher,2014-08-15 13:03:22+00:00,2014-08-15T15:03:22+02:00,Added support for explicit color control.,False,1,utils.py,click/utils.py,10,5,15,0,1
5cf7f2ddfba328070751cbda32782520d4e0d6f5,Armin Ronacher,Armin Ronacher,2014-08-15 13:03:22+00:00,2014-08-15T15:03:22+02:00,Added support for explicit color control.,False,1,termui.py,click/termui.py,11,5,16,0,0
5cf7f2ddfba328070751cbda32782520d4e0d6f5,Armin Ronacher,Armin Ronacher,2014-08-15 13:03:22+00:00,2014-08-15T15:03:22+02:00,Added support for explicit color control.,False,1,exceptions.py,click/exceptions.py,4,2,6,0,0
5cf7f2ddfba328070751cbda32782520d4e0d6f5,Armin Ronacher,Armin Ronacher,2014-08-15 13:03:22+00:00,2014-08-15T15:03:22+02:00,Added support for explicit color control.,False,1,decorators.py,click/decorators.py,2,2,4,0,0
5cf7f2ddfba328070751cbda32782520d4e0d6f5,Armin Ronacher,Armin Ronacher,2014-08-15 13:03:22+00:00,2014-08-15T15:03:22+02:00,Added support for explicit color control.,False,1,core.py,click/core.py,18,3,21,0,1
5cf7f2ddfba328070751cbda32782520d4e0d6f5,Armin Ronacher,Armin Ronacher,2014-08-15 13:03:22+00:00,2014-08-15T15:03:22+02:00,Added support for explicit color control.,False,1,_termui_impl.py,click/_termui_impl.py,4,3,7,0,1
5cf7f2ddfba328070751cbda32782520d4e0d6f5,Armin Ronacher,Armin Ronacher,2014-08-15 13:03:22+00:00,2014-08-15T15:03:22+02:00,Added support for explicit color control.,False,1,_compat.py,click/_compat.py,14,6,20,0,1
5cf7f2ddfba328070751cbda32782520d4e0d6f5,Armin Ronacher,Armin Ronacher,2014-08-15 13:03:22+00:00,2014-08-15T15:03:22+02:00,Added support for explicit color control.,False,1,CHANGES,CHANGES,5,0,5,0,0
a61156f9c7b203a9dfcafb7e0f12bf8903b90528,Marc Schlaich,Marc Schlaich,2014-08-18 12:59:48+00:00,2014-08-18T14:59:48+02:00,fix typo,False,1,CHANGES,CHANGES,1,1,2,0,1
5fc29baf75897d594fe06ba085955d8068e22554,Armin Ronacher,Armin Ronacher,2014-08-22 07:10:21+00:00,2014-08-22T09:10:21+02:00,Fixed `invoked_subcommand`.,False,1,CHANGES,CHANGES,5,0,5,1,0
5fc29baf75897d594fe06ba085955d8068e22554,Armin Ronacher,Armin Ronacher,2014-08-22 07:10:21+00:00,2014-08-22T09:10:21+02:00,Fixed `invoked_subcommand`.,False,1,test_chain.py,tests/test_chain.py,7,2,9,1,0
5fc29baf75897d594fe06ba085955d8068e22554,Armin Ronacher,Armin Ronacher,2014-08-22 07:10:21+00:00,2014-08-22T09:10:21+02:00,Fixed `invoked_subcommand`.,False,1,core.py,click/core.py,43,40,83,1,1
5fc29baf75897d594fe06ba085955d8068e22554,Armin Ronacher,Armin Ronacher,2014-08-22 07:10:21+00:00,2014-08-22T09:10:21+02:00,Fixed `invoked_subcommand`.,False,1,test_commands.py,tests/test_commands.py,23,0,23,1,0
16db7bff5f84085d2d7b95f71da80121448ef577,Armin Ronacher,Armin Ronacher,2014-08-22 20:49:48+00:00,2014-08-22T22:49:48+02:00,This is 3.2,False,1,__init__.py,click/__init__.py,1,1,2,0,0
16db7bff5f84085d2d7b95f71da80121448ef577,Armin Ronacher,Armin Ronacher,2014-08-22 20:49:48+00:00,2014-08-22T22:49:48+02:00,This is 3.2,False,1,CHANGES,CHANGES,1,1,2,0,0
8aebc8b4164823b9c42db1701b5cd3453b3f530c,Kiss György,Kiss György,2014-08-26 13:48:18+00:00,2014-08-26T15:48:18+02:00,"Added optional err parameter to prompt(), confirm() and pause().",False,1,termui.py,click/termui.py,15,10,25,0,1
271a65165c17e803d2cd913abf725d4d78620fc5,Kiss György,Kiss György,2014-08-26 16:01:03+00:00,2014-08-26T18:01:03+02:00,Tests for prompt-stderr. click.pause() fails,False,1,test_utils.py,tests/test_utils.py,58,0,58,0,1
ab0b472f33c85ecf80d1e57eae7a077aaa1633cd,Armin Ronacher,Armin Ronacher,2014-09-07 21:39:26+00:00,2014-09-07T23:39:26+02:00,Prepare 3.3-dev,False,1,__init__.py,click/__init__.py,1,1,2,0,0
ab0b472f33c85ecf80d1e57eae7a077aaa1633cd,Armin Ronacher,Armin Ronacher,2014-09-07 21:39:26+00:00,2014-09-07T23:39:26+02:00,Prepare 3.3-dev,False,1,CHANGES,CHANGES,5,0,5,0,1
7f4fcf718349ca5cf2c0a2284f537155a6be48d7,Armin Ronacher,Armin Ronacher,2014-09-07 21:39:49+00:00,2014-09-07T23:39:49+02:00,Fixed forwarding compact code for 3.x,False,1,CHANGES,CHANGES,3,0,3,1,0
7f4fcf718349ca5cf2c0a2284f537155a6be48d7,Armin Ronacher,Armin Ronacher,2014-09-07 21:39:49+00:00,2014-09-07T23:39:49+02:00,Fixed forwarding compact code for 3.x,False,1,core.py,click/core.py,2,1,3,1,0
cdb37dc797ebc1057060586f293ccd50e410a1df,Armin Ronacher,Armin Ronacher,2014-09-07 21:40:03+00:00,2014-09-07T23:40:19+02:00,This is 3.3,False,1,__init__.py,click/__init__.py,1,1,2,0,0
cdb37dc797ebc1057060586f293ccd50e410a1df,Armin Ronacher,Armin Ronacher,2014-09-07 21:40:03+00:00,2014-09-07T23:40:19+02:00,This is 3.3,False,1,CHANGES,CHANGES,1,1,2,0,0
563017b4de92c5cfab3ec1c2afb16349bedca78e,Armin Ronacher,Armin Ronacher,2014-09-09 12:49:14+00:00,2014-09-09T14:49:14+02:00,Implemented UNPROCESSED type.,False,1,CHANGES,CHANGES,2,0,2,0,0
563017b4de92c5cfab3ec1c2afb16349bedca78e,Armin Ronacher,Armin Ronacher,2014-09-09 12:49:14+00:00,2014-09-09T14:49:14+02:00,Implemented UNPROCESSED type.,False,1,types.py,click/types.py,24,0,24,0,1
563017b4de92c5cfab3ec1c2afb16349bedca78e,Armin Ronacher,Armin Ronacher,2014-09-09 12:49:14+00:00,2014-09-09T14:49:14+02:00,Implemented UNPROCESSED type.,False,1,__init__.py,click/__init__.py,2,2,4,0,0
67b13494c65c16b45180abfe7aaa18b33fccdcbe,Armin Ronacher,Armin Ronacher,2014-09-09 12:50:25+00:00,2014-09-09T14:50:25+02:00,Implemented NoSuchOption and BadOptionUsage exceptions.,False,1,exceptions.py,click/exceptions.py,38,0,38,0,0
67b13494c65c16b45180abfe7aaa18b33fccdcbe,Armin Ronacher,Armin Ronacher,2014-09-09 12:50:25+00:00,2014-09-09T14:50:25+02:00,Implemented NoSuchOption and BadOptionUsage exceptions.,False,1,__init__.py,click/__init__.py,2,2,4,0,0
b707ec7a5cb1f910da5435650924086015140f3d,Armin Ronacher,Armin Ronacher,2014-09-09 12:51:39+00:00,2014-09-09T14:51:39+02:00,Implemented first pass of unprocessed option handling.,False,1,parser.py,click/parser.py,74,54,128,0,1
b707ec7a5cb1f910da5435650924086015140f3d,Armin Ronacher,Armin Ronacher,2014-09-09 12:51:39+00:00,2014-09-09T14:51:39+02:00,Implemented first pass of unprocessed option handling.,False,1,core.py,click/core.py,19,2,21,0,0
be17393b04c9cd478cba643d0476d915184edeac,Armin Ronacher,Armin Ronacher,2014-09-09 12:52:08+00:00,2014-09-09T14:52:08+02:00,Added missing changelog entries.,False,1,CHANGES,CHANGES,4,0,4,0,1
da0132f90068b5b7457bd8d8c363da0765412c1b,Armin Ronacher,Armin Ronacher,2014-09-09 13:00:34+00:00,2014-09-09T15:00:34+02:00,Added a test for ignoring of unknown options.,False,1,test_commands.py,tests/test_commands.py,18,0,18,0,0
4851f7ca51291a746973be7e3a6647029b4ced72,Armin Ronacher,Armin Ronacher,2014-09-09 17:28:17+00:00,2014-09-09T19:28:17+02:00,Added example on ignoring of unknown options.,False,1,clickdoctools.py,docs/clickdoctools.py,22,2,24,0,0
4851f7ca51291a746973be7e3a6647029b4ced72,Armin Ronacher,Armin Ronacher,2014-09-09 17:28:17+00:00,2014-09-09T19:28:17+02:00,Added example on ignoring of unknown options.,False,1,core.py,click/core.py,7,2,9,0,1
f1c2ce9a7407d1c62fcba2251204d336f718f353,Armin Ronacher,Armin Ronacher,2014-09-09 22:00:32+00:00,2014-09-10T00:00:32+02:00,Implemented max_content_width.  This fixes #216,False,1,CHANGES,CHANGES,3,0,3,1,0
f1c2ce9a7407d1c62fcba2251204d336f718f353,Armin Ronacher,Armin Ronacher,2014-09-09 22:00:32+00:00,2014-09-10T00:00:32+02:00,Implemented max_content_width.  This fixes #216,False,1,core.py,click/core.py,21,4,25,1,1
f1c2ce9a7407d1c62fcba2251204d336f718f353,Armin Ronacher,Armin Ronacher,2014-09-09 22:00:32+00:00,2014-09-10T00:00:32+02:00,Implemented max_content_width.  This fixes #216,False,1,formatting.py,click/formatting.py,4,2,6,1,0
65ca572d7c193123b9bcfdb4c2c7d9be9199be21,Armin Ronacher,Armin Ronacher,2014-09-09 22:12:48+00:00,2014-09-10T00:12:48+02:00,Fixed up pausing tests and added doc information.,False,1,termui.py,click/termui.py,11,0,11,1,1
65ca572d7c193123b9bcfdb4c2c7d9be9199be21,Armin Ronacher,Armin Ronacher,2014-09-09 22:12:48+00:00,2014-09-10T00:12:48+02:00,Fixed up pausing tests and added doc information.,False,1,test_utils.py,tests/test_utils.py,5,6,11,1,0
4866bd82f0ea70032b0f0ef0a10972d9a47cfb70,Armin Ronacher,Armin Ronacher,2014-09-09 22:13:15+00:00,2014-09-10T00:13:15+02:00,Added changelog entry.,False,1,CHANGES,CHANGES,1,0,1,0,0
770e1e9ccb3c45b9363e2a3b3fbd5d3f6da773ea,Markus Unterwaditzer,Markus Unterwaditzer,2014-09-20 21:08:43+00:00,2014-09-20T23:48:07+02:00,Add color parameter to testrunner,False,1,test_testing.py,tests/test_testing.py,27,0,27,0,1
770e1e9ccb3c45b9363e2a3b3fbd5d3f6da773ea,Markus Unterwaditzer,Markus Unterwaditzer,2014-09-20 21:08:43+00:00,2014-09-20T23:48:07+02:00,Add color parameter to testrunner,False,1,testing.py,click/testing.py,22,3,25,0,1
6359b85a4ab3558c9d2d3af6551c9c4caad6cae1,Ray Lehtiniemi,Ray Lehtiniemi,2014-10-07 04:30:59+00:00,2014-10-06T22:30:59-06:00,Set Command __doc__ string from the callback so Sphinx docs look nicer,False,1,decorators.py,click/decorators.py,3,1,4,0,1
4336a5d3eaf5500a6f3041b30c7887361dea5737,Simon Jagoe,Simon Jagoe,2014-10-22 09:16:16+00:00,2014-10-22T10:48:04+01:00,Add failing test for formatting,False,1,test_formatting.py,tests/test_formatting.py,34,0,34,0,1
ebd751cab2f1af064169575b2d24435c93d4a899,Simon Jagoe,Simon Jagoe,2014-10-22 09:41:20+00:00,2014-10-22T10:48:05+01:00,Add subsequent indent outside of the text wrapper,False,1,formatting.py,click/formatting.py,12,4,16,0,1
e2c3b9bc6122562c015bb98d3890a6d6512fba24,Simon Jagoe,Simon Jagoe,2014-10-22 09:47:34+00:00,2014-10-22T10:48:05+01:00,Fix corner-case where subsequent wrapped lines are one character longer than max width,False,1,test_formatting.py,tests/test_formatting.py,6,1,7,1,0
e2c3b9bc6122562c015bb98d3890a6d6512fba24,Simon Jagoe,Simon Jagoe,2014-10-22 09:47:34+00:00,2014-10-22T10:48:05+01:00,Fix corner-case where subsequent wrapped lines are one character longer than max width,False,1,formatting.py,click/formatting.py,6,4,10,1,0
180136fdf93603c1664f3a2809e57d1bae9c699f,Yuval Langer,Yuval Langer,2014-11-15 12:31:26+00:00,2014-11-15T14:58:01+02:00,Minor typo correction,False,1,types.py,click/types.py,2,2,4,1,1
17bbb9e5b48666d526954e75323debc02f4f78f4,Ulrich Petri,Ulrich Petri,2014-11-17 16:24:45+00:00,2014-11-17T17:29:25+01:00,"Test for help exception on option with multiple, show_default and list default",False,1,test_options.py,tests/test_options.py,15,0,15,1,0
ed0ca75d6e3e9d0aac6c3675dca20f3085e30be7,Ulrich Petri,Ulrich Petri,2014-11-17 16:26:18+00:00,2014-11-17T17:29:47+01:00,"Fixes exception in Option.get_help_record() for option with multiple, show_default and default list",False,1,core.py,click/core.py,4,1,5,1,1
3959b93280a64cf608329bc28dfe147d343bc6e6,Sławek Ehlert,Sławek Ehlert,2015-01-21 15:41:33+00:00,2015-01-21T16:41:33+01:00,small docstring fix in argument decorator,False,1,decorators.py,click/decorators.py,2,2,4,1,0
3a2585cb70bb43897b9fa2d749421d8b99db1e87,Markus Unterwaditzer,Markus Unterwaditzer,2015-01-29 13:46:56+00:00,2015-01-29T14:46:56+01:00,Changelog for #252,False,1,CHANGES,CHANGES,1,0,1,0,0
8e2e583694ac0b374a3aa9712e8274ef3519f1d1,Sławek Ehlert,Sławek Ehlert,2015-01-29 14:09:38+00:00,2015-01-29T15:09:38+01:00,ability to pass custom implementations of ``Option`` and ``Argument``,False,1,test_options.py,tests/test_options.py,32,0,32,0,1
8e2e583694ac0b374a3aa9712e8274ef3519f1d1,Sławek Ehlert,Sławek Ehlert,2015-01-29 14:09:38+00:00,2015-01-29T15:09:38+01:00,ability to pass custom implementations of ``Option`` and ``Argument``,False,1,decorators.py,click/decorators.py,16,8,24,0,0
950fbc2b601e5424f195b19690ae7abb0e5baae6,Sławek Ehlert,Sławek Ehlert,2015-01-29 14:16:45+00:00,2015-01-29T15:16:45+01:00,fix spelling,False,1,test_options.py,tests/test_options.py,2,2,4,1,1
48b899155ae212d87c6a004d4f50e4daa0486ba7,Sławek Ehlert,Sławek Ehlert,2015-01-29 14:34:25+00:00,2015-01-29T15:34:25+01:00,adjust the wording so it's similar to the docstring of command,False,1,decorators.py,click/decorators.py,4,4,8,0,0
61de69436da40177581154bc2e642381eb204973,Markus Unterwaditzer,Markus Unterwaditzer,2015-01-29 14:42:31+00:00,2015-01-29T15:42:31+01:00,Changelog for #285,False,1,CHANGES,CHANGES,1,0,1,0,0
b7c3f9035ae86ce033d2ef640d27432c5614dd20,Dwight Holman,Dwight Holman,2015-01-30 23:36:50+00:00,2015-01-30T15:36:50-08:00,Modify _bashcomplete for zsh use,False,1,_bashcomplete.py,click/_bashcomplete.py,1,1,2,0,1
7b1d403523a419ab75b4f61588abc6629d395d16,luw2007,luw2007,2015-01-31 14:41:27+00:00,2015-01-31T22:41:27+08:00,"Fix clear() on win, colorama",False,1,termui.py,click/termui.py,1,1,2,1,0
f5bf28409e3652f220e4301c457b20228b54f2e0,Markus Unterwaditzer,Markus Unterwaditzer,2015-01-31 18:14:35+00:00,2015-01-31T19:14:35+01:00,Changelog for #288,False,1,CHANGES,CHANGES,1,0,1,0,1
b9ac0929097a737488305650456de03236970ffb,Jayin,Jayin,2015-02-05 18:04:24+00:00,2015-02-06T02:04:24+08:00,typo,False,1,setup.py,examples/aliases/setup.py,1,1,2,0,0
b9ac0929097a737488305650456de03236970ffb,Jayin,Jayin,2015-02-05 18:04:24+00:00,2015-02-06T02:04:24+08:00,typo,False,1,setup.py,examples/colors/setup.py,1,1,2,0,0
b9ac0929097a737488305650456de03236970ffb,Jayin,Jayin,2015-02-05 18:04:24+00:00,2015-02-06T02:04:24+08:00,typo,False,1,setup.py,examples/complex/setup.py,1,1,2,0,0
b9ac0929097a737488305650456de03236970ffb,Jayin,Jayin,2015-02-05 18:04:24+00:00,2015-02-06T02:04:24+08:00,typo,False,1,setup.py,examples/imagepipe/setup.py,1,1,2,0,0
b9ac0929097a737488305650456de03236970ffb,Jayin,Jayin,2015-02-05 18:04:24+00:00,2015-02-06T02:04:24+08:00,typo,False,1,setup.py,examples/termui/setup.py,1,1,2,0,0
b9ac0929097a737488305650456de03236970ffb,Jayin,Jayin,2015-02-05 18:04:24+00:00,2015-02-06T02:04:24+08:00,typo,False,1,setup.py,examples/naval/setup.py,1,1,2,0,0
b9ac0929097a737488305650456de03236970ffb,Jayin,Jayin,2015-02-05 18:04:24+00:00,2015-02-06T02:04:24+08:00,typo,False,1,setup.py,examples/repo/setup.py,1,1,2,0,0
b9ac0929097a737488305650456de03236970ffb,Jayin,Jayin,2015-02-05 18:04:24+00:00,2015-02-06T02:04:24+08:00,typo,False,1,setup.py,examples/validation/setup.py,1,1,2,0,0
b9ac0929097a737488305650456de03236970ffb,Jayin,Jayin,2015-02-05 18:04:24+00:00,2015-02-06T02:04:24+08:00,typo,False,1,setup.py,examples/inout/setup.py,1,1,2,0,0
8cee956e7fec1cd1677a2fcb8fc999fba20987c9,Vishal Sodani,Vishal Sodani,2015-02-16 04:39:54+00:00,2015-02-16T10:09:54+05:30,Fix spelling,False,1,core.py,click/core.py,3,3,6,1,0
58b5beee388feeba44f511217dcb67212bad581b,Sylvain Fankhauser,Sylvain Fankhauser,2015-02-21 18:56:30+00:00,2015-02-21T19:56:30+01:00,Fix bashism in get_editor(),False,1,_termui_impl.py,click/_termui_impl.py,1,1,2,1,0
d079fb6512121bf164dccbb1f9ba377207c0b06a,Sergey Kozub,Sergey Kozub,2015-02-25 14:51:50+00:00,2015-02-25T17:51:50+03:00,respect Command.add_help_option,False,1,core.py,click/core.py,1,1,2,0,1
9da1791476fe79ce77aa7a2a2db370c91a455251,Armin Ronacher,Armin Ronacher,2015-03-31 09:58:13+00:00,2015-03-31T12:00:12+02:00,Error on nargs=-1 for options.  This fixes #222,False,1,CHANGES,CHANGES,1,0,1,1,1
9da1791476fe79ce77aa7a2a2db370c91a455251,Armin Ronacher,Armin Ronacher,2015-03-31 09:58:13+00:00,2015-03-31T12:00:12+02:00,Error on nargs=-1 for options.  This fixes #222,False,1,test_options.py,tests/test_options.py,12,0,12,1,1
9da1791476fe79ce77aa7a2a2db370c91a455251,Armin Ronacher,Armin Ronacher,2015-03-31 09:58:13+00:00,2015-03-31T12:00:12+02:00,Error on nargs=-1 for options.  This fixes #222,False,1,test_arguments.py,tests/test_arguments.py,2,2,4,1,1
9da1791476fe79ce77aa7a2a2db370c91a455251,Armin Ronacher,Armin Ronacher,2015-03-31 09:58:13+00:00,2015-03-31T12:00:12+02:00,Error on nargs=-1 for options.  This fixes #222,False,1,core.py,click/core.py,2,0,2,1,0
7c138a659ecf4501c86938c482c75fe851cd570c,Armin Ronacher,Armin Ronacher,2015-03-31 10:06:47+00:00,2015-03-31T12:06:47+02:00,Fixed generated bash complete function name.  This fixes #221,False,1,_bashcomplete.py,click/_bashcomplete.py,5,1,6,1,1
7c138a659ecf4501c86938c482c75fe851cd570c,Armin Ronacher,Armin Ronacher,2015-03-31 10:06:47+00:00,2015-03-31T12:06:47+02:00,Fixed generated bash complete function name.  This fixes #221,False,1,CHANGES,CHANGES,2,0,2,1,0
7c138a659ecf4501c86938c482c75fe851cd570c,Armin Ronacher,Armin Ronacher,2015-03-31 10:06:47+00:00,2015-03-31T12:06:47+02:00,Fixed generated bash complete function name.  This fixes #221,False,1,test_compat.py,tests/test_compat.py,7,0,7,1,1
90d7ee94a63b6127dec5f555fd8b19062ceceeea,Armin Ronacher,Armin Ronacher,2015-03-31 10:50:55+00:00,2015-03-31T12:51:15+02:00,Added support for manually advancing progressbars.,False,1,termui.py,examples/termui/termui.py,11,0,11,0,0
90d7ee94a63b6127dec5f555fd8b19062ceceeea,Armin Ronacher,Armin Ronacher,2015-03-31 10:50:55+00:00,2015-03-31T12:51:15+02:00,Added support for manually advancing progressbars.,False,1,termui.py,click/termui.py,13,3,16,0,0
90d7ee94a63b6127dec5f555fd8b19062ceceeea,Armin Ronacher,Armin Ronacher,2015-03-31 10:50:55+00:00,2015-03-31T12:51:15+02:00,Added support for manually advancing progressbars.,False,1,_termui_impl.py,click/_termui_impl.py,7,4,11,0,1
90d7ee94a63b6127dec5f555fd8b19062ceceeea,Armin Ronacher,Armin Ronacher,2015-03-31 10:50:55+00:00,2015-03-31T12:51:15+02:00,Added support for manually advancing progressbars.,False,1,CHANGES,CHANGES,1,0,1,0,0
64f57fea3a2d82b590e93fe29cb85c87be08a8a4,Armin Ronacher,Armin Ronacher,2015-03-31 13:38:00+00:00,2015-03-31T15:39:17+02:00,Refactor missing parameter handling.,False,1,__init__.py,click/__init__.py,2,2,4,0,1
64f57fea3a2d82b590e93fe29cb85c87be08a8a4,Armin Ronacher,Armin Ronacher,2015-03-31 13:38:00+00:00,2015-03-31T15:39:17+02:00,Refactor missing parameter handling.,False,1,CHANGES,CHANGES,4,0,4,0,0
64f57fea3a2d82b590e93fe29cb85c87be08a8a4,Armin Ronacher,Armin Ronacher,2015-03-31 13:38:00+00:00,2015-03-31T15:39:17+02:00,Refactor missing parameter handling.,False,1,exceptions.py,click/exceptions.py,51,4,55,0,1
64f57fea3a2d82b590e93fe29cb85c87be08a8a4,Armin Ronacher,Armin Ronacher,2015-03-31 13:38:00+00:00,2015-03-31T15:39:17+02:00,Refactor missing parameter handling.,False,1,core.py,click/core.py,17,14,31,0,1
f7c124ed82ee1307bf61be652367d8fc8097e4ed,Armin Ronacher,Armin Ronacher,2015-03-31 14:48:44+00:00,2015-03-31T16:48:44+02:00,Added support for tuple types.  This fixes #239,False,1,test_arguments.py,tests/test_arguments.py,21,0,21,1,1
f7c124ed82ee1307bf61be652367d8fc8097e4ed,Armin Ronacher,Armin Ronacher,2015-03-31 14:48:44+00:00,2015-03-31T16:48:44+02:00,Added support for tuple types.  This fixes #239,False,1,types.py,click/types.py,39,0,39,1,1
f7c124ed82ee1307bf61be652367d8fc8097e4ed,Armin Ronacher,Armin Ronacher,2015-03-31 14:48:44+00:00,2015-03-31T16:48:44+02:00,Added support for tuple types.  This fixes #239,False,1,core.py,click/core.py,26,3,29,1,0
f7c124ed82ee1307bf61be652367d8fc8097e4ed,Armin Ronacher,Armin Ronacher,2015-03-31 14:48:44+00:00,2015-03-31T16:48:44+02:00,Added support for tuple types.  This fixes #239,False,1,__init__.py,click/__init__.py,4,4,8,1,0
f7c124ed82ee1307bf61be652367d8fc8097e4ed,Armin Ronacher,Armin Ronacher,2015-03-31 14:48:44+00:00,2015-03-31T16:48:44+02:00,Added support for tuple types.  This fixes #239,False,1,test_options.py,tests/test_options.py,15,0,15,1,1
e948c6946e5ba0c1e5a8a419d7e412764608c1f4,Armin Ronacher,Armin Ronacher,2015-03-31 15:08:31+00:00,2015-03-31T17:08:31+02:00,Fixed up tests for Python 3,False,1,test_options.py,tests/test_options.py,1,1,2,1,1
e948c6946e5ba0c1e5a8a419d7e412764608c1f4,Armin Ronacher,Armin Ronacher,2015-03-31 15:08:31+00:00,2015-03-31T17:08:31+02:00,Fixed up tests for Python 3,False,1,test_arguments.py,tests/test_arguments.py,4,4,8,1,1
01ec368db98de546fa8800eac07177766f47d70e,Armin Ronacher,Armin Ronacher,2015-03-31 16:00:57+00:00,2015-03-31T18:00:57+02:00,Updated date for 4.0 release.,False,1,CHANGES,CHANGES,1,1,2,0,0
cca55b7ee542206485b85f1300f7a5386411c8ea,Armin Ronacher,Armin Ronacher,2015-03-31 16:01:29+00:00,2015-03-31T18:01:29+02:00,This is 4.0,False,1,__init__.py,click/__init__.py,1,1,2,0,0
b5466bd47999c6482a1c01dfb2466f35e91e0934,Armin Ronacher,Armin Ronacher,2015-03-31 16:02:42+00:00,2015-03-31T18:02:42+02:00,This is 5.0-dev,False,1,CHANGES,CHANGES,5,0,5,0,0
b5466bd47999c6482a1c01dfb2466f35e91e0934,Armin Ronacher,Armin Ronacher,2015-03-31 16:02:42+00:00,2015-03-31T18:02:42+02:00,This is 5.0-dev,False,1,__init__.py,click/__init__.py,1,1,2,0,0
537e7b386a1e3452f0828674238f71e38ba80a5c,Armin Ronacher,Armin Ronacher,2015-03-31 16:41:14+00:00,2015-03-31T18:41:14+02:00,Automatically set the date in the docs,False,1,conf.py,docs/conf.py,2,1,3,0,0
0d9731e97c9af9e5b0f5fd8421aeb0184ad42b70,Armin Ronacher,Armin Ronacher,2015-03-31 18:06:18+00:00,2015-03-31T20:06:18+02:00,Removed deprecated functionality.,False,1,test_chain.py,tests/test_chain.py,0,31,31,0,0
0d9731e97c9af9e5b0f5fd8421aeb0184ad42b70,Armin Ronacher,Armin Ronacher,2015-03-31 18:06:18+00:00,2015-03-31T20:06:18+02:00,Removed deprecated functionality.,False,1,core.py,click/core.py,2,39,41,0,0
0d9731e97c9af9e5b0f5fd8421aeb0184ad42b70,Armin Ronacher,Armin Ronacher,2015-03-31 18:06:18+00:00,2015-03-31T20:06:18+02:00,Removed deprecated functionality.,False,1,CHANGES,CHANGES,2,0,2,0,1
0d9731e97c9af9e5b0f5fd8421aeb0184ad42b70,Armin Ronacher,Armin Ronacher,2015-03-31 18:06:18+00:00,2015-03-31T20:06:18+02:00,Removed deprecated functionality.,False,1,test_commands.py,tests/test_commands.py,0,17,17,0,0
ce3ddd22ac5463f2b9db38815a93c76b99c00f62,Kevin Wurster,Markus Unterwaditzer,2015-03-31 20:05:46+00:00,2015-04-24T20:13:08+02:00,Suppress trailing None in usage/error output as described in mitsuhiko/click/#312.,False,1,exceptions.py,click/exceptions.py,1,1,2,1,1
4e519da58ac79fbd97eb86eb7717603d77eec379,Simon Jagoe,Markus Unterwaditzer,2015-04-02 19:08:21+00:00,2015-04-26T14:11:32+02:00,Fix formatting issue when last line of docstring is blank,False,1,test_formatting.py,tests/test_formatting.py,21,0,21,0,0
4e519da58ac79fbd97eb86eb7717603d77eec379,Simon Jagoe,Markus Unterwaditzer,2015-04-02 19:08:21+00:00,2015-04-26T14:11:32+02:00,Fix formatting issue when last line of docstring is blank,False,1,formatting.py,click/formatting.py,1,1,2,0,0
3ddc556a9f20267b2c46b5c9ceda6c3d8f26e79b,Frank Hoffmann,Markus Unterwaditzer,2015-04-16 09:52:12+00:00,2015-07-14T18:59:41+02:00,Fix type inference for multiple options,False,1,CHANGES,CHANGES,1,0,1,1,0
3ddc556a9f20267b2c46b5c9ceda6c3d8f26e79b,Frank Hoffmann,Markus Unterwaditzer,2015-04-16 09:52:12+00:00,2015-07-14T18:59:41+02:00,Fix type inference for multiple options,False,1,types.py,click/types.py,12,4,16,1,1
3ddc556a9f20267b2c46b5c9ceda6c3d8f26e79b,Frank Hoffmann,Markus Unterwaditzer,2015-04-16 09:52:12+00:00,2015-07-14T18:59:41+02:00,Fix type inference for multiple options,False,1,test_options.py,tests/test_options.py,13,0,13,1,1
61cf523ec891b1d34962fd000de94836cd6015e4,Markus Unterwaditzer,Markus Unterwaditzer,2015-04-24 18:15:16+00:00,2015-04-24T20:15:17+02:00,Bump version to 4.1-dev,False,1,CHANGES,CHANGES,7,0,7,0,0
61cf523ec891b1d34962fd000de94836cd6015e4,Markus Unterwaditzer,Markus Unterwaditzer,2015-04-24 18:15:16+00:00,2015-04-24T20:15:17+02:00,Bump version to 4.1-dev,False,1,__init__.py,click/__init__.py,1,1,2,0,0
7ec17e4f827ea8ba1e877185316df02a0a8205b8,Markus Unterwaditzer,Markus Unterwaditzer,2015-04-26 12:14:30+00:00,2015-04-26T14:14:30+02:00,Changes for #315,False,1,CHANGES,CHANGES,1,0,1,0,0
0f20511f41e8d99acd074b063cadaa0b9f8aecf0,Chris Kamradt,Markus Unterwaditzer,2015-05-06 02:54:04+00:00,2015-07-14T19:31:13+02:00,Fix bug with multiple args after star arg,False,1,utils.py,click/utils.py,7,1,8,1,0
0f20511f41e8d99acd074b063cadaa0b9f8aecf0,Chris Kamradt,Markus Unterwaditzer,2015-05-06 02:54:04+00:00,2015-07-14T19:31:13+02:00,Fix bug with multiple args after star arg,False,1,test_arguments.py,tests/test_arguments.py,34,0,34,1,1
69663168ba184591fd474829ac9ab2c04c6284b8,Markus Unterwaditzer,Markus Unterwaditzer,2015-05-09 18:07:06+00:00,2015-07-24T23:20:59+02:00,Make click.echo()'s 'nl=True' thread-safe,False,1,CHANGES,CHANGES,2,0,2,0,1
69663168ba184591fd474829ac9ab2c04c6284b8,Markus Unterwaditzer,Markus Unterwaditzer,2015-05-09 18:07:06+00:00,2015-07-24T23:20:59+02:00,Make click.echo()'s 'nl=True' thread-safe,False,1,utils.py,click/utils.py,7,4,11,0,0
918903b5276b20b4bc203fe1ccd9531f1f9dbd1b,Kevin Wurster,Kevin Wurster,2015-05-19 00:22:10+00:00,2015-05-20T09:13:08-04:00,Make click.utils.KeepOpenFile() and LazyFile() iterators.,False,1,utils.py,click/utils.py,7,0,7,0,1
918903b5276b20b4bc203fe1ccd9531f1f9dbd1b,Kevin Wurster,Kevin Wurster,2015-05-19 00:22:10+00:00,2015-05-20T09:13:08-04:00,Make click.utils.KeepOpenFile() and LazyFile() iterators.,False,1,test_utils.py,tests/test_utils.py,22,1,23,0,1
50c9f34691026fa2dbfee0a2fe66a5e8c0cee8ad,Armin Ronacher,Armin Ronacher,2015-05-29 11:40:27+00:00,2015-05-29T13:40:27+02:00,Support missing stream encodings on Python 3.  This fixes #344,False,1,CHANGES,CHANGES,2,0,2,1,1
50c9f34691026fa2dbfee0a2fe66a5e8c0cee8ad,Armin Ronacher,Armin Ronacher,2015-05-29 11:40:27+00:00,2015-05-29T13:40:27+02:00,Support missing stream encodings on Python 3.  This fixes #344,False,1,_compat.py,click/_compat.py,5,1,6,1,0
e71f0a040a81e03276b25ab1d1b0671822ab331b,Markus Unterwaditzer,Markus Unterwaditzer,2015-06-01 10:36:19+00:00,2015-06-01T12:58:01+02:00,Handle ^C in less-pager properly.,False,1,_termui_impl.py,click/_termui_impl.py,16,1,17,1,0
e71f0a040a81e03276b25ab1d1b0671822ab331b,Markus Unterwaditzer,Markus Unterwaditzer,2015-06-01 10:36:19+00:00,2015-06-01T12:58:01+02:00,Handle ^C in less-pager properly.,False,1,CHANGES,CHANGES,1,0,1,1,0
6308703c56d4e70883123c5c21a5ee54e412efe9,Amjith Ramanujam,Amjith Ramanujam,2015-06-02 23:49:03+00:00,2015-06-02T16:49:03-07:00,Ignore KeyboardInterrupt while writing to pager.,False,1,_termui_impl.py,click/_termui_impl.py,1,1,2,0,0
60e4ea3a292ab2f8ecbb39ff47218cb87ba7ad90,Amjith Ramanujam,Markus Unterwaditzer,2015-06-02 23:49:03+00:00,2015-06-03T20:12:48+02:00,Ignore KeyboardInterrupt while writing to pager.,False,1,_termui_impl.py,click/_termui_impl.py,1,1,2,0,1
f4961a8195fcb3ee2d168716d905fd3e64d1f3aa,Markus Unterwaditzer,Markus Unterwaditzer,2015-06-10 17:07:34+00:00,2015-06-10T19:08:12+02:00,Some usability stuff for atomic writes,False,1,_compat.py,click/_compat.py,13,0,13,0,1
f4961a8195fcb3ee2d168716d905fd3e64d1f3aa,Markus Unterwaditzer,Markus Unterwaditzer,2015-06-10 17:07:34+00:00,2015-06-10T19:08:12+02:00,Some usability stuff for atomic writes,False,1,CHANGES,CHANGES,1,0,1,0,1
d8a7cea172977d48a58023b80ca42b76e7ac3956,Mark Thomas,Mark Thomas,2015-06-13 18:28:07+00:00,2015-06-13T19:28:07+01:00,Improve help text formatting.,False,1,test_formatting.py,tests/test_formatting.py,37,1,38,0,1
d8a7cea172977d48a58023b80ca42b76e7ac3956,Mark Thomas,Mark Thomas,2015-06-13 18:28:07+00:00,2015-06-13T19:28:07+01:00,Improve help text formatting.,False,1,formatting.py,click/formatting.py,20,21,41,0,1
1a63c21678a0896ba440bc0fda6ef58e3574510a,Mark Thomas,Mark Thomas,2015-06-13 19:31:37+00:00,2015-06-13T20:31:37+01:00,New line indent relative to length of the prefix,False,1,test_formatting.py,tests/test_formatting.py,3,2,5,1,1
1a63c21678a0896ba440bc0fda6ef58e3574510a,Mark Thomas,Mark Thomas,2015-06-13 19:31:37+00:00,2015-06-13T20:31:37+01:00,New line indent relative to length of the prefix,False,1,formatting.py,click/formatting.py,6,6,12,1,0
be2c42b570cf702cb33f2cc4e26e8e69fba5ad9e,Markus Unterwaditzer,Markus Unterwaditzer,2015-06-13 19:39:26+00:00,2015-06-13T21:39:26+02:00,Fix crash if sys.getfilesystemencoding() is None,False,1,types.py,click/types.py,3,2,5,1,0
be2c42b570cf702cb33f2cc4e26e8e69fba5ad9e,Markus Unterwaditzer,Markus Unterwaditzer,2015-06-13 19:39:26+00:00,2015-06-13T21:39:26+02:00,Fix crash if sys.getfilesystemencoding() is None,False,1,utils.py,click/utils.py,5,5,10,1,1
be2c42b570cf702cb33f2cc4e26e8e69fba5ad9e,Markus Unterwaditzer,Markus Unterwaditzer,2015-06-13 19:39:26+00:00,2015-06-13T21:39:26+02:00,Fix crash if sys.getfilesystemencoding() is None,False,1,CHANGES,CHANGES,1,0,1,1,0
be2c42b570cf702cb33f2cc4e26e8e69fba5ad9e,Markus Unterwaditzer,Markus Unterwaditzer,2015-06-13 19:39:26+00:00,2015-06-13T21:39:26+02:00,Fix crash if sys.getfilesystemencoding() is None,False,1,_compat.py,click/_compat.py,6,2,8,1,0
c904e5d2557946a2c53e6c45e08e0c4718b9e1c5,Mark Thomas,Mark Thomas,2015-06-13 19:54:08+00:00,2015-06-13T20:54:08+01:00,Add changelog entry,False,1,CHANGES,CHANGES,2,0,2,0,1
807c5df0b9528d387ff48f0e593907760b2ad6ce,Torf,Torf,2015-06-19 17:56:24+00:00,2015-06-20T18:20:18+02:00,Fixed issue #362.,False,1,CHANGES,CHANGES,2,0,2,1,1
807c5df0b9528d387ff48f0e593907760b2ad6ce,Torf,Torf,2015-06-19 17:56:24+00:00,2015-06-20T18:20:18+02:00,Fixed issue #362.,False,1,testing.py,click/testing.py,7,1,8,1,1
807c5df0b9528d387ff48f0e593907760b2ad6ce,Torf,Torf,2015-06-19 17:56:24+00:00,2015-06-20T18:20:18+02:00,Fixed issue #362.,False,1,test_testing.py,tests/test_testing.py,43,0,43,1,1
6b1f11ddd64e2a577d4e32b315356ebcd3d5434b,Markus Unterwaditzer,Markus Unterwaditzer,2015-06-21 17:53:10+00:00,2015-06-21T19:53:10+02:00,Avoid new local variable,False,1,testing.py,click/testing.py,6,6,12,1,0
4592098a58de5425ce75f2a8768b79945c32d8bb,Markus Unterwaditzer,Markus Unterwaditzer,2015-06-21 21:22:33+00:00,2015-06-21T23:23:10+02:00,Fix crash when writing to unicode files,False,1,test_utils.py,tests/test_utils.py,7,0,7,1,0
4592098a58de5425ce75f2a8768b79945c32d8bb,Markus Unterwaditzer,Markus Unterwaditzer,2015-06-21 21:22:33+00:00,2015-06-21T23:23:10+02:00,Fix crash when writing to unicode files,False,1,utils.py,click/utils.py,1,1,2,1,1
4592098a58de5425ce75f2a8768b79945c32d8bb,Markus Unterwaditzer,Markus Unterwaditzer,2015-06-21 21:22:33+00:00,2015-06-21T23:23:10+02:00,Fix crash when writing to unicode files,False,1,CHANGES,CHANGES,1,0,1,1,0
99be9d2bbb502c956e366528185f7f0e62733ad1,Antoine Bertin,Antoine Bertin,2015-07-12 15:53:42+00:00,2015-07-12T17:53:42+02:00,Fix documentation of MultiCommand,False,1,core.py,click/core.py,1,1,2,0,0
d495fbc154336f43ce58924b441f2fe63e771115,Antoine Bertin,Antoine Bertin,2015-07-12 17:49:26+00:00,2015-07-12T19:49:26+02:00,Typo in Tuple,False,1,types.py,click/types.py,1,1,2,0,0
0b2e15e726e42506bcec8c0ad444b035508b04b4,Markus Unterwaditzer,Markus Unterwaditzer,2015-07-14 17:34:52+00:00,2015-07-14T19:34:52+02:00,Fix broken example,False,1,utils.py,click/utils.py,1,1,2,1,0
525ef9d2b376b250c11dd3506fafa2c60e305739,Markus Unterwaditzer,Markus Unterwaditzer,2015-07-14 17:46:49+00:00,2015-07-14T19:47:45+02:00,Version 4.1,False,1,__init__.py,click/__init__.py,1,1,2,0,0
525ef9d2b376b250c11dd3506fafa2c60e305739,Markus Unterwaditzer,Markus Unterwaditzer,2015-07-14 17:46:49+00:00,2015-07-14T19:47:45+02:00,Version 4.1,False,1,CHANGES,CHANGES,1,1,2,0,0
39c1273fa4354281a789a15475fcd7587e795e27,Markus Unterwaditzer,Markus Unterwaditzer,2015-07-14 17:51:31+00:00,2015-07-14T19:51:31+02:00,Bump to 4.2-dev,False,1,__init__.py,click/__init__.py,1,1,2,0,0
695ca3406ba7ef12f5c49eeaa226f4cd13408f03,Armin Ronacher,Armin Ronacher,2015-07-14 20:53:38+00:00,2015-07-14T22:53:38+02:00,Implement support for thread local context.,False,1,core.py,click/core.py,4,2,6,0,0
695ca3406ba7ef12f5c49eeaa226f4cd13408f03,Armin Ronacher,Armin Ronacher,2015-07-14 20:53:38+00:00,2015-07-14T22:53:38+02:00,Implement support for thread local context.,False,1,decorators.py,click/decorators.py,6,6,12,0,0
695ca3406ba7ef12f5c49eeaa226f4cd13408f03,Armin Ronacher,Armin Ronacher,2015-07-14 20:53:38+00:00,2015-07-14T22:53:38+02:00,Implement support for thread local context.,False,1,__init__.py,click/__init__.py,6,0,6,0,0
695ca3406ba7ef12f5c49eeaa226f4cd13408f03,Armin Ronacher,Armin Ronacher,2015-07-14 20:53:38+00:00,2015-07-14T22:53:38+02:00,Implement support for thread local context.,False,1,termui.py,click/termui.py,3,0,3,0,0
695ca3406ba7ef12f5c49eeaa226f4cd13408f03,Armin Ronacher,Armin Ronacher,2015-07-14 20:53:38+00:00,2015-07-14T22:53:38+02:00,Implement support for thread local context.,False,1,test_context.py,tests/test_context.py,13,0,13,0,0
695ca3406ba7ef12f5c49eeaa226f4cd13408f03,Armin Ronacher,Armin Ronacher,2015-07-14 20:53:38+00:00,2015-07-14T22:53:38+02:00,Implement support for thread local context.,False,1,test_imports.py,tests/test_imports.py,2,1,3,0,0
695ca3406ba7ef12f5c49eeaa226f4cd13408f03,Armin Ronacher,Armin Ronacher,2015-07-14 20:53:38+00:00,2015-07-14T22:53:38+02:00,Implement support for thread local context.,False,1,globals.py,click/globals.py,46,0,46,0,0
695ca3406ba7ef12f5c49eeaa226f4cd13408f03,Armin Ronacher,Armin Ronacher,2015-07-14 20:53:38+00:00,2015-07-14T22:53:38+02:00,Implement support for thread local context.,False,1,utils.py,click/utils.py,3,0,3,0,0
421e46acbe6b161f1c8df6ddee4857f60f45cabc,Armin Ronacher,Armin Ronacher,2015-07-15 13:32:41+00:00,2015-07-15T15:32:41+02:00,Documented the use of get_current_context,False,1,CHANGES,CHANGES,1,0,1,0,0
86facdb1725a3e1fd0cd24082a973f7f8d156ed7,Armin Ronacher,Armin Ronacher,2015-07-19 20:55:47+00:00,2015-07-19T22:55:47+02:00,Added Context.meta,False,1,test_context.py,tests/test_context.py,19,0,19,0,0
86facdb1725a3e1fd0cd24082a973f7f8d156ed7,Armin Ronacher,Armin Ronacher,2015-07-19 20:55:47+00:00,2015-07-19T22:55:47+02:00,Added Context.meta,False,1,core.py,click/core.py,30,0,30,0,0
86facdb1725a3e1fd0cd24082a973f7f8d156ed7,Armin Ronacher,Armin Ronacher,2015-07-19 20:55:47+00:00,2015-07-19T22:55:47+02:00,Added Context.meta,False,1,CHANGES,CHANGES,2,0,2,0,0
8e31125e7488cd17a53988836615bc2edb7f4f53,Armin Ronacher,Armin Ronacher,2015-07-20 15:29:55+00:00,2015-07-20T17:29:55+02:00,Added Context.scope,False,1,test_context.py,tests/test_context.py,24,0,24,0,0
8e31125e7488cd17a53988836615bc2edb7f4f53,Armin Ronacher,Armin Ronacher,2015-07-20 15:29:55+00:00,2015-07-20T17:29:55+02:00,Added Context.scope,False,1,globals.py,click/globals.py,2,0,2,0,0
8e31125e7488cd17a53988836615bc2edb7f4f53,Armin Ronacher,Armin Ronacher,2015-07-20 15:29:55+00:00,2015-07-20T17:29:55+02:00,Added Context.scope,False,1,core.py,click/core.py,38,1,39,0,0
8e31125e7488cd17a53988836615bc2edb7f4f53,Armin Ronacher,Armin Ronacher,2015-07-20 15:29:55+00:00,2015-07-20T17:29:55+02:00,Added Context.scope,False,1,CHANGES,CHANGES,1,0,1,0,0
fe2f525e720a6f71e8ac4079807b64df13063e8a,Armin Ronacher,Armin Ronacher,2015-07-20 18:25:29+00:00,2015-07-20T20:25:29+02:00,More defensive for scope depth management,False,1,core.py,click/core.py,6,4,10,0,0
fe2f525e720a6f71e8ac4079807b64df13063e8a,Armin Ronacher,Armin Ronacher,2015-07-20 18:25:29+00:00,2015-07-20T20:25:29+02:00,More defensive for scope depth management,False,1,test_context.py,tests/test_context.py,4,2,6,0,1
36f83d91e27b5b88ee806cb40f284658e2f9cdb5,Markus Unterwaditzer,Markus Unterwaditzer,2015-07-24 23:38:40+00:00,2015-07-25T01:41:24+02:00,Password prompt now prints a newline on `^C`.,False,1,test_utils.py,tests/test_utils.py,15,0,15,0,1
36f83d91e27b5b88ee806cb40f284658e2f9cdb5,Markus Unterwaditzer,Markus Unterwaditzer,2015-07-24 23:38:40+00:00,2015-07-25T01:41:24+02:00,Password prompt now prints a newline on `^C`.,False,1,termui.py,click/termui.py,5,0,5,0,0
36f83d91e27b5b88ee806cb40f284658e2f9cdb5,Markus Unterwaditzer,Markus Unterwaditzer,2015-07-24 23:38:40+00:00,2015-07-25T01:41:24+02:00,Password prompt now prints a newline on `^C`.,False,1,CHANGES,CHANGES,1,0,1,0,0
3b51f7f4bc8024294fcc30cb9a766b9dc1e4c9df,Matt Gambogi,Matt Gambogi,2015-07-29 01:16:56+00:00,2015-07-28T18:16:56-07:00,"Remove ""Work in progress caveat""",False,1,README,README,1,1,2,0,0
6919b718263a26659c17f4a49bc53732031a3636,Matt Gambogi,Matt Gambogi,2015-07-29 20:11:01+00:00,2015-07-29T13:11:01-07:00,Update README,False,1,README,README,1,1,2,0,0
5f337705f68bdfa66d7c7a9fe7fc5d6bfd48db94,Armin Ronacher,Armin Ronacher,2015-08-04 14:26:36+00:00,2015-08-04T16:26:36+02:00,Warn about the use of unicode_literals,False,1,decorators.py,click/decorators.py,2,1,3,0,1
5f337705f68bdfa66d7c7a9fe7fc5d6bfd48db94,Armin Ronacher,Armin Ronacher,2015-08-04 14:26:36+00:00,2015-08-04T16:26:36+02:00,Warn about the use of unicode_literals,False,1,core.py,click/core.py,3,1,4,0,1
5f337705f68bdfa66d7c7a9fe7fc5d6bfd48db94,Armin Ronacher,Armin Ronacher,2015-08-04 14:26:36+00:00,2015-08-04T16:26:36+02:00,Warn about the use of unicode_literals,False,1,_compat.py,click/_compat.py,35,0,35,0,1
5f337705f68bdfa66d7c7a9fe7fc5d6bfd48db94,Armin Ronacher,Armin Ronacher,2015-08-04 14:26:36+00:00,2015-08-04T16:26:36+02:00,Warn about the use of unicode_literals,False,1,__init__.py,click/__init__.py,5,0,5,0,0
5f337705f68bdfa66d7c7a9fe7fc5d6bfd48db94,Armin Ronacher,Armin Ronacher,2015-08-04 14:26:36+00:00,2015-08-04T16:26:36+02:00,Warn about the use of unicode_literals,False,1,CHANGES,CHANGES,1,0,1,0,1
412e27e9dc05827979ea023c9d91e832f4f8bf19,Markus Unterwaditzer,Markus Unterwaditzer,2015-08-06 19:50:36+00:00,2015-08-06T21:51:54+02:00,Make unicode_literals detector failure resistent,False,1,_compat.py,click/_compat.py,1,1,2,1,1
dbd40696e31409a50eb4722c806b4ac1c527ca8c,Armin Ronacher,Armin Ronacher,2015-08-07 17:46:33+00:00,2015-08-07T19:46:33+02:00,Remove shipped theme,False,1,conf.py,docs/conf.py,2,3,5,0,0
dbd40696e31409a50eb4722c806b4ac1c527ca8c,Armin Ronacher,Armin Ronacher,2015-08-07 17:46:33+00:00,2015-08-07T19:46:33+02:00,Remove shipped theme,False,1,theme.conf,docs/_themes/click/theme.conf,0,4,4,0,0
dbd40696e31409a50eb4722c806b4ac1c527ca8c,Armin Ronacher,Armin Ronacher,2015-08-07 17:46:33+00:00,2015-08-07T19:46:33+02:00,Remove shipped theme,False,1,click.css_t,docs/_themes/click/static/click.css_t,0,403,403,0,0
dbd40696e31409a50eb4722c806b4ac1c527ca8c,Armin Ronacher,Armin Ronacher,2015-08-07 17:46:33+00:00,2015-08-07T19:46:33+02:00,Remove shipped theme,False,1,README,docs/_themes/README,0,31,31,0,0
dbd40696e31409a50eb4722c806b4ac1c527ca8c,Armin Ronacher,Armin Ronacher,2015-08-07 17:46:33+00:00,2015-08-07T19:46:33+02:00,Remove shipped theme,False,1,LICENSE,docs/_themes/LICENSE,0,37,37,0,0
349875d795837a8ca1173621001bb585e1640207,Markus Unterwaditzer,Markus Unterwaditzer,2015-08-08 12:06:14+00:00,2015-08-08T14:08:51+02:00,Ignore broken PAGER values,False,1,CHANGES,CHANGES,2,0,2,1,0
349875d795837a8ca1173621001bb585e1640207,Markus Unterwaditzer,Markus Unterwaditzer,2015-08-08 12:06:14+00:00,2015-08-08T14:08:51+02:00,Ignore broken PAGER values,False,1,test_utils.py,tests/test_utils.py,5,2,7,1,1
349875d795837a8ca1173621001bb585e1640207,Markus Unterwaditzer,Markus Unterwaditzer,2015-08-08 12:06:14+00:00,2015-08-08T14:08:51+02:00,Ignore broken PAGER values,False,1,_termui_impl.py,click/_termui_impl.py,4,3,7,1,0
f682a43390af0901ac6bc502dadd411739cb05b3,Markus Unterwaditzer,Markus Unterwaditzer,2015-08-16 15:37:54+00:00,2015-08-16T17:38:52+02:00,Add documentation for click-contrib,False,1,CHANGES,CHANGES,1,0,1,0,0
7e8da55933578a9a439e4f47387a26bb9e85c868,Markus Unterwaditzer,Markus Unterwaditzer,2015-08-16 17:24:37+00:00,2015-08-16T19:24:37+02:00,Version 5.0,False,1,__init__.py,click/__init__.py,1,1,2,0,0
7e8da55933578a9a439e4f47387a26bb9e85c868,Markus Unterwaditzer,Markus Unterwaditzer,2015-08-16 17:24:37+00:00,2015-08-16T19:24:37+02:00,Version 5.0,False,1,CHANGES,CHANGES,1,1,2,0,1
bb94c38c3163af211ab1caeb532827baf535da90,Markus Unterwaditzer,Markus Unterwaditzer,2015-08-16 17:28:53+00:00,2015-08-16T19:28:53+02:00,Bump to dev version,False,1,__init__.py,click/__init__.py,1,1,2,0,0
c2933658a64464bbb518eb723c239c1ab6196aa2,Pietro Albini,Markus Unterwaditzer,2015-08-17 09:11:38+00:00,2015-08-17T13:19:57+02:00,Fix bug which happens while using @click.pass_obj,False,1,test_context.py,tests/test_context.py,16,0,16,1,1
c2933658a64464bbb518eb723c239c1ab6196aa2,Pietro Albini,Markus Unterwaditzer,2015-08-17 09:11:38+00:00,2015-08-17T13:19:57+02:00,Fix bug which happens while using @click.pass_obj,False,1,decorators.py,click/decorators.py,0,1,1,1,1
c2933658a64464bbb518eb723c239c1ab6196aa2,Pietro Albini,Markus Unterwaditzer,2015-08-17 09:11:38+00:00,2015-08-17T13:19:57+02:00,Fix bug which happens while using @click.pass_obj,False,1,CHANGES,CHANGES,7,0,7,1,0
d549018970080f6219d31ceb3b0b15f6722816af,Markus Unterwaditzer,Markus Unterwaditzer,2015-08-17 11:16:57+00:00,2015-08-17T13:16:57+02:00,Bump to dev version,False,1,__init__.py,click/__init__.py,1,1,2,0,0
1282271e441510604e7e10ac1df92fbfd89208d7,Markus Unterwaditzer,Markus Unterwaditzer,2015-08-17 11:23:59+00:00,2015-08-17T13:23:59+02:00,Version 5.1,False,1,__init__.py,click/__init__.py,1,1,2,0,0
1282271e441510604e7e10ac1df92fbfd89208d7,Markus Unterwaditzer,Markus Unterwaditzer,2015-08-17 11:23:59+00:00,2015-08-17T13:23:59+02:00,Version 5.1,False,1,CHANGES,CHANGES,1,1,2,0,1
7dc72e411417b6fefd23b4386efb8c6300293d46,Markus Unterwaditzer,Markus Unterwaditzer,2015-08-17 11:24:44+00:00,2015-08-17T13:24:44+02:00,Bump to dev version,False,1,__init__.py,click/__init__.py,1,1,2,0,0
c6df8e648a1f81fc661a37a0e94385ee64232d9c,Markus Unterwaditzer,Markus Unterwaditzer,2015-08-17 11:26:36+00:00,2015-08-17T13:26:36+02:00,Add shortcut for PyPI upload,False,1,Makefile,Makefile,3,0,3,0,0
a41415ce877a194109fde6f654729ea773d6df36,Philipp A.,Philipp A.,2015-08-27 08:34:21+00:00,2015-08-27T10:34:21+02:00,Extracted bar formatting to own method,False,1,_termui_impl.py,click/_termui_impl.py,17,15,32,0,1
6e62332349db6e93decf47666c4cd6fe20df6b02,Santiago Basulto,David Lord,2015-09-09 02:11:26+00:00,2018-09-13T07:27:07-07:00,Included click.DateTime type (with tests),False,1,__init__.py,click/__init__.py,4,3,7,0,1
6e62332349db6e93decf47666c4cd6fe20df6b02,Santiago Basulto,David Lord,2015-09-09 02:11:26+00:00,2018-09-13T07:27:07-07:00,Included click.DateTime type (with tests),False,1,types.py,click/types.py,34,0,34,0,0
6e62332349db6e93decf47666c4cd6fe20df6b02,Santiago Basulto,David Lord,2015-09-09 02:11:26+00:00,2018-09-13T07:27:07-07:00,Included click.DateTime type (with tests),False,1,test_basic.py,tests/test_basic.py,36,0,36,0,0
6e62332349db6e93decf47666c4cd6fe20df6b02,Santiago Basulto,David Lord,2015-09-09 02:11:26+00:00,2018-09-13T07:27:07-07:00,Included click.DateTime type (with tests),False,1,test_imports.py,tests/test_imports.py,1,1,2,0,1
70bc0541a2bbe3b0297104db927786be08624fee,her0e1c1,Markus Unterwaditzer,2015-09-09 09:34:10+00:00,2016-04-08T22:24:18+02:00,secho takes None as an argument like echo,False,1,termui.py,click/termui.py,4,2,6,0,0
c4c9eb23243174cd1ffc9fd0162caf31e93b49ee,Armin Ronacher,Armin Ronacher,2015-09-15 23:26:54+00:00,2015-09-15T16:26:54-07:00,Optimize progressbar renderin.  This fixes #418,False,1,CHANGES,CHANGES,8,0,8,1,1
c4c9eb23243174cd1ffc9fd0162caf31e93b49ee,Armin Ronacher,Armin Ronacher,2015-09-15 23:26:54+00:00,2015-09-15T16:26:54-07:00,Optimize progressbar renderin.  This fixes #418,False,1,_termui_impl.py,click/_termui_impl.py,34,28,62,1,0
5620b05385c3bdaeac0f0347fd2373ae1479624c,Armin Ronacher,Armin Ronacher,2015-09-15 23:46:29+00:00,2015-09-15T16:46:29-07:00,We're not rejecting multi commands below chained multi commands.  This fixes #415,False,1,CHANGES,CHANGES,3,0,3,1,1
5620b05385c3bdaeac0f0347fd2373ae1479624c,Armin Ronacher,Armin Ronacher,2015-09-15 23:46:29+00:00,2015-09-15T16:46:29-07:00,We're not rejecting multi commands below chained multi commands.  This fixes #415,False,1,core.py,click/core.py,22,0,22,1,1
7f1d70c54565ec978f49dc78a65299f9e94cd01d,Armin Ronacher,Armin Ronacher,2015-09-15 23:54:43+00:00,2015-09-15T16:54:43-07:00,Disallow nargs=-1 with a default set.,False,1,CHANGES,CHANGES,1,0,1,1,1
7f1d70c54565ec978f49dc78a65299f9e94cd01d,Armin Ronacher,Armin Ronacher,2015-09-15 23:54:43+00:00,2015-09-15T16:54:43-07:00,Disallow nargs=-1 with a default set.,False,1,test_arguments.py,tests/test_arguments.py,12,0,12,1,0
7f1d70c54565ec978f49dc78a65299f9e94cd01d,Armin Ronacher,Armin Ronacher,2015-09-15 23:54:43+00:00,2015-09-15T16:54:43-07:00,Disallow nargs=-1 with a default set.,False,1,core.py,click/core.py,3,0,3,1,1
851ce7fc58d5ee57e3910a12094d3df986bb0ff8,Armin Ronacher,Armin Ronacher,2015-09-15 23:57:37+00:00,2015-09-15T16:57:37-07:00,Pop the context after closing and not before.  This fixes #412,False,1,CHANGES,CHANGES,1,0,1,1,1
851ce7fc58d5ee57e3910a12094d3df986bb0ff8,Armin Ronacher,Armin Ronacher,2015-09-15 23:57:37+00:00,2015-09-15T16:57:37-07:00,Pop the context after closing and not before.  This fixes #412,False,1,core.py,click/core.py,1,1,2,1,1
851ce7fc58d5ee57e3910a12094d3df986bb0ff8,Armin Ronacher,Armin Ronacher,2015-09-15 23:57:37+00:00,2015-09-15T16:57:37-07:00,Pop the context after closing and not before.  This fixes #412,False,1,test_context.py,tests/test_context.py,19,0,19,1,0
89d3bfda52d151762e732738b828312a240bf89e,Armin Ronacher,Armin Ronacher,2015-09-16 00:16:44+00:00,2015-09-15T17:16:44-07:00,Make it possible to define aliases for the secondary option of boolean flags.  This fixes #420,False,1,core.py,click/core.py,6,3,9,1,1
89d3bfda52d151762e732738b828312a240bf89e,Armin Ronacher,Armin Ronacher,2015-09-16 00:16:44+00:00,2015-09-15T17:16:44-07:00,Make it possible to define aliases for the secondary option of boolean flags.  This fixes #420,False,1,CHANGES,CHANGES,1,0,1,1,1
89d3bfda52d151762e732738b828312a240bf89e,Armin Ronacher,Armin Ronacher,2015-09-16 00:16:44+00:00,2015-09-15T17:16:44-07:00,Make it possible to define aliases for the secondary option of boolean flags.  This fixes #420,False,1,test_options.py,tests/test_options.py,26,0,26,1,0
c86487b2f8c2b597bb62c215ceb77f9df5104e4a,Claudio Bandera,Claudio Bandera,2015-09-20 17:07:19+00:00,2015-09-20T19:07:19+02:00,"Added support for autocompletion of arguments, intending to fix issue #241",False,1,setup.py,examples/bashcompletion/setup.py,15,0,15,1,0
c86487b2f8c2b597bb62c215ceb77f9df5104e4a,Claudio Bandera,Claudio Bandera,2015-09-20 17:07:19+00:00,2015-09-20T19:07:19+02:00,"Added support for autocompletion of arguments, intending to fix issue #241",False,1,_bashcomplete.py,click/_bashcomplete.py,8,2,10,1,1
c86487b2f8c2b597bb62c215ceb77f9df5104e4a,Claudio Bandera,Claudio Bandera,2015-09-20 17:07:19+00:00,2015-09-20T19:07:19+02:00,"Added support for autocompletion of arguments, intending to fix issue #241",False,1,core.py,click/core.py,2,0,2,1,0
c86487b2f8c2b597bb62c215ceb77f9df5104e4a,Claudio Bandera,Claudio Bandera,2015-09-20 17:07:19+00:00,2015-09-20T19:07:19+02:00,"Added support for autocompletion of arguments, intending to fix issue #241",False,1,README,examples/bashcompletion/README,12,0,12,1,0
c86487b2f8c2b597bb62c215ceb77f9df5104e4a,Claudio Bandera,Claudio Bandera,2015-09-20 17:07:19+00:00,2015-09-20T19:07:19+02:00,"Added support for autocompletion of arguments, intending to fix issue #241",False,1,bashcompletion.py,examples/bashcompletion/bashcompletion.py,21,0,21,1,0
d44979131433be81938bfe824ea3f3443e14807f,Claudio Bandera,Claudio Bandera,2015-09-21 13:47:29+00:00,2015-09-21T15:47:29+02:00,Bugfix: Only 'nargs' completions are given,False,1,_bashcomplete.py,click/_bashcomplete.py,5,4,9,1,1
8e18d48f925c312f47d2075e1392d49dc4818c95,Claudio Bandera,Claudio Bandera,2015-10-03 17:50:27+00:00,2015-10-03T19:50:27+02:00,"Fixed a bug, where autocompletion would not work for nested multicommands",False,1,_bashcomplete.py,click/_bashcomplete.py,2,1,3,1,0
06763ac9acc39023511ac017414809eb90c6bd8f,Markus Unterwaditzer,JosiahDub,2015-10-10 18:38:02+00:00,2018-05-15T11:42:01-04:00,Introduce raw_terminal,False,1,_termui_impl.py,click/_termui_impl.py,16,7,23,0,0
06763ac9acc39023511ac017414809eb90c6bd8f,Markus Unterwaditzer,JosiahDub,2015-10-10 18:38:02+00:00,2018-05-15T11:42:01-04:00,Introduce raw_terminal,False,1,termui.py,click/termui.py,5,0,5,0,0
37233e2564f6fd921660222431851e8196552b33,Oleksandr Shulgin,Zachery Bir,2015-10-30 15:36:46+00:00,2018-05-15T13:32:03-04:00,Use formatter width and max command name width to autotrim short help before display.,False,1,test_commands.py,tests/test_commands.py,2,8,10,0,0
37233e2564f6fd921660222431851e8196552b33,Oleksandr Shulgin,Zachery Bir,2015-10-30 15:36:46+00:00,2018-05-15T13:32:03-04:00,Use formatter width and max command name width to autotrim short help before display.,False,1,core.py,click/core.py,7,20,27,0,1
75e8d694182deac71ea2d85a3867731cdf5c6be0,Oleksandr Shulgin,Zachery Bir,2015-10-30 16:30:57+00:00,2018-05-15T13:32:03-04:00,"Avoid use of  filter() in format_commands, it breaks on Python3.",False,1,core.py,click/core.py,16,5,21,1,1
cf31c154b76ce61c301fc6e8f6efc79610291dc3,Armin Ronacher,Armin Ronacher,2015-11-05 11:01:31+00:00,2015-11-05T12:01:31+01:00,Print out supported locales in the python 3 error.  This improves #448,False,1,decorators.py,click/decorators.py,2,1,3,1,0
cf31c154b76ce61c301fc6e8f6efc79610291dc3,Armin Ronacher,Armin Ronacher,2015-11-05 11:01:31+00:00,2015-11-05T12:01:31+01:00,Print out supported locales in the python 3 error.  This improves #448,False,1,core.py,click/core.py,3,14,17,1,0
cf31c154b76ce61c301fc6e8f6efc79610291dc3,Armin Ronacher,Armin Ronacher,2015-11-05 11:01:31+00:00,2015-11-05T12:01:31+01:00,Print out supported locales in the python 3 error.  This improves #448,False,1,_compat.py,click/_compat.py,0,35,35,1,0
cf31c154b76ce61c301fc6e8f6efc79610291dc3,Armin Ronacher,Armin Ronacher,2015-11-05 11:01:31+00:00,2015-11-05T12:01:31+01:00,Print out supported locales in the python 3 error.  This improves #448,False,1,CHANGES,CHANGES,3,0,3,1,0
40705b9d69e78e599c26b8e55c828ae19bd5ed0c,Armin Ronacher,Armin Ronacher,2015-11-05 11:02:20+00:00,2015-11-05T12:02:20+01:00,Added missing module,False,1,_unicodefun.py,click/_unicodefun.py,108,0,108,0,0
7951a73dddb1cd114004bef63703b150b4dc26e2,Armin Ronacher,Armin Ronacher,2015-11-05 12:02:41+00:00,2015-11-05T13:02:41+01:00,Always work on Unicode in Python 2.,False,1,CHANGES,CHANGES,3,0,3,0,0
7951a73dddb1cd114004bef63703b150b4dc26e2,Armin Ronacher,Armin Ronacher,2015-11-05 12:02:41+00:00,2015-11-05T13:02:41+01:00,Always work on Unicode in Python 2.,False,1,test_options.py,tests/test_options.py,16,11,27,0,0
7951a73dddb1cd114004bef63703b150b4dc26e2,Armin Ronacher,Armin Ronacher,2015-11-05 12:02:41+00:00,2015-11-05T13:02:41+01:00,Always work on Unicode in Python 2.,False,1,test_arguments.py,tests/test_arguments.py,3,3,6,0,1
7951a73dddb1cd114004bef63703b150b4dc26e2,Armin Ronacher,Armin Ronacher,2015-11-05 12:02:41+00:00,2015-11-05T13:02:41+01:00,Always work on Unicode in Python 2.,False,1,types.py,click/types.py,9,9,18,0,0
7951a73dddb1cd114004bef63703b150b4dc26e2,Armin Ronacher,Armin Ronacher,2015-11-05 12:02:41+00:00,2015-11-05T13:02:41+01:00,Always work on Unicode in Python 2.,False,1,_compat.py,click/_compat.py,7,0,7,0,0
acc1e170b79ad4be8986dce183ff327922c126db,Armin Ronacher,Armin Ronacher,2015-11-05 12:03:34+00:00,2015-11-05T13:03:34+01:00,Added support for dealing with unicode argv on win py2,False,1,_compat.py,click/_compat.py,35,0,35,0,0
acc1e170b79ad4be8986dce183ff327922c126db,Armin Ronacher,Armin Ronacher,2015-11-05 12:03:34+00:00,2015-11-05T13:03:34+01:00,Added support for dealing with unicode argv on win py2,False,1,types.py,click/types.py,14,1,15,0,1
acc1e170b79ad4be8986dce183ff327922c126db,Armin Ronacher,Armin Ronacher,2015-11-05 12:03:34+00:00,2015-11-05T13:03:34+01:00,Added support for dealing with unicode argv on win py2,False,1,core.py,click/core.py,3,2,5,0,0
acc1e170b79ad4be8986dce183ff327922c126db,Armin Ronacher,Armin Ronacher,2015-11-05 12:03:34+00:00,2015-11-05T13:03:34+01:00,Added support for dealing with unicode argv on win py2,False,1,CHANGES,CHANGES,7,0,7,0,0
515d2e7d50b343cfe3bb9e0b3ff1a6646c73104b,Armin Ronacher,Armin Ronacher,2015-11-05 12:40:17+00:00,2015-11-05T13:40:17+01:00,Ensure -c is unicode too,False,1,_compat.py,click/_compat.py,1,1,2,0,0
bcf8feceb41b3f75f3cd07eb851734fa96cd1991,Armin Ronacher,Armin Ronacher,2015-11-05 21:21:07+00:00,2015-11-05T22:21:07+01:00,Implemented basic unicode console support for Python 2,False,1,core.py,click/core.py,2,1,3,0,1
bcf8feceb41b3f75f3cd07eb851734fa96cd1991,Armin Ronacher,Armin Ronacher,2015-11-05 21:21:07+00:00,2015-11-05T22:21:07+01:00,Implemented basic unicode console support for Python 2,False,1,utils.py,click/utils.py,19,0,19,0,1
bcf8feceb41b3f75f3cd07eb851734fa96cd1991,Armin Ronacher,Armin Ronacher,2015-11-05 21:21:07+00:00,2015-11-05T22:21:07+01:00,Implemented basic unicode console support for Python 2,False,1,CHANGES,CHANGES,4,0,4,0,0
bcf8feceb41b3f75f3cd07eb851734fa96cd1991,Armin Ronacher,Armin Ronacher,2015-11-05 21:21:07+00:00,2015-11-05T22:21:07+01:00,Implemented basic unicode console support for Python 2,False,1,_compat.py,click/_compat.py,37,35,72,0,1
bcf8feceb41b3f75f3cd07eb851734fa96cd1991,Armin Ronacher,Armin Ronacher,2015-11-05 21:21:07+00:00,2015-11-05T22:21:07+01:00,Implemented basic unicode console support for Python 2,False,1,_winconsole.py,click/_winconsole.py,248,0,248,0,0
8e768e7ba68088766ee3e982f9ce8e6792674372,Armin Ronacher,Armin Ronacher,2015-11-05 21:34:05+00:00,2015-11-05T22:34:05+01:00,Fixed a regression on non windows systems,False,1,_compat.py,click/_compat.py,1,1,2,1,0
a4e3811cc1170997be5df238c1ce9d171f1f8810,Armin Ronacher,Armin Ronacher,2015-11-05 21:43:15+00:00,2015-11-05T22:43:15+01:00,Do not write to the console if it's not a tty,False,1,_winconsole.py,click/_winconsole.py,2,1,3,0,1
0b4a0c8e6dd78b983583a0a9e2fafd760c8e05ba,Armin Ronacher,Armin Ronacher,2015-11-05 21:50:55+00:00,2015-11-05T22:50:55+01:00,Kill dead function,False,1,_compat.py,click/_compat.py,0,7,7,0,1
c1d213ac394c8b70cd077cc31d8af00e95a33f92,Armin Ronacher,Armin Ronacher,2015-11-05 21:52:03+00:00,2015-11-05T22:52:03+01:00,Fixed tests for python 3,False,1,test_arguments.py,tests/test_arguments.py,4,3,7,1,1
55601835e6fe2cb077715ce959b28bb0c14dc6c9,Armin Ronacher,Armin Ronacher,2015-11-05 21:57:30+00:00,2015-11-05T22:57:30+01:00,Fixed an issue with get_os_args and export it.,False,1,__init__.py,click/__init__.py,2,2,4,1,1
55601835e6fe2cb077715ce959b28bb0c14dc6c9,Armin Ronacher,Armin Ronacher,2015-11-05 21:57:30+00:00,2015-11-05T22:57:30+01:00,Fixed an issue with get_os_args and export it.,False,1,utils.py,click/utils.py,13,4,17,1,0
b3816e86ed17403e5fa0a28c7f97162896e279c6,Armin Ronacher,Armin Ronacher,2015-11-05 21:58:05+00:00,2015-11-05T22:58:05+01:00,Documentation updates,False,1,termui.py,click/termui.py,3,0,3,0,0
9ab572c944b25cbfa0e13949082950211275ee0d,Armin Ronacher,Armin Ronacher,2015-11-05 21:58:49+00:00,2015-11-05T22:58:49+01:00,Moved a bad import,False,1,utils.py,click/utils.py,2,2,4,0,1
455215971960b8b1a72213033c78136c62848153,Armin Ronacher,Armin Ronacher,2015-11-05 21:59:23+00:00,2015-11-05T22:59:23+01:00,Fixed syntax error,False,1,utils.py,click/utils.py,1,1,2,1,0
2df17b6e6642ecc8fdcbd259222ce176cf65af98,Armin Ronacher,Armin Ronacher,2015-11-05 22:00:03+00:00,2015-11-05T23:00:03+01:00,Fixed missing unicode prefix in internal function,False,1,_winconsole.py,click/_winconsole.py,1,1,2,1,0
e0dedf064da3eaafc068762d4a5bd54315b101fc,Armin Ronacher,Armin Ronacher,2015-11-05 22:05:24+00:00,2015-11-05T23:05:40+01:00,Added appveyor,False,1,run_with_env.cmd,.ci/run_with_env.cmd,47,0,47,0,0
1d1a111a63e281def53fe57d6f1ae06949a90a71,Armin Ronacher,Armin Ronacher,2015-11-05 22:07:03+00:00,2015-11-05T23:07:03+01:00,Fixed a broken test on 3.x,False,1,test_arguments.py,tests/test_arguments.py,1,1,2,1,1
262c275d8513a377fdc741695c7ab11920fc8391,Armin Ronacher,Armin Ronacher,2015-11-05 22:24:42+00:00,2015-11-05T23:24:42+01:00,Fixed broken tests and behavior on windows.,False,1,test_arguments.py,tests/test_arguments.py,2,1,3,1,1
262c275d8513a377fdc741695c7ab11920fc8391,Armin Ronacher,Armin Ronacher,2015-11-05 22:24:42+00:00,2015-11-05T23:24:42+01:00,Fixed broken tests and behavior on windows.,False,1,test_testing.py,tests/test_testing.py,2,2,4,1,0
262c275d8513a377fdc741695c7ab11920fc8391,Armin Ronacher,Armin Ronacher,2015-11-05 22:24:42+00:00,2015-11-05T23:24:42+01:00,Fixed broken tests and behavior on windows.,False,1,test_utils.py,tests/test_utils.py,11,3,14,1,0
262c275d8513a377fdc741695c7ab11920fc8391,Armin Ronacher,Armin Ronacher,2015-11-05 22:24:42+00:00,2015-11-05T23:24:42+01:00,Fixed broken tests and behavior on windows.,False,1,test_imports.py,tests/test_imports.py,5,0,5,1,0
262c275d8513a377fdc741695c7ab11920fc8391,Armin Ronacher,Armin Ronacher,2015-11-05 22:24:42+00:00,2015-11-05T23:24:42+01:00,Fixed broken tests and behavior on windows.,False,1,_compat.py,click/_compat.py,12,2,14,1,0
1a5b4e7082488f8de4a2c77c7e46299952b920c8,Armin Ronacher,Armin Ronacher,2015-11-05 22:29:59+00:00,2015-11-05T23:30:51+01:00,Allow colorama import,False,1,test_imports.py,tests/test_imports.py,1,1,2,0,0
5112cf93b66c197888dbd194b6ccdb2663be693b,Armin Ronacher,Armin Ronacher,2015-11-05 22:36:54+00:00,2015-11-05T23:36:54+01:00,Force virtual terminal width in tests,False,1,CHANGES,CHANGES,1,0,1,0,0
5112cf93b66c197888dbd194b6ccdb2663be693b,Armin Ronacher,Armin Ronacher,2015-11-05 22:36:54+00:00,2015-11-05T23:36:54+01:00,Force virtual terminal width in tests,False,1,_unicodefun.py,click/_unicodefun.py,7,1,8,0,1
5112cf93b66c197888dbd194b6ccdb2663be693b,Armin Ronacher,Armin Ronacher,2015-11-05 22:36:54+00:00,2015-11-05T23:36:54+01:00,Force virtual terminal width in tests,False,1,formatting.py,click/formatting.py,7,1,8,0,0
5112cf93b66c197888dbd194b6ccdb2663be693b,Armin Ronacher,Armin Ronacher,2015-11-05 22:36:54+00:00,2015-11-05T23:36:54+01:00,Force virtual terminal width in tests,False,1,testing.py,click/testing.py,3,0,3,0,0
dde42ed3cbc81324b77ccd7b1774eaf411eb151c,Armin Ronacher,Armin Ronacher,2015-11-05 22:45:09+00:00,2015-11-05T23:45:09+01:00,Added two xfails,False,1,test_utils.py,tests/test_utils.py,4,4,8,0,1
2be872b4d7fc012db67111c1825c7f4c13eddd53,Armin Ronacher,Armin Ronacher,2015-11-06 10:35:24+00:00,2015-11-06T11:35:24+01:00,Also use the console emulation on Python 3.  Refs #442,False,1,_compat.py,click/_compat.py,13,3,16,0,0
2be872b4d7fc012db67111c1825c7f4c13eddd53,Armin Ronacher,Armin Ronacher,2015-11-06 10:35:24+00:00,2015-11-06T11:35:24+01:00,Also use the console emulation on Python 3.  Refs #442,False,1,_winconsole.py,click/_winconsole.py,12,8,20,0,0
2be872b4d7fc012db67111c1825c7f4c13eddd53,Armin Ronacher,Armin Ronacher,2015-11-06 10:35:24+00:00,2015-11-06T11:35:24+01:00,Also use the console emulation on Python 3.  Refs #442,False,1,CHANGES,CHANGES,4,4,8,0,1
ed978a67aa59cf1a93db6ecff65033c459334864,Armin Ronacher,Armin Ronacher,2015-11-06 10:43:50+00:00,2015-11-06T11:43:56+01:00,Optionally allow dashes to Path. This fixes #444,False,1,types.py,click/types.py,31,19,50,1,1
ed978a67aa59cf1a93db6ecff65033c459334864,Armin Ronacher,Armin Ronacher,2015-11-06 10:43:50+00:00,2015-11-06T11:43:56+01:00,Optionally allow dashes to Path. This fixes #444,False,1,CHANGES,CHANGES,2,0,2,1,0
0859d19c5b29ac9cf2895e06e91312b627e6e692,Armin Ronacher,Armin Ronacher,2015-11-06 11:00:18+00:00,2015-11-06T12:00:18+01:00,Only return unicode params from get_os_args if unchanged.,False,1,_winconsole.py,click/_winconsole.py,24,19,43,0,1
0859d19c5b29ac9cf2895e06e91312b627e6e692,Armin Ronacher,Armin Ronacher,2015-11-06 11:00:18+00:00,2015-11-06T12:00:18+01:00,Only return unicode params from get_os_args if unchanged.,False,1,utils.py,click/utils.py,5,2,7,0,1
19655099e6cc7955879ccf5059e5043a5464c2eb,Armin Ronacher,Armin Ronacher,2015-11-06 11:01:13+00:00,2015-11-06T12:01:13+01:00,Fixed some small bugs on windows,False,1,_winconsole.py,click/_winconsole.py,2,1,3,1,0
ae5412d7985d9bbfc8474392874447d3bba27241,Armin Ronacher,Armin Ronacher,2015-11-06 11:02:52+00:00,2015-11-06T12:02:52+01:00,Catch unicode errors as bad value.,False,1,types.py,click/types.py,6,4,10,1,0
bf1ddce0c830a310dc5c4e47fd70feed142d60f6,Armin Ronacher,Armin Ronacher,2015-11-06 11:30:59+00:00,2015-11-06T12:30:59+01:00,Add zlib as import to windows,False,1,test_imports.py,tests/test_imports.py,1,1,2,0,0
64c4567d82ebca6cb98180266a14e5c42b11e4d1,Armin Ronacher,Armin Ronacher,2015-11-06 11:33:53+00:00,2015-11-06T12:33:53+01:00,Added time as allowed import on windows,False,1,test_imports.py,tests/test_imports.py,2,1,3,0,1
6e33882c11f0d11d1f213294b2840db93df556a3,Armin Ronacher,Armin Ronacher,2015-11-06 12:24:39+00:00,2015-11-06T13:24:39+01:00,Set console to binary on windows as fallback,False,1,_winconsole.py,click/_winconsole.py,8,0,8,0,1
6e33882c11f0d11d1f213294b2840db93df556a3,Armin Ronacher,Armin Ronacher,2015-11-06 12:24:39+00:00,2015-11-06T13:24:39+01:00,Set console to binary on windows as fallback,False,1,_compat.py,click/_compat.py,3,7,10,0,1
520de5f029a6ef7caf65ddf37b80e2169f153ec2,Armin Ronacher,Armin Ronacher,2015-11-06 16:05:29+00:00,2015-11-06T17:05:29+01:00,Correctly chop off the first arg on windows,False,1,_winconsole.py,click/_winconsole.py,2,5,7,1,1
520de5f029a6ef7caf65ddf37b80e2169f153ec2,Armin Ronacher,Armin Ronacher,2015-11-06 16:05:29+00:00,2015-11-06T17:05:29+01:00,Correctly chop off the first arg on windows,False,1,core.py,click/core.py,1,2,3,1,1
6ef691bf11ea69bec771230e6a4858d98cfc4377,naoya_t,naoya_t,2015-11-08 08:05:45+00:00,2015-11-08T17:10:45+09:00,longer eta(>1day) support,False,1,_termui_impl.py,click/_termui_impl.py,12,1,13,0,1
d21738256bb965eb09c1ce172def3e678628d0df,Armin Ronacher,Armin Ronacher,2015-11-10 12:32:05+00:00,2015-11-10T13:32:07+01:00,Fix bad import.  This fixes #454,False,1,core.py,click/core.py,2,2,4,1,0
1c7e1d3f41c1d4d79a3fc0d3559f619ecc560388,Armin Ronacher,Armin Ronacher,2015-11-24 09:33:51+00:00,2015-11-24T10:33:51+01:00,Disallow arguments in chain mode and no longer expose leftover args.,False,1,core.py,click/core.py,10,1,11,0,0
1c7e1d3f41c1d4d79a3fc0d3559f619ecc560388,Armin Ronacher,Armin Ronacher,2015-11-24 09:33:51+00:00,2015-11-24T10:33:51+01:00,Disallow arguments in chain mode and no longer expose leftover args.,False,1,CHANGES,CHANGES,4,0,4,0,0
1c7e1d3f41c1d4d79a3fc0d3559f619ecc560388,Armin Ronacher,Armin Ronacher,2015-11-24 09:33:51+00:00,2015-11-24T10:33:51+01:00,Disallow arguments in chain mode and no longer expose leftover args.,False,1,test_chain.py,tests/test_chain.py,43,0,43,0,0
e68766c35ab134af2db2abf7cbd6f31e9b25d150,Armin Ronacher,Armin Ronacher,2015-11-24 09:42:09+00:00,2015-11-24T10:42:41+01:00,Support non optional arguments on commands.,False,1,test_chain.py,tests/test_chain.py,25,3,28,0,0
e68766c35ab134af2db2abf7cbd6f31e9b25d150,Armin Ronacher,Armin Ronacher,2015-11-24 09:42:09+00:00,2015-11-24T10:42:41+01:00,Support non optional arguments on commands.,False,1,CHANGES,CHANGES,2,2,4,0,0
e68766c35ab134af2db2abf7cbd6f31e9b25d150,Armin Ronacher,Armin Ronacher,2015-11-24 09:42:09+00:00,2015-11-24T10:42:41+01:00,Support non optional arguments on commands.,False,1,core.py,click/core.py,2,2,4,0,0
0a2919f34fcbc635d8530b4c5b60bf119b2bcedb,Armin Ronacher,Armin Ronacher,2015-11-24 11:00:00+00:00,2015-11-24T12:00:00+01:00,Implemented nesting below chain commands.,False,1,CHANGES,CHANGES,2,3,5,0,1
0a2919f34fcbc635d8530b4c5b60bf119b2bcedb,Armin Ronacher,Armin Ronacher,2015-11-24 11:00:00+00:00,2015-11-24T12:00:00+01:00,Implemented nesting below chain commands.,False,1,core.py,click/core.py,19,28,47,0,0
0a2919f34fcbc635d8530b4c5b60bf119b2bcedb,Armin Ronacher,Armin Ronacher,2015-11-24 11:00:00+00:00,2015-11-24T12:00:00+01:00,Implemented nesting below chain commands.,False,1,test_chain.py,tests/test_chain.py,38,6,44,0,0
5f98f570c08a11e607cccfd9c1b787c69a6a67b7,Armin Ronacher,Armin Ronacher,2015-11-24 17:29:27+00:00,2015-11-24T18:29:27+01:00,Implemented defaults for args with nargs > 1.,False,1,CHANGES,CHANGES,3,0,3,1,0
5f98f570c08a11e607cccfd9c1b787c69a6a67b7,Armin Ronacher,Armin Ronacher,2015-11-24 17:29:27+00:00,2015-11-24T18:29:27+01:00,Implemented defaults for args with nargs > 1.,False,1,parser.py,click/parser.py,69,10,79,1,0
5f98f570c08a11e607cccfd9c1b787c69a6a67b7,Armin Ronacher,Armin Ronacher,2015-11-24 17:29:27+00:00,2015-11-24T18:29:27+01:00,Implemented defaults for args with nargs > 1.,False,1,utils.py,click/utils.py,0,65,65,1,1
5f98f570c08a11e607cccfd9c1b787c69a6a67b7,Armin Ronacher,Armin Ronacher,2015-11-24 17:29:27+00:00,2015-11-24T18:29:27+01:00,Implemented defaults for args with nargs > 1.,False,1,test_arguments.py,tests/test_arguments.py,18,0,18,1,1
5f98f570c08a11e607cccfd9c1b787c69a6a67b7,Armin Ronacher,Armin Ronacher,2015-11-24 17:29:27+00:00,2015-11-24T18:29:27+01:00,Implemented defaults for args with nargs > 1.,False,1,__init__.py,click/__init__.py,4,2,6,1,0
5f98f570c08a11e607cccfd9c1b787c69a6a67b7,Armin Ronacher,Armin Ronacher,2015-11-24 17:29:27+00:00,2015-11-24T18:29:27+01:00,Implemented defaults for args with nargs > 1.,False,1,exceptions.py,click/exceptions.py,13,1,14,1,1
da43b23d941478466ff10bb0de5f1cae2f74d8ba,Armin Ronacher,Armin Ronacher,2015-11-24 21:53:01+00:00,2015-11-24T22:53:01+01:00,Release date is today,False,1,CHANGES,CHANGES,1,1,2,0,0
780e0d6fdfc0817c007c5ce9baa70dbab900b768,Armin Ronacher,Armin Ronacher,2015-11-24 21:53:33+00:00,2015-11-24T22:53:33+01:00,This is 6.0,False,1,__init__.py,click/__init__.py,1,1,2,0,0
3978d0e3d9fc8e967126324552f2e4de0d753eeb,Armin Ronacher,Armin Ronacher,2015-11-25 09:08:08+00:00,2015-11-25T10:08:08+01:00,This is 6.1-dev,False,1,CHANGES,CHANGES,5,0,5,0,1
3978d0e3d9fc8e967126324552f2e4de0d753eeb,Armin Ronacher,Armin Ronacher,2015-11-25 09:08:08+00:00,2015-11-25T10:08:08+01:00,This is 6.1-dev,False,1,__init__.py,click/__init__.py,1,1,2,0,0
b47b11755f45788878b7206bcbbceb4a324b9906,Armin Ronacher,Armin Ronacher,2015-11-25 09:08:54+00:00,2015-11-25T10:08:54+01:00,Fixed invisible progressbars.,False,1,CHANGES,CHANGES,2,0,2,1,0
b47b11755f45788878b7206bcbbceb4a324b9906,Armin Ronacher,Armin Ronacher,2015-11-25 09:08:54+00:00,2015-11-25T10:08:54+01:00,Fixed invisible progressbars.,False,1,_termui_impl.py,click/_termui_impl.py,1,1,2,1,1
a6a69647227f90816e4bf3599ea536c0f57aef80,Armin Ronacher,Armin Ronacher,2015-11-25 09:09:56+00:00,2015-11-25T10:09:56+01:00,This is 7.0-dev,False,1,CHANGES,CHANGES,5,0,5,0,0
a6a69647227f90816e4bf3599ea536c0f57aef80,Armin Ronacher,Armin Ronacher,2015-11-25 09:09:56+00:00,2015-11-25T10:09:56+01:00,This is 7.0-dev,False,1,__init__.py,click/__init__.py,1,1,2,0,0
cc6fec29a27831dd65055fab8dd947eab8137bdf,Armin Ronacher,Armin Ronacher,2015-11-27 11:27:32+00:00,2015-11-27T12:27:32+01:00,Disable chain commands,False,1,core.py,click/core.py,24,0,24,0,0
cc6fec29a27831dd65055fab8dd947eab8137bdf,Armin Ronacher,Armin Ronacher,2015-11-27 11:27:32+00:00,2015-11-27T12:27:32+01:00,Disable chain commands,False,1,test_chain.py,tests/test_chain.py,1,0,1,0,0
cc6fec29a27831dd65055fab8dd947eab8137bdf,Armin Ronacher,Armin Ronacher,2015-11-27 11:27:32+00:00,2015-11-27T12:27:32+01:00,Disable chain commands,False,1,CHANGES,CHANGES,1,0,1,0,1
15e6cb1e3d5d45ed68148dd4e9a391fb89135b12,Armin Ronacher,Armin Ronacher,2015-11-27 11:29:29+00:00,2015-11-27T12:29:29+01:00,Fixed error with missing params in MissingParameter.  This fixes #469,False,1,CHANGES,CHANGES,1,0,1,1,0
15e6cb1e3d5d45ed68148dd4e9a391fb89135b12,Armin Ronacher,Armin Ronacher,2015-11-27 11:29:29+00:00,2015-11-27T12:29:29+01:00,Fixed error with missing params in MissingParameter.  This fixes #469,False,1,exceptions.py,click/exceptions.py,7,6,13,1,0
226ae6241a7ba96304cefd937b82986039b37a1d,Armin Ronacher,Armin Ronacher,2015-11-27 11:30:03+00:00,2015-11-27T12:30:03+01:00,This is 6.1,False,1,__init__.py,click/__init__.py,1,1,2,0,0
226ae6241a7ba96304cefd937b82986039b37a1d,Armin Ronacher,Armin Ronacher,2015-11-27 11:30:03+00:00,2015-11-27T12:30:03+01:00,This is 6.1,False,1,CHANGES,CHANGES,1,1,2,0,1
a7f6cc2283b1fea99875ebc7265c2d055cb36bea,Armin Ronacher,Armin Ronacher,2015-11-27 17:42:17+00:00,2015-11-27T18:42:17+01:00,Correct fix for progressbars.  This fixes #470,False,1,CHANGES,CHANGES,7,0,7,1,0
a7f6cc2283b1fea99875ebc7265c2d055cb36bea,Armin Ronacher,Armin Ronacher,2015-11-27 17:42:17+00:00,2015-11-27T18:42:17+01:00,Correct fix for progressbars.  This fixes #470,False,1,_termui_impl.py,click/_termui_impl.py,5,3,8,1,0
f403b08b84f05ea67a8c87e555744e3c0a15f9fd,Armin Ronacher,Armin Ronacher,2015-11-27 17:42:51+00:00,2015-11-27T18:42:51+01:00,This is 6.2,False,1,__init__.py,click/__init__.py,1,1,2,0,0
f41b71ccd7653b8378bf76f05e45f6b6e49d3ca3,Jon Banafato,Jon Banafato,2015-12-02 16:26:30+00:00,2015-12-02T11:26:30-05:00,Restore option_name parameter to BadOptionUsage,False,1,exceptions.py,click/exceptions.py,4,1,5,0,0
f41b71ccd7653b8378bf76f05e45f6b6e49d3ca3,Jon Banafato,Jon Banafato,2015-12-02 16:26:30+00:00,2015-12-02T11:26:30-05:00,Restore option_name parameter to BadOptionUsage,False,1,parser.py,click/parser.py,3,3,6,0,0
d0e24d8abd1c0c3c00e77983edd258b867e3ed06,Ionel Cristian Mărieș,Armin Ronacher,2015-12-03 16:05:13+00:00,2015-12-03T18:15:22+01:00,Fix arg checks on Windoze. Fixes #477.,False,1,_winconsole.py,click/_winconsole.py,1,1,2,1,0
05566262eafbac01d19a159e96a9f6cef791ee43,Armin Ronacher,Armin Ronacher,2015-12-03 17:16:13+00:00,2015-12-03T18:16:13+01:00,Added changelog entry,False,1,CHANGES,CHANGES,9,0,9,0,0
239e44a386772a2ae1fe2ecf6715db8fb3f29ef6,Armin Ronacher,Armin Ronacher,2015-12-03 17:16:32+00:00,2015-12-03T18:16:32+01:00,This is 6.3-dev,False,1,__init__.py,click/__init__.py,1,1,2,0,0
591848711d31e319d15761aa322418d1de0de462,Nicholas Chammas,Nicholas Chammas,2015-12-10 18:16:52+00:00,2015-12-21T18:31:55-05:00,"Simplify commands, add .DS_Store",False,1,MANIFEST.in,MANIFEST.in,7,10,17,0,1
61266619cb201accdba6392a4809d3e70cac2b5c,con-f-use,con-f-use,2015-12-13 12:39:28+00:00,2016-01-11T13:47:37+01:00,Progress bars no longer displayed if total time since start < 0.5s,False,1,_termui_impl.py,click/_termui_impl.py,7,2,9,0,1
11a662df615c302e50a5d387df0803cbe2398d43,Ronny Pfannschmidt,Ronny Pfannschmidt,2015-12-13 18:45:16+00:00,2015-12-13T19:45:16+01:00,introduce int_types compat to fix python3 type error in _length_hint,False,1,_compat.py,click/_compat.py,2,0,2,1,1
11a662df615c302e50a5d387df0803cbe2398d43,Ronny Pfannschmidt,Ronny Pfannschmidt,2015-12-13 18:45:16+00:00,2015-12-13T19:45:16+01:00,introduce int_types compat to fix python3 type error in _length_hint,False,1,test_termui.py,tests/test_termui.py,28,0,28,1,0
11a662df615c302e50a5d387df0803cbe2398d43,Ronny Pfannschmidt,Ronny Pfannschmidt,2015-12-13 18:45:16+00:00,2015-12-13T19:45:16+01:00,introduce int_types compat to fix python3 type error in _length_hint,False,1,_termui_impl.py,click/_termui_impl.py,2,2,4,1,1
725b5208af0a30ab0273d6ae1cdc05ce94a616c4,Ronny Pfannschmidt,Ronny Pfannschmidt,2015-12-13 19:59:58+00:00,2015-12-13T20:59:58+01:00,length hint test: ensure iterator compatibility for older python versions,False,1,test_termui.py,tests/test_termui.py,2,0,2,0,0
15f4afb3b91e4a14dd61fcd6ebba531cb66cb169,Brett Bethke,Brett Bethke,2015-12-16 18:12:29+00:00,2015-12-16T10:12:29-08:00,Allow dynamic generation of the autocompletion list using a callback.,False,1,_bashcomplete.py,click/_bashcomplete.py,7,1,8,0,0
442a729546669dd8250c195e9f148474677c27ef,Brett Bethke,Brett Bethke,2015-12-17 01:37:08+00:00,2015-12-16T17:37:08-08:00,Slight renaming,False,1,_bashcomplete.py,click/_bashcomplete.py,1,1,2,0,0
e27493b066e2bb8f9a3533260049faf6083c5ac8,Brett Bethke,Brett Bethke,2015-12-17 22:06:23+00:00,2015-12-17T14:06:23-08:00,Add example,False,1,bashcompletion.py,examples/bashcompletion/bashcompletion.py,10,6,16,0,0
8c6c1505adf8ef701f6006a6749a0a493a67fbef,Armin Ronacher,Armin Ronacher,2015-12-18 12:32:19+00:00,2015-12-18T13:32:30+01:00,Store unicode strings properly in exceptions,False,1,CHANGES,CHANGES,2,0,2,0,1
8c6c1505adf8ef701f6006a6749a0a493a67fbef,Armin Ronacher,Armin Ronacher,2015-12-18 12:32:19+00:00,2015-12-18T13:32:30+01:00,Store unicode strings properly in exceptions,False,1,exceptions.py,click/exceptions.py,10,3,13,0,0
35c6cc79d831c7c63c8787a96b0835df892c0011,Brett Bethke,Brett Bethke,2015-12-21 22:02:16+00:00,2015-12-21T14:17:10-08:00,Use already-parsed values of aruments to see whether they should be completed.,False,1,_bashcomplete.py,click/_bashcomplete.py,3,2,5,0,0
35c6cc79d831c7c63c8787a96b0835df892c0011,Brett Bethke,Brett Bethke,2015-12-21 22:02:16+00:00,2015-12-21T14:17:10-08:00,Use already-parsed values of aruments to see whether they should be completed.,False,1,bashcompletion.py,examples/bashcompletion/bashcompletion.py,6,3,9,0,1
6bc3bf977a16d948841de17a6993ee11587b75b1,Armin Ronacher,Armin Ronacher,2015-12-30 00:00:27+00:00,2015-12-30T01:00:27+01:00,Fixed a bug that caused locale detection to error out on Python 3.  This fixes #494,False,1,CHANGES,CHANGES,1,0,1,1,0
6bc3bf977a16d948841de17a6993ee11587b75b1,Armin Ronacher,Armin Ronacher,2015-12-30 00:00:27+00:00,2015-12-30T01:00:27+01:00,Fixed a bug that caused locale detection to error out on Python 3.  This fixes #494,False,1,_unicodefun.py,click/_unicodefun.py,5,0,5,1,1
8f4c34f69554d3397627ef16adb1b1f9b83c381e,Matt Robenolt,Matt Robenolt,2016-01-05 22:23:57+00:00,2016-01-05T14:27:10-08:00,Add the ability to hide commands and options from help,False,1,core.py,click/core.py,11,2,13,0,1
8f4c34f69554d3397627ef16adb1b1f9b83c381e,Matt Robenolt,Matt Robenolt,2016-01-05 22:23:57+00:00,2016-01-05T14:27:10-08:00,Add the ability to hide commands and options from help,False,1,test_basic.py,tests/test_basic.py,44,0,44,0,0
7d1f4abe127d0a21ab7b8cdfbf90db31cb4398bd,Armin Ronacher,Armin Ronacher,2016-01-21 19:05:13+00:00,2016-01-21T11:05:13-08:00,Update CHANGES,False,1,CHANGES,CHANGES,1,0,1,0,0
45d6be9d04b0380e843a01ff236cc4137bd73ee1,her0e1c1,Markus Unterwaditzer,2016-02-03 02:18:18+00:00,2016-04-08T22:24:41+02:00,secho print empty string if it takes None,False,1,test_termui.py,tests/test_termui.py,7,0,7,0,0
c8e21105ebeb824c06c929bdd74c41eed776e956,Ryan Siemens,rsiemens,2016-02-04 06:46:06+00:00,2016-03-30T19:56:23-07:00,Docstring additions and typo fixes,False,1,_unicodefun.py,click/_unicodefun.py,1,1,2,1,0
c8e21105ebeb824c06c929bdd74c41eed776e956,Ryan Siemens,rsiemens,2016-02-04 06:46:06+00:00,2016-03-30T19:56:23-07:00,Docstring additions and typo fixes,False,1,utils.py,click/utils.py,2,1,3,1,0
c8e21105ebeb824c06c929bdd74c41eed776e956,Ryan Siemens,rsiemens,2016-02-04 06:46:06+00:00,2016-03-30T19:56:23-07:00,Docstring additions and typo fixes,False,1,core.py,click/core.py,5,5,10,1,0
e9ba0623feb0aad5d19cd6031546a45474dd6875,Markus Unterwaditzer,Markus Unterwaditzer,2016-02-22 21:54:41+00:00,2016-02-22T22:54:41+01:00,This is 6.3,False,1,CHANGES,CHANGES,1,1,2,0,0
e9ba0623feb0aad5d19cd6031546a45474dd6875,Markus Unterwaditzer,Markus Unterwaditzer,2016-02-22 21:54:41+00:00,2016-02-22T22:54:41+01:00,This is 6.3,False,1,__init__.py,click/__init__.py,1,1,2,0,0
84e1572839d551f6ac700609ce7b6fd4ba754780,Markus Unterwaditzer,Markus Unterwaditzer,2016-02-22 21:56:22+00:00,2016-02-22T22:56:22+01:00,This is 6.4-dev,False,1,__init__.py,click/__init__.py,1,1,2,0,0
4308336623cfd8da36474581dae6bcabe4e3abe7,Joe Jevnik,Stephen Rosen,2016-03-09 19:58:22+00:00,2018-08-26T18:20:02-04:00,make context.exit raise a custom exception,False,1,core.py,click/core.py,8,2,10,0,0
4308336623cfd8da36474581dae6bcabe4e3abe7,Joe Jevnik,Stephen Rosen,2016-03-09 19:58:22+00:00,2018-08-26T18:20:02-04:00,make context.exit raise a custom exception,False,1,exceptions.py,click/exceptions.py,32,7,39,0,1
4308336623cfd8da36474581dae6bcabe4e3abe7,Joe Jevnik,Stephen Rosen,2016-03-09 19:58:22+00:00,2018-08-26T18:20:02-04:00,make context.exit raise a custom exception,False,1,test_context.py,tests/test_context.py,25,1,26,0,0
225736b9eaa5cea30356d3a48e5c2bbe788e6298,Joe Jevnik,Stephen Rosen,2016-03-09 19:59:44+00:00,2018-08-26T18:20:53-04:00,add tests for the runner when the app uses context.exit,False,1,test_testing.py,tests/test_testing.py,30,0,30,0,0
225736b9eaa5cea30356d3a48e5c2bbe788e6298,Joe Jevnik,Stephen Rosen,2016-03-09 19:59:44+00:00,2018-08-26T18:20:53-04:00,add tests for the runner when the app uses context.exit,False,1,test_context.py,tests/test_context.py,2,0,2,0,0
2be592314dbdea448ca5f74a076ae44fc26cb7a0,Denis Carriere,Denis Carriere,2016-03-17 01:38:30+00:00,2016-03-16T21:38:30-04:00,Add Float Range in Types,False,1,__init__.py,click/__init__.py,2,2,4,0,0
2be592314dbdea448ca5f74a076ae44fc26cb7a0,Denis Carriere,Denis Carriere,2016-03-17 01:38:30+00:00,2016-03-16T21:38:30-04:00,Add Float Range in Types,False,1,test_basic.py,tests/test_basic.py,33,0,33,0,0
2be592314dbdea448ca5f74a076ae44fc26cb7a0,Denis Carriere,Denis Carriere,2016-03-17 01:38:30+00:00,2016-03-16T21:38:30-04:00,Add Float Range in Types,False,1,types.py,click/types.py,53,14,67,0,1
9e7d1588ad85fb629f9377b4d78b4f5d2051e7aa,Markus Unterwaditzer,Markus Unterwaditzer,2016-03-23 23:06:50+00:00,2016-03-24T00:10:40+01:00,bashcomplete: Adapt to changes for chain commands,False,1,CHANGES,CHANGES,8,0,8,0,0
9e7d1588ad85fb629f9377b4d78b4f5d2051e7aa,Markus Unterwaditzer,Markus Unterwaditzer,2016-03-23 23:06:50+00:00,2016-03-24T00:10:40+01:00,bashcomplete: Adapt to changes for chain commands,False,1,_bashcomplete.py,click/_bashcomplete.py,20,15,35,0,0
37011e76aaef13786af9ead1158ac5c2d52c8631,Markus Unterwaditzer,Markus Unterwaditzer,2016-03-23 23:06:50+00:00,2016-03-24T00:07:20+01:00,bashcomplete: Adapt to changes for chain commands,False,1,_bashcomplete.py,click/_bashcomplete.py,20,15,35,0,1
9e7d1588ad85fb629f9377b4d78b4f5d2051e7aa,Markus Unterwaditzer,Markus Unterwaditzer,2016-03-23 23:06:50+00:00,2016-03-24T00:10:40+01:00,bashcomplete: Adapt to changes for chain commands,False,1,test_bashcomplete.py,tests/test_bashcomplete.py,20,0,20,0,0
37011e76aaef13786af9ead1158ac5c2d52c8631,Markus Unterwaditzer,Markus Unterwaditzer,2016-03-23 23:06:50+00:00,2016-03-24T00:07:20+01:00,bashcomplete: Adapt to changes for chain commands,False,1,test_bashcomplete.py,tests/test_bashcomplete.py,20,0,20,0,1
90f77a8d03bd5153a67accdb56b7287b1ea1c68e,Markus Unterwaditzer,Markus Unterwaditzer,2016-03-23 23:58:09+00:00,2016-03-24T00:58:09+01:00,This is 6.4,False,1,CHANGES,CHANGES,1,1,2,0,1
90f77a8d03bd5153a67accdb56b7287b1ea1c68e,Markus Unterwaditzer,Markus Unterwaditzer,2016-03-23 23:58:09+00:00,2016-03-24T00:58:09+01:00,This is 6.4,False,1,__init__.py,click/__init__.py,1,1,2,0,0
412e34dfa3da6cdbc97079a8550a6820a34b28f8,Markus Unterwaditzer,Markus Unterwaditzer,2016-03-23 23:59:46+00:00,2016-03-24T00:59:46+01:00,This is 6.5-dev,False,1,__init__.py,click/__init__.py,1,1,2,0,0
159d0e577ca88ee14e543ff3ebeab3f21515eb59,Armin Ronacher,Armin Ronacher,2016-03-25 10:49:24+00:00,2016-03-25T11:49:24+01:00,Make pypy a bit happier on windows,False,1,_winconsole.py,click/_winconsole.py,23,14,37,0,1
6dfc2e7eeaf408d59291b654d423a7cb9cb95246,Felix Bayer,buckket,2016-03-30 11:21:57+00:00,2016-03-30T20:21:04+02:00,Clarify behavior of resolve_path,False,1,types.py,click/types.py,3,1,4,1,1
c105b6d330d454c794754b7ee7e831d03885dd55,José Carlos García,José Carlos García,2016-04-02 17:43:52+00:00,2016-04-02T19:43:52+02:00,Update setup.py,False,1,setup.py,setup.py,1,1,2,0,0
fab5356b61c4f5d91e5f75b972c2d6cd9c4ecc69,Markus Unterwaditzer,Markus Unterwaditzer,2016-04-04 16:40:21+00:00,2016-04-04T18:40:21+02:00,Fix UnboundLocalError in click.Path,False,1,types.py,click/types.py,20,20,40,1,1
fab5356b61c4f5d91e5f75b972c2d6cd9c4ecc69,Markus Unterwaditzer,Markus Unterwaditzer,2016-04-04 16:40:21+00:00,2016-04-04T18:40:21+02:00,Fix UnboundLocalError in click.Path,False,1,CHANGES,CHANGES,6,0,6,1,1
fab5356b61c4f5d91e5f75b972c2d6cd9c4ecc69,Markus Unterwaditzer,Markus Unterwaditzer,2016-04-04 16:40:21+00:00,2016-04-04T18:40:21+02:00,Fix UnboundLocalError in click.Path,False,1,test_arguments.py,tests/test_arguments.py,11,0,11,1,1
15977f2913ded61d8c1ac38012feadf2397b945d,Markus Unterwaditzer,Markus Unterwaditzer,2016-04-04 16:41:12+00:00,2016-04-04T18:41:12+02:00,Fix headline in changelog,False,1,CHANGES,CHANGES,1,0,1,1,0
cc571a631a2c0173f68c773173ef2f3e237b9c17,Markus Unterwaditzer,Markus Unterwaditzer,2016-04-04 16:48:21+00:00,2016-04-04T18:48:21+02:00,This is 6.5,False,1,__init__.py,click/__init__.py,1,1,2,0,0
d4ae22b39bdb746be905304b2bc1708e1b2512ea,Markus Unterwaditzer,Markus Unterwaditzer,2016-04-04 16:50:12+00:00,2016-04-04T18:50:48+02:00,This is 6.6,False,1,CHANGES,CHANGES,2,2,4,0,0
d4ae22b39bdb746be905304b2bc1708e1b2512ea,Markus Unterwaditzer,Markus Unterwaditzer,2016-04-04 16:50:12+00:00,2016-04-04T18:50:48+02:00,This is 6.6,False,1,__init__.py,click/__init__.py,1,1,2,0,0
42905cca45eab4b9e04d75b4738d7c89b462f9d0,Markus Unterwaditzer,Markus Unterwaditzer,2016-04-04 16:59:17+00:00,2016-04-04T18:59:17+02:00,Bump dev version,False,1,__init__.py,click/__init__.py,1,1,2,0,0
d54c323f98bc52d7fc3bf04ab270e3f843c9dee2,Denis Carriere,Denis Carriere,2016-04-04 23:57:48+00:00,2016-04-04T19:57:48-04:00,Added Float Range in Changelog,False,1,CHANGES,CHANGES,1,0,1,0,0
3c0b98514e5595834fb48c91892ea30faa73de25,Denis Carriere,Denis Carriere,2016-04-05 00:02:44+00:00,2016-04-04T20:02:44-04:00,Added period to changelog,False,1,CHANGES,CHANGES,1,1,2,0,0
9cfea142150a8b5a372550702dbe269a30df5840,Ryan Siemens,Ryan Siemens,2016-04-07 05:02:35+00:00,2016-04-12T20:57:50-07:00,issue #393: Usage error should show there is a --help option,False,1,test_formatting.py,tests/test_formatting.py,35,0,35,1,1
9cfea142150a8b5a372550702dbe269a30df5840,Ryan Siemens,Ryan Siemens,2016-04-07 05:02:35+00:00,2016-04-12T20:57:50-07:00,issue #393: Usage error should show there is a --help option,False,1,exceptions.py,click/exceptions.py,3,1,4,1,1
70f29dc1d633c24e1b947f2d200978d05d814c3f,Markus Unterwaditzer,Markus Unterwaditzer,2016-04-08 20:25:59+00:00,2016-04-08T22:25:59+02:00,Add changelog entry,False,1,CHANGES,CHANGES,1,0,1,0,0
2cae5e9c90fe91a26b63de9af1ad8f9ea41b3b8e,Ryan Siemens,Ryan Siemens,2016-04-15 04:31:45+00:00,2016-04-14T21:31:45-07:00,issue #393: Show help hint only if there is a help option.,False,1,exceptions.py,click/exceptions.py,7,3,10,1,1
ee780c3af46c2ca83e0d1211343dcfe7afb27f88,Ryan Siemens,Ryan Siemens,2016-04-15 04:32:43+00:00,2016-04-14T21:32:43-07:00,issue #393: Add more tests to support changes.,False,1,test_formatting.py,tests/test_formatting.py,32,0,32,1,0
ae5386bac1a19d2a8fd0d8f8e3dcf090607cbb9b,Markus Unterwaditzer,Markus Unterwaditzer,2016-04-15 13:42:05+00:00,2016-04-15T15:42:05+02:00,Changelog for #557,False,1,CHANGES,CHANGES,1,0,1,0,0
6f4d267a51a907a7751d6585541863641518c1a0,Markus Unterwaditzer,Markus Unterwaditzer,2016-05-07 11:57:09+00:00,2016-05-07T13:57:27+02:00,Fix broken merge,False,1,CHANGES,CHANGES,1,1,2,0,0
02ea9ee7e864581258b4902d6e6c1264b0226b9f,Rovanion Luckey,Rovanion Luckey,2016-06-13 11:24:56+00:00,2016-11-02T10:28:41+01:00,Added list of choices to termui prompt for user data if the data requested is a Choice.,False,1,CHANGES,CHANGES,3,0,3,0,1
02ea9ee7e864581258b4902d6e6c1264b0226b9f,Rovanion Luckey,Rovanion Luckey,2016-06-13 11:24:56+00:00,2016-11-02T10:28:41+01:00,Added list of choices to termui prompt for user data if the data requested is a Choice.,False,1,core.py,click/core.py,4,3,7,0,1
02ea9ee7e864581258b4902d6e6c1264b0226b9f,Rovanion Luckey,Rovanion Luckey,2016-06-13 11:24:56+00:00,2016-11-02T10:28:41+01:00,Added list of choices to termui prompt for user data if the data requested is a Choice.,False,1,termui.py,click/termui.py,15,7,22,0,1
02ea9ee7e864581258b4902d6e6c1264b0226b9f,Rovanion Luckey,Rovanion Luckey,2016-06-13 11:24:56+00:00,2016-11-02T10:28:41+01:00,Added list of choices to termui prompt for user data if the data requested is a Choice.,False,1,test_termui.py,tests/test_termui.py,17,0,17,0,0
9af0527f2769c3b5966faac51e7a0b9bb9e15894,stxlvt,Atausch,2016-07-14 08:28:04+00:00,2018-05-14T16:40:30-04:00,"Quick fix to get_winterm_size() returning (0, 0)",False,1,termui.py,click/termui.py,5,1,6,1,0
e129f181db99853ff78d2b05185a2b0691c97758,cocodrips,Zachery Bir,2016-07-25 08:21:58+00:00,2018-05-15T13:47:57-04:00,Fix Google App Engine ImportError.,False,1,_compat.py,click/_compat.py,2,1,3,1,0
e850c58571272e24d7169172c0f8086c2f88b5ef,Oscar Bonilla,Markus Unterwaditzer,2016-08-03 17:53:39+00:00,2016-09-19T19:22:12+02:00,Handle SIGPIPE in click.echo().,False,1,core.py,click/core.py,6,0,6,1,0
e850c58571272e24d7169172c0f8086c2f88b5ef,Oscar Bonilla,Markus Unterwaditzer,2016-08-03 17:53:39+00:00,2016-09-19T19:22:12+02:00,Handle SIGPIPE in click.echo().,False,1,CHANGES,CHANGES,1,0,1,1,0
e850c58571272e24d7169172c0f8086c2f88b5ef,Oscar Bonilla,Markus Unterwaditzer,2016-08-03 17:53:39+00:00,2016-09-19T19:22:12+02:00,Handle SIGPIPE in click.echo().,False,1,test_imports.py,tests/test_imports.py,1,1,2,1,1
93c371dadb23d72017ff3bfd892b8d32d0d2bc96,Robert Pooley,Stephen Rosen,2016-08-10 19:15:01+00:00,2018-08-15T00:54:53Z,Add ability to truncate help text in docstrings.,False,1,test_formatting.py,tests/test_formatting.py,29,0,29,0,1
93c371dadb23d72017ff3bfd892b8d32d0d2bc96,Robert Pooley,Stephen Rosen,2016-08-10 19:15:01+00:00,2018-08-15T00:54:53Z,Add ability to truncate help text in docstrings.,False,1,core.py,click/core.py,2,0,2,0,1
8b0531125943af4a40bad2bd3166940f7f2f4050,Asham,Markus Unterwaditzer,2016-08-19 14:16:11+00:00,2016-08-19T17:08:07+02:00,Bugfix: Make click.progressbar work with codecs.open files,False,1,_termui_impl.py,click/_termui_impl.py,1,1,2,1,0
7e8324fcfdbd3ae89fb2f71c1166edb6aae595f2,Markus Unterwaditzer,Markus Unterwaditzer,2016-08-19 15:09:01+00:00,2016-08-19T17:09:01+02:00,Changelog for #637,False,1,CHANGES,CHANGES,7,0,7,0,0
8af7ec14f3d936e02c2e4ee62d3573593868e07e,Peter Kelley,Markus Unterwaditzer,2016-08-19 15:09:33+00:00,2016-08-19T21:49:44+02:00,Fix #630: Bash completion for nested commands broken,False,1,_bashcomplete.py,click/_bashcomplete.py,2,2,4,1,1
8af7ec14f3d936e02c2e4ee62d3573593868e07e,Peter Kelley,Markus Unterwaditzer,2016-08-19 15:09:33+00:00,2016-08-19T21:49:44+02:00,Fix #630: Bash completion for nested commands broken,False,1,test_bashcomplete.py,tests/test_bashcomplete.py,43,1,44,1,1
891a22324a9daf2a761763ad82fa5d87884a5028,Markus Unterwaditzer,Markus Unterwaditzer,2016-08-19 19:50:41+00:00,2016-08-19T21:50:41+02:00,Changelog for #639,False,1,CHANGES,CHANGES,1,0,1,0,1
6131e96559e3a29aeb91129ac2a155af435a9433,Peter Kelley,Peter Kelley,2016-08-20 00:45:05+00:00,2017-03-28T22:59:12-04:00,Issue #535: Bash completion for click.Choice(),False,1,.gitignore,.gitignore,1,0,1,1,1
6131e96559e3a29aeb91129ac2a155af435a9433,Peter Kelley,Peter Kelley,2016-08-20 00:45:05+00:00,2017-03-28T22:59:12-04:00,Issue #535: Bash completion for click.Choice(),False,1,CHANGES,CHANGES,2,0,2,1,0
6131e96559e3a29aeb91129ac2a155af435a9433,Peter Kelley,Peter Kelley,2016-08-20 00:45:05+00:00,2017-03-28T22:59:12-04:00,Issue #535: Bash completion for click.Choice(),False,1,_bashcomplete.py,click/_bashcomplete.py,104,7,111,1,0
6131e96559e3a29aeb91129ac2a155af435a9433,Peter Kelley,Peter Kelley,2016-08-20 00:45:05+00:00,2017-03-28T22:59:12-04:00,Issue #535: Bash completion for click.Choice(),False,1,test_bashcomplete.py,tests/test_bashcomplete.py,167,0,167,1,0
598c6d76fbc036fb3219d9f09948a682cda66601,Patrick Mézard,Markus Unterwaditzer,2016-08-29 15:06:44+00:00,2016-08-29T17:55:01+02:00,Fix test runner not saving caller env correctly,False,1,test_testing.py,tests/test_testing.py,19,0,19,0,0
598c6d76fbc036fb3219d9f09948a682cda66601,Patrick Mézard,Markus Unterwaditzer,2016-08-29 15:06:44+00:00,2016-08-29T17:55:01+02:00,Fix test runner not saving caller env correctly,False,1,testing.py,click/testing.py,1,1,2,0,0
501b6417652d32f2a4df7f94a1f9be14eca8233c,Markus Unterwaditzer,Markus Unterwaditzer,2016-08-29 15:55:18+00:00,2016-08-29T17:55:18+02:00,Changelog for #644,False,1,CHANGES,CHANGES,1,0,1,0,0
3e96405035fd17332292d709ab725ad2b74cbc9a,TDaglis,TDaglis,2016-09-05 15:45:18+00:00,2016-09-05T15:45:18Z,Recognise cygwin platform and open urls accordingly,False,1,_termui_impl.py,click/_termui_impl.py,9,1,10,0,0
3e96405035fd17332292d709ab725ad2b74cbc9a,TDaglis,TDaglis,2016-09-05 15:45:18+00:00,2016-09-05T15:45:18Z,Recognise cygwin platform and open urls accordingly,False,1,_compat.py,click/_compat.py,1,0,1,0,0
97b6cbd31f5d716b00ac4a94aad8cce04059aa41,TDaglis,TDaglis,2016-09-05 17:53:39+00:00,2016-09-05T20:53:39+03:00,Open parent dir on locate,False,1,_termui_impl.py,click/_termui_impl.py,3,2,5,0,1
30fc626263db82e9f339ca8810d207ab089d5575,Markus Unterwaditzer,Markus Unterwaditzer,2016-09-05 18:11:30+00:00,2016-09-05T20:11:30+02:00,Changelog for #650,False,1,CHANGES,CHANGES,1,0,1,0,0
8b0a0e677f748e9f6906f6767e34fb6e764f7507,I,I,2016-09-21 04:48:20+00:00,2016-09-20T21:48:20-07:00,dirty version to differentiate it,False,1,__init__.py,click/__init__.py,1,1,2,0,0
66a681f3cdb879e7f713191f1e79a31cc47b02bb,I,I,2016-09-21 04:51:04+00:00,2016-09-20T21:51:04-07:00,update version number,False,1,__init__.py,click/__init__.py,1,1,2,0,0
9545ae04f893d12da5f87af2b6d8d81acd1e424c,Johnny Robeson,Johnny Robeson,2016-09-23 08:18:39+00:00,2016-09-23T04:18:39-04:00,Don't suggest to run application under Python 2,False,1,_unicodefun.py,click/_unicodefun.py,2,3,5,0,0
0759c87dc38ab54cbb741d79bfb5bca656b622b7,Fabio Menegazzo,Fabio Menegazzo,2016-09-28 17:57:56+00:00,2016-10-05T08:14:56-03:00,Add support to invoke args as string,False,1,test_testing.py,tests/test_testing.py,20,0,20,0,0
0759c87dc38ab54cbb741d79bfb5bca656b622b7,Fabio Menegazzo,Fabio Menegazzo,2016-09-28 17:57:56+00:00,2016-10-05T08:14:56-03:00,Add support to invoke args as string,False,1,testing.py,click/testing.py,9,2,11,0,1
0759c87dc38ab54cbb741d79bfb5bca656b622b7,Fabio Menegazzo,Fabio Menegazzo,2016-09-28 17:57:56+00:00,2016-10-05T08:14:56-03:00,Add support to invoke args as string,False,1,CHANGES,CHANGES,2,0,2,0,0
16f720d74eea3a811f73dc9cf6ef0a5a9294cac6,Stephen Rosen,Stephen Rosen,2016-10-19 05:11:51+00:00,2016-10-19T00:11:51-05:00,Argument.make_metavar() defaults to type metavar,False,1,core.py,click/core.py,3,1,4,1,0
13e045b36ce3b78eefd50bc37ffcec75abb7dad3,Markus Unterwaditzer,Markus Unterwaditzer,2016-11-04 18:14:36+00:00,2016-11-04T19:14:36+01:00,Refine testcase,False,1,test_termui.py,tests/test_termui.py,10,7,17,0,1
85d507685c7b6c90079c85dfacb51bb834a519e3,FooBarQuaxx,LokiHokie,2016-11-07 11:32:21+00:00,2018-05-15T11:14:29-04:00,Added deprecation flag to commands,False,1,core.py,click/core.py,26,3,29,0,1
85d507685c7b6c90079c85dfacb51bb834a519e3,FooBarQuaxx,LokiHokie,2016-11-07 11:32:21+00:00,2018-05-15T11:14:29-04:00,Added deprecation flag to commands,False,1,test_commands.py,tests/test_commands.py,16,50,66,0,1
e6f22c652fb537b11f7b51d77b1013d876176512,Sergey Kozlov,Adrian,2016-12-04 16:19:02+00:00,2016-12-04T17:19:02+01:00,Fix path type (#695),False,1,types.py,click/types.py,1,1,2,1,0
8780a763aab11f69258acccbcb9d0d97e92ebadb,Jonas Tingeborn,Jonas Tingeborn,2016-12-22 19:44:08+00:00,2016-12-22T23:29:27+01:00,Update progress after iteration (fix #651),False,1,_termui_impl.py,click/_termui_impl.py,21,19,40,1,0
8780a763aab11f69258acccbcb9d0d97e92ebadb,Jonas Tingeborn,Jonas Tingeborn,2016-12-22 19:44:08+00:00,2016-12-22T23:29:27+01:00,Update progress after iteration (fix #651),False,1,test_termui.py,tests/test_termui.py,39,0,39,1,0
782389c0432876d0876bb2737e14f72a7c8a5872,Stephen Rosen,LokiHokie,2016-12-30 23:08:29+00:00,2018-05-14T15:32:48-04:00,"Derive ""param_hint"" in errors from param itself",False,1,exceptions.py,click/exceptions.py,11,6,17,1,1
782389c0432876d0876bb2737e14f72a7c8a5872,Stephen Rosen,LokiHokie,2016-12-30 23:08:29+00:00,2018-05-14T15:32:48-04:00,"Derive ""param_hint"" in errors from param itself",False,1,core.py,click/core.py,10,0,10,1,1
f21f0140bab5d32eecfabff9e8a2163a7c79dabf,Stephen Rosen,LokiHokie,2016-12-30 23:27:01+00:00,2018-05-14T15:32:48-04:00,Add test from #612 for usage error Argument format,False,1,test_formatting.py,tests/test_formatting.py,24,4,28,1,0
f21f0140bab5d32eecfabff9e8a2163a7c79dabf,Stephen Rosen,LokiHokie,2016-12-30 23:27:01+00:00,2018-05-14T15:32:48-04:00,Add test from #612 for usage error Argument format,False,1,test_arguments.py,tests/test_arguments.py,2,2,4,1,0
f21f0140bab5d32eecfabff9e8a2163a7c79dabf,Stephen Rosen,LokiHokie,2016-12-30 23:27:01+00:00,2018-05-14T15:32:48-04:00,Add test from #612 for usage error Argument format,False,1,core.py,click/core.py,1,1,2,1,0
944cb6ff983459ad9ebbdd5ae8d4e0149c52acc2,Matt Haggard,Matt Haggard,2017-01-04 17:12:22+00:00,2017-01-04T10:12:22-07:00,Add show_envvar for showing environment variables in help,False,1,core.py,click/core.py,17,1,18,0,0
944cb6ff983459ad9ebbdd5ae8d4e0149c52acc2,Matt Haggard,Matt Haggard,2017-01-04 17:12:22+00:00,2017-01-04T10:12:22-07:00,Add show_envvar for showing environment variables in help,False,1,test_options.py,tests/test_options.py,24,0,24,0,1
691a60b1b7947dd2b50620b48f3b1817d34a3085,Markus Unterwaditzer,Markus Unterwaditzer,2017-01-06 22:39:13+00:00,2017-01-06T23:39:46+01:00,Shabbily deal with GAE dev server on Windows,False,1,_compat.py,click/_compat.py,9,3,12,0,1
691a60b1b7947dd2b50620b48f3b1817d34a3085,Markus Unterwaditzer,Markus Unterwaditzer,2017-01-06 22:39:13+00:00,2017-01-06T23:39:46+01:00,Shabbily deal with GAE dev server on Windows,False,1,CHANGES,CHANGES,1,0,1,0,0
df0e37dd890d36fc997986ae6d2b6c255f3ed1dc,Markus Unterwaditzer,Markus Unterwaditzer,2017-01-06 22:40:59+00:00,2017-01-06T23:40:59+01:00,Version 6.7,False,1,__init__.py,click/__init__.py,1,1,2,0,1
df0e37dd890d36fc997986ae6d2b6c255f3ed1dc,Markus Unterwaditzer,Markus Unterwaditzer,2017-01-06 22:40:59+00:00,2017-01-06T23:40:59+01:00,Version 6.7,False,1,CHANGES,CHANGES,1,1,2,0,0
60fd967cb8ff60fd7f49ca95a39f994f5ffc3cab,jhwgh1968,jhwgh1968,2017-02-10 05:23:00+00:00,2017-02-09T23:25:10-06:00,Disabled sys._getframes() on Python interpreters that don't support it,False,1,_unicodefun.py,click/_unicodefun.py,2,0,2,0,0
60fd967cb8ff60fd7f49ca95a39f994f5ffc3cab,jhwgh1968,jhwgh1968,2017-02-10 05:23:00+00:00,2017-02-09T23:25:10-06:00,Disabled sys._getframes() on Python interpreters that don't support it,False,1,decorators.py,click/decorators.py,5,1,6,0,0
1d5aa254e28306d4d0074e5e81d815edcd73bcb5,jhwgh1968,jhwgh1968,2017-02-11 17:06:30+00:00,2017-02-11T11:06:30-06:00,Updated CHANGES,False,1,CHANGES,CHANGES,8,0,8,0,1
3dfbb984214ff86e35b27672e37b9889eba71004,timfeirg,Markus Unterwaditzer,2017-02-22 15:31:11+00:00,2017-02-25T16:07:44+01:00,fix exit_code for click.testing.CliRunner.invoke,False,1,CHANGES,CHANGES,1,0,1,1,1
3dfbb984214ff86e35b27672e37b9889eba71004,timfeirg,Markus Unterwaditzer,2017-02-22 15:31:11+00:00,2017-02-25T16:07:44+01:00,fix exit_code for click.testing.CliRunner.invoke,False,1,testing.py,click/testing.py,9,5,14,1,0
3dfbb984214ff86e35b27672e37b9889eba71004,timfeirg,Markus Unterwaditzer,2017-02-22 15:31:11+00:00,2017-02-25T16:07:44+01:00,fix exit_code for click.testing.CliRunner.invoke,False,1,.gitignore,.gitignore,2,0,2,1,1
5701c4000c39b5a90c45f1083c0cbf4e00731e81,Markus Unterwaditzer,Markus Unterwaditzer,2017-02-27 15:34:09+00:00,2017-02-27T16:34:35+01:00,Fix #744,False,1,CHANGES,CHANGES,1,0,1,1,0
5701c4000c39b5a90c45f1083c0cbf4e00731e81,Markus Unterwaditzer,Markus Unterwaditzer,2017-02-27 15:34:09+00:00,2017-02-27T16:34:35+01:00,Fix #744,False,1,_winconsole.py,click/_winconsole.py,1,1,2,1,0
3363233c1032e6b3f300afab0728b1ea9d799ce4,Nic Wiles,Nic Wiles,2017-03-20 00:00:02+00:00,2017-03-19T17:00:02-07:00,fix merge,False,1,_bashcomplete.py,click/_bashcomplete.py,2,2,4,0,1
1d0b39428d6112702ceea1628822b6e9bad1796c,Nic Wiles,Nic Wiles,2017-03-20 01:50:34+00:00,2017-03-19T18:50:34-07:00,Fix bug preventing completion on subcommands,False,1,_bashcomplete.py,click/_bashcomplete.py,1,1,2,1,0
1d0b39428d6112702ceea1628822b6e9bad1796c,Nic Wiles,Nic Wiles,2017-03-20 01:50:34+00:00,2017-03-19T18:50:34-07:00,Fix bug preventing completion on subcommands,False,1,bashcompletion.py,examples/bashcompletion/bashcompletion.py,11,0,11,1,0
dcc07195f9d3c120d419cb8d2d1d732e61f6f289,Nicholas Wiles,Nicholas Wiles,2017-03-27 03:44:44+00:00,2017-03-26T20:44:44-07:00,Updated tests for autocompletion,False,1,bashcompletion.py,examples/bashcompletion/bashcompletion.py,1,1,2,0,0
dcc07195f9d3c120d419cb8d2d1d732e61f6f289,Nicholas Wiles,Nicholas Wiles,2017-03-27 03:44:44+00:00,2017-03-26T20:44:44-07:00,Updated tests for autocompletion,False,1,test_bashcomplete.py,tests/test_bashcomplete.py,19,1,20,0,0
dcc07195f9d3c120d419cb8d2d1d732e61f6f289,Nicholas Wiles,Nicholas Wiles,2017-03-27 03:44:44+00:00,2017-03-26T20:44:44-07:00,Updated tests for autocompletion,False,1,_bashcomplete.py,click/_bashcomplete.py,4,5,9,0,0
8ac004faaf2bc40ceab3688968fa2ab63bbb5ec1,Nicholas Wiles,Nicholas Wiles,2017-03-28 05:49:40+00:00,2017-03-27T22:49:40-07:00,Add choices to autocompletion,False,1,test_bashcomplete.py,tests/test_bashcomplete.py,9,2,11,0,0
8ac004faaf2bc40ceab3688968fa2ab63bbb5ec1,Nicholas Wiles,Nicholas Wiles,2017-03-28 05:49:40+00:00,2017-03-27T22:49:40-07:00,Add choices to autocompletion,False,1,core.py,click/core.py,4,3,7,0,0
8ac004faaf2bc40ceab3688968fa2ab63bbb5ec1,Nicholas Wiles,Nicholas Wiles,2017-03-28 05:49:40+00:00,2017-03-27T22:49:40-07:00,Add choices to autocompletion,False,1,_bashcomplete.py,click/_bashcomplete.py,7,2,9,0,0
33cd8696cb88bcdaa6d16d506bf468f275770ace,Nicholas Wiles,Nicholas Wiles,2017-03-30 01:23:34+00:00,2017-03-29T18:23:34-07:00,Update completion example,False,1,bashcompletion.py,examples/bashcompletion/bashcompletion.py,7,14,21,0,0
ba4f40ac11d2edf844315d93e40d3c27dd812933,Nicholas Wiles,Nicholas Wiles,2017-03-30 01:31:08+00:00,2017-03-29T18:31:08-07:00,Documentation cleanup,False,1,_bashcomplete.py,click/_bashcomplete.py,3,1,4,0,0
b0621f0a8537407e066d89750af55cf8aab51a2c,Nicholas Wiles,Nicholas Wiles,2017-03-30 15:17:41+00:00,2017-03-30T08:17:41-07:00,Always add autocomplete to Param,False,1,core.py,click/core.py,1,2,3,0,0
b0621f0a8537407e066d89750af55cf8aab51a2c,Nicholas Wiles,Nicholas Wiles,2017-03-30 15:17:41+00:00,2017-03-30T08:17:41-07:00,Always add autocomplete to Param,False,1,_bashcomplete.py,click/_bashcomplete.py,1,1,2,0,0
73a8f11c2bfe60505bfda9f7b8dee1e8e7118867,Nicholas Wiles,Nicholas Wiles,2017-04-15 19:15:17+00:00,2017-04-15T12:15:17-07:00,use generator when returning completions,False,1,test_bashcomplete.py,tests/test_bashcomplete.py,2,1,3,0,1
73a8f11c2bfe60505bfda9f7b8dee1e8e7118867,Nicholas Wiles,Nicholas Wiles,2017-04-15 19:15:17+00:00,2017-04-15T12:15:17-07:00,use generator when returning completions,False,1,_bashcomplete.py,click/_bashcomplete.py,6,5,11,0,1
32fb787bbd4acf84983b5c49f87cfc76c7699d44,Nicholas Wiles,Nicholas Wiles,2017-04-15 19:22:42+00:00,2017-04-15T12:22:42-07:00,avoid creating empty list in bash completion if not needed,False,1,_bashcomplete.py,click/_bashcomplete.py,6,7,13,1,0
dd6b36a39f993ad29e8fea72dd9547ee578b9113,Nicholas Wiles,Nicholas Wiles,2017-05-02 15:15:42+00:00,2017-05-02T08:15:42-07:00,Allow spaces in bash completion results,False,1,_bashcomplete.py,click/_bashcomplete.py,1,0,1,0,1
92c8053bb9e7221efc87355c364fee256e1efc76,Nicholas Wiles,Nicholas Wiles,2017-05-02 15:19:11+00:00,2017-05-02T08:19:11-07:00,Fix bashautocompletion of arguments on chained commands,False,1,_bashcomplete.py,click/_bashcomplete.py,14,5,19,1,1
92c8053bb9e7221efc87355c364fee256e1efc76,Nicholas Wiles,Nicholas Wiles,2017-05-02 15:19:11+00:00,2017-05-02T08:19:11-07:00,Fix bashautocompletion of arguments on chained commands,False,1,test_bashcomplete.py,tests/test_bashcomplete.py,26,0,26,1,1
103c1daed9cd16e4f134e20d7d5516f09c9b4251,Nicholas Wiles,Nicholas Wiles,2017-05-02 15:26:39+00:00,2017-05-02T08:26:39-07:00,Use fast_exit when invoking bash completion to save about 10ms.,False,1,core.py,click/core.py,10,1,11,0,1
65f1a35fe4959cd346a7238065ee37b853d65553,Nicholas Wiles,Nicholas Wiles,2017-05-04 15:25:57+00:00,2017-05-04T08:25:57-07:00,Update changelog,False,1,CHANGES,CHANGES,3,1,4,0,1
29ab0b033f013ac9f603ad652e0cc813a2d0a550,Nicholas Wiles,Nicholas Wiles,2017-05-04 15:57:06+00:00,2017-05-04T08:57:06-07:00,Backport fixes for autocompletion on chained commands,False,1,CHANGES,CHANGES,1,0,1,1,0
29ab0b033f013ac9f603ad652e0cc813a2d0a550,Nicholas Wiles,Nicholas Wiles,2017-05-04 15:57:06+00:00,2017-05-04T08:57:06-07:00,Backport fixes for autocompletion on chained commands,False,1,test_bashcomplete.py,tests/test_bashcomplete.py,25,0,25,1,1
29ab0b033f013ac9f603ad652e0cc813a2d0a550,Nicholas Wiles,Nicholas Wiles,2017-05-04 15:57:06+00:00,2017-05-04T08:57:06-07:00,Backport fixes for autocompletion on chained commands,False,1,_bashcomplete.py,click/_bashcomplete.py,16,6,22,1,1
a1d022f849c619e49b46e2a1f1b1878e3729bb1e,Nicholas Wiles,Nicholas Wiles,2017-05-05 15:13:56+00:00,2017-05-05T08:13:56-07:00,Update changelog,False,1,CHANGES,CHANGES,1,0,1,0,1
206976869afe314646c9adbd243dd6108ba434ba,Eric L Frederich,Stephen Rosen,2017-05-15 13:55:33+00:00,2018-08-11T02:01:18Z,Don't arbitrarily strip an argument from make_pass_decorator,False,1,decorators.py,click/decorators.py,1,1,2,0,0
f15f425bc11a69a4dc856d43d25e223dcc15f0f2,Eric L Frederich,Eric L Frederich,2017-05-19 13:00:18+00:00,2017-05-19T09:51:42-04:00,Bug fix #793; use the first defined long name,False,1,CHANGES,CHANGES,1,0,1,1,1
f15f425bc11a69a4dc856d43d25e223dcc15f0f2,Eric L Frederich,Eric L Frederich,2017-05-19 13:00:18+00:00,2017-05-19T09:51:42-04:00,Bug fix #793; use the first defined long name,False,1,core.py,click/core.py,2,2,4,1,1
f15f425bc11a69a4dc856d43d25e223dcc15f0f2,Eric L Frederich,Eric L Frederich,2017-05-19 13:00:18+00:00,2017-05-19T09:51:42-04:00,Bug fix #793; use the first defined long name,False,1,test_options.py,tests/test_options.py,22,0,22,1,0
a653585fa7932726a3309b69d79b7067466e961d,Eric L Frederich,Eric L Frederich,2017-05-22 12:59:42+00:00,2017-05-22T09:06:35-04:00,Option naming: add test and documentation for existing functionality,False,1,test_options.py,tests/test_options.py,7,3,10,0,0
2e96c4b64582cabf31c80d72b3198b041e7e016c,Philippe Ombredanne,GitHub,2017-05-24 14:50:54+00:00,2017-05-24T16:50:54+02:00,Update doc to match arg name for path_type,False,1,types.py,click/types.py,5,5,10,0,0
65da5cc5c4b2e75037811c76d73f742e7ef033c5,Nicholas Wiles,Nicholas Wiles,2017-06-01 04:56:12+00:00,2017-05-31T21:56:12-07:00,fix overzealous completion when required options are present,False,1,CHANGES,CHANGES,3,0,3,1,0
65da5cc5c4b2e75037811c76d73f742e7ef033c5,Nicholas Wiles,Nicholas Wiles,2017-06-01 04:56:12+00:00,2017-05-31T21:56:12-07:00,fix overzealous completion when required options are present,False,1,_bashcomplete.py,click/_bashcomplete.py,32,23,55,1,0
65da5cc5c4b2e75037811c76d73f742e7ef033c5,Nicholas Wiles,Nicholas Wiles,2017-06-01 04:56:12+00:00,2017-05-31T21:56:12-07:00,fix overzealous completion when required options are present,False,1,test_bashcomplete.py,tests/test_bashcomplete.py,5,4,9,1,0
38787aa02c43ec68fa3f4a3cd2de347354421683,Nicholas Wiles,GitHub,2017-06-01 15:39:30+00:00,2017-06-01T08:39:30-07:00,Update CHANGES,False,1,CHANGES,CHANGES,2,2,4,0,0
4383f608ef80168cd3f344b814caec548834c57a,Panagiotis Ktistakis,Panagiotis Ktistakis,2017-06-12 11:51:32+00:00,2017-06-12T14:51:32+03:00,click.style: add support for bright colors,False,1,CHANGES,CHANGES,1,0,1,0,0
4383f608ef80168cd3f344b814caec548834c57a,Panagiotis Ktistakis,Panagiotis Ktistakis,2017-06-12 11:51:32+00:00,2017-06-12T14:51:32+03:00,click.style: add support for bright colors,False,1,termui.py,click/termui.py,34,6,40,0,1
eb4598f6c84e6ce0525c6eddf215ad4afeea9af7,Panagiotis Ktistakis,Panagiotis Ktistakis,2017-06-13 10:31:24+00:00,2017-06-13T13:31:24+03:00,Update colors example,False,1,colors.py,examples/colors/colors.py,3,1,4,0,0
950463bd15f877c1163d40b59238b10c637d5b3e,scottbelden,Adrian,2017-07-06 22:33:58+00:00,2017-07-07T00:33:58+02:00,Fix typo (#817),False,1,_unicodefun.py,click/_unicodefun.py,1,1,2,0,1
dbd13dc17e2d791cbeabde43f799684a19b0d66f,Segev Finer,Segev Finer,2017-07-09 19:25:04+00:00,2018-02-07T20:44:47+02:00,A TextIOWrapper that wraps _winconsole._WindowsConsoleWriter expects a buffered stream.,False,1,_winconsole.py,click/_winconsole.py,2,2,4,0,1
e1aa43a38260b9a544b334b6eb94a56cf5fa8c7f,Eli Boyarski,GitHub,2017-07-12 12:13:54+00:00,2017-07-12T15:13:54+03:00,it's -> its,False,1,globals.py,click/globals.py,1,1,2,0,0
6c0d58591fcb2283400928909c3db36813609726,Segev Finer,David Lord,2017-07-12 16:49:59+00:00,2018-09-22T16:59:06-07:00,"Wrap stdout/stderr to avoid ""Not enough space"" in Python 2 on Windows 7",False,1,_compat.py,click/_compat.py,1,0,1,1,0
6c0d58591fcb2283400928909c3db36813609726,Segev Finer,David Lord,2017-07-12 16:49:59+00:00,2018-09-22T16:59:06-07:00,"Wrap stdout/stderr to avoid ""Not enough space"" in Python 2 on Windows 7",False,1,_winconsole.py,click/_winconsole.py,32,0,32,1,0
20b862282e7d926309d68dcafe183b06f5b2ce8e,axu2,axu2,2017-08-17 17:59:59+00:00,2017-08-17T13:59:59-04:00,add bool conversions for t and f,False,1,types.py,click/types.py,2,2,4,0,0
417da8f10941c8f643c2c97f857f71c89cb48556,Alex Xu,GitHub,2017-08-23 20:27:41+00:00,2017-08-23T16:27:41-04:00,Update CHANGES,False,1,CHANGES,CHANGES,1,0,1,0,0
379d593e1d757b235e3759bc29e33a8bd494aaf2,axu2,axu2,2017-08-24 18:49:03+00:00,2017-08-24T14:49:03-04:00,add boolean conversion test,False,1,test_basic.py,tests/test_basic.py,22,0,22,0,0
fa389c1a2f68dd0b2a6f2af07df30d7f819e6f0c,Garrett Smith,David Lord,2017-09-29 14:40:03+00:00,2018-09-13T08:26:03-07:00,Pass ctx to NoSuchOption exceptions,False,1,parser.py,click/parser.py,2,2,4,0,1
13eda7a5e7154479f1c1b80f110863f9a654e875,Nicholas Wiles,Nicholas Wiles,2017-10-07 04:23:25+00:00,2017-10-06T21:23:25-07:00,Allow returning of user completions that don’t always begin with the incomplete term.,False,1,CHANGES,CHANGES,2,0,2,0,1
13eda7a5e7154479f1c1b80f110863f9a654e875,Nicholas Wiles,Nicholas Wiles,2017-10-07 04:23:25+00:00,2017-10-06T21:23:25-07:00,Allow returning of user completions that don’t always begin with the incomplete term.,False,1,_bashcomplete.py,click/_bashcomplete.py,9,4,13,0,0
13eda7a5e7154479f1c1b80f110863f9a654e875,Nicholas Wiles,Nicholas Wiles,2017-10-07 04:23:25+00:00,2017-10-06T21:23:25-07:00,Allow returning of user completions that don’t always begin with the incomplete term.,False,1,bashcompletion.py,examples/bashcompletion/bashcompletion.py,12,2,14,0,1
13eda7a5e7154479f1c1b80f110863f9a654e875,Nicholas Wiles,Nicholas Wiles,2017-10-07 04:23:25+00:00,2017-10-06T21:23:25-07:00,Allow returning of user completions that don’t always begin with the incomplete term.,False,1,test_bashcomplete.py,tests/test_bashcomplete.py,20,4,24,0,1
54fec6869037f90b35f2ecad3edf56024cb44d70,Nicholas Wiles,Nicholas Wiles,2017-10-07 05:01:34+00:00,2017-10-06T22:01:34-07:00,Clean up whitespace with autopep8.,False,1,_bashcomplete.py,click/_bashcomplete.py,16,12,28,0,0
a02cbb773670e52895c72e993c830b192cc1f10a,Nicholas Wiles,Nicholas Wiles,2017-10-10 00:52:17+00:00,2017-10-09T17:52:17-07:00,Cleanup get_choices() to leverage early returns.,False,1,_bashcomplete.py,click/_bashcomplete.py,38,42,80,0,1
6c7276b5db80dff9310f6b76dd9fac985eb4a246,Nicholas Wiles,David Lord,2017-10-10 01:00:53+00:00,2018-05-18T09:09:14-07:00,support descriptions for zsh completions use associative array for zsh completion response add documentation for completion help strings fix missing short_help on commands that broke ZSH auto documentation,False,1,CHANGES,CHANGES,1,0,1,1,0
6c7276b5db80dff9310f6b76dd9fac985eb4a246,Nicholas Wiles,David Lord,2017-10-10 01:00:53+00:00,2018-05-18T09:09:14-07:00,support descriptions for zsh completions use associative array for zsh completion response add documentation for completion help strings fix missing short_help on commands that broke ZSH auto documentation,False,1,core.py,click/core.py,6,2,8,1,1
6c7276b5db80dff9310f6b76dd9fac985eb4a246,Nicholas Wiles,David Lord,2017-10-10 01:00:53+00:00,2018-05-18T09:09:14-07:00,support descriptions for zsh completions use associative array for zsh completion response add documentation for completion help strings fix missing short_help on commands that broke ZSH auto documentation,False,1,bashcompletion.py,examples/bashcompletion/bashcompletion.py,3,3,6,1,1
6c7276b5db80dff9310f6b76dd9fac985eb4a246,Nicholas Wiles,David Lord,2017-10-10 01:00:53+00:00,2018-05-18T09:09:14-07:00,support descriptions for zsh completions use associative array for zsh completion response add documentation for completion help strings fix missing short_help on commands that broke ZSH auto documentation,False,1,test_bashcomplete.py,tests/test_bashcomplete.py,97,86,183,1,1
f17dead8e5f0fc759587c4fd37c884c738cab171,Nicholas Wiles,David Lord,2017-10-10 01:00:53+00:00,2018-05-15T11:38:03-07:00,Enable native completion for zsh,False,1,_bashcomplete.py,click/_bashcomplete.py,22,6,28,0,0
6c7276b5db80dff9310f6b76dd9fac985eb4a246,Nicholas Wiles,David Lord,2017-10-10 01:00:53+00:00,2018-05-18T09:09:14-07:00,support descriptions for zsh completions use associative array for zsh completion response add documentation for completion help strings fix missing short_help on commands that broke ZSH auto documentation,False,1,_bashcomplete.py,click/_bashcomplete.py,41,19,60,1,0
632ff561adc9b0cd04468248c4dec0ae4fdd5005,Nicholas Wiles,David Lord,2017-10-10 01:10:03+00:00,2018-05-15T11:38:06-07:00,Explicitly check for zsh source var when determining shell type.,False,1,_bashcomplete.py,click/_bashcomplete.py,1,1,2,0,1
b61ec644fad6ed03b3e73f77c7c1242ebf0a3933,Nicholas Wiles,Nicholas Wiles,2017-10-10 01:14:00+00:00,2018-07-03T09:35:16-07:00,Fix bash completion when defaults are present and the way subcommands are handled. This makes the completion logic behave the same way the paser does. Fixes #925 Fixes #919,False,1,test_bashcomplete.py,tests/test_bashcomplete.py,100,24,124,1,0
b61ec644fad6ed03b3e73f77c7c1242ebf0a3933,Nicholas Wiles,Nicholas Wiles,2017-10-10 01:14:00+00:00,2018-07-03T09:35:16-07:00,Fix bash completion when defaults are present and the way subcommands are handled. This makes the completion logic behave the same way the paser does. Fixes #925 Fixes #919,False,1,_bashcomplete.py,click/_bashcomplete.py,28,18,46,1,0
b073abe1cbc67d2a29f13ac757774b49257c494b,Nicholas Wiles,David Lord,2017-10-10 01:14:00+00:00,2018-09-12T12:05:51-07:00,Use Python sorting order for ZSH completions. Fixes #1047.,False,1,_bashcomplete.py,click/_bashcomplete.py,18,4,22,1,1
4f96820822ce926a6b681959275cf02d1604c0ba,Nicholas Wiles,David Lord,2017-10-10 01:14:00+00:00,2018-05-15T11:38:54-07:00,Update CHANGES file.,False,1,CHANGES,CHANGES,1,0,1,0,1
b073abe1cbc67d2a29f13ac757774b49257c494b,Nicholas Wiles,David Lord,2017-10-10 01:14:00+00:00,2018-09-12T12:05:51-07:00,Use Python sorting order for ZSH completions. Fixes #1047.,False,1,bashcompletion.py,examples/bashcompletion/bashcompletion.py,9,5,14,1,0
b61ec644fad6ed03b3e73f77c7c1242ebf0a3933,Nicholas Wiles,Nicholas Wiles,2017-10-10 01:14:00+00:00,2018-07-03T09:35:16-07:00,Fix bash completion when defaults are present and the way subcommands are handled. This makes the completion logic behave the same way the paser does. Fixes #925 Fixes #919,False,1,core.py,click/core.py,9,3,12,1,1
aae0ae2d87d64ff609279655fdcd02006e07872b,Nicholas Wiles,Nicholas Wiles,2017-10-10 01:21:33+00:00,2017-10-09T18:21:59-07:00,Fix empty return path in get_choices,False,1,_bashcomplete.py,click/_bashcomplete.py,1,1,2,1,0
b471d346e93b818d7c8a87d8cee9e0705435ac19,Daniel Hahler,Markus Unterwaditzer,2017-10-10 19:44:43+00:00,2017-10-10T21:44:43+02:00,Improve Travis / tox setup + coverage (#851),False,1,.coveragerc,.coveragerc,3,0,3,0,1
b471d346e93b818d7c8a87d8cee9e0705435ac19,Daniel Hahler,Markus Unterwaditzer,2017-10-10 19:44:43+00:00,2017-10-10T21:44:43+02:00,Improve Travis / tox setup + coverage (#851),False,1,Makefile,Makefile,1,1,2,0,0
61abbef7cec63a9dcd15ec471d866271933e45bb,George Y. Kussumoto,George Y. Kussumoto,2017-10-11 02:42:07+00:00,2017-10-10T23:42:07-03:00,Skip progressbar rendering when `is_hidden` is True,False,1,_termui_impl.py,click/_termui_impl.py,28,31,59,0,1
2a49ba9c1790d2aa4781ceb9722eeda43e283756,George Y. Kussumoto,George Y. Kussumoto,2017-10-11 02:44:07+00:00,2017-10-10T23:44:07-03:00,Add test with a hidden progressbar,False,1,test_termui.py,tests/test_termui.py,13,0,13,0,0
c99bbc0a30dca8aaa72a4c79543400d9fbf97ebb,Nicholas Wiles,David Lord,2017-10-12 15:18:48+00:00,2018-05-15T11:39:50-07:00,Fix failing bash completion function test signature.,False,1,test_compat.py,tests/test_compat.py,1,1,2,1,0
535559adbd7d5549d1d123e8c7f9a9e602f0cc3f,Rémy Greinhofer,Zachery Bir,2017-10-14 20:33:15+00:00,2018-05-14T12:22:01-04:00,Fix variable precedence,False,1,core.py,click/core.py,3,2,5,1,0
535559adbd7d5549d1d123e8c7f9a9e602f0cc3f,Rémy Greinhofer,Zachery Bir,2017-10-14 20:33:15+00:00,2018-05-14T12:22:01-04:00,Fix variable precedence,False,1,.gitignore,.gitignore,1,0,1,1,0
535559adbd7d5549d1d123e8c7f9a9e602f0cc3f,Rémy Greinhofer,Zachery Bir,2017-10-14 20:33:15+00:00,2018-05-14T12:22:01-04:00,Fix variable precedence,False,1,test_commands.py,tests/test_commands.py,48,0,48,1,0
ba383b4faae0dd1e86195f42b15edcfaebe0d2d0,Jon Dufresne,Jon Dufresne,2017-10-18 01:46:25+00:00,2017-10-17T18:46:25-07:00,Fix ResourceWarning that occur during tests,False,1,test_utils.py,tests/test_utils.py,7,6,13,1,1
757d94ebb28e31a0a9298cca548e4e0bbd5450d6,Jacob Tolar,Jacob Tolar,2017-10-28 15:14:04+00:00,2017-10-28T10:14:04-05:00,Clean up Sphinx errors.,False,1,CHANGES,CHANGES,1,0,1,1,1
138a6e3ad1dbe657e09717bc05ebfbc535f4770d,Stephen Rosen,Zachery Bir,2017-11-08 18:34:21+00:00,2018-05-15T10:45:02-04:00,Add `case_sensitive=False` as an option to Choice,False,1,types.py,click/types.py,22,6,28,0,1
138a6e3ad1dbe657e09717bc05ebfbc535f4770d,Stephen Rosen,Zachery Bir,2017-11-08 18:34:21+00:00,2018-05-15T10:45:02-04:00,Add `case_sensitive=False` as an option to Choice,False,1,test_options.py,tests/test_options.py,31,0,31,0,0
6ca05bec6b1c5ff7afa7f55ba8991385dc4c75a5,Steffen Neubauer,Steffen Neubauer,2017-11-12 20:24:12+00:00,2018-04-04T00:18:02+02:00,Implement streaming pager. Fixes #409,False,1,test_utils.py,tests/test_utils.py,25,3,28,1,0
6ca05bec6b1c5ff7afa7f55ba8991385dc4c75a5,Steffen Neubauer,Steffen Neubauer,2017-11-12 20:24:12+00:00,2018-04-04T00:18:02+02:00,Implement streaming pager. Fixes #409,False,1,_termui_impl.py,click/_termui_impl.py,26,20,46,1,0
6ca05bec6b1c5ff7afa7f55ba8991385dc4c75a5,Steffen Neubauer,Steffen Neubauer,2017-11-12 20:24:12+00:00,2018-04-04T00:18:02+02:00,Implement streaming pager. Fixes #409,False,1,termui.py,click/termui.py,18,5,23,1,0
9bd66b397fd85f11330afd19ab72390616b2bf48,Armin Ronacher,Armin Ronacher,2017-12-06 16:23:39+00:00,2017-12-06T17:23:39+01:00,Fixed unicode behavior for exceptions,False,1,CHANGES,CHANGES,3,0,3,1,0
9bd66b397fd85f11330afd19ab72390616b2bf48,Armin Ronacher,Armin Ronacher,2017-12-06 16:23:39+00:00,2017-12-06T17:23:39+01:00,Fixed unicode behavior for exceptions,False,1,exceptions.py,click/exceptions.py,9,3,12,1,0
20b4b1c0d1564ab4ef44b7d27d5b650735e28be3,Armin Ronacher,Armin Ronacher,2017-12-23 08:27:57+00:00,2017-12-23T09:27:57+01:00,Updated tests to work with newer pytest versions,False,1,test_compat.py,tests/test_compat.py,5,4,9,0,0
20b4b1c0d1564ab4ef44b7d27d5b650735e28be3,Armin Ronacher,Armin Ronacher,2017-12-23 08:27:57+00:00,2017-12-23T09:27:57+01:00,Updated tests to work with newer pytest versions,False,1,test_options.py,tests/test_options.py,1,1,2,0,1
20b4b1c0d1564ab4ef44b7d27d5b650735e28be3,Armin Ronacher,Armin Ronacher,2017-12-23 08:27:57+00:00,2017-12-23T09:27:57+01:00,Updated tests to work with newer pytest versions,False,1,test_basic.py,tests/test_basic.py,1,1,2,0,0
d5cddb9e1c433a5fd65739d98d8415dd62d276f7,Cooper Lees,Armin Ronacher,2018-01-04 21:28:09+00:00,2018-01-04T22:28:09+01:00,Escape Sequences with r'' (#807),False,1,core.py,click/core.py,1,1,2,0,0
d5cddb9e1c433a5fd65739d98d8415dd62d276f7,Cooper Lees,Armin Ronacher,2018-01-04 21:28:09+00:00,2018-01-04T22:28:09+01:00,Escape Sequences with r'' (#807),False,1,_compat.py,click/_compat.py,1,1,2,0,0
2cd71bffc8cf21983a4cf15abe3bd1708ba27ad8,Cooper Lees,Armin Ronacher,2018-01-04 21:28:09+00:00,2018-01-04T22:37:50+01:00,Escape Sequences with r'' (#807),False,1,core.py,click/core.py,1,1,2,0,1
2cd71bffc8cf21983a4cf15abe3bd1708ba27ad8,Cooper Lees,Armin Ronacher,2018-01-04 21:28:09+00:00,2018-01-04T22:37:50+01:00,Escape Sequences with r'' (#807),False,1,_compat.py,click/_compat.py,1,1,2,0,0
d5cddb9e1c433a5fd65739d98d8415dd62d276f7,Cooper Lees,Armin Ronacher,2018-01-04 21:28:09+00:00,2018-01-04T22:28:09+01:00,Escape Sequences with r'' (#807),False,1,decorators.py,click/decorators.py,1,1,2,0,0
2cd71bffc8cf21983a4cf15abe3bd1708ba27ad8,Cooper Lees,Armin Ronacher,2018-01-04 21:28:09+00:00,2018-01-04T22:37:50+01:00,Escape Sequences with r'' (#807),False,1,decorators.py,click/decorators.py,1,1,2,0,0
3a6d3da15ae5c0672dd5884a2ec229a428058783,WANG WENPEI,Adrian,2018-02-01 10:15:46+00:00,2018-02-01T11:15:46+01:00,Fix invalid import in urlparse import,False,1,validation.py,examples/validation/validation.py,1,1,2,1,0
2dbc14ea43a522210d98136e39b2552f4e0e5c75,Tuomas Suutari,Armin Ronacher,2018-03-26 22:20:08+00:00,2018-03-27T00:20:08+02:00,Fix missing comma in __all__ list (#935),False,1,__init__.py,click/__init__.py,1,1,2,1,0
abe982ca91f0bd5c1a79c426c2dbb8febfd96999,Kwanghee Choi,Kwanghee Choi,2018-03-27 09:08:10+00:00,2018-03-27T18:08:10+09:00,Set blocking I/O flags for FreeBSD,False,1,_compat.py,click/_compat.py,21,3,24,0,0
72f1f3e20834d05832cdfc361ca401d586c371f8,Armin Ronacher,Armin Ronacher,2018-03-31 09:35:30+00:00,2018-03-31T11:35:42+02:00,We're unlikely going to be able to fix chain for click 7,False,1,core.py,click/core.py,1,3,4,1,0
7a10fe1fbcba466714cfaadcc6c51cdcb656568e,Armin Ronacher,Armin Ronacher,2018-03-31 10:50:14+00:00,2018-03-31T12:50:14+02:00,Added pytest cache to gitignore,False,1,.gitignore,.gitignore,1,0,1,0,1
5d1df0e042b2f8b0dee8f6dd9ce74edce331a950,Armin Ronacher,Armin Ronacher,2018-03-31 10:56:16+00:00,2018-03-31T12:56:16+02:00,Underscores are now replaced by dashes in commands,False,1,test_formatting.py,tests/test_formatting.py,4,4,8,0,0
5d1df0e042b2f8b0dee8f6dd9ce74edce331a950,Armin Ronacher,Armin Ronacher,2018-03-31 10:56:16+00:00,2018-03-31T12:56:16+02:00,Underscores are now replaced by dashes in commands,False,1,test_commands.py,tests/test_commands.py,16,2,18,0,0
5d1df0e042b2f8b0dee8f6dd9ce74edce331a950,Armin Ronacher,Armin Ronacher,2018-03-31 10:56:16+00:00,2018-03-31T12:56:16+02:00,Underscores are now replaced by dashes in commands,False,1,decorators.py,click/decorators.py,2,2,4,0,1
5d1df0e042b2f8b0dee8f6dd9ce74edce331a950,Armin Ronacher,Armin Ronacher,2018-03-31 10:56:16+00:00,2018-03-31T12:56:16+02:00,Underscores are now replaced by dashes in commands,False,1,CHANGES,CHANGES,3,0,3,0,0
60ef759d0eb480d843c69bae2ce1c38279686e41,Armin Ronacher,Armin Ronacher,2018-03-31 11:22:02+00:00,2018-03-31T13:22:02+02:00,Move fcntl import to be local,False,1,_compat.py,click/_compat.py,1,2,3,0,0
b8f5744820a1359291f11ae8bf8ad85313da000c,Brandon Milton,Armin Ronacher,2018-03-31 11:24:26+00:00,2018-03-31T13:24:26+02:00,'x' and 'a' filemodes use stdout when file is '-' (#929),False,1,_compat.py,click/_compat.py,1,1,2,0,0
c9633645dd5f568e9ab6a1cf39df9a77b0c83ca2,Florian Margaine,Armin Ronacher,2018-03-31 11:24:47+00:00,2018-03-31T13:24:47+02:00,Use the realpath of original filename in _AtomicFile (#920),False,1,_compat.py,click/_compat.py,1,1,2,0,1
3480d2c0d7259a73bca9358d30ebbe9d3fffd395,Armin Ronacher,Armin Ronacher,2018-03-31 11:25:24+00:00,2018-03-31T13:37:44+02:00,Added changelog entry,False,1,CHANGES,CHANGES,3,0,3,0,1
570db30db88ec079adae7afdcb5593b521ac08b2,Armin Ronacher,Armin Ronacher,2018-03-31 12:14:56+00:00,2018-03-31T14:14:56+02:00,Added workaround for jupyter.  Fixes #918,False,1,_compat.py,click/_compat.py,40,15,55,1,0
570db30db88ec079adae7afdcb5593b521ac08b2,Armin Ronacher,Armin Ronacher,2018-03-31 12:14:56+00:00,2018-03-31T14:14:56+02:00,Added workaround for jupyter.  Fixes #918,False,1,CHANGES,CHANGES,2,0,2,1,0
c67daae57d15508784a700faf95bb9579ce94bad,Stefan Scherfke,Armin Ronacher,2018-03-31 18:10:41+00:00,2018-03-31T20:10:41+02:00,Improve docs for Choice type (addresses issue #892) (#900),False,1,types.py,click/types.py,3,0,3,1,1
54935507d3bafa63df24db566c268d11789c403b,Jon Dufresne,Armin Ronacher,2018-03-31 18:11:16+00:00,2018-03-31T20:11:16+02:00,Fix invalid escape sequences discovered by running tests (#877),False,1,test_options.py,tests/test_options.py,1,1,2,1,1
d97c93fa8628dad5527478e644fcc219f3c3242a,Jon Dufresne,Armin Ronacher,2018-03-31 18:11:32+00:00,2018-03-31T20:11:32+02:00,Remove leftover print function in test used for previous debugging (#876),False,1,test_imports.py,tests/test_imports.py,0,1,1,1,0
7eb990fab5783b32c7028b0aa8a752e6862d0997,Armin Ronacher,Armin Ronacher,2018-03-31 18:13:36+00:00,2018-03-31T20:13:40+02:00,Make locale optional (Fixes #880),False,1,_unicodefun.py,click/_unicodefun.py,5,2,7,1,0
5173285e9268133d7beb48d8359ec54cc0a1ef68,Daniel Hahler,Daniel Hahler,2018-04-06 15:50:44+00:00,2018-04-06T17:50:44+02:00,make_parser: do not set options twice,False,1,core.py,click/core.py,0,2,2,0,0
9261af60428021d07240e6fe3a39c10520eb35b8,Matthias Urlichs,Matthias Urlichs,2018-04-11 04:30:48+00:00,2018-04-11T06:30:48+02:00,Revert 60ef759,False,1,_compat.py,click/_compat.py,7,6,13,0,0
a87829d2c9707fb67d9a33a9f522a5d6c2b11967,Armin Ronacher,Armin Ronacher,2018-04-11 06:08:41+00:00,2018-04-11T08:08:41+02:00,feat: Move fcntl into outer scope for side effects,False,1,_compat.py,click/_compat.py,2,1,3,0,0
a87829d2c9707fb67d9a33a9f522a5d6c2b11967,Armin Ronacher,Armin Ronacher,2018-04-11 06:08:41+00:00,2018-04-11T08:08:41+02:00,feat: Move fcntl into outer scope for side effects,False,1,test_imports.py,tests/test_imports.py,1,1,2,0,0
e09aba49d68192b28df11293f07e425e770973ab,Jon Dufresne,Jon Dufresne,2018-04-12 10:41:23+00:00,2018-04-12T03:41:23-07:00,Pass python_requires argument to setuptools,False,1,setup.py,setup.py,1,0,1,0,0
7a32558c1a07830c3a59e96053e1e9a3e84927a2,SWu,GitHub,2018-04-18 01:03:23+00:00,2018-04-17T21:03:23-04:00,Fix a typo,False,1,types.py,click/types.py,1,1,2,1,0
78a15c78d811b5357bd020322a716ebc0999444e,SWu,GitHub,2018-04-18 02:32:42+00:00,2018-04-17T22:32:42-04:00,Fix test as well,False,1,test_basic.py,tests/test_basic.py,1,1,2,0,0
bb8cd6c7aa107d2bcf0f4f82d7f843c14f8c98c1,Hsiaoming Yang,Hsiaoming Yang,2018-04-19 15:29:24+00:00,2018-04-20T00:29:24+09:00,Drop testing for 2.6 and 3.3. Add 3.6.,False,1,setup.py,setup.py,13,2,15,0,0
58d832044abac8a95c48bde026455d6ccc981a9b,Kaleb R. Horvath,GitHub,2018-04-23 02:51:34+00:00,2018-04-22T16:51:34-10:00,Update README.md,False,1,README,README,0,20,20,0,0
93e8b9831d6a364fed6aa5d7f73ed63b2ed65131,Vincent Jacques,GitHub,2018-05-08 05:42:40+00:00,2018-05-08T07:42:40+02:00,Fix typo,False,1,core.py,click/core.py,1,1,2,0,1
c48838d069abf3039b7e89f43f6f746590bbd8ed,Ahmed Et-tanany,Ahmed Et-tanany,2018-05-10 16:23:21+00:00,2018-05-10T18:24:37+02:00,Change pypi.python.org urls to pypi.org,False,1,utils.py,click/utils.py,1,1,2,0,0
b1a35cd76f55b8f42c0bf67a3cf69d68aaf773eb,Zachery Bir,Zachery Bir,2018-05-14 14:31:31+00:00,2018-05-14T10:31:31-04:00,Update python_requires values,False,1,setup.py,setup.py,1,1,2,0,0
4ebaff2a93d3914c940b99fd17894fb96d220cd4,Doug Harris,Doug Harris,2018-05-14 15:01:23+00:00,2018-05-14T11:25:33-04:00,Updating README to match flask style.,False,1,setup.py,setup.py,8,4,12,0,0
2c7929511114494350e26d7b0c790fb8ca82f605,Daw-Ran Liou,Daw-Ran Liou,2018-05-14 17:34:23+00:00,2018-05-14T17:01:42-04:00,Support Sphinx 1.7+,False,1,setup.py,setup.py,5,0,5,0,1
2c7929511114494350e26d7b0c790fb8ca82f605,Daw-Ran Liou,Daw-Ran Liou,2018-05-14 17:34:23+00:00,2018-05-14T17:01:42-04:00,Support Sphinx 1.7+,False,1,clickdoctools.py,docs/clickdoctools.py,1,1,2,0,0
08bee9e9d3e5ed912007b8b38b861e8b7aaa6cf1,Dan Sully,GitHub,2018-05-14 18:39:26+00:00,2018-05-14T14:39:26-04:00,Add Py2/3 unicode / str compat for documentation tools.,False,1,clickdoctools.py,docs/clickdoctools.py,8,1,9,0,0
a17b544788256d59baae0352a90bdb9af2b8ed34,Dan Sully,Dan Sully,2018-05-14 19:17:48+00:00,2018-05-14T15:17:48-04:00,Fix issue #926 - copy option attrs so that custom classes can be re-used.,False,1,test_options.py,tests/test_options.py,29,0,29,1,1
a17b544788256d59baae0352a90bdb9af2b8ed34,Dan Sully,Dan Sully,2018-05-14 19:17:48+00:00,2018-05-14T15:17:48-04:00,Fix issue #926 - copy option attrs so that custom classes can be re-used.,False,1,decorators.py,click/decorators.py,7,4,11,1,0
f99c8d58d8e9b48726629b64ec783329295ccc74,LokiHokie,LokiHokie,2018-05-14 19:30:26+00:00,2018-05-14T15:32:48-04:00,add format test for bad argument with metavar,False,1,test_formatting.py,tests/test_formatting.py,17,1,18,0,0
1ac1fb35b13f459e8a9e0f08e68a203ce76ae44d,Doug Harris,Doug Harris,2018-05-14 20:12:45+00:00,2018-05-15T10:21:28-04:00,Better handling of help text for dynamic default option values,False,1,test_options.py,tests/test_options.py,27,1,28,1,0
1ac1fb35b13f459e8a9e0f08e68a203ce76ae44d,Doug Harris,Doug Harris,2018-05-14 20:12:45+00:00,2018-05-15T10:21:28-04:00,Better handling of help text for dynamic default option values,False,1,setup.py,setup.py,10,4,14,1,0
1ac1fb35b13f459e8a9e0f08e68a203ce76ae44d,Doug Harris,Doug Harris,2018-05-14 20:12:45+00:00,2018-05-15T10:21:28-04:00,Better handling of help text for dynamic default option values,False,1,core.py,click/core.py,15,6,21,1,0
fdceb39d344603fc73a4d9761766b5701f69236d,Dave Carlson,Dan Sully,2018-05-14 20:43:30+00:00,2018-05-14T16:43:30-04:00,"CliRunner: add stdout / stderr, allow separating standard streams (#868)",False,1,test_utils.py,tests/test_utils.py,5,5,10,0,0
fdceb39d344603fc73a4d9761766b5701f69236d,Dave Carlson,Dan Sully,2018-05-14 20:43:30+00:00,2018-05-14T16:43:30-04:00,"CliRunner: add stdout / stderr, allow separating standard streams (#868)",False,1,test_testing.py,tests/test_testing.py,24,0,24,0,1
fdceb39d344603fc73a4d9761766b5701f69236d,Dave Carlson,Dan Sully,2018-05-14 20:43:30+00:00,2018-05-14T16:43:30-04:00,"CliRunner: add stdout / stderr, allow separating standard streams (#868)",False,1,test_termui.py,tests/test_termui.py,2,2,4,0,0
fdceb39d344603fc73a4d9761766b5701f69236d,Dave Carlson,Dan Sully,2018-05-14 20:43:30+00:00,2018-05-14T16:43:30-04:00,"CliRunner: add stdout / stderr, allow separating standard streams (#868)",False,1,testing.py,click/testing.py,52,15,67,0,1
f816faf3cb93fb50b0f0c79060dba1e817a7f750,H1SWarrior,H1SWarrior,2018-05-14 21:47:01+00:00,2018-05-14T17:47:01-04:00,Added a comment explaining get_winterm_size().,False,1,termui.py,click/termui.py,2,0,2,0,0
2bc3b2c12c6deb68164313386a036dc7543461fa,KP,KP,2018-05-14 21:52:45+00:00,2018-05-14T17:52:45-04:00,Fix #616: allow setting prog_name in CliRunner.invoke,False,1,test_testing.py,tests/test_testing.py,11,0,11,1,0
2bc3b2c12c6deb68164313386a036dc7543461fa,KP,KP,2018-05-14 21:52:45+00:00,2018-05-14T17:52:45-04:00,Fix #616: allow setting prog_name in CliRunner.invoke,False,1,testing.py,click/testing.py,6,2,8,1,0
10c5e796b5ed6bf8d13759414879bb75b6abd1cd,Zachery Bir,Zachery Bir,2018-05-14 21:56:46+00:00,2018-05-15T13:47:57-04:00,Add some breathing room,False,1,_compat.py,click/_compat.py,1,1,2,0,0
7214afe96f5b74d220590f56b6cc1e95285b94f3,Daw-Ran Liou,Daw-Ran Liou,2018-05-15 08:46:39+00:00,2018-05-15T17:27:44-07:00,Wrap click.Choice's missing message,False,1,types.py,click/types.py,1,1,2,0,0
7214afe96f5b74d220590f56b6cc1e95285b94f3,Daw-Ran Liou,Daw-Ran Liou,2018-05-15 08:46:39+00:00,2018-05-15T17:27:44-07:00,Wrap click.Choice's missing message,False,1,test_options.py,tests/test_options.py,5,2,7,0,0
82f9c626ffedb284eafe67235b5592be6919106d,Jan Christoph Bischko,Jan Christoph Bischko,2018-05-15 10:25:36+00:00,2018-05-15T12:25:36+02:00,Fix test for delayed progress bar display,False,1,test_basic.py,tests/test_basic.py,100,1,101,0,0
82f9c626ffedb284eafe67235b5592be6919106d,Jan Christoph Bischko,Jan Christoph Bischko,2018-05-15 10:25:36+00:00,2018-05-15T12:25:36+02:00,Fix test for delayed progress bar display,False,1,test_bashcomplete.py,tests/test_bashcomplete.py,286,0,286,0,0
82f9c626ffedb284eafe67235b5592be6919106d,Jan Christoph Bischko,Jan Christoph Bischko,2018-05-15 10:25:36+00:00,2018-05-15T12:25:36+02:00,Fix test for delayed progress bar display,False,1,test_commands.py,tests/test_commands.py,64,2,66,0,1
82f9c626ffedb284eafe67235b5592be6919106d,Jan Christoph Bischko,Jan Christoph Bischko,2018-05-15 10:25:36+00:00,2018-05-15T12:25:36+02:00,Fix test for delayed progress bar display,False,1,test_compat.py,tests/test_compat.py,5,4,9,0,0
82f9c626ffedb284eafe67235b5592be6919106d,Jan Christoph Bischko,Jan Christoph Bischko,2018-05-15 10:25:36+00:00,2018-05-15T12:25:36+02:00,Fix test for delayed progress bar display,False,1,test_formatting.py,tests/test_formatting.py,107,4,111,0,0
82f9c626ffedb284eafe67235b5592be6919106d,Jan Christoph Bischko,Jan Christoph Bischko,2018-05-15 10:25:36+00:00,2018-05-15T12:25:36+02:00,Fix test for delayed progress bar display,False,1,test_imports.py,tests/test_imports.py,1,2,3,0,0
82f9c626ffedb284eafe67235b5592be6919106d,Jan Christoph Bischko,Jan Christoph Bischko,2018-05-15 10:25:36+00:00,2018-05-15T12:25:36+02:00,Fix test for delayed progress bar display,False,1,test_termui.py,tests/test_termui.py,83,2,85,0,0
82f9c626ffedb284eafe67235b5592be6919106d,Jan Christoph Bischko,Jan Christoph Bischko,2018-05-15 10:25:36+00:00,2018-05-15T12:25:36+02:00,Fix test for delayed progress bar display,False,1,test_testing.py,tests/test_testing.py,74,0,74,0,0
82f9c626ffedb284eafe67235b5592be6919106d,Jan Christoph Bischko,Jan Christoph Bischko,2018-05-15 10:25:36+00:00,2018-05-15T12:25:36+02:00,Fix test for delayed progress bar display,False,1,test_utils.py,tests/test_utils.py,37,14,51,0,1
82f9c626ffedb284eafe67235b5592be6919106d,Jan Christoph Bischko,Jan Christoph Bischko,2018-05-15 10:25:36+00:00,2018-05-15T12:25:36+02:00,Fix test for delayed progress bar display,False,1,test_arguments.py,tests/test_arguments.py,13,2,15,0,0
82f9c626ffedb284eafe67235b5592be6919106d,Jan Christoph Bischko,Jan Christoph Bischko,2018-05-15 10:25:36+00:00,2018-05-15T12:25:36+02:00,Fix test for delayed progress bar display,False,1,test_options.py,tests/test_options.py,81,2,83,0,1
82f9c626ffedb284eafe67235b5592be6919106d,Jan Christoph Bischko,Jan Christoph Bischko,2018-05-15 10:25:36+00:00,2018-05-15T12:25:36+02:00,Fix test for delayed progress bar display,False,1,colors.py,examples/colors/colors.py,3,1,4,0,0
82f9c626ffedb284eafe67235b5592be6919106d,Jan Christoph Bischko,Jan Christoph Bischko,2018-05-15 10:25:36+00:00,2018-05-15T12:25:36+02:00,Fix test for delayed progress bar display,False,1,_unicodefun.py,click/_unicodefun.py,10,6,16,0,0
82f9c626ffedb284eafe67235b5592be6919106d,Jan Christoph Bischko,Jan Christoph Bischko,2018-05-15 10:25:36+00:00,2018-05-15T12:25:36+02:00,Fix test for delayed progress bar display,False,1,setup.py,examples/bashcompletion/setup.py,15,0,15,0,0
82f9c626ffedb284eafe67235b5592be6919106d,Jan Christoph Bischko,Jan Christoph Bischko,2018-05-15 10:25:36+00:00,2018-05-15T12:25:36+02:00,Fix test for delayed progress bar display,False,1,bashcompletion.py,examples/bashcompletion/bashcompletion.py,41,0,41,0,0
82f9c626ffedb284eafe67235b5592be6919106d,Jan Christoph Bischko,Jan Christoph Bischko,2018-05-15 10:25:36+00:00,2018-05-15T12:25:36+02:00,Fix test for delayed progress bar display,False,1,README,examples/bashcompletion/README,12,0,12,0,0
82f9c626ffedb284eafe67235b5592be6919106d,Jan Christoph Bischko,Jan Christoph Bischko,2018-05-15 10:25:36+00:00,2018-05-15T12:25:36+02:00,Fix test for delayed progress bar display,False,1,clickdoctools.py,docs/clickdoctools.py,9,2,11,0,0
82f9c626ffedb284eafe67235b5592be6919106d,Jan Christoph Bischko,Jan Christoph Bischko,2018-05-15 10:25:36+00:00,2018-05-15T12:25:36+02:00,Fix test for delayed progress bar display,False,1,utils.py,click/utils.py,3,2,5,0,1
82f9c626ffedb284eafe67235b5592be6919106d,Jan Christoph Bischko,Jan Christoph Bischko,2018-05-15 10:25:36+00:00,2018-05-15T12:25:36+02:00,Fix test for delayed progress bar display,False,1,types.py,click/types.py,87,43,130,0,0
82f9c626ffedb284eafe67235b5592be6919106d,Jan Christoph Bischko,Jan Christoph Bischko,2018-05-15 10:25:36+00:00,2018-05-15T12:25:36+02:00,Fix test for delayed progress bar display,False,1,testing.py,click/testing.py,77,25,102,0,0
82f9c626ffedb284eafe67235b5592be6919106d,Jan Christoph Bischko,Jan Christoph Bischko,2018-05-15 10:25:36+00:00,2018-05-15T12:25:36+02:00,Fix test for delayed progress bar display,False,1,termui.py,click/termui.py,78,21,99,0,1
82f9c626ffedb284eafe67235b5592be6919106d,Jan Christoph Bischko,Jan Christoph Bischko,2018-05-15 10:25:36+00:00,2018-05-15T12:25:36+02:00,Fix test for delayed progress bar display,False,1,globals.py,click/globals.py,1,1,2,0,1
82f9c626ffedb284eafe67235b5592be6919106d,Jan Christoph Bischko,Jan Christoph Bischko,2018-05-15 10:25:36+00:00,2018-05-15T12:25:36+02:00,Fix test for delayed progress bar display,False,1,exceptions.py,click/exceptions.py,24,10,34,0,0
82f9c626ffedb284eafe67235b5592be6919106d,Jan Christoph Bischko,Jan Christoph Bischko,2018-05-15 10:25:36+00:00,2018-05-15T12:25:36+02:00,Fix test for delayed progress bar display,False,1,decorators.py,click/decorators.py,15,8,23,0,0
82f9c626ffedb284eafe67235b5592be6919106d,Jan Christoph Bischko,Jan Christoph Bischko,2018-05-15 10:25:36+00:00,2018-05-15T12:25:36+02:00,Fix test for delayed progress bar display,False,1,core.py,click/core.py,72,22,94,0,1
82f9c626ffedb284eafe67235b5592be6919106d,Jan Christoph Bischko,Jan Christoph Bischko,2018-05-15 10:25:36+00:00,2018-05-15T12:25:36+02:00,Fix test for delayed progress bar display,False,1,_winconsole.py,click/_winconsole.py,24,15,39,0,0
82f9c626ffedb284eafe67235b5592be6919106d,Jan Christoph Bischko,Jan Christoph Bischko,2018-05-15 10:25:36+00:00,2018-05-15T12:25:36+02:00,Fix test for delayed progress bar display,False,1,validation.py,examples/validation/validation.py,1,1,2,0,0
82f9c626ffedb284eafe67235b5592be6919106d,Jan Christoph Bischko,Jan Christoph Bischko,2018-05-15 10:25:36+00:00,2018-05-15T12:25:36+02:00,Fix test for delayed progress bar display,False,1,_termui_impl.py,click/_termui_impl.py,86,72,158,0,0
82f9c626ffedb284eafe67235b5592be6919106d,Jan Christoph Bischko,Jan Christoph Bischko,2018-05-15 10:25:36+00:00,2018-05-15T12:25:36+02:00,Fix test for delayed progress bar display,False,1,setup.py,setup.py,27,6,33,0,0
82f9c626ffedb284eafe67235b5592be6919106d,Jan Christoph Bischko,Jan Christoph Bischko,2018-05-15 10:25:36+00:00,2018-05-15T12:25:36+02:00,Fix test for delayed progress bar display,False,1,_bashcomplete.py,click/_bashcomplete.py,163,24,187,0,0
82f9c626ffedb284eafe67235b5592be6919106d,Jan Christoph Bischko,Jan Christoph Bischko,2018-05-15 10:25:36+00:00,2018-05-15T12:25:36+02:00,Fix test for delayed progress bar display,False,1,CHANGES,CHANGES,74,2,76,0,0
82f9c626ffedb284eafe67235b5592be6919106d,Jan Christoph Bischko,Jan Christoph Bischko,2018-05-15 10:25:36+00:00,2018-05-15T12:25:36+02:00,Fix test for delayed progress bar display,False,1,Makefile,Makefile,1,1,2,0,1
82f9c626ffedb284eafe67235b5592be6919106d,Jan Christoph Bischko,Jan Christoph Bischko,2018-05-15 10:25:36+00:00,2018-05-15T12:25:36+02:00,Fix test for delayed progress bar display,False,1,__init__.py,click/__init__.py,2,2,4,0,1
82f9c626ffedb284eafe67235b5592be6919106d,Jan Christoph Bischko,Jan Christoph Bischko,2018-05-15 10:25:36+00:00,2018-05-15T12:25:36+02:00,Fix test for delayed progress bar display,False,1,_compat.py,click/_compat.py,71,21,92,0,0
d2d80cc1ab22babafa568cd3d707cd759efc2b4c,Jan Christoph Bischko,Jan Christoph Bischko,2018-05-15 10:43:15+00:00,2018-05-15T12:43:15+02:00,Add missing fake clock in termui tests,False,1,test_termui.py,tests/test_termui.py,7,2,9,0,1
f59ae528b5b5dedba94d3b446ef255f54758ea37,JosiahDub,JosiahDub,2018-05-15 13:39:23+00:00,2018-05-15T09:39:23-04:00,Adding a test checking for a custom param type related to #675,False,1,test_formatting.py,tests/test_formatting.py,20,0,20,0,0
639daa4f43da2aa152c415a1bba35fa48aa87259,Fletcher Davis,Fletcher Davis,2018-05-15 13:48:00+00:00,2018-05-15T06:48:00-07:00,allow specify short width to address cmd formatting,False,1,test_commands.py,tests/test_commands.py,7,1,8,1,0
639daa4f43da2aa152c415a1bba35fa48aa87259,Fletcher Davis,Fletcher Davis,2018-05-15 13:48:00+00:00,2018-05-15T06:48:00-07:00,allow specify short width to address cmd formatting,False,1,core.py,click/core.py,6,1,7,1,1
622e85fbf5032a699217485f2089481f4d5abd53,JosiahDub,JosiahDub,2018-05-15 14:48:13+00:00,2018-05-15T11:42:14-04:00,with raw_terminal() needs an as fd to fully work.,False,1,_termui_impl.py,click/_termui_impl.py,1,1,2,0,1
79275462d36bf91078acc074ffdd406c9d1d0d89,Zachery Bir,Zachery Bir,2018-05-15 16:29:06+00:00,2018-05-15T13:32:03-04:00,Handle empty commands list,False,1,core.py,click/core.py,9,8,17,1,0
9b7ffd7541cf3db434d62e27fb0039efd02cece6,Zachery Bir,Zachery Bir,2018-05-15 17:50:00+00:00,2018-05-15T13:50:00-04:00,Use better formula to determine local GAE environment,False,1,_compat.py,click/_compat.py,3,1,4,0,0
a112bb200a54727fa5f4d72e994ca6aaf8b4a553,Robert Graham,David Lord,2018-05-15 19:25:08+00:00,2018-05-18T09:34:45-07:00,Fixes issue #447,False,1,_termui_impl.py,click/_termui_impl.py,10,1,11,1,1
99ff511e9ce04a07feddf16c810af726ad6831d2,Robert Grant,Robert Grant,2018-05-15 20:17:32+00:00,2018-05-15T13:17:32-07:00,Only allow one param decl for Arguments,False,1,test_arguments.py,tests/test_arguments.py,9,0,9,0,1
99ff511e9ce04a07feddf16c810af726ad6831d2,Robert Grant,Robert Grant,2018-05-15 20:17:32+00:00,2018-05-15T13:17:32-07:00,Only allow one param decl for Arguments,False,1,core.py,click/core.py,3,6,9,0,0
b098d6e1f0743f7daa1892eeb1f0930453a44a87,KP,KP,2018-05-15 20:19:09+00:00,2018-05-15T16:19:09-04:00,don't add newlines by default for progressbars,False,1,_termui_impl.py,click/_termui_impl.py,1,1,2,1,1
6859e3c9abc5df09b56ab8c8545416dbe63f326f,Robert Grant,Robert Grant,2018-05-15 20:25:47+00:00,2018-05-15T13:25:47-07:00,Ensure the test fails without the fix,False,1,test_arguments.py,tests/test_arguments.py,1,1,2,1,0
344269ad453d5ea752c15a1b0b7b000c2a837bfd,Robert Grant,Robert Grant,2018-05-15 21:34:01+00:00,2018-05-15T14:34:01-07:00,Use pytest.raises instead of pytest.mark.xfail,False,1,test_arguments.py,tests/test_arguments.py,5,5,10,0,1
ad91a6ed45f37e678c48cd205bc8d4e2b52f0df9,Danila Hanchar,Danila Hanchar,2018-05-18 03:46:37+00:00,2018-05-18T06:46:37+03:00,path validation bug,False,1,termui.py,click/termui.py,5,4,9,1,1
4b32ee7db36e0c902b996ebf349efd4016dceffc,David Lord,David Lord,2018-05-29 16:30:16+00:00,2018-05-29T11:32:48-07:00,update test env matrix re-enable windows on appveyor enable osx on travis,False,1,run_with_env.cmd,.ci/run_with_env.cmd,0,47,47,0,0
becfca5f66f9e0e97f9895c60deef9f143a7b2f4,jacrotts,jacrotts,2018-06-13 16:30:17+00:00,2018-06-13T09:30:17-07:00,Adding a few changes to look at formatting,False,1,CHANGES,CHANGES,9,1,10,0,0
78225f93d5bc5bc80b25b09f5de284e1a17495f1,jacrotts,jacrotts,2018-06-13 16:47:29+00:00,2018-06-13T09:47:29-07:00,Renamed CHANGES to CHANGES.rst,False,1,CHANGES,CHANGES,0,414,414,0,0
11c286a37d55357b82c7e5db7237544cd79fe25a,Giovanni Pizzi,David Lord,2018-06-20 07:34:30+00:00,2020-08-08T10:59:16-07:00,fix edit() require_save check for fast editors,False,1,test_termui.py,tests/test_termui.py,6,0,6,1,1
11c286a37d55357b82c7e5db7237544cd79fe25a,Giovanni Pizzi,David Lord,2018-06-20 07:34:30+00:00,2020-08-08T10:59:16-07:00,fix edit() require_save check for fast editors,False,1,_termui_impl.py,src/click/_termui_impl.py,7,0,7,1,1
ecf4ce62431f9efd3a5cf1f0826b1d81aaa937b4,Nicholas Wiles,David Lord,2018-07-03 16:00:05+00:00,2018-09-12T13:26:15-07:00,Remove hidden commands and options from completion results,False,1,test_bashcomplete.py,tests/test_bashcomplete.py,36,0,36,0,0
ecf4ce62431f9efd3a5cf1f0826b1d81aaa937b4,Nicholas Wiles,David Lord,2018-07-03 16:00:05+00:00,2018-09-12T13:26:15-07:00,Remove hidden commands and options from completion results,False,1,_bashcomplete.py,click/_bashcomplete.py,22,10,32,0,1
cbcd3777a998f063ae87ff0d7f714ffa9174cce3,Brian Bruggeman,Brian Bruggeman,2018-07-13 15:57:47+00:00,2018-07-13T10:57:47-05:00,Allows click to be vendored on Windows,False,1,_winconsole.py,click/_winconsole.py,1,1,2,0,0
5a5d72050a42e4a0e4b7a6cf72b05af22846a5b6,David Bieber,GitHub,2018-07-27 16:16:45+00:00,2018-07-27T09:16:45-07:00,Adds missing comma in setup.py,False,1,setup.py,setup.py,1,1,2,0,0
7b1429d0fe234b59617bd771ddff31e228f0ff58,Peter Landoll,David Lord,2018-07-28 15:59:24+00:00,2020-02-23T12:12:03-08:00,add newline padding for multi-line option help,False,1,test_formatting.py,tests/test_formatting.py,37,1,38,0,1
7b1429d0fe234b59617bd771ddff31e228f0ff58,Peter Landoll,David Lord,2018-07-28 15:59:24+00:00,2020-02-23T12:12:03-08:00,add newline padding for multi-line option help,False,1,formatting.py,click/formatting.py,4,0,4,0,1
db909671eaef0ce67332a051bb1396a661c65cff,Stephen Rosen,Stephen Rosen,2018-08-11 01:23:45+00:00,2018-08-13T16:06:10Z,"Clarify the ""lazy"" File behaviors",False,1,types.py,click/types.py,6,3,9,0,0
0aeb6df39f0c343189625035d9a54a5f9c8da730,Stephen Rosen,Stephen Rosen,2018-08-11 02:00:34+00:00,2018-08-11T02:01:18Z,Add test for make_pass_decorator arg handling,False,1,test_context.py,tests/test_context.py,36,0,36,0,0
f9e0dbef6a1fb1e72bc4c1f29bfbfd4cbe2af7f5,Stephen Rosen,Stephen Rosen,2018-08-15 00:54:22+00:00,2018-08-15T01:05:24Z,Add requested comment for clarity,False,1,core.py,click/core.py,2,0,2,0,0
1602436cd1bc65841ac0ac3b2ebe9ff94e7d1941,Stephen Rosen,Stephen Rosen,2018-08-26 21:41:23+00:00,2018-08-26T18:41:13-04:00,Simplify Exit Exception,False,1,core.py,click/core.py,9,8,17,0,1
1602436cd1bc65841ac0ac3b2ebe9ff94e7d1941,Stephen Rosen,Stephen Rosen,2018-08-26 21:41:23+00:00,2018-08-26T18:41:13-04:00,Simplify Exit Exception,False,1,exceptions.py,click/exceptions.py,17,32,49,0,1
1602436cd1bc65841ac0ac3b2ebe9ff94e7d1941,Stephen Rosen,Stephen Rosen,2018-08-26 21:41:23+00:00,2018-08-26T18:41:13-04:00,Simplify Exit Exception,False,1,test_context.py,tests/test_context.py,4,13,17,0,0
a94c0be3b53997b55ce5a0808da4ca3b0a0f44dc,Stephen Rosen,Stephen Rosen,2018-08-26 23:10:31+00:00,2018-08-26T19:10:31-04:00,Bugfix for Exit handling,False,1,core.py,click/core.py,16,3,19,1,1
a94c0be3b53997b55ce5a0808da4ca3b0a0f44dc,Stephen Rosen,Stephen Rosen,2018-08-26 23:10:31+00:00,2018-08-26T19:10:31-04:00,Bugfix for Exit handling,False,1,exceptions.py,click/exceptions.py,1,1,2,1,1
5fe0b7e7795f9bb04ae926d00868cfeb1fa33187,Stephen Rosen,David Lord,2018-08-27 22:16:12+00:00,2018-09-13T07:37:35-07:00,Add documentation for DateTime param type,False,1,types.py,click/types.py,21,1,22,0,0
5fe0b7e7795f9bb04ae926d00868cfeb1fa33187,Stephen Rosen,David Lord,2018-08-27 22:16:12+00:00,2018-09-13T07:37:35-07:00,Add documentation for DateTime param type,False,1,test_basic.py,tests/test_basic.py,5,3,8,0,0
dff4fb4bfd7ec8472d368549d3d819523565911a,David Lord,David Lord,2018-08-28 14:45:21+00:00,2018-08-28T07:46:24-07:00,use pallets-sphinx-themes,False,1,types.py,click/types.py,7,6,13,0,0
dff4fb4bfd7ec8472d368549d3d819523565911a,David Lord,David Lord,2018-08-28 14:45:21+00:00,2018-08-28T07:46:24-07:00,use pallets-sphinx-themes,False,1,Makefile,docs/Makefile,10,120,130,0,0
dff4fb4bfd7ec8472d368549d3d819523565911a,David Lord,David Lord,2018-08-28 14:45:21+00:00,2018-08-28T07:46:24-07:00,use pallets-sphinx-themes,False,1,clickdoctools.py,docs/clickdoctools.py,0,282,282,0,0
dff4fb4bfd7ec8472d368549d3d819523565911a,David Lord,David Lord,2018-08-28 14:45:21+00:00,2018-08-28T07:46:24-07:00,use pallets-sphinx-themes,False,1,conf.py,docs/conf.py,33,205,238,0,0
dff4fb4bfd7ec8472d368549d3d819523565911a,David Lord,David Lord,2018-08-28 14:45:21+00:00,2018-08-28T07:46:24-07:00,use pallets-sphinx-themes,False,1,make.bat,docs/make.bat,18,137,155,0,0
dff4fb4bfd7ec8472d368549d3d819523565911a,David Lord,David Lord,2018-08-28 14:45:21+00:00,2018-08-28T07:46:24-07:00,use pallets-sphinx-themes,False,1,setup.py,setup.py,3,1,4,0,1
5ace642838605a94a88740a6a3ce620c7abddce9,David Lord,David Lord,2018-08-28 17:54:55+00:00,2018-09-07T07:44:24-07:00,use pallets-sphinx-themes,False,1,theme.conf,docs/_themes/click/theme.conf,0,4,4,0,0
5ace642838605a94a88740a6a3ce620c7abddce9,David Lord,David Lord,2018-08-28 17:54:55+00:00,2018-09-07T07:44:24-07:00,use pallets-sphinx-themes,False,1,clickdoctools.py,docs/clickdoctools.py,0,255,255,0,0
5ace642838605a94a88740a6a3ce620c7abddce9,David Lord,David Lord,2018-08-28 17:54:55+00:00,2018-09-07T07:44:24-07:00,use pallets-sphinx-themes,False,1,conf.py,docs/conf.py,41,200,241,0,0
5ace642838605a94a88740a6a3ce620c7abddce9,David Lord,David Lord,2018-08-28 17:54:55+00:00,2018-09-07T07:44:24-07:00,use pallets-sphinx-themes,False,1,make.bat,docs/make.bat,18,137,155,0,0
5ace642838605a94a88740a6a3ce620c7abddce9,David Lord,David Lord,2018-08-28 17:54:55+00:00,2018-09-07T07:44:24-07:00,use pallets-sphinx-themes,False,1,click.css_t,docs/_themes/click/static/click.css_t,0,396,396,0,0
5ace642838605a94a88740a6a3ce620c7abddce9,David Lord,David Lord,2018-08-28 17:54:55+00:00,2018-09-07T07:44:24-07:00,use pallets-sphinx-themes,False,1,Makefile,docs/Makefile,10,120,130,0,0
5ace642838605a94a88740a6a3ce620c7abddce9,David Lord,David Lord,2018-08-28 17:54:55+00:00,2018-09-07T07:44:24-07:00,use pallets-sphinx-themes,False,1,LICENSE,docs/_themes/LICENSE,0,37,37,0,0
5ace642838605a94a88740a6a3ce620c7abddce9,David Lord,David Lord,2018-08-28 17:54:55+00:00,2018-09-07T07:44:24-07:00,use pallets-sphinx-themes,False,1,README,docs/_themes/README,0,31,31,0,0
cabbfcf65afa8fd4ac1a0685437aaea1d4bb5976,James Webber,GitHub,2018-08-29 22:43:12+00:00,2018-08-29T15:43:12-07:00,fix typo,False,1,testing.py,click/testing.py,1,1,2,0,0
7dbf7df63ebb0a00eb2cc02bee598a4697494677,Stephen Rosen,David Lord,2018-09-04 16:10:00+00:00,2018-09-12T13:53:12-07:00,Ensure auto_envvar_prefix is always uppercased,False,1,test_options.py,tests/test_options.py,13,0,13,1,1
7dbf7df63ebb0a00eb2cc02bee598a4697494677,Stephen Rosen,David Lord,2018-09-04 16:10:00+00:00,2018-09-12T13:53:12-07:00,Ensure auto_envvar_prefix is always uppercased,False,1,core.py,click/core.py,1,1,2,1,1
4da5e93cede17262424671208799bc6921dcfa36,Frankie Robertson,David Lord,2018-09-05 14:16:18+00:00,2018-09-19T08:17:37-07:00,Prevent error messages/exit code 120 after exiting on EPIPE,False,1,utils.py,click/utils.py,24,0,24,1,0
4da5e93cede17262424671208799bc6921dcfa36,Frankie Robertson,David Lord,2018-09-05 14:16:18+00:00,2018-09-19T08:17:37-07:00,Prevent error messages/exit code 120 after exiting on EPIPE,False,1,core.py,click/core.py,4,1,5,1,0
084da90d9bd55c082dec70376f718ee6a7f622fc,David Lord,David Lord,2018-09-10 20:20:02+00:00,2018-09-10T13:20:02-07:00,organize changelog,False,1,conf.py,docs/conf.py,2,2,4,0,0
da4a18276003bb02622d721dc07bdbeec0dfbd88,matejcik,matejcik,2018-09-12 13:40:04+00:00,2018-09-18T10:55:59+02:00,bugfix: make `getchar` work on Windows.,False,1,termui.py,click/termui.py,4,0,4,1,0
da4a18276003bb02622d721dc07bdbeec0dfbd88,matejcik,matejcik,2018-09-12 13:40:04+00:00,2018-09-18T10:55:59+02:00,bugfix: make `getchar` work on Windows.,False,1,_termui_impl.py,click/_termui_impl.py,41,9,50,1,1
7b53e1541eeff3c1823b0059cdf0c71e3dd839da,David Lord,David Lord,2018-09-18 17:58:55+00:00,2018-09-18T11:09:21-07:00,fix encoding issues with getchar correctly raises on ^C and ^D echo no longer raises encoding error,False,1,_termui_impl.py,click/_termui_impl.py,5,4,9,1,1
6cafd32bdbd2a985bcb1d00f81409ce41f1d6c96,Segev Finer,David Lord,2018-09-21 23:49:29+00:00,2018-09-22T16:59:06-07:00,"Rework the ""Not enough space"" workaround for Python 2 on Windows 7 and below",False,1,_winconsole.py,click/_winconsole.py,11,9,20,0,1
6cafd32bdbd2a985bcb1d00f81409ce41f1d6c96,Segev Finer,David Lord,2018-09-21 23:49:29+00:00,2018-09-22T16:59:06-07:00,"Rework the ""Not enough space"" workaround for Python 2 on Windows 7 and below",False,1,_compat.py,click/_compat.py,6,1,7,0,0
e8bf968c8f26231d7c2a6d04ac83c81199bb607f,David Lord,David Lord,2018-09-24 15:21:11+00:00,2018-09-24T08:36:28-07:00,update metadata test on 3.7 fix collections deprecation warning,False,1,_termui_impl.py,click/_termui_impl.py,9,7,16,1,0
e8bf968c8f26231d7c2a6d04ac83c81199bb607f,David Lord,David Lord,2018-09-24 15:21:11+00:00,2018-09-24T08:36:28-07:00,update metadata test on 3.7 fix collections deprecation warning,False,1,parser.py,click/parser.py,12,11,23,1,0
e8bf968c8f26231d7c2a6d04ac83c81199bb607f,David Lord,David Lord,2018-09-24 15:21:11+00:00,2018-09-24T08:36:28-07:00,update metadata test on 3.7 fix collections deprecation warning,False,1,.coveragerc,.coveragerc,0,3,3,1,0
e8bf968c8f26231d7c2a6d04ac83c81199bb607f,David Lord,David Lord,2018-09-24 15:21:11+00:00,2018-09-24T08:36:28-07:00,update metadata test on 3.7 fix collections deprecation warning,False,1,.gitignore,.gitignore,15,12,27,1,0
e8bf968c8f26231d7c2a6d04ac83c81199bb607f,David Lord,David Lord,2018-09-24 15:21:11+00:00,2018-09-24T08:36:28-07:00,update metadata test on 3.7 fix collections deprecation warning,False,1,setup.py,setup.py,31,44,75,1,0
e8bf968c8f26231d7c2a6d04ac83c81199bb607f,David Lord,David Lord,2018-09-24 15:21:11+00:00,2018-09-24T08:36:28-07:00,update metadata test on 3.7 fix collections deprecation warning,False,1,__init__.py,click/__init__.py,9,11,20,1,0
e8bf968c8f26231d7c2a6d04ac83c81199bb607f,David Lord,David Lord,2018-09-24 15:21:11+00:00,2018-09-24T08:36:28-07:00,update metadata test on 3.7 fix collections deprecation warning,False,1,Makefile,Makefile,0,11,11,1,0
e8bf968c8f26231d7c2a6d04ac83c81199bb607f,David Lord,David Lord,2018-09-24 15:21:11+00:00,2018-09-24T08:36:28-07:00,update metadata test on 3.7 fix collections deprecation warning,False,1,MANIFEST.in,MANIFEST.in,7,5,12,1,0
e8bf968c8f26231d7c2a6d04ac83c81199bb607f,David Lord,David Lord,2018-09-24 15:21:11+00:00,2018-09-24T08:36:28-07:00,update metadata test on 3.7 fix collections deprecation warning,False,1,LICENSE,LICENSE,0,38,38,1,0
e8bf968c8f26231d7c2a6d04ac83c81199bb607f,David Lord,David Lord,2018-09-24 15:21:11+00:00,2018-09-24T08:36:28-07:00,update metadata test on 3.7 fix collections deprecation warning,False,1,_bashcomplete.py,click/_bashcomplete.py,6,2,8,1,0
7818f30f6e9e03755f8333c03c3c7dc46b9283a9,David Lord,David Lord,2018-09-25 20:50:27+00:00,2018-09-25T13:50:27-07:00,new docs links,False,1,README,examples/README,1,1,2,0,0
7818f30f6e9e03755f8333c03c3c7dc46b9283a9,David Lord,David Lord,2018-09-25 20:50:27+00:00,2018-09-25T13:50:27-07:00,new docs links,False,1,termui.py,click/termui.py,1,1,2,0,0
7818f30f6e9e03755f8333c03c3c7dc46b9283a9,David Lord,David Lord,2018-09-25 20:50:27+00:00,2018-09-25T13:50:27-07:00,new docs links,False,1,_unicodefun.py,click/_unicodefun.py,7,5,12,0,1
a936b99212c69a36a2cc2828252b2c4280c0c88c,David Lord,David Lord,2018-09-25 20:51:12+00:00,2018-09-25T13:51:12-07:00,release 7.0,False,1,__init__.py,click/__init__.py,1,1,2,0,0
930ad81d744ce70b344b6d0551befe5f1149a908,David Lord,David Lord,2018-09-25 21:26:48+00:00,2018-09-25T14:26:48-07:00,start 7.1,False,1,__init__.py,click/__init__.py,1,1,2,0,0
b602e0525974739f1cdfc4dcb9ef6ba7f3a57e34,David Lord,David Lord,2018-09-25 21:28:30+00:00,2018-09-25T14:28:30-07:00,start 8.0,False,1,__init__.py,click/__init__.py,1,1,2,0,0
3f49ec2b295b142f896cc1cc7e6e079e5f6cceda,Segev Finer,David Lord,2018-10-07 16:11:03+00:00,2020-02-16T15:10:00-08:00,Detect a Windows console handle correctly using GetConsoleMode,False,1,_winconsole.py,click/_winconsole.py,16,2,18,1,1
f957fba83bf53141c3fdfda5ee4a40a5227f15ce,Segev Finer,David Lord,2018-10-07 16:49:43+00:00,2020-02-23T18:07:48-08:00,fix a memory leak and missing error check in _get_windows_argv,False,1,_winconsole.py,click/_winconsole.py,11,2,13,1,1
e74508119a1e8ba59bf96a45fa1a149cd292a79d,Nicolas F,David Lord,2018-10-10 13:38:04+00:00,2021-03-03T12:29:33-08:00,progressbar: fix regression with hidden bars,False,1,test_termui.py,tests/test_termui.py,2,3,5,1,0
e74508119a1e8ba59bf96a45fa1a149cd292a79d,Nicolas F,David Lord,2018-10-10 13:38:04+00:00,2021-03-03T12:29:33-08:00,progressbar: fix regression with hidden bars,False,1,termui.py,src/click/termui.py,6,2,8,1,0
e74508119a1e8ba59bf96a45fa1a149cd292a79d,Nicolas F,David Lord,2018-10-10 13:38:04+00:00,2021-03-03T12:29:33-08:00,progressbar: fix regression with hidden bars,False,1,_termui_impl.py,src/click/_termui_impl.py,6,0,6,1,0
1516dc6c80ff9f6aebfaf846126909650e451ad9,Segev Finer,David Lord,2018-10-14 16:38:11+00:00,2020-08-07T18:52:38-07:00,convert objects to string in style/secho,False,1,test_termui.py,tests/test_termui.py,7,0,7,0,0
1516dc6c80ff9f6aebfaf846126909650e451ad9,Segev Finer,David Lord,2018-10-14 16:38:11+00:00,2020-08-07T18:52:38-07:00,convert objects to string in style/secho,False,1,termui.py,src/click/termui.py,14,5,19,0,0
e0d510b51f44b421696958660f2ca32ee41413bd,Moshe Zada,Moshe Zada,2018-10-19 09:00:35+00:00,2018-10-19T12:00:35+03:00,Fix get_current_context typo in docstring,False,1,globals.py,click/globals.py,1,1,2,1,0
709a94f0a8de58a4038ec7353a9b55dbfb917e8c,Dag Heyman,Dag Heyman,2018-10-23 09:11:15+00:00,2018-10-23T11:16:22+02:00,fix link in unicode_literals error message,False,1,_unicodefun.py,click/_unicodefun.py,1,1,2,1,0
0d95fb0d234d2bfe0a29f673399b72b4b42e1fb2,David Lord,GitHub,2018-10-27 00:42:25+00:00,2018-10-26T17:42:25-07:00,"revert to lowercase name ""click""",False,1,setup.py,setup.py,1,1,2,0,0
ebc96f678f704433b588f8f559e85b3cb5f19384,Stephen Rosen,David Lord,2018-11-06 18:23:56+00:00,2020-02-16T16:40:11-08:00,Restore progressbar iterator interface; add test,False,1,test_termui.py,tests/test_termui.py,20,0,20,0,0
ebc96f678f704433b588f8f559e85b3cb5f19384,Stephen Rosen,David Lord,2018-11-06 18:23:56+00:00,2020-02-16T16:40:11-08:00,Restore progressbar iterator interface; add test,False,1,_termui_impl.py,click/_termui_impl.py,21,4,25,0,1
99f3bd448493201f1d20d8410027a8decd8e3983,Stephen Rosen,Stephen Rosen,2018-11-10 06:00:37+00:00,2018-11-10T06:14:40Z,Add no_args_is_help to click.Command,False,1,test_commands.py,tests/test_commands.py,10,0,10,0,0
99f3bd448493201f1d20d8410027a8decd8e3983,Stephen Rosen,Stephen Rosen,2018-11-10 06:00:37+00:00,2018-11-10T06:14:40Z,Add no_args_is_help to click.Command,False,1,core.py,click/core.py,10,1,11,0,1
b3dd1b2459397ed4faa5c2f23bd7358d1effe9e4,Russ Webber,Russ Webber,2018-11-20 08:41:27+00:00,2018-11-20T19:41:27+11:00,fixed edit() not supporting bytes,False,1,_termui_impl.py,click/_termui_impl.py,14,8,22,1,0
12ebfd350990a33fbae9f6d1e75c10e852bdb37e,Russ Webber,Russ Webber,2018-11-20 10:04:08+00:00,2018-11-20T21:04:08+11:00,add bytearray support too,False,1,_termui_impl.py,click/_termui_impl.py,1,1,2,0,0
06d030811da54f0c336a59c85818fe26313e1dda,Ronny Pfannschmidt,David Lord,2018-12-20 07:10:48+00:00,2019-01-15T12:18:59-08:00,enable colored output on Jupyter notebooks on UNIX,False,1,_compat.py,click/_compat.py,13,1,14,0,0
06d030811da54f0c336a59c85818fe26313e1dda,Ronny Pfannschmidt,David Lord,2018-12-20 07:10:48+00:00,2019-01-15T12:18:59-08:00,enable colored output on Jupyter notebooks on UNIX,False,1,test_compat.py,tests/test_compat.py,22,12,34,0,1
89349070ae1cb2e6219cce9c0a4907c0f041cc87,Matthias Urlichs,David Lord,2018-12-21 16:54:20+00:00,2020-08-09T22:58:51-07:00,add an ExitStack to the context,False,1,test_context.py,tests/test_context.py,18,0,18,0,0
89349070ae1cb2e6219cce9c0a4907c0f041cc87,Matthias Urlichs,David Lord,2018-12-21 16:54:20+00:00,2020-08-09T22:58:51-07:00,add an ExitStack to the context,False,1,core.py,src/click/core.py,46,12,58,0,0
bc5de6f30ec7c10c45c62508861d5d2d90541718,Julian Berman,David Lord,2018-12-26 13:25:55+00:00,2020-02-16T17:10:29-08:00,don't claim empty stderr wasn't captured separately,False,1,test_testing.py,tests/test_testing.py,12,0,12,0,0
bc5de6f30ec7c10c45c62508861d5d2d90541718,Julian Berman,David Lord,2018-12-26 13:25:55+00:00,2020-02-16T17:10:29-08:00,don't claim empty stderr wasn't captured separately,False,1,testing.py,click/testing.py,6,3,9,0,0
3c767d87ed263d7b094cf1036195cb01a90477af,Jon Dufresne,Jon Dufresne,2018-12-28 14:57:05+00:00,2018-12-28T09:57:05-05:00,Remove unused compat shim for 'bytes',False,1,_compat.py,click/_compat.py,0,1,1,0,0
2c1a6ef34b37bf8e07fd1914da84448859e191c6,Jon Dufresne,David Lord,2018-12-28 14:57:05+00:00,2018-12-31T08:23:25-08:00,Remove unused compat shim for 'bytes',False,1,_compat.py,click/_compat.py,0,1,1,0,1
9df9b079dd44321173c54dc3c4079f6998895bb8,Yevgen Antymyrov,Stephen Rosen,2019-02-11 17:53:19+00:00,2019-03-12T16:41:40Z,Added show_default parameter to Context enabling it globally.,False,1,test_formatting.py,tests/test_formatting.py,16,0,16,1,0
9df9b079dd44321173c54dc3c4079f6998895bb8,Yevgen Antymyrov,Stephen Rosen,2019-02-11 17:53:19+00:00,2019-03-12T16:41:40Z,Added show_default parameter to Context enabling it globally.,False,1,core.py,click/core.py,8,2,10,1,0
abbccb6848c96ae00583221a1b94c8555d6a8097,Peter Landoll,Peter Landoll,2019-03-15 00:30:37+00:00,2019-03-14T20:30:37-04:00,Document adding no_args_is_help to Command for 7.1,False,1,core.py,click/core.py,2,0,2,0,1
8f0f4e6b811138cdd661a2e21b63d698dd186185,bertolinocastro,David Lord,2019-03-16 04:09:32+00:00,2020-02-26T19:12:10-08:00,don't complete options after separator,False,1,_bashcomplete.py,click/_bashcomplete.py,3,1,4,0,1
8f0f4e6b811138cdd661a2e21b63d698dd186185,bertolinocastro,David Lord,2019-03-16 04:09:32+00:00,2020-02-26T19:12:10-08:00,don't complete options after separator,False,1,test_bashcomplete.py,tests/test_bashcomplete.py,27,0,27,0,0
91ea0de0ec00a08eb36b138029a401baf51c71b4,Gregory Pakosz,David Lord,2019-03-21 08:35:46+00:00,2020-02-22T13:51:34-08:00,prevent automatic environment variables from containing dashes,False,1,test_options.py,tests/test_options.py,16,0,16,1,0
91ea0de0ec00a08eb36b138029a401baf51c71b4,Gregory Pakosz,David Lord,2019-03-21 08:35:46+00:00,2020-02-22T13:51:34-08:00,prevent automatic environment variables from containing dashes,False,1,core.py,click/core.py,2,0,2,1,0
73ed951779e12ab49480c730a13d7201a01c3ca0,Nicolas Simonds,David Lord,2019-04-02 18:48:22+00:00,2020-08-10T11:17:49-07:00,Annotate required choices with braces,False,1,test_basic.py,tests/test_basic.py,21,0,21,0,0
73ed951779e12ab49480c730a13d7201a01c3ca0,Nicolas Simonds,David Lord,2019-04-02 18:48:22+00:00,2020-08-10T11:17:49-07:00,Annotate required choices with braces,False,1,types.py,src/click/types.py,8,1,9,0,0
defe6c0727b921dd5230564917cef01348f64c8b,Nathaniel Compton,Nathaniel Compton,2019-05-06 15:43:26+00:00,2019-05-06T11:56:07-04:00,Update progressbar docstrings,False,1,termui.py,click/termui.py,7,1,8,0,0
5bbe6b49d37dd9f76fd2db73e6d52dabb0baef82,Jimmy Zeng,Jimmy Zeng,2019-05-06 15:58:08+00:00,2019-05-06T11:58:08-04:00,add repr to Command,False,1,test_basic.py,tests/test_basic.py,18,0,18,0,0
5bbe6b49d37dd9f76fd2db73e6d52dabb0baef82,Jimmy Zeng,Jimmy Zeng,2019-05-06 15:58:08+00:00,2019-05-06T11:58:08-04:00,add repr to Command,False,1,core.py,click/core.py,5,0,5,0,0
870d325ac251152e93ce0493980ce98e2d88da48,Jimmy Zeng,David Lord,2019-05-06 15:58:08+00:00,2020-02-24T07:36:27-08:00,add repr to Command,False,1,core.py,click/core.py,3,0,3,0,0
870d325ac251152e93ce0493980ce98e2d88da48,Jimmy Zeng,David Lord,2019-05-06 15:58:08+00:00,2020-02-24T07:36:27-08:00,add repr to Command,False,1,test_basic.py,tests/test_basic.py,18,0,18,0,0
e12c25a1f9cacf5ddfd34a6ce729019df6a25186,sekenned,David Lord,2019-05-06 16:01:43+00:00,2020-02-16T15:21:29-08:00,strip_ansi handles cursor hide/show sequences,False,1,_compat.py,click/_compat.py,1,1,2,1,1
fb880d742d3670c9dc0c099bbc95051a1b381747,Joe Ledger,David Lord,2019-05-06 16:13:29+00:00,2020-02-16T19:48:32-08:00,"open_file respects ""errors"" parameter",False,1,_compat.py,click/_compat.py,9,3,12,1,0
fb880d742d3670c9dc0c099bbc95051a1b381747,Joe Ledger,David Lord,2019-05-06 16:13:29+00:00,2020-02-16T19:48:32-08:00,"open_file respects ""errors"" parameter",False,1,test_utils.py,tests/test_utils.py,60,0,60,1,0
c7bd8d47b44816c2999a12a0b4e52162e5c6994a,KP,David Lord,2019-05-06 16:57:22+00:00,2020-02-16T17:40:15-08:00,allow bool type with bool flags,False,1,test_options.py,tests/test_options.py,10,0,10,0,0
c7bd8d47b44816c2999a12a0b4e52162e5c6994a,KP,David Lord,2019-05-06 16:57:22+00:00,2020-02-16T17:40:15-08:00,allow bool type with bool flags,False,1,core.py,click/core.py,2,2,4,0,0
75b708a157b9de67e46d428795ad187097513f4e,robintully,David Lord,2019-05-06 17:59:56+00:00,2020-08-10T17:01:22-07:00,add open intervals to FloatRange,False,1,types.py,src/click/types.py,9,4,13,0,0
75b708a157b9de67e46d428795ad187097513f4e,robintully,David Lord,2019-05-06 17:59:56+00:00,2020-08-10T17:01:22-07:00,add open intervals to FloatRange,False,1,test_basic.py,tests/test_basic.py,18,0,18,0,0
db961430e23f2879b8da6ccbb6824947ca878d5a,Jimmy Zeng,David Lord,2019-05-06 18:46:09+00:00,2020-02-16T16:01:21-08:00,ignore set empty environment variable,False,1,test_options.py,tests/test_options.py,11,0,11,0,1
db961430e23f2879b8da6ccbb6824947ca878d5a,Jimmy Zeng,David Lord,2019-05-06 18:46:09+00:00,2020-02-16T16:01:21-08:00,ignore set empty environment variable,False,1,core.py,click/core.py,14,7,21,0,0
99ef35e3b4919b5dc33d1ee4b1e04b437b6307a5,James Daley,David Lord,2019-05-06 19:00:36+00:00,2020-02-16T19:38:26-08:00,Fix for string cast of MissingParameter,False,1,test_options.py,tests/test_options.py,9,0,9,1,0
99ef35e3b4919b5dc33d1ee4b1e04b437b6307a5,James Daley,David Lord,2019-05-06 19:00:36+00:00,2020-02-16T19:38:26-08:00,Fix for string cast of MissingParameter,False,1,exceptions.py,click/exceptions.py,13,0,13,1,0
99ef35e3b4919b5dc33d1ee4b1e04b437b6307a5,James Daley,David Lord,2019-05-06 19:00:36+00:00,2020-02-16T19:38:26-08:00,Fix for string cast of MissingParameter,False,1,test_arguments.py,tests/test_arguments.py,9,0,9,1,0
2ddc9afdc290b3dfc82f20b2ddb510cc8ab64a5b,icreatedanaccount,David Lord,2019-05-07 15:46:59+00:00,2020-02-19T21:47:25-08:00,Formatting file option prompting to path only,False,1,test_termui.py,tests/test_termui.py,13,0,13,0,0
2ddc9afdc290b3dfc82f20b2ddb510cc8ab64a5b,icreatedanaccount,David Lord,2019-05-07 15:46:59+00:00,2020-02-19T21:47:25-08:00,Formatting file option prompting to path only,False,1,_compat.py,click/_compat.py,2,0,2,0,0
2ddc9afdc290b3dfc82f20b2ddb510cc8ab64a5b,icreatedanaccount,David Lord,2019-05-07 15:46:59+00:00,2020-02-19T21:47:25-08:00,Formatting file option prompting to path only,False,1,termui.py,click/termui.py,8,2,10,0,0
21ebcb630f35821f0765f5beab07d3948fc8cf1d,Jay Crotts,David Lord,2019-05-07 18:21:12+00:00,2020-02-16T18:00:53-08:00,Make option format replace newlines with spaces.,False,1,core.py,click/core.py,2,1,3,0,0
21ebcb630f35821f0765f5beab07d3948fc8cf1d,Jay Crotts,David Lord,2019-05-07 18:21:12+00:00,2020-02-16T18:00:53-08:00,Make option format replace newlines with spaces.,False,1,test_options.py,tests/test_options.py,1,3,4,0,0
a7436e89bbebd361d8d97d1261db0bd399c84b31,Tom Dalton,David Lord,2019-05-08 14:48:36+00:00,2020-08-10T07:40:46-07:00,test result captures command return value,False,1,test_testing.py,tests/test_testing.py,13,0,13,0,0
a7436e89bbebd361d8d97d1261db0bd399c84b31,Tom Dalton,David Lord,2019-05-08 14:48:36+00:00,2020-08-10T07:40:46-07:00,test result captures command return value,False,1,testing.py,src/click/testing.py,29,12,41,0,0
53980cc53fa3bb939995efbefe880ccecbced776,icreatedanaccount,Stephen Rosen,2019-05-09 01:15:25+00:00,2019-05-24T15:32:54Z,Expand unit testing around termui (getchar testing for Windows),False,1,test_termui.py,tests/test_termui.py,145,2,147,0,0
c1b34978f12e54c45f63a32e3560a66047b29063,Kyle Altendorf,Stephen Rosen,2019-05-11 19:38:24+00:00,2019-09-26T05:31:43Z,Always return originally passed choice for Choice(),False,1,test_options.py,tests/test_options.py,15,0,15,0,0
c1b34978f12e54c45f63a32e3560a66047b29063,Kyle Altendorf,Stephen Rosen,2019-05-11 19:38:24+00:00,2019-09-26T05:31:43Z,Always return originally passed choice for Choice(),False,1,types.py,click/types.py,21,12,33,0,1
c1b34978f12e54c45f63a32e3560a66047b29063,Kyle Altendorf,Stephen Rosen,2019-05-11 19:38:24+00:00,2019-09-26T05:31:43Z,Always return originally passed choice for Choice(),False,1,test_normalization.py,tests/test_normalization.py,1,1,2,0,0
9ae1614914bc471873756c4b4ab8e081774df2e4,David Lord,GitHub,2019-05-19 23:35:30+00:00,2019-05-19T16:35:30-07:00,Update setup.py,False,1,setup.py,setup.py,1,1,2,0,0
1e7331f3463a75962171067681021ccefeacfb73,alexey,alexey,2019-05-23 15:59:11+00:00,2019-05-23T16:59:11+01:00,Remove one unused import and one redundant import,False,1,_compat.py,click/_compat.py,0,1,1,0,0
1e7331f3463a75962171067681021ccefeacfb73,alexey,alexey,2019-05-23 15:59:11+00:00,2019-05-23T16:59:11+01:00,Remove one unused import and one redundant import,False,1,_termui_impl.py,click/_termui_impl.py,1,1,2,0,0
6fda3d721b14a4826d9b8ec11f2e747ee22df893,Christopher Palmer,David Lord,2019-05-31 14:16:53+00:00,2019-08-01T11:15:27-07:00,add docs for get_help vs format_help,False,1,core.py,click/core.py,14,4,18,0,0
b24209a225de57989cc73e94be33a0f99b6c0851,Ming Zhang,Ming Zhang,2019-05-31 15:04:04+00:00,2019-05-31T11:08:54-04:00,renamed context to environment to reduce confusion,False,1,cmd_status.py,examples/complex/complex/commands/cmd_status.py,2,2,4,0,0
b24209a225de57989cc73e94be33a0f99b6c0851,Ming Zhang,Ming Zhang,2019-05-31 15:04:04+00:00,2019-05-31T11:08:54-04:00,renamed context to environment to reduce confusion,False,1,cli.py,examples/complex/complex/cli.py,3,3,6,0,0
b24209a225de57989cc73e94be33a0f99b6c0851,Ming Zhang,Ming Zhang,2019-05-31 15:04:04+00:00,2019-05-31T11:08:54-04:00,renamed context to environment to reduce confusion,False,1,cmd_init.py,examples/complex/complex/commands/cmd_init.py,2,2,4,0,0
af24c8de54091afe9752c4718272a9dde8746598,Joshua Storck,Joshua Storck,2019-05-31 15:21:02+00:00,2019-05-31T11:21:02-04:00,Adding support to the context to distinguish the source of a command line parameter,False,1,__init__.py,click/__init__.py,1,1,2,0,0
af24c8de54091afe9752c4718272a9dde8746598,Joshua Storck,Joshua Storck,2019-05-31 15:21:02+00:00,2019-05-31T11:21:02-04:00,Adding support to the context to distinguish the source of a command line parameter,False,1,core.py,click/core.py,52,1,53,0,1
af24c8de54091afe9752c4718272a9dde8746598,Joshua Storck,Joshua Storck,2019-05-31 15:21:02+00:00,2019-05-31T11:21:02-04:00,Adding support to the context to distinguish the source of a command line parameter,False,1,test_context.py,tests/test_context.py,42,0,42,0,1
17e6f3ba3933beb1c514a4fb7e319c13c658f59d,Joshua Storck,Joshua Storck,2019-05-31 15:38:35+00:00,2019-05-31T11:38:35-04:00,Removing ParameterSource from __init__.py,False,1,__init__.py,click/__init__.py,1,1,2,0,1
4bb34ee93fbd342156ed9b2eb856067d92d71ada,chusband,David Lord,2019-05-31 16:16:33+00:00,2019-08-01T12:42:20-07:00,Added method and command to update and write aliases.ini file with new aliases,False,1,aliases.py,examples/aliases/aliases.py,24,0,24,0,1
04a17ae5a0113b268502a6c1cb0e15789f7e44ea,Christopher Palmer,David Lord,2019-05-31 16:52:25+00:00,2019-08-01T13:07:20-07:00,allow ProgressBar.update to set current_item,False,1,test_termui.py,tests/test_termui.py,44,0,44,0,0
04a17ae5a0113b268502a6c1cb0e15789f7e44ea,Christopher Palmer,David Lord,2019-05-31 16:52:25+00:00,2019-08-01T13:07:20-07:00,allow ProgressBar.update to set current_item,False,1,termui.py,click/termui.py,14,0,14,0,1
04a17ae5a0113b268502a6c1cb0e15789f7e44ea,Christopher Palmer,David Lord,2019-05-31 16:52:25+00:00,2019-08-01T13:07:20-07:00,allow ProgressBar.update to set current_item,False,1,_termui_impl.py,click/_termui_impl.py,14,1,15,0,0
73f470ef2397c71bd8e84d1805402f6203e7e9ab,Joshua Storck,Joshua Storck,2019-06-01 03:32:15+00:00,2019-05-31T23:32:15-04:00,Added documentation on how to use get_parameter_source. Added DEFAULT_MAP as a source and added unit tests for it.,False,1,core.py,click/core.py,9,5,14,1,1
73f470ef2397c71bd8e84d1805402f6203e7e9ab,Joshua Storck,Joshua Storck,2019-06-01 03:32:15+00:00,2019-05-31T23:32:15-04:00,Added documentation on how to use get_parameter_source. Added DEFAULT_MAP as a source and added unit tests for it.,False,1,test_context.py,tests/test_context.py,22,11,33,1,1
73f470ef2397c71bd8e84d1805402f6203e7e9ab,Joshua Storck,Joshua Storck,2019-06-01 03:32:15+00:00,2019-05-31T23:32:15-04:00,Added documentation on how to use get_parameter_source. Added DEFAULT_MAP as a source and added unit tests for it.,False,1,__init__.py,click/__init__.py,1,1,2,1,0
64bbbe46f87d90648ba2b972240fe591934ef55c,Joshua Storck,Joshua Storck,2019-06-02 12:31:12+00:00,2019-06-02T08:31:12-04:00,pydocstyle and flake8 fixes,False,1,core.py,click/core.py,30,18,48,1,1
36da06fe44c5cb7a14c67e5e5be1458ee5d5e521,Joshua Storck,Joshua Storck,2019-06-02 12:43:13+00:00,2019-06-02T08:43:13-04:00,Changing documentation in ParameterSource to indicate 'parameter' instead of 'option'. Removed emphasis of the word source in Context.get_parameter_source. Changed ParameterSource.VALUE to a set instead of list. Fixed bugs in ParameterSource.validate and added unit test for it. Changed Context.get_parameter_source to return a KeyError when an invalid parameter name is specified.,False,1,test_context.py,tests/test_context.py,7,1,8,1,0
36da06fe44c5cb7a14c67e5e5be1458ee5d5e521,Joshua Storck,Joshua Storck,2019-06-02 12:43:13+00:00,2019-06-02T08:43:13-04:00,Changing documentation in ParameterSource to indicate 'parameter' instead of 'option'. Removed emphasis of the word source in Context.get_parameter_source. Changed ParameterSource.VALUE to a set instead of list. Fixed bugs in ParameterSource.validate and added unit test for it. Changed Context.get_parameter_source to return a KeyError when an invalid parameter name is specified.,False,1,core.py,click/core.py,5,5,10,1,0
b24a3c69353791ade7bded61c76b0c31bdee12ea,Joshua Storck,Joshua Storck,2019-06-02 12:52:12+00:00,2019-06-02T08:52:12-04:00,Changing the name of Context._parameter_sources to Context._sources_by_paramname,False,1,core.py,click/core.py,3,3,6,0,0
c296d4415efbbf1e6e7095ea3295462ae962cde4,Joshua Storck,Joshua Storck,2019-06-03 14:50:30+00:00,2019-06-03T10:50:30-04:00,Changing ParameterSource.validate unit test to take a descriptive bad value. Changing Context._sources_by_paramname to Context._source_by_paramname. Renaming ParameterSource.validate clz arg to cls and removing doc for that argument in the docstring,False,1,test_context.py,tests/test_context.py,1,1,2,0,0
c296d4415efbbf1e6e7095ea3295462ae962cde4,Joshua Storck,Joshua Storck,2019-06-03 14:50:30+00:00,2019-06-03T10:50:30-04:00,Changing ParameterSource.validate unit test to take a descriptive bad value. Changing Context._sources_by_paramname to Context._source_by_paramname. Renaming ParameterSource.validate clz arg to cls and removing doc for that argument in the docstring,False,1,core.py,click/core.py,6,7,13,0,0
7e8146d1c48e022b9cf531b0f70e073816f33079,mattsb42,mattsb42,2019-06-10 04:27:31+00:00,2019-06-09T21:27:31-07:00,clarify Parameter behavior when nargs=-1,False,1,core.py,click/core.py,2,1,3,0,1
e1714b88bb8e9b7051ba596fb318d10c650f9793,Paul Kilgo,David Lord,2019-06-20 17:56:58+00:00,2019-08-01T10:56:06-07:00,Explicit cast to HANDLE for Read/WriteConsoleW calls,False,1,_winconsole.py,click/_winconsole.py,3,3,6,1,0
3106951b6fc733385f08b2a397621dec756a2989,Nick Cross,David Lord,2019-07-03 20:21:25+00:00,2020-02-24T06:46:25-08:00,Correct ZSH completion definitions,False,1,_bashcomplete.py,click/_bashcomplete.py,4,0,4,1,0
cbb3c0c3d969cc35f49b18280bd7a11f139e3185,Nick Cross,David Lord,2019-07-03 20:21:25+00:00,2019-08-01T13:20:31-07:00,Correct ZSH completion definitions,False,1,_bashcomplete.py,click/_bashcomplete.py,4,0,4,1,0
cbb3c0c3d969cc35f49b18280bd7a11f139e3185,Nick Cross,David Lord,2019-07-03 20:21:25+00:00,2019-08-01T13:20:31-07:00,Correct ZSH completion definitions,False,1,test_compat.py,tests/test_compat.py,8,0,8,1,0
3106951b6fc733385f08b2a397621dec756a2989,Nick Cross,David Lord,2019-07-03 20:21:25+00:00,2020-02-24T06:46:25-08:00,Correct ZSH completion definitions,False,1,test_compat.py,tests/test_compat.py,8,0,8,1,0
00f82cd1efe84f1636687d3d02c602462d276d49,Min ho Kim,Min ho Kim,2019-07-06 15:04:53+00:00,2019-07-07T01:04:53+10:00,Fix typos,False,1,_winconsole.py,click/_winconsole.py,1,1,2,0,1
00f82cd1efe84f1636687d3d02c602462d276d49,Min ho Kim,Min ho Kim,2019-07-06 15:04:53+00:00,2019-07-07T01:04:53+10:00,Fix typos,False,1,_bashcomplete.py,click/_bashcomplete.py,1,1,2,0,0
00f82cd1efe84f1636687d3d02c602462d276d49,Min ho Kim,Min ho Kim,2019-07-06 15:04:53+00:00,2019-07-07T01:04:53+10:00,Fix typos,False,1,_compat.py,click/_compat.py,1,1,2,0,1
2ba2fe0cf80a76e09a6e44c3750034574acd33d0,Joel Eager,David Lord,2019-07-13 02:08:08+00:00,2021-03-03T23:03:06-08:00,progress bar shows current item,False,1,_termui_impl.py,src/click/_termui_impl.py,11,4,15,0,0
2ba2fe0cf80a76e09a6e44c3750034574acd33d0,Joel Eager,David Lord,2019-07-13 02:08:08+00:00,2021-03-03T23:03:06-08:00,progress bar shows current item,False,1,test_termui.py,tests/test_termui.py,9,12,21,0,1
2ba2fe0cf80a76e09a6e44c3750034574acd33d0,Joel Eager,David Lord,2019-07-13 02:08:08+00:00,2021-03-03T23:03:06-08:00,progress bar shows current item,False,1,termui.py,src/click/termui.py,7,4,11,0,0
e389b5eeeee68baba1ba099188cfd919a9b318a5,jtrakk,David Lord,2019-07-13 20:15:43+00:00,2020-08-12T17:22:11-07:00,suggest renaming option from 'name' to '--name',False,1,core.py,src/click/core.py,2,2,4,0,0
e389b5eeeee68baba1ba099188cfd919a9b318a5,jtrakk,David Lord,2019-07-13 20:15:43+00:00,2020-08-12T17:22:11-07:00,suggest renaming option from 'name' to '--name',False,1,test_options.py,tests/test_options.py,6,5,11,0,0
d64eddae7d59cebd24b5100d72147fcf2e7cd1dc,David Lord,David Lord,2019-07-17 14:58:43+00:00,2019-07-17T07:58:43-07:00,standardize license,False,1,parser.py,click/parser.py,5,0,5,0,0
d64eddae7d59cebd24b5100d72147fcf2e7cd1dc,David Lord,David Lord,2019-07-17 14:58:43+00:00,2019-07-17T07:58:43-07:00,standardize license,False,1,setup.py,setup.py,3,3,6,0,0
d19e10916c4250e55d2e40bc701c3a81887ee1a7,Tim Gates,Tim Gates,2019-07-18 04:06:44+00:00,2019-07-18T14:06:44+10:00,Fix Simple Typo: serverly -> severely,False,1,_winconsole.py,click/_winconsole.py,1,1,2,1,0
8e81a91aea737f4fc8f81347ffee28c88b15f5d5,David Lord,David Lord,2019-08-01 14:50:39+00:00,2019-08-01T07:50:39-07:00,fix py2 windows getchar test,False,1,test_termui.py,tests/test_termui.py,3,1,4,1,1
ffbb7ea17d851ce4ec0a93af6c6276342357b92e,Tim Gates,Tim Gates,2019-08-25 13:13:36+00:00,2019-08-25T23:13:41+10:00,Fix simple typo: aliase -> alias,False,1,aliases.py,examples/aliases/aliases.py,1,1,2,1,1
dc7b70846c72f9ef8ab5d22dc42f51e422a35d47,Tim Gates,Tim Gates,2019-08-25 21:32:30+00:00,2019-08-26T07:32:30+10:00,Additional fix requested while fixing typo on the same line,False,1,aliases.py,examples/aliases/aliases.py,1,1,2,1,0
b8125669e3bbd5601de664cb35acd7df17aed31d,Max Smolens,David Lord,2019-08-29 18:56:35+00:00,2020-02-16T16:52:50-08:00,Add tests for atomic open_file permissions,False,1,test_utils.py,tests/test_utils.py,43,0,43,0,0
0be3b61b79ce154e49a7e2f9a7c88103477198fe,Dan Yeaw,David Lord,2019-09-13 01:12:34+00:00,2019-10-09T12:25:47-07:00,Fix OSError when running on MinGW64 with MSYS2,False,1,_compat.py,click/_compat.py,2,1,3,1,0
fe257c9b4275860db37e12b2638f3e7a31f2efcf,Anders Kaseorg,David Lord,2019-09-19 04:59:29+00:00,2020-02-16T16:52:50-08:00,Preserve expected permissions in atomic open_file,False,1,_compat.py,click/_compat.py,32,3,35,0,1
3f17cd89df636e897cba571f77afd6d80154d604,energizah,David Lord,2019-10-08 23:03:13+00:00,2020-08-14T08:51:06-07:00,support passing a list of commands to Group,False,1,core.py,src/click/core.py,20,5,25,0,0
3f17cd89df636e897cba571f77afd6d80154d604,energizah,David Lord,2019-10-08 23:03:13+00:00,2020-08-14T08:51:06-07:00,support passing a list of commands to Group,False,1,test_basic.py,tests/test_basic.py,24,0,24,0,1
02756dd41714939ae877cba89b04c1fdc6e0ff21,David Lord,David Lord,2019-10-09 18:22:33+00:00,2019-10-09T11:22:33-07:00,"reformat changelog, update docs config",False,1,conf.py,docs/conf.py,18,12,30,0,0
163e55a47b0fd94653728af273b9e6722556a53c,Christian Clauss,GitHub,2019-10-28 11:25:20+00:00,2019-10-28T12:25:20+01:00,xrange() is history in imagepipe.py,False,1,imagepipe.py,examples/imagepipe/imagepipe.py,1,1,2,0,0
efa6b4f4389d30aac7f1ce62dc08f3bbe5b331d6,Christian Clauss,David Lord,2019-10-28 11:27:29+00:00,2020-02-22T06:09:57-08:00,Undefined name: import sys for lines 300 and 311,False,1,test_context.py,tests/test_context.py,1,0,1,0,0
44779dfa6d1681dd6ad1b73ecc4ec6bd5b705f7c,Timur,David Lord,2019-10-30 08:51:26+00:00,2020-02-27T09:53:43-08:00,allow zsh to escape completion values,False,1,_bashcomplete.py,click/_bashcomplete.py,2,2,4,0,0
792f03f13e04d0f583c1d74104fbe1ea3e10d26c,Jonathan Lestrelin,David Lord,2019-11-14 15:29:16+00:00,2020-03-05T12:44:15-08:00,fish completion,False,1,_bashcomplete.py,click/_bashcomplete.py,31,2,33,0,0
5949dad4bd08ae6ba8ca241e5949474fd2fd54be,lmjohns3,David Lord,2019-11-21 00:03:34+00:00,2020-08-13T15:16:37-07:00,click.style supports 256/RGB colors,False,1,termui.py,src/click/termui.py,30,2,32,0,1
5949dad4bd08ae6ba8ca241e5949474fd2fd54be,lmjohns3,David Lord,2019-11-21 00:03:34+00:00,2020-08-13T15:16:37-07:00,click.style supports 256/RGB colors,False,1,test_utils.py,tests/test_utils.py,2,0,2,0,1
8a661423fec41df239bb0bc50b9f188ea32d3c92,Adam Dangoor,David Lord,2019-12-11 23:26:33+00:00,2020-02-16T17:18:31-08:00,remove unused mix_stderr parameter from CliRunner.invoke,False,1,testing.py,click/testing.py,1,1,2,0,0
c2a5bb011c17ef18ecb9d8f96102fc6779c32900,yurihs,David Lord,2019-12-14 15:33:35+00:00,2021-02-15T16:22:56-08:00,click.confirm with default=None repeats prompt,False,1,test_utils.py,tests/test_utils.py,8,0,8,1,0
c2a5bb011c17ef18ecb9d8f96102fc6779c32900,yurihs,David Lord,2019-12-14 15:33:35+00:00,2021-02-15T16:22:56-08:00,click.confirm with default=None repeats prompt,False,1,termui.py,src/click/termui.py,14,6,20,1,0
4907043da7818d947eb04b21a685c0bf70af6595,Karthikeyan Singaravelan,Karthikeyan Singaravelan,2019-12-19 12:41:05+00:00,2019-12-19T18:11:05+05:30,Fix SyntaxWarning in test over literal comparison.,False,1,test_basic.py,tests/test_basic.py,1,1,2,1,0
27ec93877b7b93094dba967c636a290807b511b3,Narendra N,David Lord,2020-01-17 12:32:12+00:00,2020-08-14T09:23:01-07:00,use difflib to suggest possible long option names,False,1,parser.py,src/click/parser.py,3,1,4,0,0
27ec93877b7b93094dba967c636a290807b511b3,Narendra N,David Lord,2020-01-17 12:32:12+00:00,2020-08-14T09:23:01-07:00,use difflib to suggest possible long option names,False,1,test_options.py,tests/test_options.py,16,0,16,0,1
27c4ce4ba24aa2787dd0a679f8155e3a66a9b4e4,Kyle Altendorf,GitHub,2020-01-24 18:45:55+00:00,2020-01-24T13:45:55-05:00,Add versionadded for Context(show_default),False,1,core.py,click/core.py,3,0,3,1,1
8c5f779185ca714b457e6a469819ad77775a8947,aaronsarna,jab,2020-01-30 21:11:14+00:00,2020-01-30T20:28:00-05:00,Fix error in new AppEngine environments,False,1,_compat.py,click/_compat.py,1,1,2,1,0
fa0a7b841a42954323e69a8fc67520bbeca29dd3,aaronsarna,GitHub,2020-01-30 21:11:14+00:00,2020-01-30T16:11:14-05:00,Fix error in new AppEngine environments,False,1,_compat.py,click/_compat.py,1,1,2,1,0
7bc26d2e7cf59e11dde84a1b4e931909f91e56c4,Marc Tamsky,GitHub,2020-02-06 19:35:14+00:00,2020-02-06T11:35:14-08:00,Harmonize inline documentation text w/ param text,False,1,decorators.py,click/decorators.py,3,3,6,0,0
f6710e540602de40e556f32f7e80f44719906304,Giel van Schijndel,Giel van Schijndel,2020-02-10 14:51:39+00:00,2020-03-02T10:23:54+01:00,fix: always use parameter UTF-8 fallback,False,1,types.py,click/types.py,2,0,2,1,0
17cc8d76f93791de70bf0e2f0379ee6e1feefea1,John T. Wodder II,David Lord,2020-02-15 19:58:43+00:00,2020-02-23T12:52:50-08:00,Support Debian's sensible-editor,False,1,_termui_impl.py,click/_termui_impl.py,1,1,2,0,0
22bfb0c7a051eb29fbcc4c0de846258ccf4c9ef5,John T. Wodder II,David Lord,2020-02-15 19:58:43+00:00,2020-02-22T09:10:55-08:00,Support Debian's sensible-editor,False,1,_termui_impl.py,click/_termui_impl.py,1,1,2,0,0
e798f64ffde20c549e2e0df5834e4194c74adb0a,John T. Wodder II,David Lord,2020-02-15 20:33:19+00:00,2020-02-23T19:07:40-08:00,Use shlex.quote for quoting shell arguments,False,1,_compat.py,click/_compat.py,4,0,4,0,0
e798f64ffde20c549e2e0df5834e4194c74adb0a,John T. Wodder II,David Lord,2020-02-15 20:33:19+00:00,2020-02-23T19:07:40-08:00,Use shlex.quote for quoting shell arguments,False,1,_termui_impl.py,click/_termui_impl.py,14,14,28,0,0
e798f64ffde20c549e2e0df5834e4194c74adb0a,John T. Wodder II,David Lord,2020-02-15 20:33:19+00:00,2020-02-23T19:07:40-08:00,Use shlex.quote for quoting shell arguments,False,1,test_imports.py,tests/test_imports.py,1,1,2,0,0
d3ed4082e1d3ed648cd8b388608084e7571e9681,David Lord,David Lord,2020-02-16 23:39:02+00:00,2020-02-16T15:42:45-08:00,add test for unstyling other ansi controls,False,1,test_utils.py,tests/test_utils.py,38,25,63,0,0
d3ed4082e1d3ed648cd8b388608084e7571e9681,David Lord,David Lord,2020-02-16 23:39:02+00:00,2020-02-16T15:42:45-08:00,add test for unstyling other ansi controls,False,1,_compat.py,click/_compat.py,1,1,2,0,0
4e85c776ec1590b7322868666305ef691058c7c3,David Lord,David Lord,2020-02-17 05:47:23+00:00,2020-02-19T21:28:50-08:00,refactor open_stream and text stream utilities,False,1,test_utils.py,tests/test_utils.py,32,55,87,0,0
4e85c776ec1590b7322868666305ef691058c7c3,David Lord,David Lord,2020-02-17 05:47:23+00:00,2020-02-19T21:28:50-08:00,refactor open_stream and text stream utilities,False,1,_compat.py,click/_compat.py,108,88,196,0,1
b830139b3b0730d560217718b2ed5011ba71a3dc,David Lord,David Lord,2020-02-20 06:38:50+00:00,2020-02-19T22:42:45-08:00,"type is always IOBase, handle lazy file",False,1,test_termui.py,tests/test_termui.py,14,9,23,1,0
b830139b3b0730d560217718b2ed5011ba71a3dc,David Lord,David Lord,2020-02-20 06:38:50+00:00,2020-02-19T22:42:45-08:00,"type is always IOBase, handle lazy file",False,1,_compat.py,click/_compat.py,0,2,2,1,0
b830139b3b0730d560217718b2ed5011ba71a3dc,David Lord,David Lord,2020-02-20 06:38:50+00:00,2020-02-19T22:42:45-08:00,"type is always IOBase, handle lazy file",False,1,termui.py,click/termui.py,6,3,9,1,0
1be658d5cbdfa03258331301ace0368cdbe73e2a,David Lord,David Lord,2020-02-22 14:20:08+00:00,2020-02-22T06:20:08-08:00,simplify parameter source tests,False,1,test_context.py,tests/test_context.py,24,22,46,0,0
e4bb120808d6effa31d7291da5c72f09511de564,David Lord,David Lord,2020-02-23 19:50:33+00:00,2020-02-23T11:50:33-08:00,fix newline wrapping in option help,False,1,test_options.py,tests/test_options.py,22,14,36,1,0
e4bb120808d6effa31d7291da5c72f09511de564,David Lord,David Lord,2020-02-23 19:50:33+00:00,2020-02-23T11:50:33-08:00,fix newline wrapping in option help,False,1,formatting.py,click/formatting.py,7,5,12,1,0
e4bb120808d6effa31d7291da5c72f09511de564,David Lord,David Lord,2020-02-23 19:50:33+00:00,2020-02-23T11:50:33-08:00,fix newline wrapping in option help,False,1,core.py,click/core.py,1,2,3,1,0
a566781b6ad9a47565bdea474250ae50e8cd93e4,David Lord,David Lord,2020-02-24 15:46:39+00:00,2020-02-24T07:46:39-08:00,repr for BaseCommand and Parameter,False,1,core.py,click/core.py,6,3,9,0,0
35929957d81ab18a7bc0d75e850449f3f1068107,David Lord,David Lord,2020-02-27 18:57:13+00:00,2020-02-27T10:57:13-08:00,update project metadata,False,1,.gitignore,.gitignore,11,14,25,0,0
35929957d81ab18a7bc0d75e850449f3f1068107,David Lord,David Lord,2020-02-27 18:57:13+00:00,2020-02-27T10:57:13-08:00,update project metadata,False,1,__init__.py,click/__init__.py,0,6,6,0,0
35929957d81ab18a7bc0d75e850449f3f1068107,David Lord,David Lord,2020-02-27 18:57:13+00:00,2020-02-27T10:57:13-08:00,update project metadata,False,1,_termui_impl.py,click/_termui_impl.py,0,6,6,0,0
35929957d81ab18a7bc0d75e850449f3f1068107,David Lord,David Lord,2020-02-27 18:57:13+00:00,2020-02-27T10:57:13-08:00,update project metadata,False,1,parser.py,click/parser.py,6,3,9,0,0
35929957d81ab18a7bc0d75e850449f3f1068107,David Lord,David Lord,2020-02-27 18:57:13+00:00,2020-02-27T10:57:13-08:00,update project metadata,False,1,setup.py,setup.py,4,11,15,0,0
35929957d81ab18a7bc0d75e850449f3f1068107,David Lord,David Lord,2020-02-27 18:57:13+00:00,2020-02-27T10:57:13-08:00,update project metadata,False,1,MANIFEST.in,MANIFEST.in,1,4,5,0,0
58cd5e0e26d29e1e9835342bd158adec766c28bf,Giel van Schijndel,Giel van Schijndel,2020-03-02 09:23:38+00:00,2020-03-02T10:23:38+01:00,test: verify that UTF-8 is used as a fallback for decoding arguments,False,1,test_arguments.py,tests/test_arguments.py,22,1,23,0,0
347b45be001ccdc16b1df0165eddebc1761fc25f,David Lord,David Lord,2020-03-05 21:40:11+00:00,2020-03-05T13:40:11-08:00,refactor completion command splitting,False,1,_bashcomplete.py,click/_bashcomplete.py,27,21,48,0,0
079f91a2396c5c9264f34f95894259b7b15eb89c,David Lord,David Lord,2020-03-06 20:45:31+00:00,2020-03-06T12:45:31-08:00,move to src directory,False,1,testing.py,click/testing.py,0,377,377,0,0
079f91a2396c5c9264f34f95894259b7b15eb89c,David Lord,David Lord,2020-03-06 20:45:31+00:00,2020-03-06T12:45:31-08:00,move to src directory,False,1,termui.py,click/termui.py,0,621,621,0,0
079f91a2396c5c9264f34f95894259b7b15eb89c,David Lord,David Lord,2020-03-06 20:45:31+00:00,2020-03-06T12:45:31-08:00,move to src directory,False,1,parser.py,click/parser.py,0,430,430,0,0
079f91a2396c5c9264f34f95894259b7b15eb89c,David Lord,David Lord,2020-03-06 20:45:31+00:00,2020-03-06T12:45:31-08:00,move to src directory,False,1,globals.py,click/globals.py,0,48,48,0,0
079f91a2396c5c9264f34f95894259b7b15eb89c,David Lord,David Lord,2020-03-06 20:45:31+00:00,2020-03-06T12:45:31-08:00,move to src directory,False,1,formatting.py,click/formatting.py,0,262,262,0,0
079f91a2396c5c9264f34f95894259b7b15eb89c,David Lord,David Lord,2020-03-06 20:45:31+00:00,2020-03-06T12:45:31-08:00,move to src directory,False,1,exceptions.py,click/exceptions.py,0,248,248,0,0
079f91a2396c5c9264f34f95894259b7b15eb89c,David Lord,David Lord,2020-03-06 20:45:31+00:00,2020-03-06T12:45:31-08:00,move to src directory,False,1,decorators.py,click/decorators.py,0,311,311,0,0
079f91a2396c5c9264f34f95894259b7b15eb89c,David Lord,David Lord,2020-03-06 20:45:31+00:00,2020-03-06T12:45:31-08:00,move to src directory,False,1,_unicodefun.py,click/_unicodefun.py,0,125,125,0,0
079f91a2396c5c9264f34f95894259b7b15eb89c,David Lord,David Lord,2020-03-06 20:45:31+00:00,2020-03-06T12:45:31-08:00,move to src directory,False,1,_winconsole.py,click/_winconsole.py,0,330,330,0,0
079f91a2396c5c9264f34f95894259b7b15eb89c,David Lord,David Lord,2020-03-06 20:45:31+00:00,2020-03-06T12:45:31-08:00,move to src directory,False,1,types.py,click/types.py,0,679,679,0,0
079f91a2396c5c9264f34f95894259b7b15eb89c,David Lord,David Lord,2020-03-06 20:45:31+00:00,2020-03-06T12:45:31-08:00,move to src directory,False,1,_textwrap.py,click/_textwrap.py,0,38,38,0,0
079f91a2396c5c9264f34f95894259b7b15eb89c,David Lord,David Lord,2020-03-06 20:45:31+00:00,2020-03-06T12:45:31-08:00,move to src directory,False,1,_termui_impl.py,click/_termui_impl.py,0,632,632,0,0
079f91a2396c5c9264f34f95894259b7b15eb89c,David Lord,David Lord,2020-03-06 20:45:31+00:00,2020-03-06T12:45:31-08:00,move to src directory,False,1,_compat.py,click/_compat.py,0,774,774,0,0
079f91a2396c5c9264f34f95894259b7b15eb89c,David Lord,David Lord,2020-03-06 20:45:31+00:00,2020-03-06T12:45:31-08:00,move to src directory,False,1,__init__.py,click/__init__.py,0,91,91,0,0
079f91a2396c5c9264f34f95894259b7b15eb89c,David Lord,David Lord,2020-03-06 20:45:31+00:00,2020-03-06T12:45:31-08:00,move to src directory,False,1,core.py,click/core.py,0,1901,1901,0,0
079f91a2396c5c9264f34f95894259b7b15eb89c,David Lord,David Lord,2020-03-06 20:45:31+00:00,2020-03-06T12:45:31-08:00,move to src directory,False,1,utils.py,click/utils.py,0,440,440,0,0
079f91a2396c5c9264f34f95894259b7b15eb89c,David Lord,David Lord,2020-03-06 20:45:31+00:00,2020-03-06T12:45:31-08:00,move to src directory,False,1,_bashcomplete.py,click/_bashcomplete.py,0,334,334,0,0
079f91a2396c5c9264f34f95894259b7b15eb89c,David Lord,David Lord,2020-03-06 20:45:31+00:00,2020-03-06T12:45:31-08:00,move to src directory,False,1,__init__.py,src/click/__init__.py,91,0,91,0,0
079f91a2396c5c9264f34f95894259b7b15eb89c,David Lord,David Lord,2020-03-06 20:45:31+00:00,2020-03-06T12:45:31-08:00,move to src directory,False,1,setup.py,setup.py,5,2,7,0,0
079f91a2396c5c9264f34f95894259b7b15eb89c,David Lord,David Lord,2020-03-06 20:45:31+00:00,2020-03-06T12:45:31-08:00,move to src directory,False,1,utils.py,src/click/utils.py,440,0,440,0,0
079f91a2396c5c9264f34f95894259b7b15eb89c,David Lord,David Lord,2020-03-06 20:45:31+00:00,2020-03-06T12:45:31-08:00,move to src directory,False,1,types.py,src/click/types.py,679,0,679,0,0
079f91a2396c5c9264f34f95894259b7b15eb89c,David Lord,David Lord,2020-03-06 20:45:31+00:00,2020-03-06T12:45:31-08:00,move to src directory,False,1,testing.py,src/click/testing.py,377,0,377,0,0
079f91a2396c5c9264f34f95894259b7b15eb89c,David Lord,David Lord,2020-03-06 20:45:31+00:00,2020-03-06T12:45:31-08:00,move to src directory,False,1,termui.py,src/click/termui.py,621,0,621,0,0
079f91a2396c5c9264f34f95894259b7b15eb89c,David Lord,David Lord,2020-03-06 20:45:31+00:00,2020-03-06T12:45:31-08:00,move to src directory,False,1,globals.py,src/click/globals.py,48,0,48,0,0
079f91a2396c5c9264f34f95894259b7b15eb89c,David Lord,David Lord,2020-03-06 20:45:31+00:00,2020-03-06T12:45:31-08:00,move to src directory,False,1,formatting.py,src/click/formatting.py,262,0,262,0,0
079f91a2396c5c9264f34f95894259b7b15eb89c,David Lord,David Lord,2020-03-06 20:45:31+00:00,2020-03-06T12:45:31-08:00,move to src directory,False,1,exceptions.py,src/click/exceptions.py,248,0,248,0,0
079f91a2396c5c9264f34f95894259b7b15eb89c,David Lord,David Lord,2020-03-06 20:45:31+00:00,2020-03-06T12:45:31-08:00,move to src directory,False,1,parser.py,src/click/parser.py,430,0,430,0,0
079f91a2396c5c9264f34f95894259b7b15eb89c,David Lord,David Lord,2020-03-06 20:45:31+00:00,2020-03-06T12:45:31-08:00,move to src directory,False,1,core.py,src/click/core.py,1901,0,1901,0,0
079f91a2396c5c9264f34f95894259b7b15eb89c,David Lord,David Lord,2020-03-06 20:45:31+00:00,2020-03-06T12:45:31-08:00,move to src directory,False,1,_winconsole.py,src/click/_winconsole.py,330,0,330,0,0
079f91a2396c5c9264f34f95894259b7b15eb89c,David Lord,David Lord,2020-03-06 20:45:31+00:00,2020-03-06T12:45:31-08:00,move to src directory,False,1,_unicodefun.py,src/click/_unicodefun.py,125,0,125,0,0
079f91a2396c5c9264f34f95894259b7b15eb89c,David Lord,David Lord,2020-03-06 20:45:31+00:00,2020-03-06T12:45:31-08:00,move to src directory,False,1,_textwrap.py,src/click/_textwrap.py,38,0,38,0,0
079f91a2396c5c9264f34f95894259b7b15eb89c,David Lord,David Lord,2020-03-06 20:45:31+00:00,2020-03-06T12:45:31-08:00,move to src directory,False,1,_termui_impl.py,src/click/_termui_impl.py,632,0,632,0,0
079f91a2396c5c9264f34f95894259b7b15eb89c,David Lord,David Lord,2020-03-06 20:45:31+00:00,2020-03-06T12:45:31-08:00,move to src directory,False,1,_compat.py,src/click/_compat.py,774,0,774,0,0
079f91a2396c5c9264f34f95894259b7b15eb89c,David Lord,David Lord,2020-03-06 20:45:31+00:00,2020-03-06T12:45:31-08:00,move to src directory,False,1,_bashcomplete.py,src/click/_bashcomplete.py,334,0,334,0,0
079f91a2396c5c9264f34f95894259b7b15eb89c,David Lord,David Lord,2020-03-06 20:45:31+00:00,2020-03-06T12:45:31-08:00,move to src directory,False,1,decorators.py,src/click/decorators.py,311,0,311,0,0
488739dfe0d51f415c7b20466648cc519962ecbb,David Lord,David Lord,2020-03-06 21:19:03+00:00,2020-03-06T13:19:03-08:00,apply reorder-python-imports,False,1,cmd_status.py,examples/complex/complex/commands/cmd_status.py,2,1,3,0,0
488739dfe0d51f415c7b20466648cc519962ecbb,David Lord,David Lord,2020-03-06 21:19:03+00:00,2020-03-06T13:19:03-08:00,apply reorder-python-imports,False,1,decorators.py,src/click/decorators.py,2,3,5,0,0
488739dfe0d51f415c7b20466648cc519962ecbb,David Lord,David Lord,2020-03-06 21:19:03+00:00,2020-03-06T13:19:03-08:00,apply reorder-python-imports,False,1,aliases.py,examples/aliases/aliases.py,3,2,5,0,0
488739dfe0d51f415c7b20466648cc519962ecbb,David Lord,David Lord,2020-03-06 21:19:03+00:00,2020-03-06T13:19:03-08:00,apply reorder-python-imports,False,1,bashcompletion.py,examples/bashcompletion/bashcompletion.py,2,1,3,0,0
488739dfe0d51f415c7b20466648cc519962ecbb,David Lord,David Lord,2020-03-06 21:19:03+00:00,2020-03-06T13:19:03-08:00,apply reorder-python-imports,False,1,cli.py,examples/complex/complex/cli.py,1,0,1,0,0
488739dfe0d51f415c7b20466648cc519962ecbb,David Lord,David Lord,2020-03-06 21:19:03+00:00,2020-03-06T13:19:03-08:00,apply reorder-python-imports,False,1,cmd_init.py,examples/complex/complex/commands/cmd_init.py,2,1,3,0,0
488739dfe0d51f415c7b20466648cc519962ecbb,David Lord,David Lord,2020-03-06 21:19:03+00:00,2020-03-06T13:19:03-08:00,apply reorder-python-imports,False,1,imagepipe.py,examples/imagepipe/imagepipe.py,6,2,8,0,0
488739dfe0d51f415c7b20466648cc519962ecbb,David Lord,David Lord,2020-03-06 21:19:03+00:00,2020-03-06T13:19:03-08:00,apply reorder-python-imports,False,1,_unicodefun.py,src/click/_unicodefun.py,1,2,3,0,0
488739dfe0d51f415c7b20466648cc519962ecbb,David Lord,David Lord,2020-03-06 21:19:03+00:00,2020-03-06T13:19:03-08:00,apply reorder-python-imports,False,1,termui.py,examples/termui/termui.py,4,8,12,0,0
488739dfe0d51f415c7b20466648cc519962ecbb,David Lord,David Lord,2020-03-06 21:19:03+00:00,2020-03-06T13:19:03-08:00,apply reorder-python-imports,False,1,validation.py,examples/validation/validation.py,1,0,1,0,0
488739dfe0d51f415c7b20466648cc519962ecbb,David Lord,David Lord,2020-03-06 21:19:03+00:00,2020-03-06T13:19:03-08:00,apply reorder-python-imports,False,1,__init__.py,src/click/__init__.py,65,77,142,0,0
488739dfe0d51f415c7b20466648cc519962ecbb,David Lord,David Lord,2020-03-06 21:19:03+00:00,2020-03-06T13:19:03-08:00,apply reorder-python-imports,False,1,_bashcomplete.py,src/click/_bashcomplete.py,4,2,6,0,0
488739dfe0d51f415c7b20466648cc519962ecbb,David Lord,David Lord,2020-03-06 21:19:03+00:00,2020-03-06T13:19:03-08:00,apply reorder-python-imports,False,1,_compat.py,src/click/_compat.py,2,3,5,0,0
488739dfe0d51f415c7b20466648cc519962ecbb,David Lord,David Lord,2020-03-06 21:19:03+00:00,2020-03-06T13:19:03-08:00,apply reorder-python-imports,False,1,_termui_impl.py,src/click/_termui_impl.py,15,8,23,0,0
488739dfe0d51f415c7b20466648cc519962ecbb,David Lord,David Lord,2020-03-06 21:19:03+00:00,2020-03-06T13:19:03-08:00,apply reorder-python-imports,False,1,exceptions.py,src/click/exceptions.py,3,1,4,0,0
488739dfe0d51f415c7b20466648cc519962ecbb,David Lord,David Lord,2020-03-06 21:19:03+00:00,2020-03-06T13:19:03-08:00,apply reorder-python-imports,False,1,repo.py,examples/repo/repo.py,1,1,2,0,0
488739dfe0d51f415c7b20466648cc519962ecbb,David Lord,David Lord,2020-03-06 21:19:03+00:00,2020-03-06T13:19:03-08:00,apply reorder-python-imports,False,1,formatting.py,src/click/formatting.py,3,3,6,0,0
488739dfe0d51f415c7b20466648cc519962ecbb,David Lord,David Lord,2020-03-06 21:19:03+00:00,2020-03-06T13:19:03-08:00,apply reorder-python-imports,False,1,test_arguments.py,tests/test_arguments.py,5,2,7,0,0
488739dfe0d51f415c7b20466648cc519962ecbb,David Lord,David Lord,2020-03-06 21:19:03+00:00,2020-03-06T13:19:03-08:00,apply reorder-python-imports,False,1,parser.py,src/click/parser.py,5,3,8,0,0
488739dfe0d51f415c7b20466648cc519962ecbb,David Lord,David Lord,2020-03-06 21:19:03+00:00,2020-03-06T13:19:03-08:00,apply reorder-python-imports,False,1,test_utils.py,tests/test_utils.py,3,3,6,0,0
488739dfe0d51f415c7b20466648cc519962ecbb,David Lord,David Lord,2020-03-06 21:19:03+00:00,2020-03-06T13:19:03-08:00,apply reorder-python-imports,False,1,test_testing.py,tests/test_testing.py,3,3,6,0,0
488739dfe0d51f415c7b20466648cc519962ecbb,David Lord,David Lord,2020-03-06 21:19:03+00:00,2020-03-06T13:19:03-08:00,apply reorder-python-imports,False,1,test_termui.py,tests/test_termui.py,2,3,5,0,0
488739dfe0d51f415c7b20466648cc519962ecbb,David Lord,David Lord,2020-03-06 21:19:03+00:00,2020-03-06T13:19:03-08:00,apply reorder-python-imports,False,1,test_options.py,tests/test_options.py,3,2,5,0,0
488739dfe0d51f415c7b20466648cc519962ecbb,David Lord,David Lord,2020-03-06 21:19:03+00:00,2020-03-06T13:19:03-08:00,apply reorder-python-imports,False,1,test_imports.py,tests/test_imports.py,1,1,2,0,0
488739dfe0d51f415c7b20466648cc519962ecbb,David Lord,David Lord,2020-03-06 21:19:03+00:00,2020-03-06T13:19:03-08:00,apply reorder-python-imports,False,1,test_compat.py,tests/test_compat.py,4,2,6,0,0
488739dfe0d51f415c7b20466648cc519962ecbb,David Lord,David Lord,2020-03-06 21:19:03+00:00,2020-03-06T13:19:03-08:00,apply reorder-python-imports,False,1,test_commands.py,tests/test_commands.py,0,1,1,0,0
488739dfe0d51f415c7b20466648cc519962ecbb,David Lord,David Lord,2020-03-06 21:19:03+00:00,2020-03-06T13:19:03-08:00,apply reorder-python-imports,False,1,globals.py,src/click/globals.py,0,1,1,0,0
488739dfe0d51f415c7b20466648cc519962ecbb,David Lord,David Lord,2020-03-06 21:19:03+00:00,2020-03-06T13:19:03-08:00,apply reorder-python-imports,False,1,test_chain.py,tests/test_chain.py,3,1,4,0,0
488739dfe0d51f415c7b20466648cc519962ecbb,David Lord,David Lord,2020-03-06 21:19:03+00:00,2020-03-06T13:19:03-08:00,apply reorder-python-imports,False,1,test_bashcomplete.py,tests/test_bashcomplete.py,0,1,1,0,0
488739dfe0d51f415c7b20466648cc519962ecbb,David Lord,David Lord,2020-03-06 21:19:03+00:00,2020-03-06T13:19:03-08:00,apply reorder-python-imports,False,1,conftest.py,tests/conftest.py,2,2,4,0,0
488739dfe0d51f415c7b20466648cc519962ecbb,David Lord,David Lord,2020-03-06 21:19:03+00:00,2020-03-06T13:19:03-08:00,apply reorder-python-imports,False,1,utils.py,src/click/utils.py,19,8,27,0,0
488739dfe0d51f415c7b20466648cc519962ecbb,David Lord,David Lord,2020-03-06 21:19:03+00:00,2020-03-06T13:19:03-08:00,apply reorder-python-imports,False,1,types.py,src/click/types.py,9,3,12,0,0
488739dfe0d51f415c7b20466648cc519962ecbb,David Lord,David Lord,2020-03-06 21:19:03+00:00,2020-03-06T13:19:03-08:00,apply reorder-python-imports,False,1,testing.py,src/click/testing.py,6,5,11,0,0
488739dfe0d51f415c7b20466648cc519962ecbb,David Lord,David Lord,2020-03-06 21:19:03+00:00,2020-03-06T13:19:03-08:00,apply reorder-python-imports,False,1,_winconsole.py,src/click/_winconsole.py,24,8,32,0,0
488739dfe0d51f415c7b20466648cc519962ecbb,David Lord,David Lord,2020-03-06 21:19:03+00:00,2020-03-06T13:19:03-08:00,apply reorder-python-imports,False,1,termui.py,src/click/termui.py,17,9,26,0,0
488739dfe0d51f415c7b20466648cc519962ecbb,David Lord,David Lord,2020-03-06 21:19:03+00:00,2020-03-06T13:19:03-08:00,apply reorder-python-imports,False,1,test_basic.py,tests/test_basic.py,1,0,1,0,0
488739dfe0d51f415c7b20466648cc519962ecbb,David Lord,David Lord,2020-03-06 21:19:03+00:00,2020-03-06T13:19:03-08:00,apply reorder-python-imports,False,1,core.py,src/click/core.py,30,15,45,0,0
93ba3ba112d2f8ba7bdd8b231e510f74dd0b037e,David Lord,David Lord,2020-03-06 21:50:04+00:00,2020-03-06T13:50:04-08:00,apply black,False,1,test_formatting.py,tests/test_formatting.py,133,131,264,0,0
93ba3ba112d2f8ba7bdd8b231e510f74dd0b037e,David Lord,David Lord,2020-03-06 21:50:04+00:00,2020-03-06T13:50:04-08:00,apply black,False,1,test_testing.py,tests/test_testing.py,69,67,136,0,0
93ba3ba112d2f8ba7bdd8b231e510f74dd0b037e,David Lord,David Lord,2020-03-06 21:50:04+00:00,2020-03-06T13:50:04-08:00,apply black,False,1,__init__.py,src/click/__init__.py,1,1,2,0,0
93ba3ba112d2f8ba7bdd8b231e510f74dd0b037e,David Lord,David Lord,2020-03-06 21:50:04+00:00,2020-03-06T13:50:04-08:00,apply black,False,1,setup.py,setup.py,1,1,2,0,0
93ba3ba112d2f8ba7bdd8b231e510f74dd0b037e,David Lord,David Lord,2020-03-06 21:50:04+00:00,2020-03-06T13:50:04-08:00,apply black,False,1,validation.py,examples/validation/validation.py,22,15,37,0,0
93ba3ba112d2f8ba7bdd8b231e510f74dd0b037e,David Lord,David Lord,2020-03-06 21:50:04+00:00,2020-03-06T13:50:04-08:00,apply black,False,1,setup.py,examples/validation/setup.py,6,8,14,0,0
93ba3ba112d2f8ba7bdd8b231e510f74dd0b037e,David Lord,David Lord,2020-03-06 21:50:04+00:00,2020-03-06T13:50:04-08:00,apply black,False,1,termui.py,examples/termui/termui.py,68,50,118,0,0
93ba3ba112d2f8ba7bdd8b231e510f74dd0b037e,David Lord,David Lord,2020-03-06 21:50:04+00:00,2020-03-06T13:50:04-08:00,apply black,False,1,setup.py,examples/termui/setup.py,7,7,14,0,0
93ba3ba112d2f8ba7bdd8b231e510f74dd0b037e,David Lord,David Lord,2020-03-06 21:50:04+00:00,2020-03-06T13:50:04-08:00,apply black,False,1,setup.py,examples/repo/setup.py,6,8,14,0,0
93ba3ba112d2f8ba7bdd8b231e510f74dd0b037e,David Lord,David Lord,2020-03-06 21:50:04+00:00,2020-03-06T13:50:04-08:00,apply black,False,1,repo.py,examples/repo/repo.py,65,50,115,0,0
93ba3ba112d2f8ba7bdd8b231e510f74dd0b037e,David Lord,David Lord,2020-03-06 21:50:04+00:00,2020-03-06T13:50:04-08:00,apply black,False,1,setup.py,examples/naval/setup.py,6,8,14,0,0
93ba3ba112d2f8ba7bdd8b231e510f74dd0b037e,David Lord,David Lord,2020-03-06 21:50:04+00:00,2020-03-06T13:50:04-08:00,apply black,False,1,naval.py,examples/naval/naval.py,31,29,60,0,0
93ba3ba112d2f8ba7bdd8b231e510f74dd0b037e,David Lord,David Lord,2020-03-06 21:50:04+00:00,2020-03-06T13:50:04-08:00,apply black,False,1,setup.py,examples/inout/setup.py,6,8,14,0,0
93ba3ba112d2f8ba7bdd8b231e510f74dd0b037e,David Lord,David Lord,2020-03-06 21:50:04+00:00,2020-03-06T13:50:04-08:00,apply black,False,1,inout.py,examples/inout/inout.py,2,2,4,0,0
93ba3ba112d2f8ba7bdd8b231e510f74dd0b037e,David Lord,David Lord,2020-03-06 21:50:04+00:00,2020-03-06T13:50:04-08:00,apply black,False,1,setup.py,examples/imagepipe/setup.py,6,9,15,0,0
93ba3ba112d2f8ba7bdd8b231e510f74dd0b037e,David Lord,David Lord,2020-03-06 21:50:04+00:00,2020-03-06T13:50:04-08:00,apply black,False,1,imagepipe.py,examples/imagepipe/imagepipe.py,70,49,119,0,0
93ba3ba112d2f8ba7bdd8b231e510f74dd0b037e,David Lord,David Lord,2020-03-06 21:50:04+00:00,2020-03-06T13:50:04-08:00,apply black,False,1,setup.py,examples/complex/setup.py,6,8,14,0,0
93ba3ba112d2f8ba7bdd8b231e510f74dd0b037e,David Lord,David Lord,2020-03-06 21:50:04+00:00,2020-03-06T13:50:04-08:00,apply black,False,1,cmd_status.py,examples/complex/complex/commands/cmd_status.py,3,3,6,0,0
93ba3ba112d2f8ba7bdd8b231e510f74dd0b037e,David Lord,David Lord,2020-03-06 21:50:04+00:00,2020-03-06T13:50:04-08:00,apply black,False,1,cmd_init.py,examples/complex/complex/commands/cmd_init.py,3,4,7,0,0
93ba3ba112d2f8ba7bdd8b231e510f74dd0b037e,David Lord,David Lord,2020-03-06 21:50:04+00:00,2020-03-06T13:50:04-08:00,apply black,False,1,cli.py,examples/complex/complex/cli.py,11,15,26,0,0
93ba3ba112d2f8ba7bdd8b231e510f74dd0b037e,David Lord,David Lord,2020-03-06 21:50:04+00:00,2020-03-06T13:50:04-08:00,apply black,False,1,setup.py,examples/colors/setup.py,7,7,14,0,0
93ba3ba112d2f8ba7bdd8b231e510f74dd0b037e,David Lord,David Lord,2020-03-06 21:50:04+00:00,2020-03-06T13:50:04-08:00,apply black,False,1,colors.py,examples/colors/colors.py,25,11,36,0,0
93ba3ba112d2f8ba7bdd8b231e510f74dd0b037e,David Lord,David Lord,2020-03-06 21:50:04+00:00,2020-03-06T13:50:04-08:00,apply black,False,1,setup.py,examples/bashcompletion/setup.py,6,8,14,0,0
93ba3ba112d2f8ba7bdd8b231e510f74dd0b037e,David Lord,David Lord,2020-03-06 21:50:04+00:00,2020-03-06T13:50:04-08:00,apply black,False,1,bashcompletion.py,examples/bashcompletion/bashcompletion.py,7,9,16,0,0
93ba3ba112d2f8ba7bdd8b231e510f74dd0b037e,David Lord,David Lord,2020-03-06 21:50:04+00:00,2020-03-06T13:50:04-08:00,apply black,False,1,setup.py,examples/aliases/setup.py,6,8,14,0,0
93ba3ba112d2f8ba7bdd8b231e510f74dd0b037e,David Lord,David Lord,2020-03-06 21:50:04+00:00,2020-03-06T13:50:04-08:00,apply black,False,1,aliases.py,examples/aliases/aliases.py,26,20,46,0,0
93ba3ba112d2f8ba7bdd8b231e510f74dd0b037e,David Lord,David Lord,2020-03-06 21:50:04+00:00,2020-03-06T13:50:04-08:00,apply black,False,1,conf.py,docs/conf.py,1,3,4,0,0
93ba3ba112d2f8ba7bdd8b231e510f74dd0b037e,David Lord,David Lord,2020-03-06 21:50:04+00:00,2020-03-06T13:50:04-08:00,apply black,False,1,_bashcomplete.py,src/click/_bashcomplete.py,72,43,115,0,0
93ba3ba112d2f8ba7bdd8b231e510f74dd0b037e,David Lord,David Lord,2020-03-06 21:50:04+00:00,2020-03-06T13:50:04-08:00,apply black,False,1,_compat.py,src/click/_compat.py,121,103,224,0,0
93ba3ba112d2f8ba7bdd8b231e510f74dd0b037e,David Lord,David Lord,2020-03-06 21:50:04+00:00,2020-03-06T13:50:04-08:00,apply black,False,1,test_utils.py,tests/test_utils.py,139,142,281,0,0
93ba3ba112d2f8ba7bdd8b231e510f74dd0b037e,David Lord,David Lord,2020-03-06 21:50:04+00:00,2020-03-06T13:50:04-08:00,apply black,False,1,_textwrap.py,src/click/_textwrap.py,1,2,3,0,0
93ba3ba112d2f8ba7bdd8b231e510f74dd0b037e,David Lord,David Lord,2020-03-06 21:50:04+00:00,2020-03-06T13:50:04-08:00,apply black,False,1,_termui_impl.py,src/click/_termui_impl.py,108,88,196,0,0
93ba3ba112d2f8ba7bdd8b231e510f74dd0b037e,David Lord,David Lord,2020-03-06 21:50:04+00:00,2020-03-06T13:50:04-08:00,apply black,False,1,test_termui.py,tests/test_termui.py,115,94,209,0,0
93ba3ba112d2f8ba7bdd8b231e510f74dd0b037e,David Lord,David Lord,2020-03-06 21:50:04+00:00,2020-03-06T13:50:04-08:00,apply black,False,1,test_options.py,tests/test_options.py,213,199,412,0,0
93ba3ba112d2f8ba7bdd8b231e510f74dd0b037e,David Lord,David Lord,2020-03-06 21:50:04+00:00,2020-03-06T13:50:04-08:00,apply black,False,1,test_normalization.py,tests/test_normalization.py,10,10,20,0,0
93ba3ba112d2f8ba7bdd8b231e510f74dd0b037e,David Lord,David Lord,2020-03-06 21:50:04+00:00,2020-03-06T13:50:04-08:00,apply black,False,1,test_imports.py,tests/test_imports.py,32,13,45,0,0
93ba3ba112d2f8ba7bdd8b231e510f74dd0b037e,David Lord,David Lord,2020-03-06 21:50:04+00:00,2020-03-06T13:50:04-08:00,apply black,False,1,test_defaults.py,tests/test_defaults.py,12,12,24,0,0
93ba3ba112d2f8ba7bdd8b231e510f74dd0b037e,David Lord,David Lord,2020-03-06 21:50:04+00:00,2020-03-06T13:50:04-08:00,apply black,False,1,test_context.py,tests/test_context.py,39,34,73,0,0
93ba3ba112d2f8ba7bdd8b231e510f74dd0b037e,David Lord,David Lord,2020-03-06 21:50:04+00:00,2020-03-06T13:50:04-08:00,apply black,False,1,test_commands.py,tests/test_commands.py,88,80,168,0,0
93ba3ba112d2f8ba7bdd8b231e510f74dd0b037e,David Lord,David Lord,2020-03-06 21:50:04+00:00,2020-03-06T13:50:04-08:00,apply black,False,1,test_chain.py,tests/test_chain.py,78,75,153,0,0
93ba3ba112d2f8ba7bdd8b231e510f74dd0b037e,David Lord,David Lord,2020-03-06 21:50:04+00:00,2020-03-06T13:50:04-08:00,apply black,False,1,test_basic.py,tests/test_basic.py,217,207,424,0,0
93ba3ba112d2f8ba7bdd8b231e510f74dd0b037e,David Lord,David Lord,2020-03-06 21:50:04+00:00,2020-03-06T13:50:04-08:00,apply black,False,1,test_bashcomplete.py,tests/test_bashcomplete.py,241,176,417,0,0
93ba3ba112d2f8ba7bdd8b231e510f74dd0b037e,David Lord,David Lord,2020-03-06 21:50:04+00:00,2020-03-06T13:50:04-08:00,apply black,False,1,test_arguments.py,tests/test_arguments.py,115,106,221,0,0
93ba3ba112d2f8ba7bdd8b231e510f74dd0b037e,David Lord,David Lord,2020-03-06 21:50:04+00:00,2020-03-06T13:50:04-08:00,apply black,False,1,test_compat.py,tests/test_compat.py,13,11,24,0,0
93ba3ba112d2f8ba7bdd8b231e510f74dd0b037e,David Lord,David Lord,2020-03-06 21:50:04+00:00,2020-03-06T13:50:04-08:00,apply black,False,1,utils.py,src/click/utils.py,40,36,76,0,0
93ba3ba112d2f8ba7bdd8b231e510f74dd0b037e,David Lord,David Lord,2020-03-06 21:50:04+00:00,2020-03-06T13:50:04-08:00,apply black,False,1,conftest.py,tests/conftest.py,1,1,2,0,1
93ba3ba112d2f8ba7bdd8b231e510f74dd0b037e,David Lord,David Lord,2020-03-06 21:50:04+00:00,2020-03-06T13:50:04-08:00,apply black,False,1,_winconsole.py,src/click/_winconsole.py,76,54,130,0,0
93ba3ba112d2f8ba7bdd8b231e510f74dd0b037e,David Lord,David Lord,2020-03-06 21:50:04+00:00,2020-03-06T13:50:04-08:00,apply black,False,1,core.py,src/click/core.py,324,197,521,0,0
93ba3ba112d2f8ba7bdd8b231e510f74dd0b037e,David Lord,David Lord,2020-03-06 21:50:04+00:00,2020-03-06T13:50:04-08:00,apply black,False,1,decorators.py,src/click/decorators.py,72,49,121,0,0
93ba3ba112d2f8ba7bdd8b231e510f74dd0b037e,David Lord,David Lord,2020-03-06 21:50:04+00:00,2020-03-06T13:50:04-08:00,apply black,False,1,exceptions.py,src/click/exceptions.py,32,30,62,0,0
93ba3ba112d2f8ba7bdd8b231e510f74dd0b037e,David Lord,David Lord,2020-03-06 21:50:04+00:00,2020-03-06T13:50:04-08:00,apply black,False,1,formatting.py,src/click/formatting.py,60,43,103,0,0
93ba3ba112d2f8ba7bdd8b231e510f74dd0b037e,David Lord,David Lord,2020-03-06 21:50:04+00:00,2020-03-06T13:50:04-08:00,apply black,False,1,_unicodefun.py,src/click/_unicodefun.py,51,42,93,0,0
93ba3ba112d2f8ba7bdd8b231e510f74dd0b037e,David Lord,David Lord,2020-03-06 21:50:04+00:00,2020-03-06T13:50:04-08:00,apply black,False,1,parser.py,src/click/parser.py,36,40,76,0,0
93ba3ba112d2f8ba7bdd8b231e510f74dd0b037e,David Lord,David Lord,2020-03-06 21:50:04+00:00,2020-03-06T13:50:04-08:00,apply black,False,1,termui.py,src/click/termui.py,129,77,206,0,0
93ba3ba112d2f8ba7bdd8b231e510f74dd0b037e,David Lord,David Lord,2020-03-06 21:50:04+00:00,2020-03-06T13:50:04-08:00,apply black,False,1,testing.py,src/click/testing.py,44,36,80,0,0
93ba3ba112d2f8ba7bdd8b231e510f74dd0b037e,David Lord,David Lord,2020-03-06 21:50:04+00:00,2020-03-06T13:50:04-08:00,apply black,False,1,types.py,src/click/types.py,168,110,278,0,0
93ba3ba112d2f8ba7bdd8b231e510f74dd0b037e,David Lord,David Lord,2020-03-06 21:50:04+00:00,2020-03-06T13:50:04-08:00,apply black,False,1,globals.py,src/click/globals.py,3,3,6,0,0
5f75f9ec38ccf2ddac4e6b92cc07fec6d9b1b7e0,David Lord,David Lord,2020-03-06 22:38:03+00:00,2020-03-06T14:38:03-08:00,apply flake8,False,1,_compat.py,src/click/_compat.py,1,0,1,0,0
5f75f9ec38ccf2ddac4e6b92cc07fec6d9b1b7e0,David Lord,David Lord,2020-03-06 22:38:03+00:00,2020-03-06T14:38:03-08:00,apply flake8,False,1,_bashcomplete.py,src/click/_bashcomplete.py,26,16,42,0,0
5f75f9ec38ccf2ddac4e6b92cc07fec6d9b1b7e0,David Lord,David Lord,2020-03-06 22:38:03+00:00,2020-03-06T14:38:03-08:00,apply flake8,False,1,setup.py,examples/validation/setup.py,1,1,2,0,0
5f75f9ec38ccf2ddac4e6b92cc07fec6d9b1b7e0,David Lord,David Lord,2020-03-06 22:38:03+00:00,2020-03-06T14:38:03-08:00,apply flake8,False,1,setup.py,examples/repo/setup.py,1,1,2,0,0
5f75f9ec38ccf2ddac4e6b92cc07fec6d9b1b7e0,David Lord,David Lord,2020-03-06 22:38:03+00:00,2020-03-06T14:38:03-08:00,apply flake8,False,1,setup.py,examples/naval/setup.py,1,1,2,0,0
5f75f9ec38ccf2ddac4e6b92cc07fec6d9b1b7e0,David Lord,David Lord,2020-03-06 22:38:03+00:00,2020-03-06T14:38:03-08:00,apply flake8,False,1,setup.py,examples/complex/setup.py,1,1,2,0,0
5f75f9ec38ccf2ddac4e6b92cc07fec6d9b1b7e0,David Lord,David Lord,2020-03-06 22:38:03+00:00,2020-03-06T14:38:03-08:00,apply flake8,False,1,setup.py,examples/imagepipe/setup.py,1,1,2,0,0
5f75f9ec38ccf2ddac4e6b92cc07fec6d9b1b7e0,David Lord,David Lord,2020-03-06 22:38:03+00:00,2020-03-06T14:38:03-08:00,apply flake8,False,1,setup.py,examples/bashcompletion/setup.py,1,1,2,0,0
5f75f9ec38ccf2ddac4e6b92cc07fec6d9b1b7e0,David Lord,David Lord,2020-03-06 22:38:03+00:00,2020-03-06T14:38:03-08:00,apply flake8,False,1,bashcompletion.py,examples/bashcompletion/bashcompletion.py,2,1,3,0,0
5f75f9ec38ccf2ddac4e6b92cc07fec6d9b1b7e0,David Lord,David Lord,2020-03-06 22:38:03+00:00,2020-03-06T14:38:03-08:00,apply flake8,False,1,setup.py,examples/aliases/setup.py,1,1,2,0,0
5f75f9ec38ccf2ddac4e6b92cc07fec6d9b1b7e0,David Lord,David Lord,2020-03-06 22:38:03+00:00,2020-03-06T14:38:03-08:00,apply flake8,False,1,setup.py,examples/inout/setup.py,1,1,2,0,0
5f75f9ec38ccf2ddac4e6b92cc07fec6d9b1b7e0,David Lord,David Lord,2020-03-06 22:38:03+00:00,2020-03-06T14:38:03-08:00,apply flake8,False,1,core.py,src/click/core.py,8,10,18,0,0
5f75f9ec38ccf2ddac4e6b92cc07fec6d9b1b7e0,David Lord,David Lord,2020-03-06 22:38:03+00:00,2020-03-06T14:38:03-08:00,apply flake8,False,1,imagepipe.py,examples/imagepipe/imagepipe.py,1,1,2,0,0
5f75f9ec38ccf2ddac4e6b92cc07fec6d9b1b7e0,David Lord,David Lord,2020-03-06 22:38:03+00:00,2020-03-06T14:38:03-08:00,apply flake8,False,1,exceptions.py,src/click/exceptions.py,2,0,2,0,0
5f75f9ec38ccf2ddac4e6b92cc07fec6d9b1b7e0,David Lord,David Lord,2020-03-06 22:38:03+00:00,2020-03-06T14:38:03-08:00,apply flake8,False,1,globals.py,src/click/globals.py,1,1,2,0,0
5f75f9ec38ccf2ddac4e6b92cc07fec6d9b1b7e0,David Lord,David Lord,2020-03-06 22:38:03+00:00,2020-03-06T14:38:03-08:00,apply flake8,False,1,termui.py,src/click/termui.py,1,1,2,0,0
5f75f9ec38ccf2ddac4e6b92cc07fec6d9b1b7e0,David Lord,David Lord,2020-03-06 22:38:03+00:00,2020-03-06T14:38:03-08:00,apply flake8,False,1,testing.py,src/click/testing.py,1,1,2,0,0
5f75f9ec38ccf2ddac4e6b92cc07fec6d9b1b7e0,David Lord,David Lord,2020-03-06 22:38:03+00:00,2020-03-06T14:38:03-08:00,apply flake8,False,1,types.py,src/click/types.py,4,4,8,0,0
5f75f9ec38ccf2ddac4e6b92cc07fec6d9b1b7e0,David Lord,David Lord,2020-03-06 22:38:03+00:00,2020-03-06T14:38:03-08:00,apply flake8,False,1,utils.py,src/click/utils.py,1,1,2,0,0
5f75f9ec38ccf2ddac4e6b92cc07fec6d9b1b7e0,David Lord,David Lord,2020-03-06 22:38:03+00:00,2020-03-06T14:38:03-08:00,apply flake8,False,1,test_arguments.py,tests/test_arguments.py,1,6,7,0,0
5f75f9ec38ccf2ddac4e6b92cc07fec6d9b1b7e0,David Lord,David Lord,2020-03-06 22:38:03+00:00,2020-03-06T14:38:03-08:00,apply flake8,False,1,decorators.py,src/click/decorators.py,6,6,12,0,0
5f75f9ec38ccf2ddac4e6b92cc07fec6d9b1b7e0,David Lord,David Lord,2020-03-06 22:38:03+00:00,2020-03-06T14:38:03-08:00,apply flake8,False,1,test_basic.py,tests/test_basic.py,1,1,2,0,0
5f75f9ec38ccf2ddac4e6b92cc07fec6d9b1b7e0,David Lord,David Lord,2020-03-06 22:38:03+00:00,2020-03-06T14:38:03-08:00,apply flake8,False,1,test_commands.py,tests/test_commands.py,3,2,5,0,0
5f75f9ec38ccf2ddac4e6b92cc07fec6d9b1b7e0,David Lord,David Lord,2020-03-06 22:38:03+00:00,2020-03-06T14:38:03-08:00,apply flake8,False,1,test_options.py,tests/test_options.py,3,13,16,0,0
5f75f9ec38ccf2ddac4e6b92cc07fec6d9b1b7e0,David Lord,David Lord,2020-03-06 22:38:03+00:00,2020-03-06T14:38:03-08:00,apply flake8,False,1,test_termui.py,tests/test_termui.py,16,23,39,0,0
5f75f9ec38ccf2ddac4e6b92cc07fec6d9b1b7e0,David Lord,David Lord,2020-03-06 22:38:03+00:00,2020-03-06T14:38:03-08:00,apply flake8,False,1,test_utils.py,tests/test_utils.py,2,3,5,0,0
a1de45c1aa4bd87c6516755de61b7ca52e135462,David Lord,David Lord,2020-03-06 22:42:50+00:00,2020-03-06T14:42:50-08:00,more relative imports,False,1,testing.py,src/click/testing.py,18,21,39,0,0
a1de45c1aa4bd87c6516755de61b7ca52e135462,David Lord,David Lord,2020-03-06 22:42:50+00:00,2020-03-06T14:42:50-08:00,more relative imports,False,1,_unicodefun.py,src/click/_unicodefun.py,4,7,11,0,0
8fe37afda8a3fe34f87c9936e72bcd02c0eb77af,David Lord,David Lord,2020-03-06 22:49:46+00:00,2020-03-06T14:49:46-08:00,apply formatting,False,1,test_termui.py,tests/test_termui.py,1,5,6,0,0
8fe37afda8a3fe34f87c9936e72bcd02c0eb77af,David Lord,David Lord,2020-03-06 22:49:46+00:00,2020-03-06T14:49:46-08:00,apply formatting,False,1,core.py,src/click/core.py,2,6,8,0,0
8fe37afda8a3fe34f87c9936e72bcd02c0eb77af,David Lord,David Lord,2020-03-06 22:49:46+00:00,2020-03-06T14:49:46-08:00,apply formatting,False,1,_compat.py,src/click/_compat.py,1,3,4,0,0
f8f02bfc63cb6e63b7a3373384758f7226553408,David Lord,David Lord,2020-03-08 15:29:54+00:00,2020-03-08T08:29:54-07:00,apply pyupgrade,False,1,aliases.py,examples/aliases/aliases.py,1,1,2,0,0
f8f02bfc63cb6e63b7a3373384758f7226553408,David Lord,David Lord,2020-03-08 15:29:54+00:00,2020-03-08T08:29:54-07:00,apply pyupgrade,False,1,imagepipe.py,examples/imagepipe/imagepipe.py,8,6,14,0,0
f8f02bfc63cb6e63b7a3373384758f7226553408,David Lord,David Lord,2020-03-08 15:29:54+00:00,2020-03-08T08:29:54-07:00,apply pyupgrade,False,1,naval.py,examples/naval/naval.py,4,4,8,0,0
f8f02bfc63cb6e63b7a3373384758f7226553408,David Lord,David Lord,2020-03-08 15:29:54+00:00,2020-03-08T08:29:54-07:00,apply pyupgrade,False,1,repo.py,examples/repo/repo.py,4,4,8,0,0
f8f02bfc63cb6e63b7a3373384758f7226553408,David Lord,David Lord,2020-03-08 15:29:54+00:00,2020-03-08T08:29:54-07:00,apply pyupgrade,False,1,_termui_impl.py,src/click/_termui_impl.py,7,7,14,0,0
f8f02bfc63cb6e63b7a3373384758f7226553408,David Lord,David Lord,2020-03-08 15:29:54+00:00,2020-03-08T08:29:54-07:00,apply pyupgrade,False,1,_bashcomplete.py,src/click/_bashcomplete.py,1,1,2,0,0
f8f02bfc63cb6e63b7a3373384758f7226553408,David Lord,David Lord,2020-03-08 15:29:54+00:00,2020-03-08T08:29:54-07:00,apply pyupgrade,False,1,_compat.py,src/click/_compat.py,1,1,2,0,0
f8f02bfc63cb6e63b7a3373384758f7226553408,David Lord,David Lord,2020-03-08 15:29:54+00:00,2020-03-08T08:29:54-07:00,apply pyupgrade,False,1,_winconsole.py,src/click/_winconsole.py,3,1,4,0,0
f8f02bfc63cb6e63b7a3373384758f7226553408,David Lord,David Lord,2020-03-08 15:29:54+00:00,2020-03-08T08:29:54-07:00,apply pyupgrade,False,1,types.py,src/click/types.py,18,8,26,0,0
f8f02bfc63cb6e63b7a3373384758f7226553408,David Lord,David Lord,2020-03-08 15:29:54+00:00,2020-03-08T08:29:54-07:00,apply pyupgrade,False,1,exceptions.py,src/click/exceptions.py,5,6,11,0,0
f8f02bfc63cb6e63b7a3373384758f7226553408,David Lord,David Lord,2020-03-08 15:29:54+00:00,2020-03-08T08:29:54-07:00,apply pyupgrade,False,1,parser.py,src/click/parser.py,1,1,2,0,0
f8f02bfc63cb6e63b7a3373384758f7226553408,David Lord,David Lord,2020-03-08 15:29:54+00:00,2020-03-08T08:29:54-07:00,apply pyupgrade,False,1,termui.py,src/click/termui.py,1,1,2,0,0
f8f02bfc63cb6e63b7a3373384758f7226553408,David Lord,David Lord,2020-03-08 15:29:54+00:00,2020-03-08T08:29:54-07:00,apply pyupgrade,False,1,testing.py,src/click/testing.py,2,3,5,0,0
f8f02bfc63cb6e63b7a3373384758f7226553408,David Lord,David Lord,2020-03-08 15:29:54+00:00,2020-03-08T08:29:54-07:00,apply pyupgrade,False,1,utils.py,src/click/utils.py,1,1,2,0,0
f8f02bfc63cb6e63b7a3373384758f7226553408,David Lord,David Lord,2020-03-08 15:29:54+00:00,2020-03-08T08:29:54-07:00,apply pyupgrade,False,1,test_imports.py,tests/test_imports.py,22,24,46,0,0
f8f02bfc63cb6e63b7a3373384758f7226553408,David Lord,David Lord,2020-03-08 15:29:54+00:00,2020-03-08T08:29:54-07:00,apply pyupgrade,False,1,test_options.py,tests/test_options.py,2,2,4,0,0
f8f02bfc63cb6e63b7a3373384758f7226553408,David Lord,David Lord,2020-03-08 15:29:54+00:00,2020-03-08T08:29:54-07:00,apply pyupgrade,False,1,test_termui.py,tests/test_termui.py,1,1,2,0,0
f8f02bfc63cb6e63b7a3373384758f7226553408,David Lord,David Lord,2020-03-08 15:29:54+00:00,2020-03-08T08:29:54-07:00,apply pyupgrade,False,1,core.py,src/click/core.py,7,8,15,0,0
718485be48263056e7036ea9a60ce11b47e2fc26,David Lord,David Lord,2020-03-08 15:57:08+00:00,2020-03-08T08:57:08-07:00,manual cleanup,False,1,_winconsole.py,src/click/_winconsole.py,2,2,4,0,0
718485be48263056e7036ea9a60ce11b47e2fc26,David Lord,David Lord,2020-03-08 15:57:08+00:00,2020-03-08T08:57:08-07:00,manual cleanup,False,1,_termui_impl.py,src/click/_termui_impl.py,11,9,20,0,0
718485be48263056e7036ea9a60ce11b47e2fc26,David Lord,David Lord,2020-03-08 15:57:08+00:00,2020-03-08T08:57:08-07:00,manual cleanup,False,1,_compat.py,src/click/_compat.py,5,5,10,0,0
718485be48263056e7036ea9a60ce11b47e2fc26,David Lord,David Lord,2020-03-08 15:57:08+00:00,2020-03-08T08:57:08-07:00,manual cleanup,False,1,_bashcomplete.py,src/click/_bashcomplete.py,1,1,2,0,1
718485be48263056e7036ea9a60ce11b47e2fc26,David Lord,David Lord,2020-03-08 15:57:08+00:00,2020-03-08T08:57:08-07:00,manual cleanup,False,1,validation.py,examples/validation/validation.py,5,5,10,0,0
718485be48263056e7036ea9a60ce11b47e2fc26,David Lord,David Lord,2020-03-08 15:57:08+00:00,2020-03-08T08:57:08-07:00,manual cleanup,False,1,termui.py,examples/termui/termui.py,6,6,12,0,0
718485be48263056e7036ea9a60ce11b47e2fc26,David Lord,David Lord,2020-03-08 15:57:08+00:00,2020-03-08T08:57:08-07:00,manual cleanup,False,1,cli.py,examples/complex/complex/cli.py,3,1,4,0,0
718485be48263056e7036ea9a60ce11b47e2fc26,David Lord,David Lord,2020-03-08 15:57:08+00:00,2020-03-08T08:57:08-07:00,manual cleanup,False,1,naval.py,examples/naval/naval.py,1,1,2,0,0
718485be48263056e7036ea9a60ce11b47e2fc26,David Lord,David Lord,2020-03-08 15:57:08+00:00,2020-03-08T08:57:08-07:00,manual cleanup,False,1,imagepipe.py,examples/imagepipe/imagepipe.py,21,20,41,0,0
718485be48263056e7036ea9a60ce11b47e2fc26,David Lord,David Lord,2020-03-08 15:57:08+00:00,2020-03-08T08:57:08-07:00,manual cleanup,False,1,core.py,src/click/core.py,49,52,101,0,0
718485be48263056e7036ea9a60ce11b47e2fc26,David Lord,David Lord,2020-03-08 15:57:08+00:00,2020-03-08T08:57:08-07:00,manual cleanup,False,1,colors.py,examples/colors/colors.py,5,3,8,0,0
718485be48263056e7036ea9a60ce11b47e2fc26,David Lord,David Lord,2020-03-08 15:57:08+00:00,2020-03-08T08:57:08-07:00,manual cleanup,False,1,bashcompletion.py,examples/bashcompletion/bashcompletion.py,3,3,6,0,0
718485be48263056e7036ea9a60ce11b47e2fc26,David Lord,David Lord,2020-03-08 15:57:08+00:00,2020-03-08T08:57:08-07:00,manual cleanup,False,1,aliases.py,examples/aliases/aliases.py,3,3,6,0,0
718485be48263056e7036ea9a60ce11b47e2fc26,David Lord,David Lord,2020-03-08 15:57:08+00:00,2020-03-08T08:57:08-07:00,manual cleanup,False,1,repo.py,examples/repo/repo.py,7,7,14,0,0
718485be48263056e7036ea9a60ce11b47e2fc26,David Lord,David Lord,2020-03-08 15:57:08+00:00,2020-03-08T08:57:08-07:00,manual cleanup,False,1,decorators.py,src/click/decorators.py,2,2,4,0,0
718485be48263056e7036ea9a60ce11b47e2fc26,David Lord,David Lord,2020-03-08 15:57:08+00:00,2020-03-08T08:57:08-07:00,manual cleanup,False,1,_unicodefun.py,src/click/_unicodefun.py,24,23,47,0,0
718485be48263056e7036ea9a60ce11b47e2fc26,David Lord,David Lord,2020-03-08 15:57:08+00:00,2020-03-08T08:57:08-07:00,manual cleanup,False,1,formatting.py,src/click/formatting.py,9,5,14,0,0
718485be48263056e7036ea9a60ce11b47e2fc26,David Lord,David Lord,2020-03-08 15:57:08+00:00,2020-03-08T08:57:08-07:00,manual cleanup,False,1,exceptions.py,src/click/exceptions.py,14,14,28,0,0
718485be48263056e7036ea9a60ce11b47e2fc26,David Lord,David Lord,2020-03-08 15:57:08+00:00,2020-03-08T08:57:08-07:00,manual cleanup,False,1,test_testing.py,tests/test_testing.py,4,4,8,0,0
718485be48263056e7036ea9a60ce11b47e2fc26,David Lord,David Lord,2020-03-08 15:57:08+00:00,2020-03-08T08:57:08-07:00,manual cleanup,False,1,test_options.py,tests/test_options.py,9,12,21,0,0
718485be48263056e7036ea9a60ce11b47e2fc26,David Lord,David Lord,2020-03-08 15:57:08+00:00,2020-03-08T08:57:08-07:00,manual cleanup,False,1,test_formatting.py,tests/test_formatting.py,15,15,30,0,0
718485be48263056e7036ea9a60ce11b47e2fc26,David Lord,David Lord,2020-03-08 15:57:08+00:00,2020-03-08T08:57:08-07:00,manual cleanup,False,1,test_defaults.py,tests/test_defaults.py,4,10,14,0,0
718485be48263056e7036ea9a60ce11b47e2fc26,David Lord,David Lord,2020-03-08 15:57:08+00:00,2020-03-08T08:57:08-07:00,manual cleanup,False,1,test_context.py,tests/test_context.py,3,3,6,0,0
718485be48263056e7036ea9a60ce11b47e2fc26,David Lord,David Lord,2020-03-08 15:57:08+00:00,2020-03-08T08:57:08-07:00,manual cleanup,False,1,test_chain.py,tests/test_chain.py,16,43,59,0,0
718485be48263056e7036ea9a60ce11b47e2fc26,David Lord,David Lord,2020-03-08 15:57:08+00:00,2020-03-08T08:57:08-07:00,manual cleanup,False,1,test_utils.py,tests/test_utils.py,4,4,8,0,1
718485be48263056e7036ea9a60ce11b47e2fc26,David Lord,David Lord,2020-03-08 15:57:08+00:00,2020-03-08T08:57:08-07:00,manual cleanup,False,1,test_commands.py,tests/test_commands.py,5,5,10,0,0
718485be48263056e7036ea9a60ce11b47e2fc26,David Lord,David Lord,2020-03-08 15:57:08+00:00,2020-03-08T08:57:08-07:00,manual cleanup,False,1,test_arguments.py,tests/test_arguments.py,18,38,56,0,0
718485be48263056e7036ea9a60ce11b47e2fc26,David Lord,David Lord,2020-03-08 15:57:08+00:00,2020-03-08T08:57:08-07:00,manual cleanup,False,1,utils.py,src/click/utils.py,6,6,12,0,0
718485be48263056e7036ea9a60ce11b47e2fc26,David Lord,David Lord,2020-03-08 15:57:08+00:00,2020-03-08T08:57:08-07:00,manual cleanup,False,1,types.py,src/click/types.py,41,32,73,0,0
718485be48263056e7036ea9a60ce11b47e2fc26,David Lord,David Lord,2020-03-08 15:57:08+00:00,2020-03-08T08:57:08-07:00,manual cleanup,False,1,testing.py,src/click/testing.py,3,3,6,0,0
718485be48263056e7036ea9a60ce11b47e2fc26,David Lord,David Lord,2020-03-08 15:57:08+00:00,2020-03-08T08:57:08-07:00,manual cleanup,False,1,termui.py,src/click/termui.py,13,13,26,0,1
718485be48263056e7036ea9a60ce11b47e2fc26,David Lord,David Lord,2020-03-08 15:57:08+00:00,2020-03-08T08:57:08-07:00,manual cleanup,False,1,parser.py,src/click/parser.py,7,7,14,0,0
718485be48263056e7036ea9a60ce11b47e2fc26,David Lord,David Lord,2020-03-08 15:57:08+00:00,2020-03-08T08:57:08-07:00,manual cleanup,False,1,test_basic.py,tests/test_basic.py,25,30,55,0,0
f605f9576b69dd185dfbaae18dbc27a0b7f9ded5,David Lord,David Lord,2020-03-09 14:39:08+00:00,2020-03-09T07:39:08-07:00,deprecate old param callback style,False,1,test_compat.py,tests/test_compat.py,1,1,2,0,0
f605f9576b69dd185dfbaae18dbc27a0b7f9ded5,David Lord,David Lord,2020-03-09 14:39:08+00:00,2020-03-09T07:39:08-07:00,deprecate old param callback style,False,1,core.py,src/click/core.py,5,8,13,0,0
18d6551b01fae57046520d8cc2a019ac0102e074,David Lord,David Lord,2020-03-09 14:39:08+00:00,2020-03-09T07:45:54-07:00,deprecate old param callback style,False,1,test_compat.py,tests/test_compat.py,1,1,2,0,0
18d6551b01fae57046520d8cc2a019ac0102e074,David Lord,David Lord,2020-03-09 14:39:08+00:00,2020-03-09T07:45:54-07:00,deprecate old param callback style,False,1,core.py,src/click/core.py,5,8,13,0,0
913ddf258dc973b79450f32169678f78770e1114,David Lord,David Lord,2020-03-09 15:08:55+00:00,2020-03-09T08:08:55-07:00,release version 7.1,False,1,__init__.py,src/click/__init__.py,1,1,2,0,0
1e054e0c8713ed83716a2037bdb17125bb734b33,David Lord,David Lord,2020-03-09 15:19:22+00:00,2020-03-09T08:19:22-07:00,start version 8.0,False,1,__init__.py,src/click/__init__.py,1,1,2,0,0
0dbffb30c7a9165758bdd6753d3506aaea106dea,David Lord,David Lord,2020-03-09 18:34:23+00:00,2020-03-09T11:34:23-07:00,ClickException goes to stderr,False,1,exceptions.py,src/click/exceptions.py,1,1,2,0,0
ef1dd690b5eaa4def8baef487fb37e5f0e144ec2,David Lord,David Lord,2020-03-09 18:47:52+00:00,2020-03-09T11:47:52-07:00,release version 7.1.1,False,1,__init__.py,src/click/__init__.py,1,1,2,0,0
7d7809fcd0940c9a272b5aaeba3ec96bc8b682c1,Jethro Cao,David Lord,2020-03-11 05:58:08+00:00,2020-08-13T23:17:27-07:00,CliRunner isolation streams have name and mode,False,1,test_testing.py,tests/test_testing.py,11,0,11,0,0
7d7809fcd0940c9a272b5aaeba3ec96bc8b682c1,Jethro Cao,David Lord,2020-03-11 05:58:08+00:00,2020-08-13T23:17:27-07:00,CliRunner isolation streams have name and mode,False,1,testing.py,src/click/testing.py,26,8,34,0,0
6472e3ee92f9f091ac0e22a870f6ece1a7d272b0,Steve Graham,David Lord,2020-03-30 18:21:24+00:00,2020-10-13T18:29:54-07:00,ensure prompt default is cast to type,False,1,test_utils.py,tests/test_utils.py,7,0,7,1,0
6472e3ee92f9f091ac0e22a870f6ece1a7d272b0,Steve Graham,David Lord,2020-03-30 18:21:24+00:00,2020-10-13T18:29:54-07:00,ensure prompt default is cast to type,False,1,termui.py,src/click/termui.py,2,6,8,1,0
15b4418f630320af3fe9918aaefc0a9270266dfa,Robert Bost,Robert Bost,2020-03-30 21:54:23+00:00,2020-04-04T20:40:09-06:00,Minor typo fix in bash completion template,False,1,_bashcomplete.py,src/click/_bashcomplete.py,2,2,4,1,0
19fdc8509a1b946c088512e0e5e388a8d012f0ce,Joshua Bronson,GitHub,2020-04-01 23:50:55+00:00,2020-04-01T19:50:55-04:00,Remove no-op try/except (#1521),False,1,_termui_impl.py,src/click/_termui_impl.py,2,4,6,0,0
9374365fdd5af45fc3dc4047963fa30aad9ce15c,David Lord,David Lord,2020-04-20 03:34:05+00:00,2020-04-20T07:12:49-07:00,drop support for Python 2.7 and 3.5,False,1,setup.py,setup.py,1,38,39,0,0
5cddd7f652a885c16e2e9154ab242f6730c3ea92,David Lord,David Lord,2020-04-20 03:38:18+00:00,2020-04-20T07:12:52-07:00,remove deprecated callback parameter style,False,1,core.py,src/click/core.py,1,19,20,0,0
5cddd7f652a885c16e2e9154ab242f6730c3ea92,David Lord,David Lord,2020-04-20 03:38:18+00:00,2020-04-20T07:12:52-07:00,remove deprecated callback parameter style,False,1,test_compat.py,tests/test_compat.py,0,16,16,0,0
00883dd3d0a29f68f375cab5e21cef0669941aba,David Lord,David Lord,2020-04-20 04:44:28+00:00,2020-04-20T07:12:52-07:00,remove py2 parts of _compat module,False,1,types.py,src/click/types.py,9,17,26,0,0
00883dd3d0a29f68f375cab5e21cef0669941aba,David Lord,David Lord,2020-04-20 04:44:28+00:00,2020-04-20T07:12:52-07:00,remove py2 parts of _compat module,False,1,utils.py,src/click/utils.py,22,32,54,0,0
00883dd3d0a29f68f375cab5e21cef0669941aba,David Lord,David Lord,2020-04-20 04:44:28+00:00,2020-04-20T07:12:52-07:00,remove py2 parts of _compat module,False,1,test_arguments.py,tests/test_arguments.py,6,17,23,0,0
00883dd3d0a29f68f375cab5e21cef0669941aba,David Lord,David Lord,2020-04-20 04:44:28+00:00,2020-04-20T07:12:52-07:00,remove py2 parts of _compat module,False,1,test_options.py,tests/test_options.py,3,4,7,0,0
00883dd3d0a29f68f375cab5e21cef0669941aba,David Lord,David Lord,2020-04-20 04:44:28+00:00,2020-04-20T07:12:52-07:00,remove py2 parts of _compat module,False,1,test_testing.py,tests/test_testing.py,3,9,12,0,0
00883dd3d0a29f68f375cab5e21cef0669941aba,David Lord,David Lord,2020-04-20 04:44:28+00:00,2020-04-20T07:12:52-07:00,remove py2 parts of _compat module,False,1,conf.py,docs/conf.py,5,0,5,0,0
00883dd3d0a29f68f375cab5e21cef0669941aba,David Lord,David Lord,2020-04-20 04:44:28+00:00,2020-04-20T07:12:52-07:00,remove py2 parts of _compat module,False,1,__init__.py,src/click/__init__.py,1,5,6,0,0
00883dd3d0a29f68f375cab5e21cef0669941aba,David Lord,David Lord,2020-04-20 04:44:28+00:00,2020-04-20T07:12:52-07:00,remove py2 parts of _compat module,False,1,_compat.py,src/click/_compat.py,183,362,545,0,0
00883dd3d0a29f68f375cab5e21cef0669941aba,David Lord,David Lord,2020-04-20 04:44:28+00:00,2020-04-20T07:12:52-07:00,remove py2 parts of _compat module,False,1,_unicodefun.py,src/click/_unicodefun.py,0,49,49,0,0
00883dd3d0a29f68f375cab5e21cef0669941aba,David Lord,David Lord,2020-04-20 04:44:28+00:00,2020-04-20T07:12:52-07:00,remove py2 parts of _compat module,False,1,_winconsole.py,src/click/_winconsole.py,8,67,75,0,0
00883dd3d0a29f68f375cab5e21cef0669941aba,David Lord,David Lord,2020-04-20 04:44:28+00:00,2020-04-20T07:12:52-07:00,remove py2 parts of _compat module,False,1,core.py,src/click/core.py,8,18,26,0,0
00883dd3d0a29f68f375cab5e21cef0669941aba,David Lord,David Lord,2020-04-20 04:44:28+00:00,2020-04-20T07:12:52-07:00,remove py2 parts of _compat module,False,1,decorators.py,src/click/decorators.py,1,4,5,0,0
00883dd3d0a29f68f375cab5e21cef0669941aba,David Lord,David Lord,2020-04-20 04:44:28+00:00,2020-04-20T07:12:52-07:00,remove py2 parts of _compat module,False,1,exceptions.py,src/click/exceptions.py,2,19,21,0,0
00883dd3d0a29f68f375cab5e21cef0669941aba,David Lord,David Lord,2020-04-20 04:44:28+00:00,2020-04-20T07:12:52-07:00,remove py2 parts of _compat module,False,1,termui.py,src/click/termui.py,3,6,9,0,0
00883dd3d0a29f68f375cab5e21cef0669941aba,David Lord,David Lord,2020-04-20 04:44:28+00:00,2020-04-20T07:12:52-07:00,remove py2 parts of _compat module,False,1,testing.py,src/click/testing.py,19,34,53,0,0
00883dd3d0a29f68f375cab5e21cef0669941aba,David Lord,David Lord,2020-04-20 04:44:28+00:00,2020-04-20T07:12:52-07:00,remove py2 parts of _compat module,False,1,_termui_impl.py,src/click/_termui_impl.py,10,12,22,0,0
62f84aa3242d6d9f57243b941b013b2536ea3b9c,David Lord,David Lord,2020-04-20 05:16:48+00:00,2020-04-20T07:12:52-07:00,remove more compat code,False,1,cli.py,examples/complex/complex/cli.py,0,2,2,0,0
62f84aa3242d6d9f57243b941b013b2536ea3b9c,David Lord,David Lord,2020-04-20 05:16:48+00:00,2020-04-20T07:12:52-07:00,remove more compat code,False,1,aliases.py,examples/aliases/aliases.py,1,5,6,0,0
62f84aa3242d6d9f57243b941b013b2536ea3b9c,David Lord,David Lord,2020-04-20 05:16:48+00:00,2020-04-20T07:12:52-07:00,remove more compat code,False,1,_bashcomplete.py,src/click/_bashcomplete.py,1,5,6,0,0
62f84aa3242d6d9f57243b941b013b2536ea3b9c,David Lord,David Lord,2020-04-20 05:16:48+00:00,2020-04-20T07:12:52-07:00,remove more compat code,False,1,validation.py,examples/validation/validation.py,2,5,7,0,0
62f84aa3242d6d9f57243b941b013b2536ea3b9c,David Lord,David Lord,2020-04-20 05:16:48+00:00,2020-04-20T07:12:52-07:00,remove more compat code,False,1,_winconsole.py,src/click/_winconsole.py,3,3,6,0,0
62f84aa3242d6d9f57243b941b013b2536ea3b9c,David Lord,David Lord,2020-04-20 05:16:48+00:00,2020-04-20T07:12:52-07:00,remove more compat code,False,1,termui.py,src/click/termui.py,4,8,12,0,0
62f84aa3242d6d9f57243b941b013b2536ea3b9c,David Lord,David Lord,2020-04-20 05:16:48+00:00,2020-04-20T07:12:52-07:00,remove more compat code,False,1,testing.py,src/click/testing.py,2,6,8,0,0
62f84aa3242d6d9f57243b941b013b2536ea3b9c,David Lord,David Lord,2020-04-20 05:16:48+00:00,2020-04-20T07:12:52-07:00,remove more compat code,False,1,types.py,src/click/types.py,4,5,9,0,0
62f84aa3242d6d9f57243b941b013b2536ea3b9c,David Lord,David Lord,2020-04-20 05:16:48+00:00,2020-04-20T07:12:52-07:00,remove more compat code,False,1,utils.py,src/click/utils.py,4,5,9,0,0
62f84aa3242d6d9f57243b941b013b2536ea3b9c,David Lord,David Lord,2020-04-20 05:16:48+00:00,2020-04-20T07:12:52-07:00,remove more compat code,False,1,test_imports.py,tests/test_imports.py,2,7,9,0,0
62f84aa3242d6d9f57243b941b013b2536ea3b9c,David Lord,David Lord,2020-04-20 05:16:48+00:00,2020-04-20T07:12:52-07:00,remove more compat code,False,1,test_utils.py,tests/test_utils.py,2,17,19,0,0
62f84aa3242d6d9f57243b941b013b2536ea3b9c,David Lord,David Lord,2020-04-20 05:16:48+00:00,2020-04-20T07:12:52-07:00,remove more compat code,False,1,_termui_impl.py,src/click/_termui_impl.py,0,3,3,0,0
b444e6355ec50417546f42138bb833d1e9e8b306,David Lord,David Lord,2020-04-20 05:22:49+00:00,2020-04-20T07:12:52-07:00,apply pyupgrade --py36-plus,False,1,_winconsole.py,src/click/_winconsole.py,4,5,9,0,0
b444e6355ec50417546f42138bb833d1e9e8b306,David Lord,David Lord,2020-04-20 05:22:49+00:00,2020-04-20T07:12:52-07:00,apply pyupgrade --py36-plus,False,1,_termui_impl.py,src/click/_termui_impl.py,14,16,30,0,0
b444e6355ec50417546f42138bb833d1e9e8b306,David Lord,David Lord,2020-04-20 05:22:49+00:00,2020-04-20T07:12:52-07:00,apply pyupgrade --py36-plus,False,1,_compat.py,src/click/_compat.py,4,4,8,0,0
b444e6355ec50417546f42138bb833d1e9e8b306,David Lord,David Lord,2020-04-20 05:22:49+00:00,2020-04-20T07:12:52-07:00,apply pyupgrade --py36-plus,False,1,_bashcomplete.py,src/click/_bashcomplete.py,1,1,2,0,0
b444e6355ec50417546f42138bb833d1e9e8b306,David Lord,David Lord,2020-04-20 05:22:49+00:00,2020-04-20T07:12:52-07:00,apply pyupgrade --py36-plus,False,1,validation.py,examples/validation/validation.py,3,3,6,0,0
b444e6355ec50417546f42138bb833d1e9e8b306,David Lord,David Lord,2020-04-20 05:22:49+00:00,2020-04-20T07:12:52-07:00,apply pyupgrade --py36-plus,False,1,termui.py,examples/termui/termui.py,7,8,15,0,0
b444e6355ec50417546f42138bb833d1e9e8b306,David Lord,David Lord,2020-04-20 05:22:49+00:00,2020-04-20T07:12:52-07:00,apply pyupgrade --py36-plus,False,1,colors.py,examples/colors/colors.py,3,7,10,0,0
b444e6355ec50417546f42138bb833d1e9e8b306,David Lord,David Lord,2020-04-20 05:22:49+00:00,2020-04-20T07:12:52-07:00,apply pyupgrade --py36-plus,False,1,naval.py,examples/naval/naval.py,5,5,10,0,0
b444e6355ec50417546f42138bb833d1e9e8b306,David Lord,David Lord,2020-04-20 05:22:49+00:00,2020-04-20T07:12:52-07:00,apply pyupgrade --py36-plus,False,1,imagepipe.py,examples/imagepipe/imagepipe.py,19,24,43,0,0
b444e6355ec50417546f42138bb833d1e9e8b306,David Lord,David Lord,2020-04-20 05:22:49+00:00,2020-04-20T07:12:52-07:00,apply pyupgrade --py36-plus,False,1,cli.py,examples/complex/complex/cli.py,2,4,6,0,0
b444e6355ec50417546f42138bb833d1e9e8b306,David Lord,David Lord,2020-04-20 05:22:49+00:00,2020-04-20T07:12:52-07:00,apply pyupgrade --py36-plus,False,1,bashcompletion.py,examples/bashcompletion/bashcompletion.py,2,2,4,0,0
b444e6355ec50417546f42138bb833d1e9e8b306,David Lord,David Lord,2020-04-20 05:22:49+00:00,2020-04-20T07:12:52-07:00,apply pyupgrade --py36-plus,False,1,aliases.py,examples/aliases/aliases.py,3,3,6,0,0
b444e6355ec50417546f42138bb833d1e9e8b306,David Lord,David Lord,2020-04-20 05:22:49+00:00,2020-04-20T07:12:52-07:00,apply pyupgrade --py36-plus,False,1,repo.py,examples/repo/repo.py,9,9,18,0,0
b444e6355ec50417546f42138bb833d1e9e8b306,David Lord,David Lord,2020-04-20 05:22:49+00:00,2020-04-20T07:12:52-07:00,apply pyupgrade --py36-plus,False,1,core.py,src/click/core.py,21,23,44,0,0
b444e6355ec50417546f42138bb833d1e9e8b306,David Lord,David Lord,2020-04-20 05:22:49+00:00,2020-04-20T07:12:52-07:00,apply pyupgrade --py36-plus,False,1,utils.py,src/click/utils.py,10,10,20,0,0
b444e6355ec50417546f42138bb833d1e9e8b306,David Lord,David Lord,2020-04-20 05:22:49+00:00,2020-04-20T07:12:52-07:00,apply pyupgrade --py36-plus,False,1,formatting.py,src/click/formatting.py,1,1,2,0,0
b444e6355ec50417546f42138bb833d1e9e8b306,David Lord,David Lord,2020-04-20 05:22:49+00:00,2020-04-20T07:12:52-07:00,apply pyupgrade --py36-plus,False,1,test_utils.py,tests/test_utils.py,10,12,22,0,0
b444e6355ec50417546f42138bb833d1e9e8b306,David Lord,David Lord,2020-04-20 05:22:49+00:00,2020-04-20T07:12:52-07:00,apply pyupgrade --py36-plus,False,1,test_testing.py,tests/test_testing.py,2,2,4,0,0
b444e6355ec50417546f42138bb833d1e9e8b306,David Lord,David Lord,2020-04-20 05:22:49+00:00,2020-04-20T07:12:52-07:00,apply pyupgrade --py36-plus,False,1,test_termui.py,tests/test_termui.py,8,9,17,0,0
b444e6355ec50417546f42138bb833d1e9e8b306,David Lord,David Lord,2020-04-20 05:22:49+00:00,2020-04-20T07:12:52-07:00,apply pyupgrade --py36-plus,False,1,exceptions.py,src/click/exceptions.py,10,10,20,0,0
b444e6355ec50417546f42138bb833d1e9e8b306,David Lord,David Lord,2020-04-20 05:22:49+00:00,2020-04-20T07:12:52-07:00,apply pyupgrade --py36-plus,False,1,test_formatting.py,tests/test_formatting.py,4,5,9,0,0
b444e6355ec50417546f42138bb833d1e9e8b306,David Lord,David Lord,2020-04-20 05:22:49+00:00,2020-04-20T07:12:52-07:00,apply pyupgrade --py36-plus,False,1,test_defaults.py,tests/test_defaults.py,1,1,2,0,0
b444e6355ec50417546f42138bb833d1e9e8b306,David Lord,David Lord,2020-04-20 05:22:49+00:00,2020-04-20T07:12:52-07:00,apply pyupgrade --py36-plus,False,1,test_context.py,tests/test_context.py,6,7,13,0,0
b444e6355ec50417546f42138bb833d1e9e8b306,David Lord,David Lord,2020-04-20 05:22:49+00:00,2020-04-20T07:12:52-07:00,apply pyupgrade --py36-plus,False,1,test_compat.py,tests/test_compat.py,1,1,2,0,0
b444e6355ec50417546f42138bb833d1e9e8b306,David Lord,David Lord,2020-04-20 05:22:49+00:00,2020-04-20T07:12:52-07:00,apply pyupgrade --py36-plus,False,1,test_commands.py,tests/test_commands.py,3,4,7,0,0
b444e6355ec50417546f42138bb833d1e9e8b306,David Lord,David Lord,2020-04-20 05:22:49+00:00,2020-04-20T07:12:52-07:00,apply pyupgrade --py36-plus,False,1,test_options.py,tests/test_options.py,5,6,11,0,0
b444e6355ec50417546f42138bb833d1e9e8b306,David Lord,David Lord,2020-04-20 05:22:49+00:00,2020-04-20T07:12:52-07:00,apply pyupgrade --py36-plus,False,1,test_basic.py,tests/test_basic.py,8,9,17,0,0
b444e6355ec50417546f42138bb833d1e9e8b306,David Lord,David Lord,2020-04-20 05:22:49+00:00,2020-04-20T07:12:52-07:00,apply pyupgrade --py36-plus,False,1,test_bashcomplete.py,tests/test_bashcomplete.py,0,1,1,0,0
b444e6355ec50417546f42138bb833d1e9e8b306,David Lord,David Lord,2020-04-20 05:22:49+00:00,2020-04-20T07:12:52-07:00,apply pyupgrade --py36-plus,False,1,test_arguments.py,tests/test_arguments.py,4,5,9,0,0
b444e6355ec50417546f42138bb833d1e9e8b306,David Lord,David Lord,2020-04-20 05:22:49+00:00,2020-04-20T07:12:52-07:00,apply pyupgrade --py36-plus,False,1,parser.py,src/click/parser.py,10,11,21,0,0
b444e6355ec50417546f42138bb833d1e9e8b306,David Lord,David Lord,2020-04-20 05:22:49+00:00,2020-04-20T07:12:52-07:00,apply pyupgrade --py36-plus,False,1,types.py,src/click/types.py,9,11,20,0,0
b444e6355ec50417546f42138bb833d1e9e8b306,David Lord,David Lord,2020-04-20 05:22:49+00:00,2020-04-20T07:12:52-07:00,apply pyupgrade --py36-plus,False,1,testing.py,src/click/testing.py,6,6,12,0,0
b444e6355ec50417546f42138bb833d1e9e8b306,David Lord,David Lord,2020-04-20 05:22:49+00:00,2020-04-20T07:12:52-07:00,apply pyupgrade --py36-plus,False,1,termui.py,src/click/termui.py,3,3,6,0,0
b444e6355ec50417546f42138bb833d1e9e8b306,David Lord,David Lord,2020-04-20 05:22:49+00:00,2020-04-20T07:12:52-07:00,apply pyupgrade --py36-plus,False,1,test_chain.py,tests/test_chain.py,5,5,10,0,0
9897d81d0830f2048360cbd45993de1b37ce7371,David Lord,David Lord,2020-04-20 06:54:14+00:00,2020-04-20T07:12:53-07:00,f-strings everywhere,False,1,_termui_impl.py,src/click/_termui_impl.py,9,12,21,0,0
9897d81d0830f2048360cbd45993de1b37ce7371,David Lord,David Lord,2020-04-20 06:54:14+00:00,2020-04-20T07:12:53-07:00,f-strings everywhere,False,1,_compat.py,src/click/_compat.py,2,2,4,0,0
9897d81d0830f2048360cbd45993de1b37ce7371,David Lord,David Lord,2020-04-20 06:54:14+00:00,2020-04-20T07:12:53-07:00,f-strings everywhere,False,1,_bashcomplete.py,src/click/_bashcomplete.py,1,1,2,0,0
9897d81d0830f2048360cbd45993de1b37ce7371,David Lord,David Lord,2020-04-20 06:54:14+00:00,2020-04-20T07:12:53-07:00,f-strings everywhere,False,1,validation.py,examples/validation/validation.py,1,2,3,0,0
9897d81d0830f2048360cbd45993de1b37ce7371,David Lord,David Lord,2020-04-20 06:54:14+00:00,2020-04-20T07:12:53-07:00,f-strings everywhere,False,1,cmd_init.py,examples/complex/complex/commands/cmd_init.py,1,1,2,0,0
9897d81d0830f2048360cbd45993de1b37ce7371,David Lord,David Lord,2020-04-20 06:54:14+00:00,2020-04-20T07:12:53-07:00,f-strings everywhere,False,1,repo.py,examples/repo/repo.py,1,1,2,0,0
9897d81d0830f2048360cbd45993de1b37ce7371,David Lord,David Lord,2020-04-20 06:54:14+00:00,2020-04-20T07:12:53-07:00,f-strings everywhere,False,1,imagepipe.py,examples/imagepipe/imagepipe.py,2,3,5,0,0
9897d81d0830f2048360cbd45993de1b37ce7371,David Lord,David Lord,2020-04-20 06:54:14+00:00,2020-04-20T07:12:53-07:00,f-strings everywhere,False,1,bashcompletion.py,examples/bashcompletion/bashcompletion.py,1,1,2,0,0
9897d81d0830f2048360cbd45993de1b37ce7371,David Lord,David Lord,2020-04-20 06:54:14+00:00,2020-04-20T07:12:53-07:00,f-strings everywhere,False,1,aliases.py,examples/aliases/aliases.py,1,1,2,0,1
9897d81d0830f2048360cbd45993de1b37ce7371,David Lord,David Lord,2020-04-20 06:54:14+00:00,2020-04-20T07:12:53-07:00,f-strings everywhere,False,1,_textwrap.py,src/click/_textwrap.py,1,1,2,0,0
9897d81d0830f2048360cbd45993de1b37ce7371,David Lord,David Lord,2020-04-20 06:54:14+00:00,2020-04-20T07:12:53-07:00,f-strings everywhere,False,1,termui.py,examples/termui/termui.py,1,1,2,0,0
9897d81d0830f2048360cbd45993de1b37ce7371,David Lord,David Lord,2020-04-20 06:54:14+00:00,2020-04-20T07:12:53-07:00,f-strings everywhere,False,1,_unicodefun.py,src/click/_unicodefun.py,5,5,10,0,0
9897d81d0830f2048360cbd45993de1b37ce7371,David Lord,David Lord,2020-04-20 06:54:14+00:00,2020-04-20T07:12:53-07:00,f-strings everywhere,False,1,exceptions.py,src/click/exceptions.py,7,10,17,0,0
9897d81d0830f2048360cbd45993de1b37ce7371,David Lord,David Lord,2020-04-20 06:54:14+00:00,2020-04-20T07:12:53-07:00,f-strings everywhere,False,1,core.py,src/click/core.py,28,33,61,0,0
9897d81d0830f2048360cbd45993de1b37ce7371,David Lord,David Lord,2020-04-20 06:54:14+00:00,2020-04-20T07:12:53-07:00,f-strings everywhere,False,1,_winconsole.py,src/click/_winconsole.py,1,3,4,0,0
9897d81d0830f2048360cbd45993de1b37ce7371,David Lord,David Lord,2020-04-20 06:54:14+00:00,2020-04-20T07:12:53-07:00,f-strings everywhere,False,1,test_termui.py,tests/test_termui.py,2,2,4,0,0
9897d81d0830f2048360cbd45993de1b37ce7371,David Lord,David Lord,2020-04-20 06:54:14+00:00,2020-04-20T07:12:53-07:00,f-strings everywhere,False,1,test_testing.py,tests/test_testing.py,2,2,4,0,0
9897d81d0830f2048360cbd45993de1b37ce7371,David Lord,David Lord,2020-04-20 06:54:14+00:00,2020-04-20T07:12:53-07:00,f-strings everywhere,False,1,test_options.py,tests/test_options.py,7,6,13,0,1
9897d81d0830f2048360cbd45993de1b37ce7371,David Lord,David Lord,2020-04-20 06:54:14+00:00,2020-04-20T07:12:53-07:00,f-strings everywhere,False,1,test_commands.py,tests/test_commands.py,2,2,4,0,0
9897d81d0830f2048360cbd45993de1b37ce7371,David Lord,David Lord,2020-04-20 06:54:14+00:00,2020-04-20T07:12:53-07:00,f-strings everywhere,False,1,test_chain.py,tests/test_chain.py,2,3,5,0,0
9897d81d0830f2048360cbd45993de1b37ce7371,David Lord,David Lord,2020-04-20 06:54:14+00:00,2020-04-20T07:12:53-07:00,f-strings everywhere,False,1,test_basic.py,tests/test_basic.py,5,5,10,0,0
9897d81d0830f2048360cbd45993de1b37ce7371,David Lord,David Lord,2020-04-20 06:54:14+00:00,2020-04-20T07:12:53-07:00,f-strings everywhere,False,1,test_defaults.py,tests/test_defaults.py,2,2,4,0,0
9897d81d0830f2048360cbd45993de1b37ce7371,David Lord,David Lord,2020-04-20 06:54:14+00:00,2020-04-20T07:12:53-07:00,f-strings everywhere,False,1,utils.py,src/click/utils.py,1,1,2,0,0
9897d81d0830f2048360cbd45993de1b37ce7371,David Lord,David Lord,2020-04-20 06:54:14+00:00,2020-04-20T07:12:53-07:00,f-strings everywhere,False,1,types.py,src/click/types.py,20,45,65,0,0
9897d81d0830f2048360cbd45993de1b37ce7371,David Lord,David Lord,2020-04-20 06:54:14+00:00,2020-04-20T07:12:53-07:00,f-strings everywhere,False,1,testing.py,src/click/testing.py,3,4,7,0,0
9897d81d0830f2048360cbd45993de1b37ce7371,David Lord,David Lord,2020-04-20 06:54:14+00:00,2020-04-20T07:12:53-07:00,f-strings everywhere,False,1,test_arguments.py,tests/test_arguments.py,7,5,12,0,0
9897d81d0830f2048360cbd45993de1b37ce7371,David Lord,David Lord,2020-04-20 06:54:14+00:00,2020-04-20T07:12:53-07:00,f-strings everywhere,False,1,parser.py,src/click/parser.py,3,3,6,0,0
9897d81d0830f2048360cbd45993de1b37ce7371,David Lord,David Lord,2020-04-20 06:54:14+00:00,2020-04-20T07:12:53-07:00,f-strings everywhere,False,1,termui.py,src/click/termui.py,12,12,24,0,1
9897d81d0830f2048360cbd45993de1b37ce7371,David Lord,David Lord,2020-04-20 06:54:14+00:00,2020-04-20T07:12:53-07:00,f-strings everywhere,False,1,decorators.py,src/click/decorators.py,3,2,5,0,0
9897d81d0830f2048360cbd45993de1b37ce7371,David Lord,David Lord,2020-04-20 06:54:14+00:00,2020-04-20T07:12:53-07:00,f-strings everywhere,False,1,formatting.py,src/click/formatting.py,5,9,14,0,0
a1d726b5a244a831533e4d27a5be3975288de698,David Lord,David Lord,2020-04-20 07:31:06+00:00,2020-04-20T07:12:53-07:00,remove Python 2/3 from docs,False,1,utils.py,src/click/utils.py,3,7,10,0,0
a1d726b5a244a831533e4d27a5be3975288de698,David Lord,David Lord,2020-04-20 07:31:06+00:00,2020-04-20T07:12:53-07:00,remove Python 2/3 from docs,False,1,core.py,src/click/core.py,2,2,4,0,0
a1d726b5a244a831533e4d27a5be3975288de698,David Lord,David Lord,2020-04-20 07:31:06+00:00,2020-04-20T07:12:53-07:00,remove Python 2/3 from docs,False,1,_unicodefun.py,src/click/_unicodefun.py,5,5,10,0,0
3852f410d6227bed2872768aa316d96a769382bb,Alan Velasco,David Lord,2020-04-20 17:55:09+00:00,2020-10-07T08:03:26-07:00,ParameterSource is an Enum subclass,False,1,test_context.py,tests/test_context.py,41,56,97,0,1
3852f410d6227bed2872768aa316d96a769382bb,Alan Velasco,David Lord,2020-04-20 17:55:09+00:00,2020-10-07T08:03:26-07:00,ParameterSource is an Enum subclass,False,1,test_imports.py,tests/test_imports.py,1,1,2,0,0
3852f410d6227bed2872768aa316d96a769382bb,Alan Velasco,David Lord,2020-04-20 17:55:09+00:00,2020-10-07T08:03:26-07:00,ParameterSource is an Enum subclass,False,1,core.py,src/click/core.py,35,47,82,0,1
0d1b8eab4d44047b52746639d7836cc849626e59,David Lord,David Lord,2020-04-27 15:47:06+00:00,2020-04-27T12:22:43-07:00,"Revert ""Use shlex.quote for quoting shell arguments""",False,1,_termui_impl.py,src/click/_termui_impl.py,9,13,22,0,0
0d1b8eab4d44047b52746639d7836cc849626e59,David Lord,David Lord,2020-04-27 15:47:06+00:00,2020-04-27T12:22:43-07:00,"Revert ""Use shlex.quote for quoting shell arguments""",False,1,test_imports.py,tests/test_imports.py,0,1,1,0,0
0d1b8eab4d44047b52746639d7836cc849626e59,David Lord,David Lord,2020-04-27 15:47:06+00:00,2020-04-27T12:22:43-07:00,"Revert ""Use shlex.quote for quoting shell arguments""",False,1,_compat.py,src/click/_compat.py,0,4,4,0,0
1784558ed7c75c65764d2a434bd9cbb206ca939d,David Lord,David Lord,2020-04-27 20:12:27+00:00,2020-04-27T13:12:27-07:00,release version 7.1.2,False,1,__init__.py,src/click/__init__.py,1,1,2,0,0
54102a439da9da4a2c84cd893b12020865b9afd3,Joachim Jablon,David Lord,2020-05-09 22:53:26+00:00,2020-10-11T18:43:30-07:00,show_default uses default_map,False,1,test_options.py,tests/test_options.py,12,0,12,1,0
54102a439da9da4a2c84cd893b12020865b9afd3,Joachim Jablon,David Lord,2020-05-09 22:53:26+00:00,2020-10-11T18:43:30-07:00,show_default uses default_map,False,1,core.py,src/click/core.py,7,5,12,1,0
42ee8a1f6011e0f4a8a19c34a545f3eb7ae978fa,rarnal,David Lord,2020-05-09 23:31:30+00:00,2020-10-12T18:38:47-07:00,fix formatting with empty options_metavar,False,1,test_formatting.py,tests/test_formatting.py,6,0,6,0,1
42ee8a1f6011e0f4a8a19c34a545f3eb7ae978fa,rarnal,David Lord,2020-05-09 23:31:30+00:00,2020-10-12T18:38:47-07:00,fix formatting with empty options_metavar,False,1,core.py,src/click/core.py,1,1,2,0,1
7cc7d4037282819f0c2728d2bcb4c815f73c951d,David Lord,David Lord,2020-05-23 21:16:07+00:00,2020-05-23T14:16:07-07:00,add EditorConfig,False,1,.editorconfig,.editorconfig,13,0,13,0,0
93611accaebc32085c1fd773015d654694ddfc55,David Lord,David Lord,2020-05-23 23:03:57+00:00,2020-05-23T16:03:57-07:00,use pip-compile to pin dev requirements,False,1,MANIFEST.in,MANIFEST.in,1,0,1,0,0
93611accaebc32085c1fd773015d654694ddfc55,David Lord,David Lord,2020-05-23 23:03:57+00:00,2020-05-23T16:03:57-07:00,use pip-compile to pin dev requirements,False,1,docs.in,requirements/docs.in,4,0,4,0,0
93611accaebc32085c1fd773015d654694ddfc55,David Lord,David Lord,2020-05-23 23:03:57+00:00,2020-05-23T16:03:57-07:00,use pip-compile to pin dev requirements,False,1,tests.in,requirements/tests.in,2,0,2,0,0
93611accaebc32085c1fd773015d654694ddfc55,David Lord,David Lord,2020-05-23 23:03:57+00:00,2020-05-23T16:03:57-07:00,use pip-compile to pin dev requirements,False,1,dev.in,requirements/dev.in,5,0,5,0,0
a2b13e9b6e405c79f69ff46db0f6b4050352522f,Joongi Kim,David Lord,2020-05-29 09:40:16+00:00,2020-08-13T14:30:30-07:00,context.show_default defaults to parent context,False,1,core.py,src/click/core.py,26,18,44,1,0
a2b13e9b6e405c79f69ff46db0f6b4050352522f,Joongi Kim,David Lord,2020-05-29 09:40:16+00:00,2020-08-13T14:30:30-07:00,context.show_default defaults to parent context,False,1,test_context.py,tests/test_context.py,14,0,14,1,0
c99e0e8baf7012df214147dc4aa92c51f3cd6edf,Sebastián Ramírez,GitHub,2020-06-06 00:02:08+00:00,2020-06-05T17:02:08-07:00,Include --help option in completion (#1504),False,1,test_bashcomplete.py,tests/test_bashcomplete.py,41,21,62,0,0
c99e0e8baf7012df214147dc4aa92c51f3cd6edf,Sebastián Ramírez,GitHub,2020-06-06 00:02:08+00:00,2020-06-05T17:02:08-07:00,Include --help option in completion (#1504),False,1,_bashcomplete.py,src/click/_bashcomplete.py,3,3,6,0,0
cb37854c9b43d9fd3c99a3a830f4580517c1b32e,Mwiza Simbeye,David Lord,2020-06-10 22:33:34+00:00,2020-06-24T14:03:29-07:00,use importlib.metadata for version_option,False,1,tests.in,requirements/tests.in,1,0,1,0,0
cb37854c9b43d9fd3c99a3a830f4580517c1b32e,Mwiza Simbeye,David Lord,2020-06-10 22:33:34+00:00,2020-06-24T14:03:29-07:00,use importlib.metadata for version_option,False,1,decorators.py,src/click/decorators.py,7,15,22,0,0
a0c73dc3b6ec02f734781bab5bb9647acceacb23,Cathal,David Lord,2020-06-15 15:23:04+00:00,2020-06-24T18:47:41-07:00,show IntRange min and max in --help output,False,1,core.py,src/click/core.py,4,0,4,0,1
a0c73dc3b6ec02f734781bab5bb9647acceacb23,Cathal,David Lord,2020-06-15 15:23:04+00:00,2020-06-24T18:47:41-07:00,show IntRange min and max in --help output,False,1,test_options.py,tests/test_options.py,10,0,10,0,1
ce23ce8e9ff407da7411b8d28555eb3004aa37ef,Andreas Maier,David Lord,2020-06-17 02:44:57+00:00,2020-06-25T17:14:59-07:00,tolerate UnsupportedOperation in _winconsole._is_console(),False,1,test_utils.py,tests/test_utils.py,6,0,6,0,0
ce23ce8e9ff407da7411b8d28555eb3004aa37ef,Andreas Maier,David Lord,2020-06-17 02:44:57+00:00,2020-06-25T17:14:59-07:00,tolerate UnsupportedOperation in _winconsole._is_console(),False,1,_winconsole.py,src/click/_winconsole.py,1,1,2,0,0
7de47088cd87a14f0099bc5cae6b773f781a8c53,Mwiza Simbeye,David Lord,2020-06-18 12:44:48+00:00,2020-06-24T21:51:44-07:00,flag option with duplicate names raises ValueError,False,1,test_options.py,tests/test_options.py,5,0,5,1,0
7de47088cd87a14f0099bc5cae6b773f781a8c53,Mwiza Simbeye,David Lord,2020-06-18 12:44:48+00:00,2020-06-24T21:51:44-07:00,flag option with duplicate names raises ValueError,False,1,core.py,src/click/core.py,5,0,5,1,0
a6211edff44e1401b967fd6686f01ad655fd88f3,Cesare De Cal,David Lord,2020-06-19 16:06:26+00:00,2020-06-24T15:59:01-07:00,omit hidden prompt input from validation error,False,1,termui.py,src/click/termui.py,4,1,5,1,0
81ff0aea6c814c7fad7ed4e7c76098a97d6a0fbe,David Lord,David Lord,2020-06-24 20:57:03+00:00,2020-06-24T14:03:33-07:00,refactor version_option,False,1,decorators.py,src/click/decorators.py,92,40,132,0,0
3d3ea9c64420fd8978a41ce8b4db3ac2d245849c,Amy Lei,David Lord,2020-06-24 21:42:00+00:00,2020-08-05T18:47:08-07:00,nargs=-1 works with envvar,False,1,core.py,src/click/core.py,14,0,14,0,0
3d3ea9c64420fd8978a41ce8b4db3ac2d245849c,Amy Lei,David Lord,2020-06-24 21:42:00+00:00,2020-08-05T18:47:08-07:00,nargs=-1 works with envvar,False,1,parser.py,src/click/parser.py,4,0,4,0,0
3d3ea9c64420fd8978a41ce8b4db3ac2d245849c,Amy Lei,David Lord,2020-06-24 21:42:00+00:00,2020-08-05T18:47:08-07:00,nargs=-1 works with envvar,False,1,test_arguments.py,tests/test_arguments.py,42,17,59,0,0
b38cb0e2b1372c933ea42975632ee5792cef08cf,David Lord,David Lord,2020-06-24 22:22:26+00:00,2020-06-24T15:23:24-07:00,version detection works with python -m package,False,1,decorators.py,src/click/decorators.py,12,2,14,0,0
a077ed70475e3f68d09e50f511268588378b7fa8,David Lord,David Lord,2020-06-24 22:46:09+00:00,2020-06-24T15:46:09-07:00,refactor other decorators to match version_option,False,1,decorators.py,src/click/decorators.py,54,64,118,0,0
faaec8294eb819e9f8e6f568ae81b711a861ebbe,kbanc,David Lord,2020-06-25 19:17:55+00:00,2020-08-05T20:23:15-07:00,detect program name when run with python -m,False,1,core.py,src/click/core.py,2,3,5,0,0
faaec8294eb819e9f8e6f568ae81b711a861ebbe,kbanc,David Lord,2020-06-25 19:17:55+00:00,2020-08-05T20:23:15-07:00,detect program name when run with python -m,False,1,test_utils.py,tests/test_utils.py,30,0,30,0,0
faaec8294eb819e9f8e6f568ae81b711a861ebbe,kbanc,David Lord,2020-06-25 19:17:55+00:00,2020-08-05T20:23:15-07:00,detect program name when run with python -m,False,1,utils.py,src/click/utils.py,49,0,49,0,0
0c1f7f096a3399d50da22856890f1e42b365344a,Andreas Maier,David Lord,2020-06-28 20:12:57+00:00,2020-10-10T17:45:02-07:00,boolean type strips space before converting,False,1,test_options.py,tests/test_options.py,11,0,11,0,1
0c1f7f096a3399d50da22856890f1e42b365344a,Andreas Maier,David Lord,2020-06-28 20:12:57+00:00,2020-10-10T17:45:02-07:00,boolean type strips space before converting,False,1,types.py,src/click/types.py,7,3,10,0,0
4a337ea913515e8e98e425d70701ea4fb091830e,ovezovs,David Lord,2020-06-29 19:45:11+00:00,2020-06-30T10:04:29-07:00,use canonical command name instead of matched name,False,1,test_commands.py,tests/test_commands.py,16,0,16,0,0
4a337ea913515e8e98e425d70701ea4fb091830e,ovezovs,David Lord,2020-06-29 19:45:11+00:00,2020-06-30T10:04:29-07:00,use canonical command name instead of matched name,False,1,core.py,src/click/core.py,1,1,2,0,0
190b86b37e4c76af638575c81671f670874265a3,Amy,David Lord,2020-06-30 14:26:02+00:00,2020-08-06T05:20:17-07:00,include parent args in subcommand help synopsis,False,1,test_arguments.py,tests/test_arguments.py,41,0,41,0,1
190b86b37e4c76af638575c81671f670874265a3,Amy,David Lord,2020-06-30 14:26:02+00:00,2020-08-06T05:20:17-07:00,include parent args in subcommand help synopsis,False,1,core.py,src/click/core.py,4,1,5,0,1
f1a41de495c57cc85230aa6dbf15ee863220409f,ovezovs,David Lord,2020-06-30 20:40:33+00:00,2020-08-07T07:34:24-07:00,show boolean flag name for default,False,1,core.py,src/click/core.py,6,0,6,1,0
f1a41de495c57cc85230aa6dbf15ee863220409f,ovezovs,David Lord,2020-06-30 20:40:33+00:00,2020-08-07T07:34:24-07:00,show boolean flag name for default,False,1,test_options.py,tests/test_options.py,29,0,29,1,0
d314f45b8e9e59e0e82604868de41624ec8d13ed,Amy,David Lord,2020-07-01 17:33:59+00:00,2020-10-12T17:46:05-07:00,add ability to provide non-flag option without value,False,1,test_options.py,tests/test_options.py,31,0,31,0,0
d314f45b8e9e59e0e82604868de41624ec8d13ed,Amy,David Lord,2020-07-01 17:33:59+00:00,2020-10-12T17:46:05-07:00,add ability to provide non-flag option without value,False,1,parser.py,src/click/parser.py,39,22,61,0,0
d314f45b8e9e59e0e82604868de41624ec8d13ed,Amy,David Lord,2020-07-01 17:33:59+00:00,2020-10-12T17:46:05-07:00,add ability to provide non-flag option without value,False,1,test_termui.py,tests/test_termui.py,51,0,51,0,0
d314f45b8e9e59e0e82604868de41624ec8d13ed,Amy,David Lord,2020-07-01 17:33:59+00:00,2020-10-12T17:46:05-07:00,add ability to provide non-flag option without value,False,1,core.py,src/click/core.py,36,2,38,0,0
d874b0a24697ab33151a667e0ff04af7cfb51e69,yk396,David Lord,2020-07-03 17:45:22+00:00,2020-08-16T17:47:58-07:00,implement export to dictionary,False,1,test_info_dict.py,tests/test_info_dict.py,257,0,257,0,0
d874b0a24697ab33151a667e0ff04af7cfb51e69,yk396,David Lord,2020-07-03 17:45:22+00:00,2020-08-16T17:47:58-07:00,implement export to dictionary,False,1,core.py,src/click/core.py,52,0,52,0,0
d874b0a24697ab33151a667e0ff04af7cfb51e69,yk396,David Lord,2020-07-03 17:45:22+00:00,2020-08-16T17:47:58-07:00,implement export to dictionary,False,1,types.py,src/click/types.py,55,0,55,0,0
32ddbb11f210dd679439241c6619cad8bcafca67,IamCathal,David Lord,2020-07-06 15:47:51+00:00,2020-08-05T08:06:53-07:00,non-chained group invoked without command invokes result callback,False,1,core.py,src/click/core.py,7,12,19,0,0
32ddbb11f210dd679439241c6619cad8bcafca67,IamCathal,David Lord,2020-07-06 15:47:51+00:00,2020-08-05T08:06:53-07:00,non-chained group invoked without command invokes result callback,False,1,test_chain.py,tests/test_chain.py,19,0,19,0,0
ce498eb559e37852e6c69651a5176b4b6fcf28e8,John T. Wodder II,David Lord,2020-07-17 21:35:01+00:00,2020-08-05T07:05:31-07:00,"Make ``BOOL`` accept the strings ""on"" and ""off"".  Closes #1629.",False,1,types.py,src/click/types.py,2,2,4,0,0
ce498eb559e37852e6c69651a5176b4b6fcf28e8,John T. Wodder II,David Lord,2020-07-17 21:35:01+00:00,2020-08-05T07:05:31-07:00,"Make ``BOOL`` accept the strings ""on"" and ""off"".  Closes #1629.",False,1,test_basic.py,tests/test_basic.py,2,2,4,0,0
3c4cacb1bba9f2b6f62628cf1783ce64aed62436,Amy,David Lord,2020-08-04 22:53:44+00:00,2020-10-03T08:01:29-07:00,redesign shell completion system,False,1,shell_completion.py,src/click/shell_completion.py,507,0,507,0,0
3c4cacb1bba9f2b6f62628cf1783ce64aed62436,Amy,David Lord,2020-08-04 22:53:44+00:00,2020-10-03T08:01:29-07:00,redesign shell completion system,False,1,types.py,src/click/types.py,53,0,53,0,0
3c4cacb1bba9f2b6f62628cf1783ce64aed62436,Amy,David Lord,2020-08-04 22:53:44+00:00,2020-10-03T08:01:29-07:00,redesign shell completion system,False,1,core.py,src/click/core.py,142,19,161,0,0
3c4cacb1bba9f2b6f62628cf1783ce64aed62436,Amy,David Lord,2020-08-04 22:53:44+00:00,2020-10-03T08:01:29-07:00,redesign shell completion system,False,1,_bashcomplete.py,src/click/_bashcomplete.py,0,371,371,0,0
7029307f9ce2ee6757e8d49e3f76ebeec944779e,Kai Chen,David Lord,2020-08-04 22:54:25+00:00,2020-10-03T08:01:29-07:00,tests for new shell completion system,False,1,shell_completion.py,src/click/shell_completion.py,3,1,4,0,0
7029307f9ce2ee6757e8d49e3f76ebeec944779e,Kai Chen,David Lord,2020-08-04 22:54:25+00:00,2020-10-03T08:01:29-07:00,tests for new shell completion system,False,1,test_bashcomplete.py,tests/test_bashcomplete.py,0,519,519,0,0
7029307f9ce2ee6757e8d49e3f76ebeec944779e,Kai Chen,David Lord,2020-08-04 22:54:25+00:00,2020-10-03T08:01:29-07:00,tests for new shell completion system,False,1,test_compat.py,tests/test_compat.py,0,17,17,0,0
7029307f9ce2ee6757e8d49e3f76ebeec944779e,Kai Chen,David Lord,2020-08-04 22:54:25+00:00,2020-10-03T08:01:29-07:00,tests for new shell completion system,False,1,test_shell_completion.py,tests/test_shell_completion.py,240,0,240,0,0
de75b40b5f986b4f843a487b2eb6272773b3f304,Amy,David Lord,2020-08-04 22:55:12+00:00,2020-10-03T12:08:02-07:00,documentation for new shell completion system,False,1,shell_completion.py,src/click/shell_completion.py,1,1,2,0,0
de75b40b5f986b4f843a487b2eb6272773b3f304,Amy,David Lord,2020-08-04 22:55:12+00:00,2020-10-03T12:08:02-07:00,documentation for new shell completion system,False,1,docs.in,requirements/docs.in,1,0,1,0,0
de75b40b5f986b4f843a487b2eb6272773b3f304,Amy,David Lord,2020-08-04 22:55:12+00:00,2020-10-03T12:08:02-07:00,documentation for new shell completion system,False,1,conf.py,docs/conf.py,1,0,1,0,0
9537f4c17a1ba00184d7517b835c221715114e63,David Lord,David Lord,2020-08-05 14:35:50+00:00,2020-08-05T07:35:50-07:00,use sets for bool string check,False,1,types.py,src/click/types.py,3,3,6,0,0
9537f4c17a1ba00184d7517b835c221715114e63,David Lord,David Lord,2020-08-05 14:35:50+00:00,2020-08-05T07:35:50-07:00,use sets for bool string check,False,1,test_basic.py,tests/test_basic.py,19,19,38,0,0
353dd895ffa390c127a0ead2ed86f9510b1a33ad,David Lord,David Lord,2020-08-08 02:19:10+00:00,2020-08-07T19:28:44-07:00,pass bytes unstyled from secho to echo,False,1,test_termui.py,tests/test_termui.py,10,5,15,0,0
353dd895ffa390c127a0ead2ed86f9510b1a33ad,David Lord,David Lord,2020-08-08 02:19:10+00:00,2020-08-07T19:28:44-07:00,pass bytes unstyled from secho to echo,False,1,termui.py,src/click/termui.py,10,2,12,0,0
00d5dcc9ede551dc04b20010ba0e65ca4fdbe1ff,Jan Kowalleck,David Lord,2020-08-08 05:37:21+00:00,2020-10-03T12:08:06-07:00,complete commands using registered names,False,1,test_shell_completion.py,tests/test_shell_completion.py,7,0,7,0,0
00d5dcc9ede551dc04b20010ba0e65ca4fdbe1ff,Jan Kowalleck,David Lord,2020-08-08 05:37:21+00:00,2020-10-03T12:08:06-07:00,complete commands using registered names,False,1,core.py,src/click/core.py,6,6,12,0,0
9d4fc53be5997eaf6b7ad099e05749bcded03800,David Lord,David Lord,2020-08-08 17:53:09+00:00,2020-08-08T10:59:16-07:00,clean up Editor.edit code,False,1,_termui_impl.py,src/click/_termui_impl.py,21,22,43,0,0
dee49e50374abb2d77e98db74576f1f0fb4e4911,David Lord,David Lord,2020-08-08 20:58:28+00:00,2020-08-08T18:36:32-07:00,add Context.formatter_class,False,1,core.py,src/click/core.py,15,2,17,0,0
c4659126f7e7c77dcc107faff38d0caa9aa85b50,David Lord,David Lord,2020-08-09 01:21:21+00:00,2020-08-08T18:41:42-07:00,add command_class and group_class to Group,False,1,core.py,src/click/core.py,46,6,52,0,0
08a0d691d8105312d4d81b64366a4fffda277a12,Javier Domingo Cansino,David Lord,2020-08-09 01:29:55+00:00,2020-08-08T18:32:24-07:00,use super() consistently,False,1,types.py,src/click/types.py,4,2,6,0,0
08a0d691d8105312d4d81b64366a4fffda277a12,Javier Domingo Cansino,David Lord,2020-08-09 01:29:55+00:00,2020-08-08T18:32:24-07:00,use super() consistently,False,1,exceptions.py,src/click/exceptions.py,8,9,17,0,0
08a0d691d8105312d4d81b64366a4fffda277a12,Javier Domingo Cansino,David Lord,2020-08-09 01:29:55+00:00,2020-08-08T18:32:24-07:00,use super() consistently,False,1,test_commands.py,tests/test_commands.py,1,1,2,0,0
08a0d691d8105312d4d81b64366a4fffda277a12,Javier Domingo Cansino,David Lord,2020-08-09 01:29:55+00:00,2020-08-08T18:32:24-07:00,use super() consistently,False,1,core.py,src/click/core.py,21,15,36,0,0
08a0d691d8105312d4d81b64366a4fffda277a12,Javier Domingo Cansino,David Lord,2020-08-09 01:29:55+00:00,2020-08-08T18:32:24-07:00,use super() consistently,False,1,_winconsole.py,src/click/_winconsole.py,1,1,2,0,0
ca4e4d96e59d502176d43ab4203f30f3f9a6c31d,Javier Domingo Cansino,David Lord,2020-08-09 01:30:55+00:00,2020-08-08T18:35:59-07:00,add Command.context_class,False,1,core.py,src/click/core.py,18,4,22,0,0
aff51681a7c9862edb1396f8a8272345aacd9ecb,David Lord,David Lord,2020-08-09 02:49:26+00:00,2020-08-08T19:58:33-07:00,tests for custom class attributes,False,1,test_custom_classes.py,tests/test_custom_classes.py,112,0,112,0,0
d77a0aefad0ad488d7bfd46cd7cf9ea6dc62c380,David Lord,David Lord,2020-08-11 03:28:41+00:00,2020-08-12T16:10:36-07:00,"refactor int, float, and range types with common bases",False,1,test_options.py,tests/test_options.py,15,12,27,0,1
d77a0aefad0ad488d7bfd46cd7cf9ea6dc62c380,David Lord,David Lord,2020-08-11 03:28:41+00:00,2020-08-12T16:10:36-07:00,"refactor int, float, and range types with common bases",False,1,test_basic.py,tests/test_basic.py,0,88,88,0,1
d77a0aefad0ad488d7bfd46cd7cf9ea6dc62c380,David Lord,David Lord,2020-08-11 03:28:41+00:00,2020-08-12T16:10:36-07:00,"refactor int, float, and range types with common bases",False,1,core.py,src/click/core.py,6,3,9,0,0
d77a0aefad0ad488d7bfd46cd7cf9ea6dc62c380,David Lord,David Lord,2020-08-11 03:28:41+00:00,2020-08-12T16:10:36-07:00,"refactor int, float, and range types with common bases",False,1,test_types.py,tests/test_types.py,56,0,56,0,1
d77a0aefad0ad488d7bfd46cd7cf9ea6dc62c380,David Lord,David Lord,2020-08-11 03:28:41+00:00,2020-08-12T16:10:36-07:00,"refactor int, float, and range types with common bases",False,1,types.py,src/click/types.py,111,104,215,0,0
183a7f83836fae90affc28d6eb2676014b3077e9,David Lord,David Lord,2020-08-14 17:07:20+00:00,2020-08-14T10:07:20-07:00,document that launch(wait) only works for blocking programs,False,1,termui.py,src/click/termui.py,3,1,4,0,0
783d63f34d251bec4659e81f53c9f6cde512e83e,David Lord,David Lord,2020-08-14 21:02:28+00:00,2020-08-14T14:02:28-07:00,update API docs about custom ParamType requirements,False,1,types.py,src/click/types.py,33,13,46,0,0
4f3844656a66269692492356cc43c51a22f81611,David Lord,David Lord,2020-08-16 23:23:45+00:00,2020-08-16T17:48:18-07:00,implement Context.to_info_dict,False,1,test_info_dict.py,tests/test_info_dict.py,20,9,29,0,1
4f3844656a66269692492356cc43c51a22f81611,David Lord,David Lord,2020-08-16 23:23:45+00:00,2020-08-16T17:48:18-07:00,implement Context.to_info_dict,False,1,types.py,src/click/types.py,8,0,8,0,0
4f3844656a66269692492356cc43c51a22f81611,David Lord,David Lord,2020-08-16 23:23:45+00:00,2020-08-16T17:48:18-07:00,implement Context.to_info_dict,False,1,core.py,src/click/core.py,59,9,68,0,0
cb5c21ee379ff33318dc32cda5483ed516b918f2,David Lord,David Lord,2020-10-03 04:29:26+00:00,2020-10-03T12:08:06-07:00,return list of CompletionItem objects,False,1,test_shell_completion.py,tests/test_shell_completion.py,19,14,33,0,0
cb5c21ee379ff33318dc32cda5483ed516b918f2,David Lord,David Lord,2020-10-03 04:29:26+00:00,2020-10-03T12:08:06-07:00,return list of CompletionItem objects,False,1,types.py,src/click/types.py,17,11,28,0,0
cb5c21ee379ff33318dc32cda5483ed516b918f2,David Lord,David Lord,2020-10-03 04:29:26+00:00,2020-10-03T12:08:06-07:00,return list of CompletionItem objects,False,1,shell_completion.py,src/click/shell_completion.py,39,12,51,0,0
cb5c21ee379ff33318dc32cda5483ed516b918f2,David Lord,David Lord,2020-10-03 04:29:26+00:00,2020-10-03T12:08:06-07:00,return list of CompletionItem objects,False,1,core.py,src/click/core.py,27,14,41,0,0
3faede8b430ef88f36d3efa513f5e4065a3f3a7e,David Lord,David Lord,2020-10-03 16:23:39+00:00,2020-10-03T12:28:50-07:00,rename autocompletion to shell_complete,False,1,setup.py,examples/completion/setup.py,13,0,13,0,0
3faede8b430ef88f36d3efa513f5e4065a3f3a7e,David Lord,David Lord,2020-10-03 16:23:39+00:00,2020-10-03T12:28:50-07:00,rename autocompletion to shell_complete,False,1,test_shell_completion.py,tests/test_shell_completion.py,15,2,17,0,0
3faede8b430ef88f36d3efa513f5e4065a3f3a7e,David Lord,David Lord,2020-10-03 16:23:39+00:00,2020-10-03T12:28:50-07:00,rename autocompletion to shell_complete,False,1,types.py,src/click/types.py,8,4,12,0,0
3faede8b430ef88f36d3efa513f5e4065a3f3a7e,David Lord,David Lord,2020-10-03 16:23:39+00:00,2020-10-03T12:28:50-07:00,rename autocompletion to shell_complete,False,1,completion.py,examples/completion/completion.py,53,0,53,0,0
3faede8b430ef88f36d3efa513f5e4065a3f3a7e,David Lord,David Lord,2020-10-03 16:23:39+00:00,2020-10-03T12:28:50-07:00,rename autocompletion to shell_complete,False,1,README,examples/completion/README,28,0,28,0,1
3faede8b430ef88f36d3efa513f5e4065a3f3a7e,David Lord,David Lord,2020-10-03 16:23:39+00:00,2020-10-03T12:28:50-07:00,rename autocompletion to shell_complete,False,1,setup.py,examples/bashcompletion/setup.py,0,13,13,0,0
3faede8b430ef88f36d3efa513f5e4065a3f3a7e,David Lord,David Lord,2020-10-03 16:23:39+00:00,2020-10-03T12:28:50-07:00,rename autocompletion to shell_complete,False,1,bashcompletion.py,examples/bashcompletion/bashcompletion.py,0,45,45,0,0
3faede8b430ef88f36d3efa513f5e4065a3f3a7e,David Lord,David Lord,2020-10-03 16:23:39+00:00,2020-10-03T12:28:50-07:00,rename autocompletion to shell_complete,False,1,README,examples/bashcompletion/README,0,12,12,0,0
3faede8b430ef88f36d3efa513f5e4065a3f3a7e,David Lord,David Lord,2020-10-03 16:23:39+00:00,2020-10-03T12:28:50-07:00,rename autocompletion to shell_complete,False,1,core.py,src/click/core.py,49,16,65,0,0
1b9a657efe2de8e1b7084e3c6149d70bc0736d60,David Lord,David Lord,2020-10-03 20:48:08+00:00,2020-10-03T13:48:14-07:00,don't pass all args to shell_complete methods,False,1,test_shell_completion.py,tests/test_shell_completion.py,15,3,18,0,0
1b9a657efe2de8e1b7084e3c6149d70bc0736d60,David Lord,David Lord,2020-10-03 20:48:08+00:00,2020-10-03T13:48:14-07:00,don't pass all args to shell_complete methods,False,1,types.py,src/click/types.py,4,8,12,0,1
1b9a657efe2de8e1b7084e3c6149d70bc0736d60,David Lord,David Lord,2020-10-03 20:48:08+00:00,2020-10-03T13:48:14-07:00,don't pass all args to shell_complete methods,False,1,shell_completion.py,src/click/shell_completion.py,2,2,4,0,0
1b9a657efe2de8e1b7084e3c6149d70bc0736d60,David Lord,David Lord,2020-10-03 20:48:08+00:00,2020-10-03T13:48:14-07:00,don't pass all args to shell_complete methods,False,1,core.py,src/click/core.py,30,25,55,0,0
1b9a657efe2de8e1b7084e3c6149d70bc0736d60,David Lord,David Lord,2020-10-03 20:48:08+00:00,2020-10-03T13:48:14-07:00,don't pass all args to shell_complete methods,False,1,completion.py,examples/completion/completion.py,3,3,6,0,1
8981a95d4032fb752ffd0b87059d9048e8c996f1,David Lord,David Lord,2020-10-03 21:35:08+00:00,2020-10-03T14:35:08-07:00,pass extra context settings to completion,False,1,core.py,src/click/core.py,3,3,6,0,1
8981a95d4032fb752ffd0b87059d9048e8c996f1,David Lord,David Lord,2020-10-03 21:35:08+00:00,2020-10-03T14:35:08-07:00,pass extra context settings to completion,False,1,shell_completion.py,src/click/shell_completion.py,10,6,16,0,0
8981a95d4032fb752ffd0b87059d9048e8c996f1,David Lord,David Lord,2020-10-03 21:35:08+00:00,2020-10-03T14:35:08-07:00,pass extra context settings to completion,False,1,test_shell_completion.py,tests/test_shell_completion.py,15,1,16,0,0
7e4a27fc273ceb2af3b790434e6b5470237c6168,David Lord,David Lord,2020-10-07 13:30:38+00:00,2020-10-07T06:39:40-07:00,swap order of instruction string,False,1,shell_completion.py,src/click/shell_completion.py,6,6,12,0,1
7e4a27fc273ceb2af3b790434e6b5470237c6168,David Lord,David Lord,2020-10-07 13:30:38+00:00,2020-10-07T06:39:40-07:00,swap order of instruction string,False,1,test_shell_completion.py,tests/test_shell_completion.py,4,4,8,0,1
94cc293e1bc6899cead8f8051375969a41658cf3,David Lord,David Lord,2020-10-07 19:31:15+00:00,2020-10-10T17:57:20-07:00,correct interaction of default=tuple with multiple=True,False,1,types.py,src/click/types.py,31,11,42,1,1
94cc293e1bc6899cead8f8051375969a41658cf3,David Lord,David Lord,2020-10-07 19:31:15+00:00,2020-10-10T17:57:20-07:00,correct interaction of default=tuple with multiple=True,False,1,core.py,src/click/core.py,5,1,6,1,1
94cc293e1bc6899cead8f8051375969a41658cf3,David Lord,David Lord,2020-10-07 19:31:15+00:00,2020-10-10T17:57:20-07:00,correct interaction of default=tuple with multiple=True,False,1,test_options.py,tests/test_options.py,30,14,44,1,1
e79c2b47aa5b456e6c70f980ecf0f883447eb340,David Lord,David Lord,2020-10-11 00:37:55+00:00,2020-10-10T18:39:36-07:00,get default before processing value,False,1,core.py,src/click/core.py,32,29,61,1,1
e79c2b47aa5b456e6c70f980ecf0f883447eb340,David Lord,David Lord,2020-10-11 00:37:55+00:00,2020-10-10T18:39:36-07:00,get default before processing value,False,1,shell_completion.py,src/click/shell_completion.py,19,18,37,1,0
e79c2b47aa5b456e6c70f980ecf0f883447eb340,David Lord,David Lord,2020-10-11 00:37:55+00:00,2020-10-10T18:39:36-07:00,get default before processing value,False,1,types.py,src/click/types.py,24,20,44,1,1
e79c2b47aa5b456e6c70f980ecf0f883447eb340,David Lord,David Lord,2020-10-11 00:37:55+00:00,2020-10-10T18:39:36-07:00,get default before processing value,False,1,test_basic.py,tests/test_basic.py,10,14,24,1,0
e79c2b47aa5b456e6c70f980ecf0f883447eb340,David Lord,David Lord,2020-10-11 00:37:55+00:00,2020-10-10T18:39:36-07:00,get default before processing value,False,1,test_formatting.py,tests/test_formatting.py,1,1,2,1,0
e79c2b47aa5b456e6c70f980ecf0f883447eb340,David Lord,David Lord,2020-10-11 00:37:55+00:00,2020-10-10T18:39:36-07:00,get default before processing value,False,1,test_shell_completion.py,tests/test_shell_completion.py,17,2,19,1,1
25a88794c10bb35e62802171af6346f9791da0f7,David Lord,David Lord,2020-10-11 23:50:56+00:00,2020-10-11T18:32:32-07:00,handle default=None for nargs and multiple,False,1,test_arguments.py,tests/test_arguments.py,15,12,27,1,0
25a88794c10bb35e62802171af6346f9791da0f7,David Lord,David Lord,2020-10-11 23:50:56+00:00,2020-10-11T18:32:32-07:00,handle default=None for nargs and multiple,False,1,core.py,src/click/core.py,25,3,28,1,0
25a88794c10bb35e62802171af6346f9791da0f7,David Lord,David Lord,2020-10-11 23:50:56+00:00,2020-10-11T18:32:32-07:00,handle default=None for nargs and multiple,False,1,test_types.py,tests/test_types.py,24,0,24,1,0
ffe7a3bc80c15c2ceaa301784eac5c1bff3b3614,David Lord,David Lord,2020-10-12 00:23:59+00:00,2020-10-11T18:32:32-07:00,ignore empty env vars consistently,False,1,core.py,src/click/core.py,16,3,19,0,1
78a62b37c956e71b32689a0d5c75a684aa9ab56d,David Lord,David Lord,2020-10-12 02:12:45+00:00,2020-10-11T19:12:45-07:00,check default_map in param.get_default,False,1,core.py,src/click/core.py,49,20,69,1,1
b964c1e2cba3915983a6e2f5fcb7f489acd9b33f,Felix Nordén,David Lord,2020-10-17 10:17:10+00:00,2020-10-31T19:58:23-07:00,handle case_sensitive=False when completing choices,False,1,test_shell_completion.py,tests/test_shell_completion.py,10,0,10,1,0
b964c1e2cba3915983a6e2f5fcb7f489acd9b33f,Felix Nordén,David Lord,2020-10-17 10:17:10+00:00,2020-10-31T19:58:23-07:00,handle case_sensitive=False when completing choices,False,1,types.py,src/click/types.py,8,1,9,1,0
17a82fc9255ed52f42bb84d9a6649780d8438bdc,srafi1,Amy,2020-10-22 23:28:14+00:00,2020-10-30T15:09:25-04:00,account for linebreak in help summary,False,1,utils.py,src/click/utils.py,3,0,3,0,0
17a82fc9255ed52f42bb84d9a6649780d8438bdc,srafi1,Amy,2020-10-22 23:28:14+00:00,2020-10-30T15:09:25-04:00,account for linebreak in help summary,False,1,test_basic.py,tests/test_basic.py,19,0,19,0,0
acc91bc4f47e38f43277fcdfd8ca855734c4fbbc,Shakil Rafi,GitHub,2020-11-01 02:33:19+00:00,2020-10-31T19:33:19-07:00,skip frequent progress bar renders (#1698),False,1,test_termui.py,tests/test_termui.py,10,0,10,0,0
acc91bc4f47e38f43277fcdfd8ca855734c4fbbc,Shakil Rafi,GitHub,2020-11-01 02:33:19+00:00,2020-10-31T19:33:19-07:00,skip frequent progress bar renders (#1698),False,1,termui.py,src/click/termui.py,13,6,19,0,0
acc91bc4f47e38f43277fcdfd8ca855734c4fbbc,Shakil Rafi,GitHub,2020-11-01 02:33:19+00:00,2020-10-31T19:33:19-07:00,skip frequent progress bar renders (#1698),False,1,_termui_impl.py,src/click/_termui_impl.py,18,5,23,0,0
f7cd0ff65eaf1c5cf194fe5a8104f61fd69fbc39,Sam Schott,David Lord,2020-11-10 09:41:32+00:00,2020-11-10T13:35:38-08:00,use shlex to split completion argument string,False,1,test_parser.py,tests/test_parser.py,17,0,17,0,0
f7cd0ff65eaf1c5cf194fe5a8104f61fd69fbc39,Sam Schott,David Lord,2020-11-10 09:41:32+00:00,2020-11-10T13:35:38-08:00,use shlex to split completion argument string,False,1,parser.py,src/click/parser.py,31,17,48,0,0
a9711c50be5ee37104068b309431c5ab02968b8f,Diaga,David Lord,2020-11-23 11:25:12+00:00,2021-02-15T14:06:02-08:00,custom temp directory with CLIRunner.isolated_filesystem,False,1,testing.py,src/click/testing.py,20,8,28,0,1
a9711c50be5ee37104068b309431c5ab02968b8f,Diaga,David Lord,2020-11-23 11:25:12+00:00,2021-02-15T14:06:02-08:00,custom temp directory with CLIRunner.isolated_filesystem,False,1,test_testing.py,tests/test_testing.py,15,0,15,0,1
ebcc7cbe579504cd33c6fd7ba97ccb3b5025afbd,Amy,Amy,2020-11-25 18:21:43+00:00,2020-11-25T13:21:43-05:00,release version 8.0.0a1,False,1,__init__.py,src/click/__init__.py,1,1,2,0,0
6fe4a8d6c3c8e8ad65d79fe1dc7cc732dba0b0ae,Amy,Amy,2020-11-25 18:24:53+00:00,2020-11-25T13:24:53-05:00,start version 8.0.0a2,False,1,__init__.py,src/click/__init__.py,1,1,2,0,0
5ab1ac229558b40ac87a16ac80603d0330c2e6e1,Jon Dufresne,David Lord,2020-12-22 23:01:06+00:00,2021-02-15T12:44:20-08:00,Deprecate click.get_terminal_size() in favor of stdlib shutil.,False,1,termui.py,src/click/termui.py,12,38,50,0,0
5ab1ac229558b40ac87a16ac80603d0330c2e6e1,Jon Dufresne,David Lord,2020-12-22 23:01:06+00:00,2021-02-15T12:44:20-08:00,Deprecate click.get_terminal_size() in favor of stdlib shutil.,False,1,_compat.py,src/click/_compat.py,0,11,11,0,0
5ab1ac229558b40ac87a16ac80603d0330c2e6e1,Jon Dufresne,David Lord,2020-12-22 23:01:06+00:00,2021-02-15T12:44:20-08:00,Deprecate click.get_terminal_size() in favor of stdlib shutil.,False,1,_termui_impl.py,src/click/_termui_impl.py,2,2,4,0,0
5ab1ac229558b40ac87a16ac80603d0330c2e6e1,Jon Dufresne,David Lord,2020-12-22 23:01:06+00:00,2021-02-15T12:44:20-08:00,Deprecate click.get_terminal_size() in favor of stdlib shutil.,False,1,formatting.py,src/click/formatting.py,3,2,5,0,0
2fc486c880eda9fdb746ed8baa49416acab9ea6d,MIS-Alex,GitHub,2021-01-14 16:00:00+00:00,2021-01-14T08:00:00-08:00,Replaced redundant mktemp() with mkstemp()  (#1754),False,1,_termui_impl.py,src/click/_termui_impl.py,1,1,2,0,0
32eec714347a47e15cd2f009674dc591d4064401,Benjamin Akhras,David Lord,2021-01-15 10:47:26+00:00,2021-02-15T12:29:37-08:00,show_default string is shown if default is None,False,1,test_options.py,tests/test_options.py,8,0,8,1,0
32eec714347a47e15cd2f009674dc591d4064401,Benjamin Akhras,David Lord,2021-01-15 10:47:26+00:00,2021-02-15T12:29:37-08:00,show_default string is shown if default is None,False,1,core.py,src/click/core.py,5,2,7,1,0
5a77d69224936898e81010bb1c78fcb28e534318,Iwan Aucamp,David Lord,2021-01-31 23:43:14+00:00,2021-02-15T15:41:56-08:00,initial type checking configuration,False,1,core.py,src/click/core.py,4,2,6,0,0
5a77d69224936898e81010bb1c78fcb28e534318,Iwan Aucamp,David Lord,2021-01-31 23:43:14+00:00,2021-02-15T15:41:56-08:00,initial type checking configuration,False,1,typing.in,requirements/typing.in,1,0,1,0,1
5a77d69224936898e81010bb1c78fcb28e534318,Iwan Aucamp,David Lord,2021-01-31 23:43:14+00:00,2021-02-15T15:41:56-08:00,initial type checking configuration,False,1,_compat.py,src/click/_compat.py,10,5,15,0,0
5a77d69224936898e81010bb1c78fcb28e534318,Iwan Aucamp,David Lord,2021-01-31 23:43:14+00:00,2021-02-15T15:41:56-08:00,initial type checking configuration,False,1,dev.in,requirements/dev.in,1,0,1,0,0
5a77d69224936898e81010bb1c78fcb28e534318,Iwan Aucamp,David Lord,2021-01-31 23:43:14+00:00,2021-02-15T15:41:56-08:00,initial type checking configuration,False,1,formatting.py,src/click/formatting.py,2,1,3,0,0
5a77d69224936898e81010bb1c78fcb28e534318,Iwan Aucamp,David Lord,2021-01-31 23:43:14+00:00,2021-02-15T15:41:56-08:00,initial type checking configuration,False,1,_winconsole.py,src/click/_winconsole.py,31,38,69,0,0
5a77d69224936898e81010bb1c78fcb28e534318,Iwan Aucamp,David Lord,2021-01-31 23:43:14+00:00,2021-02-15T15:41:56-08:00,initial type checking configuration,False,1,termui.py,src/click/termui.py,2,1,3,0,0
5a77d69224936898e81010bb1c78fcb28e534318,Iwan Aucamp,David Lord,2021-01-31 23:43:14+00:00,2021-02-15T15:41:56-08:00,initial type checking configuration,False,1,shell_completion.py,src/click/shell_completion.py,6,5,11,0,0
5a77d69224936898e81010bb1c78fcb28e534318,Iwan Aucamp,David Lord,2021-01-31 23:43:14+00:00,2021-02-15T15:41:56-08:00,initial type checking configuration,False,1,test_imports.py,tests/test_imports.py,2,0,2,0,0
5a77d69224936898e81010bb1c78fcb28e534318,Iwan Aucamp,David Lord,2021-01-31 23:43:14+00:00,2021-02-15T15:41:56-08:00,initial type checking configuration,False,1,types.py,src/click/types.py,4,3,7,0,0
3f44bac66138570ec9bfb7cefb8b90a5e4c9f91c,David Lord,David Lord,2021-02-09 01:31:44+00:00,2021-02-08T17:31:44-08:00,apply updated pre-commit hooks,False,1,test_termui.py,tests/test_termui.py,1,1,2,0,0
3f44bac66138570ec9bfb7cefb8b90a5e4c9f91c,David Lord,David Lord,2021-02-09 01:31:44+00:00,2021-02-08T17:31:44-08:00,apply updated pre-commit hooks,False,1,globals.py,src/click/globals.py,1,1,2,0,0
3f44bac66138570ec9bfb7cefb8b90a5e4c9f91c,David Lord,David Lord,2021-02-09 01:31:44+00:00,2021-02-08T17:31:44-08:00,apply updated pre-commit hooks,False,1,test_formatting.py,tests/test_formatting.py,9,13,22,0,0
3f44bac66138570ec9bfb7cefb8b90a5e4c9f91c,David Lord,David Lord,2021-02-09 01:31:44+00:00,2021-02-08T17:31:44-08:00,apply updated pre-commit hooks,False,1,test_options.py,tests/test_options.py,2,2,4,0,1
3f44bac66138570ec9bfb7cefb8b90a5e4c9f91c,David Lord,David Lord,2021-02-09 01:31:44+00:00,2021-02-08T17:31:44-08:00,apply updated pre-commit hooks,False,1,test_shell_completion.py,tests/test_shell_completion.py,1,3,4,0,0
9a0b219c0aa2c92ad93c91301f95dc925ae68261,Benjamin Akhras,David Lord,2021-02-15 20:48:08+00:00,2021-02-15T13:15:02-08:00,test for empty default with show_default=True,False,1,test_options.py,tests/test_options.py,8,0,8,1,0
d7fac6e16099005c642f4dcb71d84a091a787073,David Lord,David Lord,2021-02-16 02:22:21+00:00,2021-02-15T18:39:05-08:00,always install colorama on Windows,False,1,README,examples/colors/README,1,1,2,0,0
d7fac6e16099005c642f4dcb71d84a091a787073,David Lord,David Lord,2021-02-16 02:22:21+00:00,2021-02-15T18:39:05-08:00,always install colorama on Windows,False,1,colors.py,examples/colors/colors.py,2,3,5,0,0
d7fac6e16099005c642f4dcb71d84a091a787073,David Lord,David Lord,2021-02-16 02:22:21+00:00,2021-02-15T18:39:05-08:00,always install colorama on Windows,False,1,setup.py,examples/colors/setup.py,1,5,6,0,0
d7fac6e16099005c642f4dcb71d84a091a787073,David Lord,David Lord,2021-02-16 02:22:21+00:00,2021-02-15T18:39:05-08:00,always install colorama on Windows,False,1,setup.py,examples/termui/setup.py,1,5,6,0,0
d7fac6e16099005c642f4dcb71d84a091a787073,David Lord,David Lord,2021-02-16 02:22:21+00:00,2021-02-15T18:39:05-08:00,always install colorama on Windows,False,1,setup.py,setup.py,1,1,2,0,0
d7fac6e16099005c642f4dcb71d84a091a787073,David Lord,David Lord,2021-02-16 02:22:21+00:00,2021-02-15T18:39:05-08:00,always install colorama on Windows,False,1,_compat.py,src/click/_compat.py,38,42,80,0,0
d7fac6e16099005c642f4dcb71d84a091a787073,David Lord,David Lord,2021-02-16 02:22:21+00:00,2021-02-15T18:39:05-08:00,always install colorama on Windows,False,1,termui.py,src/click/termui.py,0,3,3,0,0
d7fac6e16099005c642f4dcb71d84a091a787073,David Lord,David Lord,2021-02-16 02:22:21+00:00,2021-02-15T18:39:05-08:00,always install colorama on Windows,False,1,utils.py,src/click/utils.py,33,44,77,0,0
d7fac6e16099005c642f4dcb71d84a091a787073,David Lord,David Lord,2021-02-16 02:22:21+00:00,2021-02-15T18:39:05-08:00,always install colorama on Windows,False,1,test_imports.py,tests/test_imports.py,1,2,3,0,0
d7fac6e16099005c642f4dcb71d84a091a787073,David Lord,David Lord,2021-02-16 02:22:21+00:00,2021-02-15T18:39:05-08:00,always install colorama on Windows,False,1,tests.in,requirements/tests.in,0,1,1,0,0
05c38db227a84e1d92d814003f1339a9a2fae0d1,Saif807380,David Lord,2021-02-16 13:14:45+00:00,2021-02-24T14:37:45-08:00,option callback is invoked when validating prompt value,False,1,test_options.py,tests/test_options.py,17,1,18,0,1
05c38db227a84e1d92d814003f1339a9a2fae0d1,Saif807380,David Lord,2021-02-16 13:14:45+00:00,2021-02-24T14:37:45-08:00,option callback is invoked when validating prompt value,False,1,test_arguments.py,tests/test_arguments.py,1,1,2,0,0
05c38db227a84e1d92d814003f1339a9a2fae0d1,Saif807380,David Lord,2021-02-16 13:14:45+00:00,2021-02-24T14:37:45-08:00,option callback is invoked when validating prompt value,False,1,core.py,src/click/core.py,17,20,37,0,0
06aa862c4530925188436a4481155b09051cf990,Saif807380,David Lord,2021-02-18 17:20:19+00:00,2021-02-24T17:06:17-08:00,customize confirmation prompt,False,1,termui.py,src/click/termui.py,23,11,34,0,0
06aa862c4530925188436a4481155b09051cf990,Saif807380,David Lord,2021-02-18 17:20:19+00:00,2021-02-24T17:06:17-08:00,customize confirmation prompt,False,1,test_termui.py,tests/test_termui.py,24,0,24,0,0
06aa862c4530925188436a4481155b09051cf990,Saif807380,David Lord,2021-02-18 17:20:19+00:00,2021-02-24T17:06:17-08:00,customize confirmation prompt,False,1,core.py,src/click/core.py,4,2,6,0,1
493e8ed459ba37c04efd6364d968276cc025df47,David Lord,David Lord,2021-02-24 17:54:51+00:00,2021-02-24T09:54:51-08:00,update project links,False,1,conf.py,docs/conf.py,5,3,8,0,0
43d1bcf2011cd6b8a8004550ab9d86f7a51c61f1,leshna balara,David Lord,2021-02-24 20:55:31+00:00,2021-02-24T16:35:15-08:00,allow style support for Jupyter on Windows,False,1,test_compat.py,tests/test_compat.py,0,4,4,0,0
43d1bcf2011cd6b8a8004550ab9d86f7a51c61f1,leshna balara,David Lord,2021-02-24 20:55:31+00:00,2021-02-24T16:35:15-08:00,allow style support for Jupyter on Windows,False,1,_compat.py,src/click/_compat.py,1,6,7,0,0
24c6b8ab15dd488f35add7ceff1e296c2f852897,Saif807380,Saif807380,2021-02-25 18:16:54+00:00,2021-02-25T23:46:54+05:30,clirunner.isolation returns bytes_error or none,False,1,testing.py,src/click/testing.py,2,1,3,1,1
244d914364e447175549dab8c2414cdb73d86a3c,Saif807380,David Lord,2021-03-01 09:06:36+00:00,2021-03-03T11:20:02-08:00,remove multiline marker from short help text,False,1,test_formatting.py,tests/test_formatting.py,19,0,19,0,0
244d914364e447175549dab8c2414cdb73d86a3c,Saif807380,David Lord,2021-03-01 09:06:36+00:00,2021-03-03T11:20:02-08:00,remove multiline marker from short help text,False,1,utils.py,src/click/utils.py,3,0,3,0,0
3a10d8236cd098a7c88b76f6b18d1c73b4beae87,BALaka-18,David Lord,2021-03-02 11:19:53+00:00,2021-03-02T08:43:09-08:00,Added strikethrough support for style,False,1,termui.py,src/click/termui.py,8,0,8,0,0
3cc31b10e8187035d81f5c08163ecf15dad0e5ef,David Lord,David Lord,2021-03-04 02:30:40+00:00,2021-03-03T18:30:40-08:00,don't hide fast progress bars,False,1,test_termui.py,tests/test_termui.py,17,38,55,0,0
3cc31b10e8187035d81f5c08163ecf15dad0e5ef,David Lord,David Lord,2021-03-04 02:30:40+00:00,2021-03-03T18:30:40-08:00,don't hide fast progress bars,False,1,termui.py,src/click/termui.py,3,0,3,0,0
3cc31b10e8187035d81f5c08163ecf15dad0e5ef,David Lord,David Lord,2021-03-04 02:30:40+00:00,2021-03-03T18:30:40-08:00,don't hide fast progress bars,False,1,_termui_impl.py,src/click/_termui_impl.py,2,6,8,0,0
6d64ca5d0eab6df9a66e1c732dc52d1b68a41ae4,David Lord,David Lord,2021-03-05 04:28:01+00:00,2021-03-04T20:28:01-08:00,path type supports pathlib,False,1,test_types.py,tests/test_types.py,22,0,22,0,1
6d64ca5d0eab6df9a66e1c732dc52d1b68a41ae4,David Lord,David Lord,2021-03-05 04:28:01+00:00,2021-03-04T20:28:01-08:00,path type supports pathlib,False,1,types.py,src/click/types.py,19,18,37,0,1
1cb86096124299579156f2c983efe05585f1a01b,Saif Kazi,GitHub,2021-03-05 14:40:50+00:00,2021-03-05T06:40:50-08:00,Better error message for bad parameter default (#1805),False,1,test_options.py,tests/test_options.py,14,0,14,1,0
1cb86096124299579156f2c983efe05585f1a01b,Saif Kazi,GitHub,2021-03-05 14:40:50+00:00,2021-03-05T06:40:50-08:00,Better error message for bad parameter default (#1805),False,1,core.py,src/click/core.py,9,1,10,1,0
21a68bd1776248ff071bbfc321d81e9f341b5250,David Lord,David Lord,2021-03-05 16:46:06+00:00,2021-03-05T08:46:06-08:00,add pass_meta_key decorator,False,1,test_context.py,tests/test_context.py,23,0,23,0,0
21a68bd1776248ff071bbfc321d81e9f341b5250,David Lord,David Lord,2021-03-05 16:46:06+00:00,2021-03-05T08:46:06-08:00,add pass_meta_key decorator,False,1,decorators.py,src/click/decorators.py,36,0,36,0,0
d2b315ae317d96860323fbed67c3736df7928ece,David Lord,David Lord,2021-03-05 16:47:37+00:00,2021-03-05T08:47:37-08:00,typing for pass decorators,False,1,decorators.py,src/click/decorators.py,13,7,20,0,0
d2b315ae317d96860323fbed67c3736df7928ece,David Lord,David Lord,2021-03-05 16:47:37+00:00,2021-03-05T08:47:37-08:00,typing for pass decorators,False,1,conf.py,docs/conf.py,1,0,1,0,0
0d01686fe6be5c335f50098a06b7e847a2753452,Seb Aebischer,David Lord,2021-03-06 16:47:26+00:00,2021-04-13T13:28:09-07:00,fix output when using echo_stdin,False,1,testing.py,src/click/testing.py,25,4,29,1,0
0d01686fe6be5c335f50098a06b7e847a2753452,Seb Aebischer,David Lord,2021-03-06 16:47:26+00:00,2021-04-13T13:28:09-07:00,fix output when using echo_stdin,False,1,test_testing.py,tests/test_testing.py,75,0,75,1,0
0786fda333610aa04c912b17d81f2784bf54ba50,BALaka-18,David Lord,2021-03-17 19:11:35+00:00,2021-03-31T12:23:04-07:00,deprecation notice appears at front of help and short help,False,1,test_commands.py,tests/test_commands.py,2,2,4,0,1
0786fda333610aa04c912b17d81f2784bf54ba50,BALaka-18,David Lord,2021-03-17 19:11:35+00:00,2021-03-31T12:23:04-07:00,deprecation notice appears at front of help and short help,False,1,core.py,src/click/core.py,26,24,50,0,0
1e02000e172d4aa46bf4f577ac763b48f5ff01fb,Ricardo Bánffy,David Lord,2021-03-23 21:31:02+00:00,2021-04-02T10:07:59-07:00,add italic and overline to style,False,1,test_utils.py,tests/test_utils.py,7,2,9,0,0
1e02000e172d4aa46bf4f577ac763b48f5ff01fb,Ricardo Bánffy,David Lord,2021-03-23 21:31:02+00:00,2021-04-02T10:07:59-07:00,add italic and overline to style,False,1,termui.py,src/click/termui.py,10,1,11,0,0
df5a6e4801110f0f1c8ed8fe15dbeefd74507987,BALaka-18,David Lord,2021-03-29 16:24:26+00:00,2021-03-30T12:57:58-07:00,resolve symlinks on Windows Python < 3.8,False,1,types.py,src/click/types.py,4,0,4,1,0
03e2fee8a99f08976aef0d38cb3fa372a94c928a,Saif807380,David Lord,2021-04-01 11:41:37+00:00,2021-04-03T09:54:11-07:00,mark cli messages for translation,False,1,decorators.py,src/click/decorators.py,7,3,10,0,0
03e2fee8a99f08976aef0d38cb3fa372a94c928a,Saif807380,David Lord,2021-04-01 11:41:37+00:00,2021-04-03T09:54:11-07:00,mark cli messages for translation,False,1,exceptions.py,src/click/exceptions.py,14,4,18,0,0
03e2fee8a99f08976aef0d38cb3fa372a94c928a,Saif807380,David Lord,2021-04-01 11:41:37+00:00,2021-04-03T09:54:11-07:00,mark cli messages for translation,False,1,core.py,src/click/core.py,6,3,9,0,0
03e2fee8a99f08976aef0d38cb3fa372a94c928a,Saif807380,David Lord,2021-04-01 11:41:37+00:00,2021-04-03T09:54:11-07:00,mark cli messages for translation,False,1,termui.py,src/click/termui.py,6,5,11,0,0
03e2fee8a99f08976aef0d38cb3fa372a94c928a,Saif807380,David Lord,2021-04-01 11:41:37+00:00,2021-04-03T09:54:11-07:00,mark cli messages for translation,False,1,test_imports.py,tests/test_imports.py,1,0,1,0,0
ee4feaaa99a50831fb52963a08e16c9d3e70aacd,David Lord,David Lord,2021-04-01 18:04:52+00:00,2021-04-01T11:25:11-07:00,expand patterns in Windows args,False,1,core.py,src/click/core.py,11,3,14,0,0
ee4feaaa99a50831fb52963a08e16c9d3e70aacd,David Lord,David Lord,2021-04-01 18:04:52+00:00,2021-04-01T11:25:11-07:00,expand patterns in Windows args,False,1,utils.py,src/click/utils.py,46,0,46,0,0
ee4feaaa99a50831fb52963a08e16c9d3e70aacd,David Lord,David Lord,2021-04-01 18:04:52+00:00,2021-04-01T11:25:11-07:00,expand patterns in Windows args,False,1,test_utils.py,tests/test_utils.py,10,0,10,0,1
bc21607df91d6c18f8c1054b82a59127cd17f0ea,David Lord,David Lord,2021-04-02 15:35:44+00:00,2021-04-02T08:35:44-07:00,revert adding space between option help,False,1,formatting.py,src/click/formatting.py,0,4,4,0,0
bc21607df91d6c18f8c1054b82a59127cd17f0ea,David Lord,David Lord,2021-04-02 15:35:44+00:00,2021-04-02T08:35:44-07:00,revert adding space between option help,False,1,test_formatting.py,tests/test_formatting.py,0,36,36,0,0
8d49e146ab8c2312e7917bb7c3f8abf01b8b55bf,David Lord,David Lord,2021-04-03 19:34:17+00:00,2021-04-03T15:06:27-07:00,mark more messages for translation,False,1,_termui_impl.py,src/click/_termui_impl.py,7,2,9,0,0
8d49e146ab8c2312e7917bb7c3f8abf01b8b55bf,David Lord,David Lord,2021-04-03 19:34:17+00:00,2021-04-03T15:06:27-07:00,mark more messages for translation,False,1,_unicodefun.py,src/click/_unicodefun.py,39,28,67,0,0
8d49e146ab8c2312e7917bb7c3f8abf01b8b55bf,David Lord,David Lord,2021-04-03 19:34:17+00:00,2021-04-03T15:06:27-07:00,mark more messages for translation,False,1,core.py,src/click/core.py,24,19,43,0,1
8d49e146ab8c2312e7917bb7c3f8abf01b8b55bf,David Lord,David Lord,2021-04-03 19:34:17+00:00,2021-04-03T15:06:27-07:00,mark more messages for translation,False,1,exceptions.py,src/click/exceptions.py,42,27,69,0,0
8d49e146ab8c2312e7917bb7c3f8abf01b8b55bf,David Lord,David Lord,2021-04-03 19:34:17+00:00,2021-04-03T15:06:27-07:00,mark more messages for translation,False,1,formatting.py,src/click/formatting.py,7,2,9,0,0
8d49e146ab8c2312e7917bb7c3f8abf01b8b55bf,David Lord,David Lord,2021-04-03 19:34:17+00:00,2021-04-03T15:06:27-07:00,mark more messages for translation,False,1,decorators.py,src/click/decorators.py,2,1,3,0,0
8d49e146ab8c2312e7917bb7c3f8abf01b8b55bf,David Lord,David Lord,2021-04-03 19:34:17+00:00,2021-04-03T15:06:27-07:00,mark more messages for translation,False,1,shell_completion.py,src/click/shell_completion.py,6,3,9,0,0
8d49e146ab8c2312e7917bb7c3f8abf01b8b55bf,David Lord,David Lord,2021-04-03 19:34:17+00:00,2021-04-03T15:06:27-07:00,mark more messages for translation,False,1,termui.py,src/click/termui.py,9,4,13,0,1
8d49e146ab8c2312e7917bb7c3f8abf01b8b55bf,David Lord,David Lord,2021-04-03 19:34:17+00:00,2021-04-03T15:06:27-07:00,mark more messages for translation,False,1,types.py,src/click/types.py,59,20,79,0,0
8d49e146ab8c2312e7917bb7c3f8abf01b8b55bf,David Lord,David Lord,2021-04-03 19:34:17+00:00,2021-04-03T15:06:27-07:00,mark more messages for translation,False,1,test_arguments.py,tests/test_arguments.py,2,2,4,0,0
8d49e146ab8c2312e7917bb7c3f8abf01b8b55bf,David Lord,David Lord,2021-04-03 19:34:17+00:00,2021-04-03T15:06:27-07:00,mark more messages for translation,False,1,test_basic.py,tests/test_basic.py,1,1,2,0,0
8d49e146ab8c2312e7917bb7c3f8abf01b8b55bf,David Lord,David Lord,2021-04-03 19:34:17+00:00,2021-04-03T15:06:27-07:00,mark more messages for translation,False,1,test_options.py,tests/test_options.py,2,2,4,0,0
8d49e146ab8c2312e7917bb7c3f8abf01b8b55bf,David Lord,David Lord,2021-04-03 19:34:17+00:00,2021-04-03T15:06:27-07:00,mark more messages for translation,False,1,test_termui.py,tests/test_termui.py,1,1,2,0,0
8d49e146ab8c2312e7917bb7c3f8abf01b8b55bf,David Lord,David Lord,2021-04-03 19:34:17+00:00,2021-04-03T15:06:27-07:00,mark more messages for translation,False,1,parser.py,src/click/parser.py,14,4,18,0,0
ad2482bf696df25025ee78fb81a8cf91256af6a5,David Lord,David Lord,2021-04-04 15:03:22+00:00,2021-04-04T08:08:18-07:00,test runner opens stderr with backslashreplace,False,1,test_testing.py,tests/test_testing.py,12,0,12,0,0
ad2482bf696df25025ee78fb81a8cf91256af6a5,David Lord,David Lord,2021-04-04 15:03:22+00:00,2021-04-04T08:08:18-07:00,test runner opens stderr with backslashreplace,False,1,testing.py,src/click/testing.py,12,4,16,0,0
4aff02676c0d9628e095731c124b647ed256ee5a,Saif807380,David Lord,2021-04-06 15:21:19+00:00,2021-04-06T09:25:56-07:00,fix backspace in prompt with readline enabled,False,1,test_utils.py,tests/test_utils.py,4,4,8,1,0
4aff02676c0d9628e095731c124b647ed256ee5a,Saif807380,David Lord,2021-04-06 15:21:19+00:00,2021-04-06T09:25:56-07:00,fix backspace in prompt with readline enabled,False,1,termui.py,src/click/termui.py,4,2,6,1,0
ceeeb649577e733b5d2741d73b4b517885d24379,David Lord,David Lord,2021-04-08 14:17:23+00:00,2021-04-08T07:17:23-07:00,update urllib unquote import,False,1,_termui_impl.py,src/click/_termui_impl.py,4,3,7,0,0
043511294a9eec59d08e64c351621e790ae74b76,Saif807380,David Lord,2021-04-09 12:31:08+00:00,2021-04-12T19:33:58-07:00,Fixed inconsistency in forwarding params,False,1,core.py,src/click/core.py,12,0,12,1,0
043511294a9eec59d08e64c351621e790ae74b76,Saif807380,David Lord,2021-04-09 12:31:08+00:00,2021-04-12T19:33:58-07:00,Fixed inconsistency in forwarding params,False,1,test_commands.py,tests/test_commands.py,22,0,22,1,1
ad422c44a09d27c404f90f229def874c7ab0dd5b,David Lord,David Lord,2021-04-11 17:19:31+00:00,2022-02-19T06:50:55-08:00,parametrize basic option tests,False,1,test_basic.py,tests/test_basic.py,74,64,138,0,1
1167ebe1f2b678b58394332e82675300d4a0299a,David Lord,David Lord,2021-04-12 14:36:25+00:00,2021-04-12T07:36:25-07:00,use os.fsdecode to display paths,False,1,exceptions.py,src/click/exceptions.py,2,3,5,0,0
1167ebe1f2b678b58394332e82675300d4a0299a,David Lord,David Lord,2021-04-12 14:36:25+00:00,2021-04-12T07:36:25-07:00,use os.fsdecode to display paths,False,1,types.py,src/click/types.py,6,7,13,0,0
1167ebe1f2b678b58394332e82675300d4a0299a,David Lord,David Lord,2021-04-12 14:36:25+00:00,2021-04-12T07:36:25-07:00,use os.fsdecode to display paths,False,1,utils.py,src/click/utils.py,2,2,4,0,1
1167ebe1f2b678b58394332e82675300d4a0299a,David Lord,David Lord,2021-04-12 14:36:25+00:00,2021-04-12T07:36:25-07:00,use os.fsdecode to display paths,False,1,test_utils.py,tests/test_utils.py,1,1,2,0,1
1167ebe1f2b678b58394332e82675300d4a0299a,David Lord,David Lord,2021-04-12 14:36:25+00:00,2021-04-12T07:36:25-07:00,use os.fsdecode to display paths,False,1,_compat.py,src/click/_compat.py,0,8,8,0,0
b1e7858cae16957d2d9eb2fc462b29e67cf9d320,David Lord,David Lord,2021-04-13 03:12:04+00:00,2021-04-12T20:13:57-07:00,rename resultcallback to result_callback,False,1,test_chain.py,tests/test_chain.py,2,2,4,0,0
b1e7858cae16957d2d9eb2fc462b29e67cf9d320,David Lord,David Lord,2021-04-13 03:12:04+00:00,2021-04-12T20:13:57-07:00,rename resultcallback to result_callback,False,1,core.py,src/click/core.py,29,13,42,0,0
b1e7858cae16957d2d9eb2fc462b29e67cf9d320,David Lord,David Lord,2021-04-13 03:12:04+00:00,2021-04-12T20:13:57-07:00,rename resultcallback to result_callback,False,1,imagepipe.py,examples/imagepipe/imagepipe.py,1,1,2,0,0
f6f8976900d9c9d65e82d61477a626545c58f054,David Lord,David Lord,2021-04-14 14:49:32+00:00,2021-04-14T07:49:32-07:00,use decorator to pause echo,False,1,test_testing.py,tests/test_testing.py,6,9,15,0,0
f6f8976900d9c9d65e82d61477a626545c58f054,David Lord,David Lord,2021-04-14 14:49:32+00:00,2021-04-14T07:49:32-07:00,use decorator to pause echo,False,1,testing.py,src/click/testing.py,27,20,47,0,0
d48b59be391f9f9bfb41dd62db07e46519d08bfe,Gianluca Gippetto,David Lord,2021-04-14 15:26:41+00:00,2021-04-14T12:11:34-07:00,"fix make_default_short_help max_length, refactor",False,1,test_utils.py,tests/test_utils.py,36,0,36,1,1
d48b59be391f9f9bfb41dd62db07e46519d08bfe,Gianluca Gippetto,David Lord,2021-04-14 15:26:41+00:00,2021-04-14T12:11:34-07:00,"fix make_default_short_help max_length, refactor",False,1,utils.py,src/click/utils.py,41,22,63,1,0
11b28625b94cabf3a0abaa1aaddc0292e24929a4,David Lord,David Lord,2021-04-15 21:44:42+00:00,2021-04-15T14:44:42-07:00,refactor type_cast_value,False,1,core.py,src/click/core.py,116,66,182,0,0
11b28625b94cabf3a0abaa1aaddc0292e24929a4,David Lord,David Lord,2021-04-15 21:44:42+00:00,2021-04-15T14:44:42-07:00,refactor type_cast_value,False,1,types.py,src/click/types.py,13,4,17,0,0
11b28625b94cabf3a0abaa1aaddc0292e24929a4,David Lord,David Lord,2021-04-15 21:44:42+00:00,2021-04-15T14:44:42-07:00,refactor type_cast_value,False,1,test_options.py,tests/test_options.py,33,12,45,0,0
11b28625b94cabf3a0abaa1aaddc0292e24929a4,David Lord,David Lord,2021-04-15 21:44:42+00:00,2021-04-15T14:44:42-07:00,refactor type_cast_value,False,1,test_arguments.py,tests/test_arguments.py,13,21,34,0,0
21e35874e7d6e829a8093fc720ec4cf51020b79e,David Lord,David Lord,2021-04-15 22:21:08+00:00,2021-04-15T15:21:08-07:00,mention click in deprecation message,False,1,utils.py,src/click/utils.py,3,3,6,0,0
8a1078c140ed5f473014eca3664b6e2c46991dbe,David Lord,David Lord,2021-04-16 14:00:38+00:00,2021-04-16T07:00:38-07:00,update pallets-sphinx-themes,False,1,docs.in,requirements/docs.in,1,1,2,0,0
6708c86e2e2e93c21183f505a32bb009b607c9e4,David Lord,David Lord,2021-04-16 14:04:26+00:00,2021-04-16T07:04:26-07:00,release version 8.0.0rc1,False,1,__init__.py,src/click/__init__.py,1,1,2,0,0
77ce48f8d7d3b64a09741cf53dd2995d668317cf,David Lord,David Lord,2021-04-16 22:34:49+00:00,2021-04-16T15:34:49-07:00,inline some unneeded constants,False,1,utils.py,src/click/utils.py,1,4,5,0,0
77ce48f8d7d3b64a09741cf53dd2995d668317cf,David Lord,David Lord,2021-04-16 22:34:49+00:00,2021-04-16T15:34:49-07:00,inline some unneeded constants,False,1,core.py,src/click/core.py,3,8,11,0,0
0103c9570650daa59560baf42ad0a27e57b3157f,David Lord,David Lord,2021-04-23 15:38:47+00:00,2021-04-23T08:38:47-07:00,add typing annotations,False,1,core.py,src/click/core.py,568,340,908,0,0
0103c9570650daa59560baf42ad0a27e57b3157f,David Lord,David Lord,2021-04-23 15:38:47+00:00,2021-04-23T08:38:47-07:00,add typing annotations,False,1,_winconsole.py,src/click/_winconsole.py,21,18,39,0,0
0103c9570650daa59560baf42ad0a27e57b3157f,David Lord,David Lord,2021-04-23 15:38:47+00:00,2021-04-23T08:38:47-07:00,add typing annotations,False,1,_unicodefun.py,src/click/_unicodefun.py,20,13,33,0,0
0103c9570650daa59560baf42ad0a27e57b3157f,David Lord,David Lord,2021-04-23 15:38:47+00:00,2021-04-23T08:38:47-07:00,add typing annotations,False,1,decorators.py,src/click/decorators.py,69,49,118,0,0
0103c9570650daa59560baf42ad0a27e57b3157f,David Lord,David Lord,2021-04-23 15:38:47+00:00,2021-04-23T08:38:47-07:00,add typing annotations,False,1,_compat.py,src/click/_compat.py,138,87,225,0,1
0103c9570650daa59560baf42ad0a27e57b3157f,David Lord,David Lord,2021-04-23 15:38:47+00:00,2021-04-23T08:38:47-07:00,add typing annotations,False,1,termui.py,examples/termui/termui.py,1,1,2,0,0
0103c9570650daa59560baf42ad0a27e57b3157f,David Lord,David Lord,2021-04-23 15:38:47+00:00,2021-04-23T08:38:47-07:00,add typing annotations,False,1,MANIFEST.in,MANIFEST.in,1,0,1,0,0
0103c9570650daa59560baf42ad0a27e57b3157f,David Lord,David Lord,2021-04-23 15:38:47+00:00,2021-04-23T08:38:47-07:00,add typing annotations,False,1,_termui_impl.py,src/click/_termui_impl.py,126,110,236,0,0
0103c9570650daa59560baf42ad0a27e57b3157f,David Lord,David Lord,2021-04-23 15:38:47+00:00,2021-04-23T08:38:47-07:00,add typing annotations,False,1,exceptions.py,src/click/exceptions.py,57,26,83,0,0
0103c9570650daa59560baf42ad0a27e57b3157f,David Lord,David Lord,2021-04-23 15:38:47+00:00,2021-04-23T08:38:47-07:00,add typing annotations,False,1,_textwrap.py,src/click/_textwrap.py,15,3,18,0,0
0103c9570650daa59560baf42ad0a27e57b3157f,David Lord,David Lord,2021-04-23 15:38:47+00:00,2021-04-23T08:38:47-07:00,add typing annotations,False,1,globals.py,src/click/globals.py,27,5,32,0,0
0103c9570650daa59560baf42ad0a27e57b3157f,David Lord,David Lord,2021-04-23 15:38:47+00:00,2021-04-23T08:38:47-07:00,add typing annotations,False,1,parser.py,src/click/parser.py,91,43,134,0,1
0103c9570650daa59560baf42ad0a27e57b3157f,David Lord,David Lord,2021-04-23 15:38:47+00:00,2021-04-23T08:38:47-07:00,add typing annotations,False,1,py.typed,src/click/py.typed,0,0,0,0,0
0103c9570650daa59560baf42ad0a27e57b3157f,David Lord,David Lord,2021-04-23 15:38:47+00:00,2021-04-23T08:38:47-07:00,add typing annotations,False,1,shell_completion.py,src/click/shell_completion.py,65,36,101,0,0
0103c9570650daa59560baf42ad0a27e57b3157f,David Lord,David Lord,2021-04-23 15:38:47+00:00,2021-04-23T08:38:47-07:00,add typing annotations,False,1,termui.py,src/click/termui.py,117,78,195,0,0
0103c9570650daa59560baf42ad0a27e57b3157f,David Lord,David Lord,2021-04-23 15:38:47+00:00,2021-04-23T08:38:47-07:00,add typing annotations,False,1,testing.py,src/click/testing.py,102,69,171,0,1
0103c9570650daa59560baf42ad0a27e57b3157f,David Lord,David Lord,2021-04-23 15:38:47+00:00,2021-04-23T08:38:47-07:00,add typing annotations,False,1,types.py,src/click/types.py,158,79,237,0,1
0103c9570650daa59560baf42ad0a27e57b3157f,David Lord,David Lord,2021-04-23 15:38:47+00:00,2021-04-23T08:38:47-07:00,add typing annotations,False,1,utils.py,src/click/utils.py,90,56,146,0,1
0103c9570650daa59560baf42ad0a27e57b3157f,David Lord,David Lord,2021-04-23 15:38:47+00:00,2021-04-23T08:38:47-07:00,add typing annotations,False,1,test_termui.py,tests/test_termui.py,15,19,34,0,0
0103c9570650daa59560baf42ad0a27e57b3157f,David Lord,David Lord,2021-04-23 15:38:47+00:00,2021-04-23T08:38:47-07:00,add typing annotations,False,1,formatting.py,src/click/formatting.py,46,26,72,0,0
0103c9570650daa59560baf42ad0a27e57b3157f,David Lord,David Lord,2021-04-23 15:38:47+00:00,2021-04-23T08:38:47-07:00,add typing annotations,False,1,test_testing.py,tests/test_testing.py,3,3,6,0,0
6143675b5b022f09943579c683337f9ef3e82968,David Lord,David Lord,2021-04-23 16:13:33+00:00,2021-04-23T09:13:33-07:00,remove _compat.get_strerror,False,1,utils.py,src/click/utils.py,1,2,3,1,0
6143675b5b022f09943579c683337f9ef3e82968,David Lord,David Lord,2021-04-23 16:13:33+00:00,2021-04-23T09:13:33-07:00,remove _compat.get_strerror,False,1,types.py,src/click/types.py,1,2,3,1,1
6143675b5b022f09943579c683337f9ef3e82968,David Lord,David Lord,2021-04-23 16:13:33+00:00,2021-04-23T09:13:33-07:00,remove _compat.get_strerror,False,1,_compat.py,src/click/_compat.py,0,11,11,1,0
b3ee5307705549e1d85f7a509b22d8368e68a4b2,David Lord,David Lord,2021-04-23 16:16:29+00:00,2021-04-23T09:16:29-07:00,remove _winconsole.WindowsChunkedWriter,False,1,_winconsole.py,src/click/_winconsole.py,0,25,25,0,0
b3ee5307705549e1d85f7a509b22d8368e68a4b2,David Lord,David Lord,2021-04-23 16:16:29+00:00,2021-04-23T09:16:29-07:00,remove _winconsole.WindowsChunkedWriter,False,1,_compat.py,src/click/_compat.py,0,1,1,0,0
57af071b304d194f50276392db5047a4fdcc60bf,Shayegan Hooshyari,David Lord,2021-04-26 10:50:05+00:00,2022-02-19T07:31:35-08:00,parametrize chain tests,False,1,test_chain.py,tests/test_chain.py,28,31,59,0,0
5bc59bdc5ea2a2b9aa5a56c5af8a2abbc2a91453,bdista,David Lord,2021-04-30 22:48:47+00:00,2022-02-19T07:36:03-08:00,replace for loop with parametrize,False,1,test_arguments.py,tests/test_arguments.py,15,15,30,0,0
3a39cb21b25df39d5d0f161de5debaa9ba7cc7d9,David Lord,David Lord,2021-05-03 12:50:59+00:00,2021-05-03T05:50:59-07:00,more accurate custom shell_complete annotation,False,1,core.py,src/click/core.py,3,2,5,0,0
e3e1691620c4791e662e4d8846b18295c1a018a2,Adrien Pensart,David Lord,2021-05-04 17:28:39+00:00,2021-05-10T23:02:15-07:00,repr is erasing ANSI escapes codes,False,1,core.py,src/click/core.py,2,2,4,0,0
dcd991d986d43c4f12cc838c4008dfafc015c21d,Gianluca Gippetto,David Lord,2021-05-07 15:18:59+00:00,2021-05-10T23:07:23-07:00,HelpFormatter.write_text uses full width,False,1,test_formatting.py,tests/test_formatting.py,10,0,10,0,1
dcd991d986d43c4f12cc838c4008dfafc015c21d,Gianluca Gippetto,David Lord,2021-05-07 15:18:59+00:00,2021-05-10T23:07:23-07:00,HelpFormatter.write_text uses full width,False,1,formatting.py,src/click/formatting.py,1,2,3,0,0
b862cb17cb99e748bf0160583d00874aaabe2f04,David Lord,David Lord,2021-05-11 20:37:26+00:00,2021-05-11T13:37:26-07:00,update requirements,False,1,docs.in,requirements/docs.in,1,1,2,0,0
dfa63691631e733712d8a7d706e154f3d7b7cd5d,David Lord,David Lord,2021-05-11 20:38:04+00:00,2021-05-11T13:38:04-07:00,release version 8.0.0,False,1,__init__.py,src/click/__init__.py,1,1,2,0,0
b700cf61962d669d9610226e3f08a0dfd423e51f,David Lord,David Lord,2021-05-11 20:48:42+00:00,2021-05-11T13:48:42-07:00,start version 8.0.1.dev0,False,1,conf.py,docs/conf.py,1,1,2,0,0
b700cf61962d669d9610226e3f08a0dfd423e51f,David Lord,David Lord,2021-05-11 20:48:42+00:00,2021-05-11T13:48:42-07:00,start version 8.0.1.dev0,False,1,__init__.py,src/click/__init__.py,1,1,2,0,0
27d12bd7fbe61fcfa6d572902b01b33f6c8e0983,David Lord,David Lord,2021-05-11 20:49:27+00:00,2021-05-11T13:49:27-07:00,start version 8.1.0.dev0,False,1,__init__.py,src/click/__init__.py,1,1,2,0,0
447b6bbb5440d1e59f685bcddca5abcb784e3923,David Lord,David Lord,2021-05-12 15:28:45+00:00,2021-05-12T09:08:07-07:00,explicit reexports,False,1,__init__.py,src/click/__init__.py,67,67,134,0,0
5a74def4c506c044301a79a0dfc00593b047b662,David Lord,David Lord,2021-05-12 15:33:15+00:00,2021-05-12T09:08:07-07:00,ctx.obj is marked Any instead of Optional[Any],False,1,core.py,src/click/core.py,1,1,2,0,1
5295f0402644a1e3748e8c5891638743c5eaa5cc,David Lord,David Lord,2021-05-12 16:52:07+00:00,2021-05-12T09:52:07-07:00,fix typing that wasn't available in Python 3.6.0,False,1,types.py,src/click/types.py,1,1,2,1,0
5295f0402644a1e3748e8c5891638743c5eaa5cc,David Lord,David Lord,2021-05-12 16:52:07+00:00,2021-05-12T09:52:07-07:00,fix typing that wasn't available in Python 3.6.0,False,1,parser.py,src/click/parser.py,2,1,3,1,0
5295f0402644a1e3748e8c5891638743c5eaa5cc,David Lord,David Lord,2021-05-12 16:52:07+00:00,2021-05-12T09:52:07-07:00,fix typing that wasn't available in Python 3.6.0,False,1,core.py,src/click/core.py,5,5,10,1,0
d77dfb582aaebbd3576af9475779e7c2e5ef0799,Vincent Philippon,David Lord,2021-05-12 19:31:39+00:00,2021-05-18T18:25:04-07:00,install importlib_metadata on Python < 3.8,False,1,setup.py,setup.py,7,1,8,0,0
d77dfb582aaebbd3576af9475779e7c2e5ef0799,Vincent Philippon,David Lord,2021-05-12 19:31:39+00:00,2021-05-18T18:25:04-07:00,install importlib_metadata on Python < 3.8,False,1,decorators.py,src/click/decorators.py,1,9,10,0,0
61563ceace91c5725ec1113cbb245224574f657f,Vincent Philippon,David Lord,2021-05-12 19:45:24+00:00,2021-05-18T18:25:11-07:00,Remove importlib_metadata from tests.in and run pip-compile,False,1,tests.in,requirements/tests.in,0,1,1,0,0
74e7f7079cb31578fa2578f219d93a33cfeb46f8,Angus L'Herrou,David Lord,2021-05-14 14:19:23+00:00,2022-02-19T10:14:39-08:00,command and group decorator parentheses are optional,False,1,test_command_decorators.py,tests/test_command_decorators.py,37,0,37,0,0
74e7f7079cb31578fa2578f219d93a33cfeb46f8,Angus L'Herrou,David Lord,2021-05-14 14:19:23+00:00,2022-02-19T10:14:39-08:00,command and group decorator parentheses are optional,False,1,decorators.py,src/click/decorators.py,57,1,58,0,0
74e7f7079cb31578fa2578f219d93a33cfeb46f8,Angus L'Herrou,David Lord,2021-05-14 14:19:23+00:00,2022-02-19T10:14:39-08:00,command and group decorator parentheses are optional,False,1,core.py,src/click/core.py,28,4,32,0,0
83af9bb52ef2d6865fb2d4543e45b59fd7108f0a,Marc Schmitzer,David Lord,2021-05-18 08:42:59+00:00,2021-05-18T18:44:47-07:00,argument with nargs=-1 and envvar prefers command line value,False,1,parser.py,src/click/parser.py,3,1,4,0,0
83af9bb52ef2d6865fb2d4543e45b59fd7108f0a,Marc Schmitzer,David Lord,2021-05-18 08:42:59+00:00,2021-05-18T18:44:47-07:00,argument with nargs=-1 and envvar prefers command line value,False,1,test_arguments.py,tests/test_arguments.py,13,0,13,0,0
0dcfc32faa8020fa57ae7b2c2a409ac979cdd1e6,David Lord,David Lord,2021-05-19 01:11:43+00:00,2021-05-18T18:11:43-07:00,ProgressBar inherits Generic,False,1,_termui_impl.py,src/click/_termui_impl.py,4,4,8,0,1
0dcfc32faa8020fa57ae7b2c2a409ac979cdd1e6,David Lord,David Lord,2021-05-19 01:11:43+00:00,2021-05-18T18:11:43-07:00,ProgressBar inherits Generic,False,1,termui.py,src/click/termui.py,1,1,2,0,1
26c9b926dfd9ad9baa0b7ca764fc798a0149c455,David Lord,David Lord,2021-05-19 02:33:21+00:00,2021-05-18T19:33:21-07:00,update changelog about version_option,False,1,decorators.py,src/click/decorators.py,4,1,5,0,0
ad52b19c84ab47cf6ec4df25b4e89ac939c3b253,David Lord,David Lord,2021-05-19 04:18:28+00:00,2021-05-18T21:18:28-07:00,detect type from flag_value,False,1,test_options.py,tests/test_options.py,7,0,7,0,1
ad52b19c84ab47cf6ec4df25b4e89ac939c3b253,David Lord,David Lord,2021-05-19 04:18:28+00:00,2021-05-18T21:18:28-07:00,detect type from flag_value,False,1,types.py,src/click/types.py,1,4,5,0,0
ad52b19c84ab47cf6ec4df25b4e89ac939c3b253,David Lord,David Lord,2021-05-19 04:18:28+00:00,2021-05-18T21:18:28-07:00,detect type from flag_value,False,1,core.py,src/click/core.py,15,17,32,0,1
0db91e220517c767e1e81fd37d1dd7ce83fa77b7,David Lord,David Lord,2021-05-19 17:39:53+00:00,2021-05-19T10:49:02-07:00,"return resolved name, not original name",False,1,test_commands.py,tests/test_commands.py,14,0,14,1,0
0db91e220517c767e1e81fd37d1dd7ce83fa77b7,David Lord,David Lord,2021-05-19 17:39:53+00:00,2021-05-19T10:49:02-07:00,"return resolved name, not original name",False,1,aliases.py,examples/aliases/aliases.py,5,0,5,1,0
0db91e220517c767e1e81fd37d1dd7ce83fa77b7,David Lord,David Lord,2021-05-19 17:39:53+00:00,2021-05-19T10:49:02-07:00,"return resolved name, not original name",False,1,core.py,src/click/core.py,1,1,2,1,1
985ca1651be08747ce713eb52568f8c8a932131f,David Lord,David Lord,2021-05-19 18:35:07+00:00,2021-05-19T11:37:11-07:00,show help text with invalid default,False,1,core.py,src/click/core.py,24,4,28,1,0
985ca1651be08747ce713eb52568f8c8a932131f,David Lord,David Lord,2021-05-19 18:35:07+00:00,2021-05-19T11:37:11-07:00,show help text with invalid default,False,1,test_basic.py,tests/test_basic.py,17,0,17,1,0
985ca1651be08747ce713eb52568f8c8a932131f,David Lord,David Lord,2021-05-19 18:35:07+00:00,2021-05-19T11:37:11-07:00,show help text with invalid default,False,1,test_options.py,tests/test_options.py,1,1,2,1,1
6439aaedbd886d2db6095e7677c7920b86839a88,David Lord,David Lord,2021-05-19 20:50:30+00:00,2021-05-19T13:50:30-07:00,flag to control Windows pattern expansion,False,1,core.py,src/click/core.py,8,1,9,0,1
3149679ff1ba63e7a88287737f08fefb9193e8a8,David Lord,David Lord,2021-05-19 20:58:08+00:00,2021-05-19T13:58:08-07:00,release version 8.0.1,False,1,__init__.py,src/click/__init__.py,1,1,2,0,0
d6071202cc3a8853cd69398b43f03c3422171ead,David Lord,David Lord,2021-05-19 21:01:17+00:00,2021-05-19T14:01:17-07:00,start version 8.0.2.dev0,False,1,__init__.py,src/click/__init__.py,1,1,2,0,0
3440fb39fa7005113e5098e4db2f1d0d22bc1439,David Lord,David Lord,2021-05-21 03:51:48+00:00,2021-05-20T20:51:48-07:00,update pallets-sphinx-themes,False,1,conf.py,docs/conf.py,3,3,6,0,1
de6b1ab710fe265a2cd910a8ac44ba4b6d5be960,Krzysztof Kotlenga,Krzysztof Kotlenga,2021-05-23 13:35:15+00:00,2021-05-23T15:35:15+02:00,Correct docstring reference,False,1,core.py,src/click/core.py,1,1,2,1,1
91e388027d2270966e5a75e7a55b8cea3becc66b,Sam Schott,David Lord,2021-05-23 19:55:54+00:00,2021-07-04T06:49:49-07:00,"completion arguments may start with a ""/""",False,1,shell_completion.py,src/click/shell_completion.py,6,1,7,0,0
91e388027d2270966e5a75e7a55b8cea3becc66b,Sam Schott,David Lord,2021-05-23 19:55:54+00:00,2021-07-04T06:49:49-07:00,"completion arguments may start with a ""/""",False,1,test_shell_completion.py,tests/test_shell_completion.py,8,0,8,0,0
ee56925bc4f5451a125317e183f498e8bd1aecb3,Gianluca Gippetto,David Lord,2021-05-24 14:49:32+00:00,2021-07-03T06:53:45-07:00,Fix is_bool_flag being set to True even if is_flag is False,False,1,test_options.py,tests/test_options.py,20,0,20,1,1
ee56925bc4f5451a125317e183f498e8bd1aecb3,Gianluca Gippetto,David Lord,2021-05-24 14:49:32+00:00,2021-07-03T06:53:45-07:00,Fix is_bool_flag being set to True even if is_flag is False,False,1,core.py,src/click/core.py,1,1,2,1,1
48cb86d85fc1abfcf1478ee660e42aaa5382fd64,David Lord,David Lord,2021-05-27 14:31:01+00:00,2021-05-27T07:31:01-07:00,fix completion example,False,1,completion.py,examples/completion/completion.py,4,1,5,1,0
48cb86d85fc1abfcf1478ee660e42aaa5382fd64,David Lord,David Lord,2021-05-27 14:31:01+00:00,2021-05-27T07:31:01-07:00,fix completion example,False,1,README,examples/completion/README,3,3,6,1,0
63702ff6c36b5886cb3a92275afbee567ae78b5b,Young proger,GitHub,2021-05-28 19:54:02+00:00,2021-05-28T12:54:02-07:00,delete directory .DS_Store (#1938),False,1,.gitignore,.gitignore,1,0,1,0,0
908994a4c71982016f183b8e2f5151904e952cec,Jan Losinski,David Lord,2021-06-01 14:25:50+00:00,2021-07-03T06:59:01-07:00,bash version detection is locale independent,False,1,shell_completion.py,src/click/shell_completion.py,4,2,6,0,0
e29bfcdd2c673c93fc23ba36d104429a3bbc20ad,Young proger,GitHub,2021-06-03 18:39:42+00:00,2021-06-03T21:39:42+03:00,update link,False,1,README,examples/README,1,1,2,0,1
8a3179b08e119ddc8fbf8fdf437c3ad5eb3c0eb0,Young proger,GitHub,2021-06-04 16:21:30+00:00,2021-06-04T19:21:30+03:00,fix,False,1,README,examples/README,1,1,2,1,0
ec94dd54c99612fee2315232081866e1a488bb8f,Deepyaman Datta,Joshua Bronson,2021-06-06 18:26:43+00:00,2021-06-06T17:44:26-04:00,"Fix typo in docstring (change ""appnd"" to ""append"") (#1950)",False,1,parser.py,src/click/parser.py,1,1,2,0,0
8b48450d5d63c747600e069d4c3e2274f41c8360,Deepyaman Datta,GitHub,2021-06-06 18:26:43+00:00,2021-06-06T14:26:43-04:00,"Fix typo in docstring (change ""appnd"" to ""append"") (#1950)",False,1,parser.py,src/click/parser.py,1,1,2,0,0
c159967b474a232b24181da369af47f2f8b978d4,Ofek Lev,Ofek Lev,2021-06-11 14:15:53+00:00,2021-06-11T10:15:53-04:00,Fix help text when using env vars with defaults,False,1,core.py,src/click/core.py,1,1,2,1,0
06b158831f30b3ee986705d143e5264fee9c765e,Nicky Sielicki,David Lord,2021-06-17 21:27:00+00:00,2022-02-19T10:33:06-08:00,add an ability to check that a Path has an executable bit set,False,1,types.py,src/click/types.py,25,8,33,0,1
f85a35daa401b1aa2e9303e092890884fd11a890,Gianluca Gippetto,David Lord,2021-06-18 13:43:37+00:00,2022-02-20T08:57:45-08:00,param=None is the same as not passing the param,False,1,core.py,src/click/core.py,2,2,4,0,1
f85a35daa401b1aa2e9303e092890884fd11a890,Gianluca Gippetto,David Lord,2021-06-18 13:43:37+00:00,2022-02-20T08:57:45-08:00,param=None is the same as not passing the param,False,1,decorators.py,src/click/decorators.py,5,4,9,0,0
144f3701b23186ac8b2277d8f224fd7090366db5,Gianluca Gippetto,David Lord,2021-06-18 16:31:00+00:00,2022-02-20T08:47:34-08:00,Option.show_default now overrides Context.show_default,False,1,test_options.py,tests/test_options.py,22,1,23,1,1
144f3701b23186ac8b2277d8f224fd7090366db5,Gianluca Gippetto,David Lord,2021-06-18 16:31:00+00:00,2022-02-20T08:47:34-08:00,Option.show_default now overrides Context.show_default,False,1,core.py,src/click/core.py,32,15,47,1,1
8967b81b69958c4607a72769c38dbda80d6d7606,Patryk Bęza,David Lord,2021-06-22 13:47:50+00:00,2021-07-04T06:43:27-07:00,don't show empty multiple=True default,False,1,test_options.py,tests/test_options.py,10,0,10,1,0
8967b81b69958c4607a72769c38dbda80d6d7606,Patryk Bęza,David Lord,2021-06-22 13:47:50+00:00,2021-07-04T06:43:27-07:00,don't show empty multiple=True default,False,1,core.py,src/click/core.py,2,1,3,1,1
ffebd597f9e756e311d8e350736e1b40d6fe57a0,Omer Katz,David Lord,2021-06-28 15:20:27+00:00,2021-07-03T18:52:14-07:00,clarify duplicate option name error,False,1,core.py,src/click/core.py,1,1,2,1,1
18070584fc0bd34925092b15af3381e9605b5517,David Lord,David Lord,2021-07-04 13:43:45+00:00,2021-07-04T06:43:45-07:00,"fix type for show_default, can be str",False,1,core.py,src/click/core.py,1,1,2,1,0
2c70a0c15a3c154c587e351062be66bb75cbf3f2,Gianluca Gippetto,David Lord,2021-07-04 14:31:06+00:00,2022-02-20T10:40:38-08:00,Option calls cleandoc on help instead of @option,False,1,decorators.py,src/click/decorators.py,0,3,3,0,0
2c70a0c15a3c154c587e351062be66bb75cbf3f2,Gianluca Gippetto,David Lord,2021-07-04 14:31:06+00:00,2022-02-20T10:40:38-08:00,Option calls cleandoc on help instead of @option,False,1,core.py,src/click/core.py,7,0,7,0,0
40830087dd9e9023dbcf75befe0ca9056127a064,Danny Sepler,David Lord,2021-07-05 16:33:40+00:00,2022-02-20T11:08:18-08:00,enforce required flag,False,1,test_options.py,tests/test_options.py,9,0,9,0,1
40830087dd9e9023dbcf75befe0ca9056127a064,Danny Sepler,David Lord,2021-07-05 16:33:40+00:00,2022-02-20T11:08:18-08:00,enforce required flag,False,1,core.py,src/click/core.py,1,1,2,0,1
2cc7244becaa7381d6b5b0a7404490d5210c833a,cAtaman,David Lord,2021-07-08 06:51:51+00:00,2021-08-05T06:34:32-07:00,show_default doesn't show False default for single boolean flag,False,1,test_formatting.py,tests/test_formatting.py,2,1,3,1,1
2cc7244becaa7381d6b5b0a7404490d5210c833a,cAtaman,David Lord,2021-07-08 06:51:51+00:00,2021-08-05T06:34:32-07:00,show_default doesn't show False default for single boolean flag,False,1,test_options.py,tests/test_options.py,26,5,31,1,0
2cc7244becaa7381d6b5b0a7404490d5210c833a,cAtaman,David Lord,2021-07-08 06:51:51+00:00,2021-08-05T06:34:32-07:00,show_default doesn't show False default for single boolean flag,False,1,core.py,src/click/core.py,20,13,33,1,0
aa6f36017e5132836ea8679a4143a08944fa5c8c,Ivan Kapelyukhin,David Lord,2021-07-13 19:49:39+00:00,2021-10-08T14:41:00-07:00,option with multiple and flag_value replaces internal placeholder,False,1,core.py,src/click/core.py,8,0,8,0,0
aa6f36017e5132836ea8679a4143a08944fa5c8c,Ivan Kapelyukhin,David Lord,2021-07-13 19:49:39+00:00,2021-10-08T14:41:00-07:00,option with multiple and flag_value replaces internal placeholder,False,1,test_options.py,tests/test_options.py,23,0,23,0,1
986f322e435fac5e1fb8505d3683c8a224c18b06,cAtaman,David Lord,2021-07-15 03:15:49+00:00,2021-08-05T08:25:00-07:00,resolve relative symlinks to the containing directory,False,1,types.py,src/click/types.py,13,4,17,1,1
986f322e435fac5e1fb8505d3683c8a224c18b06,cAtaman,David Lord,2021-07-15 03:15:49+00:00,2021-08-05T08:25:00-07:00,resolve relative symlinks to the containing directory,False,1,test_types.py,tests/test_types.py,27,0,27,1,0
986f322e435fac5e1fb8505d3683c8a224c18b06,cAtaman,David Lord,2021-07-15 03:15:49+00:00,2021-08-05T08:25:00-07:00,resolve relative symlinks to the containing directory,False,1,conftest.py,tests/conftest.py,23,0,23,1,1
5ea0257962e748833d99d30e9092771c92529c2f,cAtaman,David Lord,2021-07-15 14:40:43+00:00,2021-08-05T08:29:12-07:00,remove logically-dead code,False,1,decorators.py,src/click/decorators.py,2,3,5,0,0
36e7f199a316eea0e008a1e9b302ff2ddbc0c5c0,taran_lu,David Lord,2021-08-03 17:18:49+00:00,2021-08-05T09:01:29-07:00,use sys.exit() instead of _fast_exit(),False,1,test_shell_completion.py,tests/test_shell_completion.py,0,3,3,0,0
36e7f199a316eea0e008a1e9b302ff2ddbc0c5c0,taran_lu,David Lord,2021-08-03 17:18:49+00:00,2021-08-05T09:01:29-07:00,use sys.exit() instead of _fast_exit(),False,1,core.py,src/click/core.py,1,12,13,0,0
9f620f7207704ec5f33cc52c22b9ea6402ca5a63,Jay Crotts,David Lord,2021-08-07 16:08:57+00:00,2021-08-14T05:24:22-07:00,Add check for WIN in _tempfilepager finally block to prevent file in use error on windows,False,1,_termui_impl.py,src/click/_termui_impl.py,3,1,4,1,0
f2e579ab187ca8fdfbe6ce86de08f0e9f62fe4ae,Paul Spangler,David Lord,2021-08-09 18:27:39+00:00,2022-03-28T08:05:27-07:00,shell completion prioritizes option values over new options,False,1,test_shell_completion.py,tests/test_shell_completion.py,39,0,39,0,0
f2e579ab187ca8fdfbe6ce86de08f0e9f62fe4ae,Paul Spangler,David Lord,2021-08-09 18:27:39+00:00,2022-03-28T08:05:27-07:00,shell completion prioritizes option values over new options,False,1,test_parser.py,tests/test_parser.py,15,0,15,0,0
f2e579ab187ca8fdfbe6ce86de08f0e9f62fe4ae,Paul Spangler,David Lord,2021-08-09 18:27:39+00:00,2022-03-28T08:05:27-07:00,shell completion prioritizes option values over new options,False,1,test_context.py,tests/test_context.py,8,0,8,0,1
f2e579ab187ca8fdfbe6ce86de08f0e9f62fe4ae,Paul Spangler,David Lord,2021-08-09 18:27:39+00:00,2022-03-28T08:05:27-07:00,shell completion prioritizes option values over new options,False,1,test_commands.py,tests/test_commands.py,59,0,59,0,1
f2e579ab187ca8fdfbe6ce86de08f0e9f62fe4ae,Paul Spangler,David Lord,2021-08-09 18:27:39+00:00,2022-03-28T08:05:27-07:00,shell completion prioritizes option values over new options,False,1,core.py,src/click/core.py,3,0,3,0,0
f2e579ab187ca8fdfbe6ce86de08f0e9f62fe4ae,Paul Spangler,David Lord,2021-08-09 18:27:39+00:00,2022-03-28T08:05:27-07:00,shell completion prioritizes option values over new options,False,1,shell_completion.py,src/click/shell_completion.py,8,9,17,0,0
c7c217901d7a68d695b074d9759a272b886e8da1,chima,chima,2021-08-12 12:34:51+00:00,2021-08-12T13:34:51+01:00,strip win32 path prefixes from resolved absolute symlinks,False,1,types.py,src/click/types.py,13,5,18,1,1
f40631ba97b7d399fef680291b0fecdc7c1f5151,chima,chima,2021-08-12 12:48:03+00:00,2021-08-12T13:48:03+01:00,add url to page explaining win32 path prefixes,False,1,types.py,src/click/types.py,3,2,5,1,0
7e6a98f7effee29e304af9e0ed16a01947077c79,cAtaman,cAtaman,2021-08-12 19:15:57+00:00,2021-08-12T20:15:57+01:00,"revert path prefix stripping, modify test to work with prefix",False,1,test_types.py,tests/test_types.py,13,0,13,0,1
7e6a98f7effee29e304af9e0ed16a01947077c79,cAtaman,cAtaman,2021-08-12 19:15:57+00:00,2021-08-12T20:15:57+01:00,"revert path prefix stripping, modify test to work with prefix",False,1,types.py,src/click/types.py,5,14,19,0,1
e892389f540e07c3f4a7e4acaf0a6b0ba4f7161a,Jay Crotts,David Lord,2021-08-13 03:29:19+00:00,2021-08-14T05:24:22-07:00,Always close file descriptor to tempfilepager.,False,1,_termui_impl.py,src/click/_termui_impl.py,1,2,3,0,0
44ce9b8e4c3b218008033f1951ec850da55eab41,chima,chima,2021-08-13 14:40:35+00:00,2021-08-13T15:40:35+01:00,fix symlink tests,False,1,test_types.py,tests/test_types.py,10,12,22,1,1
2d5a1563dc81b67641fd0e483d41e3b019552b92,David Lord,David Lord,2021-09-03 14:09:02+00:00,2022-02-19T08:19:21-08:00,parametrize bool switch and flag tests,False,1,test_basic.py,tests/test_basic.py,25,26,51,0,0
05b795c917f4146edfe83b2d08c189886b301785,Jasper Spaans,David Lord,2021-09-06 10:00:33+00:00,2021-09-26T07:40:26-07:00,Fix copy-paste errors in `click.style()`,False,1,test_utils.py,tests/test_utils.py,2,2,4,1,0
05b795c917f4146edfe83b2d08c189886b301785,Jasper Spaans,David Lord,2021-09-06 10:00:33+00:00,2021-09-26T07:40:26-07:00,Fix copy-paste errors in `click.style()`,False,1,termui.py,src/click/termui.py,2,2,4,1,1
cf3b138a87e4a0c4a2d5907dc625733f533e1cfe,Jasper Spaans,David Lord,2021-09-06 10:01:58+00:00,2021-09-26T07:40:26-07:00,Add test for resetting attributes in `click.style()`,False,1,test_utils.py,tests/test_utils.py,8,0,8,0,0
2703f8f37393c0dc7ad4235310fa3a95762f6c9f,Yourun-Proger,David Lord,2021-09-11 16:47:27+00:00,2021-09-26T07:10:02-07:00,Fix type annotation for `type` arg,False,1,termui.py,src/click/termui.py,1,1,2,1,0
82ece2db4b27e585da6d1b9c9c72e0ac9b49576d,Grey Li,GitHub,2021-09-12 09:13:25+00:00,2021-09-12T17:13:25+08:00,Fix incorrect website link in docs,False,1,conf.py,docs/conf.py,1,1,2,1,0
905b1bfd6e90f0fd6a2d4f0afa08f8ddebc4f488,David Lord,David Lord,2021-09-26 14:04:19+00:00,2021-09-26T07:04:19-07:00,use exception chaining,False,1,utils.py,src/click/utils.py,1,1,2,0,0
905b1bfd6e90f0fd6a2d4f0afa08f8ddebc4f488,David Lord,David Lord,2021-09-26 14:04:19+00:00,2021-09-26T07:04:19-07:00,use exception chaining,False,1,decorators.py,src/click/decorators.py,1,1,2,0,1
905b1bfd6e90f0fd6a2d4f0afa08f8ddebc4f488,David Lord,David Lord,2021-09-26 14:04:19+00:00,2021-09-26T07:04:19-07:00,use exception chaining,False,1,core.py,src/click/core.py,1,1,2,0,1
905b1bfd6e90f0fd6a2d4f0afa08f8ddebc4f488,David Lord,David Lord,2021-09-26 14:04:19+00:00,2021-09-26T07:04:19-07:00,use exception chaining,False,1,_termui_impl.py,src/click/_termui_impl.py,1,1,2,0,0
905b1bfd6e90f0fd6a2d4f0afa08f8ddebc4f488,David Lord,David Lord,2021-09-26 14:04:19+00:00,2021-09-26T07:04:19-07:00,use exception chaining,False,1,termui.py,src/click/termui.py,4,4,8,0,0
905b1bfd6e90f0fd6a2d4f0afa08f8ddebc4f488,David Lord,David Lord,2021-09-26 14:04:19+00:00,2021-09-26T07:04:19-07:00,use exception chaining,False,1,globals.py,src/click/globals.py,2,2,4,0,0
3d029e03eb2a793c64166cb1b690cd63e42461af,David Lord,David Lord,2021-10-07 14:02:00+00:00,2021-10-07T07:02:00-07:00,count help doesn't show default range type,False,1,core.py,src/click/core.py,5,1,6,1,1
3d029e03eb2a793c64166cb1b690cd63e42461af,David Lord,David Lord,2021-10-07 14:02:00+00:00,2021-10-07T07:02:00-07:00,count help doesn't show default range type,False,1,test_options.py,tests/test_options.py,10,2,12,1,1
f82ee1ff81bd466493d8746a0146065c306da747,David Lord,David Lord,2021-10-08 17:25:09+00:00,2021-10-08T10:25:09-07:00,getting default value doesn't perform type cast,False,1,core.py,src/click/core.py,6,14,20,1,1
f82ee1ff81bd466493d8746a0146065c306da747,David Lord,David Lord,2021-10-08 17:25:09+00:00,2021-10-08T10:25:09-07:00,getting default value doesn't perform type cast,False,1,test_options.py,tests/test_options.py,17,2,19,1,1
a14e7b062e378dd51030d6a472be34626fe6b624,David Lord,David Lord,2021-10-08 21:54:25+00:00,2021-10-08T14:54:25-07:00,release version 8.0.2,False,1,__init__.py,src/click/__init__.py,1,1,2,0,0
f31d564ff26532151b6e45f2be163ceea247a440,Alex Ball,David Lord,2021-10-10 15:42:07+00:00,2021-10-10T10:45:48-07:00,click.confirm preserves prompt when readline is imported,False,1,test_utils.py,tests/test_utils.py,2,2,4,0,0
f31d564ff26532151b6e45f2be163ceea247a440,Alex Ball,David Lord,2021-10-10 15:42:07+00:00,2021-10-10T10:45:48-07:00,click.confirm preserves prompt when readline is imported,False,1,termui.py,src/click/termui.py,4,2,6,0,0
c8ca29bd3581d3c5e36ea0254f6c8cf0bf6c40c4,David Lord,David Lord,2021-10-10 17:14:55+00:00,2021-10-10T10:14:55-07:00,use pathlib to resolve symlinks,False,1,conftest.py,tests/conftest.py,14,18,32,1,0
c8ca29bd3581d3c5e36ea0254f6c8cf0bf6c40c4,David Lord,David Lord,2021-10-10 17:14:55+00:00,2021-10-10T10:14:55-07:00,use pathlib to resolve symlinks,False,1,types.py,src/click/types.py,5,14,19,1,0
c8ca29bd3581d3c5e36ea0254f6c8cf0bf6c40c4,David Lord,David Lord,2021-10-10 17:14:55+00:00,2021-10-10T10:14:55-07:00,use pathlib to resolve symlinks,False,1,test_types.py,tests/test_types.py,24,34,58,1,0
662a30e4ee3fee7e92edc56a2cd03bbf3200dc4b,David Lord,David Lord,2021-10-10 17:54:41+00:00,2021-10-10T10:59:02-07:00,invoke type casts default values,False,1,core.py,src/click/core.py,3,1,4,1,0
662a30e4ee3fee7e92edc56a2cd03bbf3200dc4b,David Lord,David Lord,2021-10-10 17:54:41+00:00,2021-10-10T10:59:02-07:00,invoke type casts default values,False,1,test_commands.py,tests/test_commands.py,9,7,16,1,0
90fb9f50b08ca10494d5b05fcc7f0943d258f7f0,David Lord,David Lord,2021-10-10 18:04:49+00:00,2021-10-10T11:04:49-07:00,release version 8.0.3,False,1,__init__.py,src/click/__init__.py,1,1,2,0,0
9bf84f86bb878d8e337acc562ded3294f2e9a6ea,180909,David Lord,2021-10-11 15:08:22+00:00,2021-12-26T16:42:30-07:00,fix typos,False,1,termui.py,src/click/termui.py,1,1,2,0,0
9bf84f86bb878d8e337acc562ded3294f2e9a6ea,180909,David Lord,2021-10-11 15:08:22+00:00,2021-12-26T16:42:30-07:00,fix typos,False,1,core.py,src/click/core.py,1,1,2,0,1
280827938a505b2a380ee96b16d2f431605bad83,Krzysztof Kotlenga,David Lord,2021-10-12 09:27:14+00:00,2021-12-28T11:00:19-08:00,Allow a callable default to have its own string representation,False,1,test_options.py,tests/test_options.py,13,0,13,1,0
280827938a505b2a380ee96b16d2f431605bad83,Krzysztof Kotlenga,David Lord,2021-10-12 09:27:14+00:00,2021-12-28T11:00:19-08:00,Allow a callable default to have its own string representation,False,1,core.py,src/click/core.py,2,1,3,1,0
1e561ec5d600b7e1f90b3db3df8421f949f04aaa,Angus L'Herrou,David Lord,2021-10-13 21:48:37+00:00,2021-12-26T15:39:49-07:00,remove duplicate typing imports,False,1,globals.py,src/click/globals.py,2,3,5,0,0
1e561ec5d600b7e1f90b3db3df8421f949f04aaa,Angus L'Herrou,David Lord,2021-10-13 21:48:37+00:00,2021-12-26T15:39:49-07:00,remove duplicate typing imports,False,1,core.py,src/click/core.py,8,9,17,0,0
1e561ec5d600b7e1f90b3db3df8421f949f04aaa,Angus L'Herrou,David Lord,2021-10-13 21:48:37+00:00,2021-12-26T15:39:49-07:00,remove duplicate typing imports,False,1,termui.py,src/click/termui.py,0,1,1,0,0
df114b1eb791dfa1175d138f3a2108bba9bca080,David Lord,David Lord,2021-10-25 15:38:49+00:00,2021-10-25T08:38:49-07:00,"open_file hanldes pathlib.Path(""-"")",False,1,test_utils.py,tests/test_utils.py,16,0,16,0,0
df114b1eb791dfa1175d138f3a2108bba9bca080,David Lord,David Lord,2021-10-25 15:38:49+00:00,2021-10-25T08:38:49-07:00,"open_file hanldes pathlib.Path(""-"")",False,1,_compat.py,src/click/_compat.py,3,3,6,0,0
df114b1eb791dfa1175d138f3a2108bba9bca080,David Lord,David Lord,2021-10-25 15:38:49+00:00,2021-10-25T08:38:49-07:00,"open_file hanldes pathlib.Path(""-"")",False,1,test_arguments.py,tests/test_arguments.py,2,2,4,0,0
99bf3ccfdd245c818362f3b9c505b81a060326ea,David Lord,David Lord,2021-10-25 15:39:25+00:00,2021-10-25T08:39:25-07:00,update docs for open_file and types.Path,False,1,utils.py,src/click/utils.py,24,15,39,0,0
99bf3ccfdd245c818362f3b9c505b81a060326ea,David Lord,David Lord,2021-10-25 15:39:25+00:00,2021-10-25T08:39:25-07:00,update docs for open_file and types.Path,False,1,types.py,src/click/types.py,17,20,37,0,0
e5f36f3e7e6fcc960691c0b9bf5864c4b34322c5,Jad El Kik,David Lord,2021-10-25 18:41:49+00:00,2021-12-26T16:49:12-07:00,Fix typo in docs,False,1,types.py,src/click/types.py,1,1,2,0,1
f00d15eeeaf4d789ac6a7840c43fb54aabe7fe3f,David Lord,David Lord,2021-11-11 00:38:53+00:00,2021-11-10T16:38:53-08:00,remove deprecated Group.resultcallback,False,1,core.py,src/click/core.py,0,11,11,0,0
51736b9566637351362f1eaeb32ea42aecdec704,David Lord,David Lord,2021-11-11 00:42:17+00:00,2021-11-10T16:42:17-08:00,remove deprecated Command autocompletion parameter,False,1,test_shell_completion.py,tests/test_shell_completion.py,0,14,14,0,1
51736b9566637351362f1eaeb32ea42aecdec704,David Lord,David Lord,2021-11-11 00:42:17+00:00,2021-11-10T16:42:17-08:00,remove deprecated Command autocompletion parameter,False,1,core.py,src/click/core.py,0,35,35,0,0
d88e771a004c34e4b863123333a259b28a2bf8f4,David Lord,David Lord,2021-11-11 00:45:03+00:00,2021-11-10T16:45:03-08:00,remove deprecated get_terminal_size,False,1,__init__.py,src/click/__init__.py,0,1,1,0,0
d88e771a004c34e4b863123333a259b28a2bf8f4,David Lord,David Lord,2021-11-11 00:45:03+00:00,2021-11-10T16:45:03-08:00,remove deprecated get_terminal_size,False,1,termui.py,src/click/termui.py,0,20,20,0,0
60a5eafaf5f2a71b2a8a4f93ad1faefb2b8b0f76,David Lord,David Lord,2021-11-11 00:46:13+00:00,2021-11-10T16:46:13-08:00,remove deprecated get_os_args,False,1,__init__.py,src/click/__init__.py,0,1,1,0,0
60a5eafaf5f2a71b2a8a4f93ad1faefb2b8b0f76,David Lord,David Lord,2021-11-11 00:46:13+00:00,2021-11-10T16:46:13-08:00,remove deprecated get_os_args,False,1,utils.py,src/click/utils.py,0,19,19,0,1
39ee8b0580ee48c43801feaa0c9a5b454a3e0e19,Stephen Finucane,David Lord,2021-12-08 17:09:27+00:00,2022-02-20T12:04:07-08:00,Store raw help string for commands,False,1,core.py,src/click/core.py,11,7,18,0,1
39ee8b0580ee48c43801feaa0c9a5b454a3e0e19,Stephen Finucane,David Lord,2021-12-08 17:09:27+00:00,2022-02-20T12:04:07-08:00,Store raw help string for commands,False,1,test_commands.py,tests/test_commands.py,14,0,14,0,0
03963b2e7de4a9f835534df75f79eea4ee04fcc3,David Euresti,David Lord,2021-12-17 20:03:41+00:00,2021-12-28T10:25:02-08:00,Fix TypeVar for decorators that handle Commands,False,1,decorators.py,src/click/decorators.py,1,1,2,1,0
4f7b255f70a4954077f282090e7059b8b7ead42d,unparalleled-js,David Lord,2021-12-24 00:37:29+00:00,2022-02-21T12:18:46-08:00,allow empty str input for prompt,False,1,termui.py,src/click/termui.py,2,1,3,0,1
4f7b255f70a4954077f282090e7059b8b7ead42d,unparalleled-js,David Lord,2021-12-24 00:37:29+00:00,2022-02-21T12:18:46-08:00,allow empty str input for prompt,False,1,test_termui.py,tests/test_termui.py,11,6,17,0,0
3510c69cf57efb7038a2af4601bada294c2f7907,David Lord,David Lord,2021-12-26 20:03:01+00:00,2021-12-26T13:03:01-07:00,update requirements,False,1,_termui_impl.py,src/click/_termui_impl.py,0,1,1,0,0
3510c69cf57efb7038a2af4601bada294c2f7907,David Lord,David Lord,2021-12-26 20:03:01+00:00,2021-12-26T13:03:01-07:00,update requirements,False,1,_compat.py,src/click/_compat.py,0,1,1,0,0
2814073e04e7811ce0f4cf70d7b23073e876fc72,David Lord,David Lord,2021-12-26 20:12:17+00:00,2021-12-26T13:12:17-07:00,fix new mypy findings,False,1,testing.py,src/click/testing.py,4,4,8,1,0
2814073e04e7811ce0f4cf70d7b23073e876fc72,David Lord,David Lord,2021-12-26 20:12:17+00:00,2021-12-26T13:12:17-07:00,fix new mypy findings,False,1,termui.py,src/click/termui.py,0,2,2,1,1
2814073e04e7811ce0f4cf70d7b23073e876fc72,David Lord,David Lord,2021-12-26 20:12:17+00:00,2021-12-26T13:12:17-07:00,fix new mypy findings,False,1,core.py,src/click/core.py,1,1,2,1,0
6f33518a82a21eb33894674501b0a04489f9c1be,Ashwin Madavan,David Lord,2021-12-28 06:31:13+00:00,2021-12-28T11:06:41-08:00,Update shell completion to use COMPREPLY instead of COMREPLY for Bash,False,1,shell_completion.py,src/click/shell_completion.py,2,2,4,0,0
e0033315510510acdba14e880a361ccca091fb4b,Matthew Martin,David Lord,2022-01-06 03:16:43+00:00,2022-03-19T11:26:19-07:00,fix ParamType.to_info_dict() with no name,False,1,types.py,src/click/types.py,8,1,9,1,0
e0033315510510acdba14e880a361ccca091fb4b,Matthew Martin,David Lord,2022-01-06 03:16:43+00:00,2022-03-19T11:26:19-07:00,fix ParamType.to_info_dict() with no name,False,1,test_info_dict.py,tests/test_info_dict.py,7,0,7,1,0
f30d0128c9aa854a83decf21b3f5f756f5c91098,Jonxslays,David Lord,2022-01-16 13:54:10+00:00,2022-01-16T09:13:47-08:00,Fix typing in click.secho function,False,1,termui.py,src/click/termui.py,1,1,2,1,0
bda6381ad05e3b0d2ed07b1489db80b10eed8bd8,Yourun-Proger,David Lord,2022-02-07 14:42:49+00:00,2022-02-18T12:15:44-08:00,Fix type for `file` argument,False,1,utils.py,src/click/utils.py,1,1,2,1,0
312d01aba2e9157a0cc9302daf21e45fb0d6036a,David Lord,David Lord,2022-02-18 01:57:05+00:00,2022-02-17T17:57:05-08:00,use pip-compile-multi for requirements,False,1,tests.in,requirements/tests.in,1,1,2,0,0
312d01aba2e9157a0cc9302daf21e45fb0d6036a,David Lord,David Lord,2022-02-18 01:57:05+00:00,2022-02-17T17:57:05-08:00,use pip-compile-multi for requirements,False,1,dev.in,requirements/dev.in,1,1,2,0,0
91b2cd67dd04b2843fd6c71e582876c826f5b78e,David Lord,David Lord,2022-02-18 02:00:51+00:00,2022-02-17T18:00:51-08:00,unpin pytest,False,1,tests.in,requirements/tests.in,1,1,2,0,0
667eac859a7aec1ee6fd8800d5d24c2b2fe382a1,David Lord,David Lord,2022-02-18 20:27:49+00:00,2022-02-18T12:27:49-08:00,release version 8.0.4,False,1,__init__.py,src/click/__init__.py,1,1,2,0,0
0ccada0e64dbb42eecea8386b5e4e41146b9b0f6,David Lord,David Lord,2022-02-18 22:12:38+00:00,2022-02-18T14:12:38-08:00,remove utf-8 detection,False,1,_unicodefun.py,src/click/_unicodefun.py,0,100,100,0,0
0ccada0e64dbb42eecea8386b5e4e41146b9b0f6,David Lord,David Lord,2022-02-18 22:12:38+00:00,2022-02-18T14:12:38-08:00,remove utf-8 detection,False,1,core.py,src/click/core.py,0,5,5,0,0
c27e81e7b6892b91fa72cf5296df3d869362ef65,Israel Teneda,David Lord,2022-02-19 15:56:24+00:00,2022-02-19T07:56:54-08:00,parametrize some command tests,False,1,test_commands.py,tests/test_commands.py,24,38,62,0,1
08ecfd0e7c238a2444886d239de6d0e9d83530ec,David Lord,David Lord,2022-02-20 15:21:01+00:00,2022-02-20T07:21:01-08:00,keep !r format for now,False,1,types.py,src/click/types.py,3,3,6,0,1
721c8b0d58c2b7124cedd33a779626f14cf1b1d2,David Lord,David Lord,2022-02-20 18:40:17+00:00,2022-02-20T10:42:17-08:00,"cleandoc for Command help, epilog, and short_help",False,1,decorators.py,src/click/decorators.py,2,7,9,0,0
721c8b0d58c2b7124cedd33a779626f14cf1b1d2,David Lord,David Lord,2022-02-20 18:40:17+00:00,2022-02-20T10:42:17-08:00,"cleandoc for Command help, epilog, and short_help",False,1,core.py,src/click/core.py,28,11,39,0,0
92b30e47cb013433190f40d75239c98c77aa9d2d,David Lord,David Lord,2022-02-21 18:02:12+00:00,2022-02-21T10:02:12-08:00,"defer processing Command.help, epilog, and short_help",False,1,core.py,src/click/core.py,14,29,43,0,0
3699bcccbad2073e307837a8f8d389bf2530f871,David Lord,David Lord,2022-02-21 21:25:30+00:00,2022-02-21T13:25:30-08:00,glob expansion on Windows doesn't fail on invalid values,False,1,test_utils.py,tests/test_utils.py,2,0,2,0,0
3699bcccbad2073e307837a8f8d389bf2530f871,David Lord,David Lord,2022-02-21 21:25:30+00:00,2022-02-21T13:25:30-08:00,glob expansion on Windows doesn't fail on invalid values,False,1,utils.py,src/click/utils.py,10,2,12,0,0
445428e3ebdc44b274e4908848269f75df8718e8,David Lord,David Lord,2022-02-22 01:34:32+00:00,2022-02-21T17:43:07-08:00,inline command decorator code,False,1,decorators.py,src/click/decorators.py,19,28,47,0,0
dfae0a101190258677261f534249f6d6c862894a,David Lord,David Lord,2022-02-22 01:35:33+00:00,2022-02-21T17:43:07-08:00,refactor try/except,False,1,decorators.py,src/click/decorators.py,3,2,5,0,0
570582b7a301336079334179d0b1d873e5e2af76,David Lord,David Lord,2022-02-22 01:35:58+00:00,2022-02-21T17:43:07-08:00,don't process doc in command decorator,False,1,decorators.py,src/click/decorators.py,1,1,2,0,0
46b78bcb80ac4f81e3248a83725c6f0adcc1089a,David Lord,David Lord,2022-02-22 04:06:24+00:00,2022-02-21T20:06:24-08:00,command decorator params argument,False,1,test_command_decorators.py,tests/test_command_decorators.py,14,0,14,0,0
46b78bcb80ac4f81e3248a83725c6f0adcc1089a,David Lord,David Lord,2022-02-22 04:06:24+00:00,2022-02-21T20:06:24-08:00,command decorator params argument,False,1,decorators.py,src/click/decorators.py,12,3,15,0,1
a0bbbf2033c6b4eab480c53e6cbb0fd2d737badd,matejcik,matejcik,2022-03-11 09:28:42+00:00,2022-03-11T11:23:16+01:00,correctly annotate return type of @command(cls=XYZ),False,1,decorators.py,src/click/decorators.py,23,4,27,1,1
810644614022d8835b7d78d1afe074387605e1a3,Adrian Garcia Badaracco,David Lord,2022-03-17 00:27:15+00:00,2022-03-17T12:05:35-07:00,"postpone referencing sys.modules[""__main""] in click.utils._detect_program_name",False,1,utils.py,src/click/utils.py,4,1,5,0,0
38e6174452ed161c3732a6948c31f7997452e405,David Lord,David Lord,2022-03-17 22:03:19+00:00,2022-03-17T15:09:35-07:00,fix test_detect_program_name,False,1,test_utils.py,tests/test_utils.py,3,11,14,0,0
7d3a871eb71694e99438254686c139122bc4be64,David Lord,David Lord,2022-03-19 18:00:12+00:00,2022-03-19T11:00:12-07:00,group without command passes return value to result callback,False,1,core.py,src/click/core.py,4,4,8,0,0
7d3a871eb71694e99438254686c139122bc4be64,David Lord,David Lord,2022-03-19 18:00:12+00:00,2022-03-19T11:00:12-07:00,group without command passes return value to result callback,False,1,test_chain.py,tests/test_chain.py,4,4,8,0,0
8d7f03dac8739afed890af0c0921965786c5e83c,David Lord,David Lord,2022-03-28 17:20:42+00:00,2022-03-28T10:20:42-07:00,treat empty auto_envvar as None,False,1,core.py,src/click/core.py,4,1,5,0,1
8d7f03dac8739afed890af0c0921965786c5e83c,David Lord,David Lord,2022-03-28 17:20:42+00:00,2022-03-28T10:20:42-07:00,treat empty auto_envvar as None,False,1,test_options.py,tests/test_options.py,4,3,7,0,0
f8d811e5d5644aca8d32eebff196bf7c659ebf45,David Lord,David Lord,2022-03-28 17:29:35+00:00,2022-03-28T10:29:35-07:00,release version 8.1.0,False,1,__init__.py,src/click/__init__.py,1,1,2,0,0
f467dd3aefc3f01563e20e649d0d3c3ba978325e,David Lord,David Lord,2022-03-28 17:46:16+00:00,2022-03-28T10:46:16-07:00,start version 8.2.0,False,1,__init__.py,src/click/__init__.py,1,1,2,0,0
e234cf958d2416d4b20b53ae850c487fed32fa35,Henry Schreiner,David Lord,2022-03-30 03:02:52+00:00,2022-03-30T13:00:03-07:00,fix(types): decorator typing fails,False,1,decorators.py,src/click/decorators.py,13,21,34,1,0
e234cf958d2416d4b20b53ae850c487fed32fa35,Henry Schreiner,David Lord,2022-03-30 03:02:52+00:00,2022-03-30T13:00:03-07:00,fix(types): decorator typing fails,False,1,core.py,src/click/core.py,30,4,34,1,0
fb7c6dbab505c319dfcbb882e66f313fcbf06a0f,David Lord,David Lord,2022-03-30 19:45:31+00:00,2022-03-30T12:45:31-07:00,start version 8.1.1,False,1,__init__.py,src/click/__init__.py,1,1,2,0,0
3c301ebacbfe8ec7dc3d9d46ebf517082a8ee4b1,David Lord,David Lord,2022-03-30 20:07:09+00:00,2022-03-30T13:10:55-07:00,release version 8.1.1,False,1,__init__.py,src/click/__init__.py,1,1,2,0,0
92cebe902aa7f03a89f6b261d897964dd9c5fa43,Alexander Shadchin,David Lord,2022-03-31 19:53:15+00:00,2022-03-31T13:37:52-07:00,fix readable path check error message,False,1,types.py,src/click/types.py,1,1,2,1,0
456fbb6b0053fb01bedf90b64999b0a3c645a3cd,David Lord,David Lord,2022-03-31 20:35:40+00:00,2022-03-31T13:35:40-07:00,start version 8.1.2,False,1,__init__.py,src/click/__init__.py,1,1,2,0,0
b36bf8f9b36ab7db8cf03cd8eff714dfc33f0c29,David Lord,David Lord,2022-03-31 20:41:31+00:00,2022-03-31T13:44:24-07:00,restore Path param order,False,1,types.py,src/click/types.py,2,2,4,0,0
daa2d8e44332f66f09be83a9872218fde318bb8d,John Reese,David Lord,2022-04-05 19:57:19+00:00,2022-04-28T06:51:25-07:00,disallow use of is_flag and multiple in option,False,1,core.py,src/click/core.py,3,0,3,0,0
daa2d8e44332f66f09be83a9872218fde318bb8d,John Reese,David Lord,2022-04-05 19:57:19+00:00,2022-04-28T06:51:25-07:00,disallow use of is_flag and multiple in option,False,1,test_options.py,tests/test_options.py,18,0,18,0,0
4695370071b543f6261fcaa26705323ae064050b,Jonxslays,David Lord,2022-04-22 12:06:51+00:00,2022-04-26T07:35:13-07:00,use verbose Callable for @command and @group,False,1,decorators.py,src/click/decorators.py,4,4,8,0,0
6f35455ddf500d57aa746a4dc06d812ca535dd0e,David Lord,David Lord,2022-04-26 14:34:30+00:00,2022-04-26T07:34:30-07:00,start version 8.1.3,False,1,__init__.py,src/click/__init__.py,1,1,2,0,0
5ec77494bdf2c294d3b082bed429ebce78321431,David Lord,David Lord,2022-04-28 17:27:56+00:00,2022-04-28T10:27:56-07:00,release version 8.1.3,False,1,__init__.py,src/click/__init__.py,1,1,2,0,0
ecdeb0c62f46b2b1c8e626617db5b5d66a728517,Brian Grohe,David Lord,2022-05-02 19:38:10+00:00,2023-08-20T09:39:26-07:00,enable deferred evaluation of annotations,False,1,test_imports.py,tests/test_imports.py,1,0,1,0,0
ecdeb0c62f46b2b1c8e626617db5b5d66a728517,Brian Grohe,David Lord,2022-05-02 19:38:10+00:00,2023-08-20T09:39:26-07:00,enable deferred evaluation of annotations,False,1,utils.py,src/click/utils.py,10,8,18,0,0
ecdeb0c62f46b2b1c8e626617db5b5d66a728517,Brian Grohe,David Lord,2022-05-02 19:38:10+00:00,2023-08-20T09:39:26-07:00,enable deferred evaluation of annotations,False,1,types.py,src/click/types.py,45,43,88,0,0
ecdeb0c62f46b2b1c8e626617db5b5d66a728517,Brian Grohe,David Lord,2022-05-02 19:38:10+00:00,2023-08-20T09:39:26-07:00,enable deferred evaluation of annotations,False,1,testing.py,src/click/testing.py,6,4,10,0,0
ecdeb0c62f46b2b1c8e626617db5b5d66a728517,Brian Grohe,David Lord,2022-05-02 19:38:10+00:00,2023-08-20T09:39:26-07:00,enable deferred evaluation of annotations,False,1,termui.py,src/click/termui.py,3,1,4,0,0
ecdeb0c62f46b2b1c8e626617db5b5d66a728517,Brian Grohe,David Lord,2022-05-02 19:38:10+00:00,2023-08-20T09:39:26-07:00,enable deferred evaluation of annotations,False,1,parser.py,src/click/parser.py,13,11,24,0,0
ecdeb0c62f46b2b1c8e626617db5b5d66a728517,Brian Grohe,David Lord,2022-05-02 19:38:10+00:00,2023-08-20T09:39:26-07:00,enable deferred evaluation of annotations,False,1,globals.py,src/click/globals.py,6,4,10,0,0
ecdeb0c62f46b2b1c8e626617db5b5d66a728517,Brian Grohe,David Lord,2022-05-02 19:38:10+00:00,2023-08-20T09:39:26-07:00,enable deferred evaluation of annotations,False,1,shell_completion.py,src/click/shell_completion.py,2,0,2,0,0
ecdeb0c62f46b2b1c8e626617db5b5d66a728517,Brian Grohe,David Lord,2022-05-02 19:38:10+00:00,2023-08-20T09:39:26-07:00,enable deferred evaluation of annotations,False,1,exceptions.py,src/click/exceptions.py,10,8,18,0,0
ecdeb0c62f46b2b1c8e626617db5b5d66a728517,Brian Grohe,David Lord,2022-05-02 19:38:10+00:00,2023-08-20T09:39:26-07:00,enable deferred evaluation of annotations,False,1,decorators.py,src/click/decorators.py,12,10,22,0,0
ecdeb0c62f46b2b1c8e626617db5b5d66a728517,Brian Grohe,David Lord,2022-05-02 19:38:10+00:00,2023-08-20T09:39:26-07:00,enable deferred evaluation of annotations,False,1,core.py,src/click/core.py,49,47,96,0,0
ecdeb0c62f46b2b1c8e626617db5b5d66a728517,Brian Grohe,David Lord,2022-05-02 19:38:10+00:00,2023-08-20T09:39:26-07:00,enable deferred evaluation of annotations,False,1,_winconsole.py,src/click/_winconsole.py,2,0,2,0,0
ecdeb0c62f46b2b1c8e626617db5b5d66a728517,Brian Grohe,David Lord,2022-05-02 19:38:10+00:00,2023-08-20T09:39:26-07:00,enable deferred evaluation of annotations,False,1,_textwrap.py,src/click/_textwrap.py,2,0,2,0,0
ecdeb0c62f46b2b1c8e626617db5b5d66a728517,Brian Grohe,David Lord,2022-05-02 19:38:10+00:00,2023-08-20T09:39:26-07:00,enable deferred evaluation of annotations,False,1,_termui_impl.py,src/click/_termui_impl.py,3,1,4,0,0
ecdeb0c62f46b2b1c8e626617db5b5d66a728517,Brian Grohe,David Lord,2022-05-02 19:38:10+00:00,2023-08-20T09:39:26-07:00,enable deferred evaluation of annotations,False,1,_compat.py,src/click/_compat.py,5,3,8,0,0
ecdeb0c62f46b2b1c8e626617db5b5d66a728517,Brian Grohe,David Lord,2022-05-02 19:38:10+00:00,2023-08-20T09:39:26-07:00,enable deferred evaluation of annotations,False,1,__init__.py,src/click/__init__.py,2,0,2,0,0
ecdeb0c62f46b2b1c8e626617db5b5d66a728517,Brian Grohe,David Lord,2022-05-02 19:38:10+00:00,2023-08-20T09:39:26-07:00,enable deferred evaluation of annotations,False,1,formatting.py,src/click/formatting.py,2,0,2,0,0
9149ebcc7883ad86dcf0969064178678cf2ae6de,dzcode,David Lord,2022-05-02 20:09:49+00:00,2023-06-30T08:02:37-07:00,add typing to pass pyright,False,1,testing.py,src/click/testing.py,1,1,2,0,0
9149ebcc7883ad86dcf0969064178678cf2ae6de,dzcode,David Lord,2022-05-02 20:09:49+00:00,2023-06-30T08:02:37-07:00,add typing to pass pyright,False,1,shell_completion.py,src/click/shell_completion.py,5,3,8,0,0
9149ebcc7883ad86dcf0969064178678cf2ae6de,dzcode,David Lord,2022-05-02 20:09:49+00:00,2023-06-30T08:02:37-07:00,add typing to pass pyright,False,1,parser.py,src/click/parser.py,4,4,8,0,1
9149ebcc7883ad86dcf0969064178678cf2ae6de,dzcode,David Lord,2022-05-02 20:09:49+00:00,2023-06-30T08:02:37-07:00,add typing to pass pyright,False,1,_compat.py,src/click/_compat.py,1,1,2,0,0
9149ebcc7883ad86dcf0969064178678cf2ae6de,dzcode,David Lord,2022-05-02 20:09:49+00:00,2023-06-30T08:02:37-07:00,add typing to pass pyright,False,1,core.py,src/click/core.py,19,9,28,0,0
9149ebcc7883ad86dcf0969064178678cf2ae6de,dzcode,David Lord,2022-05-02 20:09:49+00:00,2023-06-30T08:02:37-07:00,add typing to pass pyright,False,1,_termui_impl.py,src/click/_termui_impl.py,17,9,26,0,0
9149ebcc7883ad86dcf0969064178678cf2ae6de,dzcode,David Lord,2022-05-02 20:09:49+00:00,2023-06-30T08:02:37-07:00,add typing to pass pyright,False,1,types.py,src/click/types.py,10,6,16,0,1
9149ebcc7883ad86dcf0969064178678cf2ae6de,dzcode,David Lord,2022-05-02 20:09:49+00:00,2023-06-30T08:02:37-07:00,add typing to pass pyright,False,1,utils.py,src/click/utils.py,15,3,18,0,0
9149ebcc7883ad86dcf0969064178678cf2ae6de,dzcode,David Lord,2022-05-02 20:09:49+00:00,2023-06-30T08:02:37-07:00,add typing to pass pyright,False,1,exceptions.py,src/click/exceptions.py,4,3,7,0,0
36e3765f792d9619ab2d63faefd4382b9f450d84,Nick Muoh,David Lord,2022-05-03 18:40:58+00:00,2023-06-29T17:28:52-07:00,normalize dots in prog_name for completion,False,1,core.py,src/click/core.py,5,1,6,0,1
8924144905dedaa2e43cd7206e7b8d2de84e1a9f,Riccardo Belli,David Lord,2022-05-13 07:49:22+00:00,2023-06-30T08:18:07-07:00,flush output on clear() to improve responsiveness,False,1,termui.py,src/click/termui.py,3,6,9,0,0
2a7543e46ac43463354e1f7d30b17ae8332a3907,Gianluca Gippetto,Gianluca Gippetto,2022-06-18 21:35:20+00:00,2023-07-04T01:24:38+02:00,Add test demonstrating an argument decorator can't be reused,False,1,test_arguments.py,tests/test_arguments.py,20,0,20,0,0
0de3704747c1399d019f1d94caeefe20123b6ef0,Fredrik Mellström,David Lord,2022-08-02 15:48:38+00:00,2023-06-30T09:01:39-07:00,detect exe name when using shiv/pex,False,1,utils.py,src/click/utils.py,2,1,3,0,0
0de3704747c1399d019f1d94caeefe20123b6ef0,Fredrik Mellström,David Lord,2022-08-02 15:48:38+00:00,2023-06-30T09:01:39-07:00,detect exe name when using shiv/pex,False,1,test_utils.py,tests/test_utils.py,1,0,1,0,0
bcd3faaaaf03933915394f6c24d4f06d22aa8a1d,exploide,David Lord,2022-09-07 12:56:52+00:00,2023-06-30T09:10:13-07:00,completions: style improvements for fish completion function,False,1,shell_completion.py,src/click/shell_completion.py,17,21,38,0,1
73d7de5f7423eab0673935a5120c65a27fd2804c,Hynek Schlawack,GitHub,2022-09-14 13:09:00+00:00,2022-09-14T06:09:00-07:00,Fix versionchanged entry for click.Path (#2345),False,1,types.py,src/click/types.py,1,1,2,1,0
589ca314ae8d200ff55263a2c49c8ae6341866f3,Krzysztof Kotlenga,David Lord,2022-10-05 12:00:25+00:00,2023-06-30T09:40:27-07:00,avoid empty lines if help text is empty,False,1,core.py,src/click/core.py,5,2,7,1,1
589ca314ae8d200ff55263a2c49c8ae6341866f3,Krzysztof Kotlenga,David Lord,2022-10-05 12:00:25+00:00,2023-06-30T09:40:27-07:00,avoid empty lines if help text is empty,False,1,test_commands.py,tests/test_commands.py,0,14,14,1,1
589ca314ae8d200ff55263a2c49c8ae6341866f3,Krzysztof Kotlenga,David Lord,2022-10-05 12:00:25+00:00,2023-06-30T09:40:27-07:00,avoid empty lines if help text is empty,False,1,test_formatting.py,tests/test_formatting.py,20,0,20,1,0
422e211018e9ef8ff9a840878464d35c4c6519ac,Albert Tugushev,David Lord,2022-10-17 18:48:07+00:00,2023-06-30T12:11:11-07:00,Do not suppress EOFError/KeyboardInterrupt when standalone is disabled,False,1,test_commands.py,tests/test_commands.py,12,0,12,1,0
422e211018e9ef8ff9a840878464d35c4c6519ac,Albert Tugushev,David Lord,2022-10-17 18:48:07+00:00,2023-06-30T12:11:11-07:00,Do not suppress EOFError/KeyboardInterrupt when standalone is disabled,False,1,core.py,src/click/core.py,2,2,4,1,0
a1093bbe0dae00eea8342247a0c2739b07a6acd8,Martijn Pieters,David Lord,2022-11-08 19:44:29+00:00,2023-01-19T16:33:27-08:00,Types: don't leave generic types without a parameter,False,1,decorators.py,src/click/decorators.py,1,1,2,0,0
a1093bbe0dae00eea8342247a0c2739b07a6acd8,Martijn Pieters,David Lord,2022-11-08 19:44:29+00:00,2023-01-19T16:33:27-08:00,Types: don't leave generic types without a parameter,False,1,types.py,src/click/types.py,5,5,10,0,0
a1093bbe0dae00eea8342247a0c2739b07a6acd8,Martijn Pieters,David Lord,2022-11-08 19:44:29+00:00,2023-01-19T16:33:27-08:00,Types: don't leave generic types without a parameter,False,1,utils.py,src/click/utils.py,10,8,18,0,0
a1093bbe0dae00eea8342247a0c2739b07a6acd8,Martijn Pieters,David Lord,2022-11-08 19:44:29+00:00,2023-01-19T16:33:27-08:00,Types: don't leave generic types without a parameter,False,1,core.py,src/click/core.py,5,5,10,0,0
a1093bbe0dae00eea8342247a0c2739b07a6acd8,Martijn Pieters,David Lord,2022-11-08 19:44:29+00:00,2023-01-19T16:33:27-08:00,Types: don't leave generic types without a parameter,False,1,_termui_impl.py,src/click/_termui_impl.py,1,1,2,0,0
a1093bbe0dae00eea8342247a0c2739b07a6acd8,Martijn Pieters,David Lord,2022-11-08 19:44:29+00:00,2023-01-19T16:33:27-08:00,Types: don't leave generic types without a parameter,False,1,_compat.py,src/click/_compat.py,18,18,36,0,0
a1093bbe0dae00eea8342247a0c2739b07a6acd8,Martijn Pieters,David Lord,2022-11-08 19:44:29+00:00,2023-01-19T16:33:27-08:00,Types: don't leave generic types without a parameter,False,1,exceptions.py,src/click/exceptions.py,2,2,4,0,0
a1093bbe0dae00eea8342247a0c2739b07a6acd8,Martijn Pieters,David Lord,2022-11-08 19:44:29+00:00,2023-01-19T16:33:27-08:00,Types: don't leave generic types without a parameter,False,1,testing.py,src/click/testing.py,6,6,12,0,0
085f414a046bd5f15dfa08bedd0aa50f25410520,Martijn Pieters,David Lord,2022-11-09 17:03:49+00:00,2023-01-19T16:33:27-08:00,Type hinting: Low-hanging fruit improvements,False,1,_compat.py,src/click/_compat.py,1,1,2,0,0
085f414a046bd5f15dfa08bedd0aa50f25410520,Martijn Pieters,David Lord,2022-11-09 17:03:49+00:00,2023-01-19T16:33:27-08:00,Type hinting: Low-hanging fruit improvements,False,1,_termui_impl.py,src/click/_termui_impl.py,1,1,2,0,0
085f414a046bd5f15dfa08bedd0aa50f25410520,Martijn Pieters,David Lord,2022-11-09 17:03:49+00:00,2023-01-19T16:33:27-08:00,Type hinting: Low-hanging fruit improvements,False,1,core.py,src/click/core.py,2,2,4,0,0
085f414a046bd5f15dfa08bedd0aa50f25410520,Martijn Pieters,David Lord,2022-11-09 17:03:49+00:00,2023-01-19T16:33:27-08:00,Type hinting: Low-hanging fruit improvements,False,1,types.py,src/click/types.py,4,7,11,0,0
085f414a046bd5f15dfa08bedd0aa50f25410520,Martijn Pieters,David Lord,2022-11-09 17:03:49+00:00,2023-01-19T16:33:27-08:00,Type hinting: Low-hanging fruit improvements,False,1,utils.py,src/click/utils.py,2,2,4,0,0
a63679e77f9be2eb99e2f0884d617f9635a485e2,Martijn Pieters,David Lord,2022-11-09 17:09:59+00:00,2023-01-19T16:33:27-08:00,Type hinting: improve decorator annotations,False,1,decorators.py,src/click/decorators.py,108,50,158,0,0
a63679e77f9be2eb99e2f0884d617f9635a485e2,Martijn Pieters,David Lord,2022-11-09 17:09:59+00:00,2023-01-19T16:33:27-08:00,Type hinting: improve decorator annotations,False,1,utils.py,src/click/utils.py,7,4,11,0,0
a63679e77f9be2eb99e2f0884d617f9635a485e2,Martijn Pieters,David Lord,2022-11-09 17:09:59+00:00,2023-01-19T16:33:27-08:00,Type hinting: improve decorator annotations,False,1,core.py,src/click/core.py,20,2,22,0,0
7ed114f89a5997736c372faa0fa3b12d2bba377a,Eric Williamson,David Lord,2022-12-15 19:45:13+00:00,2023-06-30T12:24:52-07:00,move command cls setting after assert check,False,1,core.py,src/click/core.py,3,3,6,0,0
7ed114f89a5997736c372faa0fa3b12d2bba377a,Eric Williamson,David Lord,2022-12-15 19:45:13+00:00,2023-06-30T12:24:52-07:00,move command cls setting after assert check,False,1,test_command_decorators.py,tests/test_command_decorators.py,20,0,20,0,1
06a2c0f2ec24ef0a3e5ee97ce9ccbcc51ab49d3a,David Lord,David Lord,2022-12-29 18:28:53+00:00,2022-12-29T10:28:53-08:00,update dependencies,False,1,testing.py,src/click/testing.py,3,3,6,0,0
06a2c0f2ec24ef0a3e5ee97ce9ccbcc51ab49d3a,David Lord,David Lord,2022-12-29 18:28:53+00:00,2022-12-29T10:28:53-08:00,update dependencies,False,1,termui.py,src/click/termui.py,1,1,2,0,0
a6c7ee060b02eaa62fd15264a669220914cfad4c,David Lord,David Lord,2023-01-20 00:33:15+00:00,2023-01-19T16:33:15-08:00,start version 8.1.4,False,1,__init__.py,src/click/__init__.py,1,1,2,0,0
742a5521c4e219c8413a9a0478f752b54ad6d9ea,David Lord,David Lord,2023-01-20 00:41:06+00:00,2023-01-19T16:42:12-08:00,switch to pyproject.toml,False,1,setup.py,setup.py,0,9,9,0,0
742a5521c4e219c8413a9a0478f752b54ad6d9ea,David Lord,David Lord,2023-01-20 00:41:06+00:00,2023-01-19T16:42:12-08:00,switch to pyproject.toml,False,1,test_utils.py,tests/test_utils.py,1,1,2,0,0
742a5521c4e219c8413a9a0478f752b54ad6d9ea,David Lord,David Lord,2023-01-20 00:41:06+00:00,2023-01-19T16:42:12-08:00,switch to pyproject.toml,False,1,.flake8,.flake8,25,0,25,0,0
6e5bf4f37b1c2306a34e101963f39a10a267a34b,David Lord,David Lord,2023-01-20 16:57:07+00:00,2023-01-20T08:57:07-08:00,"build, provenance, publish workflow",False,1,build.in,requirements/build.in,1,0,1,0,0
ab7b6c3001763e487aedc048ea4df3a37e74b15d,Liu Xiteng,David Lord,2023-03-03 02:03:52+00:00,2023-06-29T12:22:16-07:00,wrap BASH_VERSION to handle special characters,False,1,shell_completion.py,src/click/shell_completion.py,1,1,2,1,1
292a27d7052b085fa40dba55f850279c490f1c6b,Kurt McKee,GitHub,2023-03-20 22:19:14+00:00,2023-03-20T17:19:14-05:00,Fix typo,False,1,core.py,src/click/core.py,1,1,2,0,1
43c2e7f331e78684d2549439c3338335f0ddb854,Frazer McLean,David Lord,2023-04-09 13:32:40+00:00,2023-07-05T11:29:54-07:00,format_filename replaces invalid bytes,False,1,test_types.py,tests/test_types.py,109,5,114,0,1
43c2e7f331e78684d2549439c3338335f0ddb854,Frazer McLean,David Lord,2023-04-09 13:32:40+00:00,2023-07-05T11:29:54-07:00,format_filename replaces invalid bytes,False,1,_compat.py,src/click/_compat.py,3,6,9,0,0
43c2e7f331e78684d2549439c3338335f0ddb854,Frazer McLean,David Lord,2023-04-09 13:32:40+00:00,2023-07-05T11:29:54-07:00,format_filename replaces invalid bytes,False,1,exceptions.py,src/click/exceptions.py,2,2,4,0,0
43c2e7f331e78684d2549439c3338335f0ddb854,Frazer McLean,David Lord,2023-04-09 13:32:40+00:00,2023-07-05T11:29:54-07:00,format_filename replaces invalid bytes,False,1,types.py,src/click/types.py,39,24,63,0,0
43c2e7f331e78684d2549439c3338335f0ddb854,Frazer McLean,David Lord,2023-04-09 13:32:40+00:00,2023-07-05T11:29:54-07:00,format_filename replaces invalid bytes,False,1,conftest.py,tests/conftest.py,0,19,19,0,0
43c2e7f331e78684d2549439c3338335f0ddb854,Frazer McLean,David Lord,2023-04-09 13:32:40+00:00,2023-07-05T11:29:54-07:00,format_filename replaces invalid bytes,False,1,test_utils.py,tests/test_utils.py,1,4,5,0,0
43c2e7f331e78684d2549439c3338335f0ddb854,Frazer McLean,David Lord,2023-04-09 13:32:40+00:00,2023-07-05T11:29:54-07:00,format_filename replaces invalid bytes,False,1,utils.py,src/click/utils.py,34,13,47,0,0
6e05e1fa1c2804410f9916b27edc07076e3b156d,Sagi Buchbinder-Shadur,GitHub,2023-05-03 15:16:59+00:00,2023-05-03T11:16:59-04:00,Update dependencies using pip-compile-multi (#2508),False,1,test_arguments.py,tests/test_arguments.py,5,1,6,0,0
d19d0def9a2a5979312b705bbfd53725aa1d5081,Alexander Seiler,GitHub,2023-05-07 15:51:18+00:00,2023-05-07T11:51:18-04:00,Correct some typos (#2496),False,1,parser.py,src/click/parser.py,1,1,2,1,0
d19d0def9a2a5979312b705bbfd53725aa1d5081,Alexander Seiler,GitHub,2023-05-07 15:51:18+00:00,2023-05-07T11:51:18-04:00,Correct some typos (#2496),False,1,core.py,src/click/core.py,2,2,4,1,1
eb1d760fb433d08278816d7ba49477ce86b691a7,Régis Behmo,GitHub,2023-05-07 15:52:15+00:00,2023-05-07T11:52:15-04:00,fix minor typo in `make_context` docs (#2381),False,1,core.py,src/click/core.py,1,1,2,1,0
e002dbc40ceb6a7e78dbe5e5868744690ba3120f,Alexander Regueiro,GitHub,2023-05-08 04:01:21+00:00,2023-05-08T00:01:21-04:00,Fix return value and type signature of `shell_completion.add_completion_class` function (#2421),False,1,shell_completion.py,src/click/shell_completion.py,7,2,9,1,0
e002dbc40ceb6a7e78dbe5e5868744690ba3120f,Alexander Regueiro,GitHub,2023-05-08 04:01:21+00:00,2023-05-08T00:01:21-04:00,Fix return value and type signature of `shell_completion.add_completion_class` function (#2421),False,1,test_shell_completion.py,tests/test_shell_completion.py,72,0,72,1,0
8473b3ced140296b9dd869957e0026eebd94634b,Kyle Altendorf,GitHub,2023-05-08 15:03:33+00:00,2023-05-08T11:03:33-04:00,Use t.Mapping not t.Dict for parameters (#2265),False,1,core.py,src/click/core.py,10,8,18,0,0
8473b3ced140296b9dd869957e0026eebd94634b,Kyle Altendorf,GitHub,2023-05-08 15:03:33+00:00,2023-05-08T11:03:33-04:00,Use t.Mapping not t.Dict for parameters (#2265),False,1,shell_completion.py,src/click/shell_completion.py,6,3,9,0,1
77838f86fa647ca82f53a88d6495dfc009b24c41,Blazej Michalik,GitHub,2023-05-09 19:10:59+00:00,2023-05-09T15:10:59-04:00,Docs: add references for varargs and kwargs (#2281),False,1,core.py,src/click/core.py,6,1,7,0,0
77838f86fa647ca82f53a88d6495dfc009b24c41,Blazej Michalik,GitHub,2023-05-09 19:10:59+00:00,2023-05-09T15:10:59-04:00,Docs: add references for varargs and kwargs (#2281),False,1,decorators.py,src/click/decorators.py,12,0,12,0,0
25dfd27c302e212afb436efab2f9b52099f97683,akettmann-e24,GitHub,2023-05-10 02:28:55+00:00,2023-05-09T22:28:55-04:00,"affect vs effect, simple mistake (#2298)",False,1,utils.py,src/click/utils.py,1,1,2,0,0
9affb021ff0fc71a676511226ac3cf721d2f9e3c,David Lord,David Lord,2023-06-01 18:00:04+00:00,2023-06-01T11:00:04-07:00,remove unused links,False,1,conf.py,docs/conf.py,0,2,2,0,0
ac15816133ef12001ebf6d6aecb7a3cf14487761,David Lord,David Lord,2023-06-01 18:44:40+00:00,2023-06-01T11:44:40-07:00,update dependencies,False,1,decorators.py,src/click/decorators.py,2,2,4,0,0
ac15816133ef12001ebf6d6aecb7a3cf14487761,David Lord,David Lord,2023-06-01 18:44:40+00:00,2023-06-01T11:44:40-07:00,update dependencies,False,1,test_termui.py,tests/test_termui.py,2,1,3,0,1
935a481aefd5f83a15d436f6f46088043ca6a5fe,Kevin Deldycke,David Lord,2023-06-09 04:15:14+00:00,2023-07-03T18:31:46-07:00,remove py2 compat from docs,False,1,conf.py,docs/conf.py,0,5,5,0,0
b5280c608574d867e5e76c8f295c99868f18d763,David Lord,David Lord,2023-06-27 15:45:10+00:00,2023-06-27T08:45:10-07:00,update dependencies,False,1,core.py,src/click/core.py,1,1,2,0,0
b5280c608574d867e5e76c8f295c99868f18d763,David Lord,David Lord,2023-06-27 15:45:10+00:00,2023-06-27T08:45:10-07:00,update dependencies,False,1,decorators.py,src/click/decorators.py,1,2,3,0,0
1989ac23d05e90039d5d32572455aa4c52d9065b,David Lord,David Lord,2023-06-28 18:25:58+00:00,2023-06-28T11:28:01-07:00,switch to flit build backend,False,1,MANIFEST.in,MANIFEST.in,0,10,10,0,0
dbbdf42ee2f8abfb4879936ef7e8abf8f36d4f0f,David Lord,David Lord,2023-06-28 18:26:43+00:00,2023-06-28T11:48:20-07:00,use pyproject.toml and flit in examples,False,1,setup.py,examples/colors/setup.py,0,13,13,0,0
dbbdf42ee2f8abfb4879936ef7e8abf8f36d4f0f,David Lord,David Lord,2023-06-28 18:26:43+00:00,2023-06-28T11:48:20-07:00,use pyproject.toml and flit in examples,False,1,setup.py,examples/aliases/setup.py,0,13,13,0,0
dbbdf42ee2f8abfb4879936ef7e8abf8f36d4f0f,David Lord,David Lord,2023-06-28 18:26:43+00:00,2023-06-28T11:48:20-07:00,use pyproject.toml and flit in examples,False,1,setup.py,examples/validation/setup.py,0,13,13,0,0
dbbdf42ee2f8abfb4879936ef7e8abf8f36d4f0f,David Lord,David Lord,2023-06-28 18:26:43+00:00,2023-06-28T11:48:20-07:00,use pyproject.toml and flit in examples,False,1,README,examples/README,0,7,7,0,0
dbbdf42ee2f8abfb4879936ef7e8abf8f36d4f0f,David Lord,David Lord,2023-06-28 18:26:43+00:00,2023-06-28T11:48:20-07:00,use pyproject.toml and flit in examples,False,1,README,examples/completion/README,5,0,5,0,0
dbbdf42ee2f8abfb4879936ef7e8abf8f36d4f0f,David Lord,David Lord,2023-06-28 18:26:43+00:00,2023-06-28T11:48:20-07:00,use pyproject.toml and flit in examples,False,1,setup.py,examples/completion/setup.py,0,13,13,0,0
dbbdf42ee2f8abfb4879936ef7e8abf8f36d4f0f,David Lord,David Lord,2023-06-28 18:26:43+00:00,2023-06-28T11:48:20-07:00,use pyproject.toml and flit in examples,False,1,setup.py,examples/complex/setup.py,0,13,13,0,0
dbbdf42ee2f8abfb4879936ef7e8abf8f36d4f0f,David Lord,David Lord,2023-06-28 18:26:43+00:00,2023-06-28T11:48:20-07:00,use pyproject.toml and flit in examples,False,1,setup.py,examples/imagepipe/setup.py,0,13,13,0,0
dbbdf42ee2f8abfb4879936ef7e8abf8f36d4f0f,David Lord,David Lord,2023-06-28 18:26:43+00:00,2023-06-28T11:48:20-07:00,use pyproject.toml and flit in examples,False,1,setup.py,examples/inout/setup.py,0,13,13,0,0
dbbdf42ee2f8abfb4879936ef7e8abf8f36d4f0f,David Lord,David Lord,2023-06-28 18:26:43+00:00,2023-06-28T11:48:20-07:00,use pyproject.toml and flit in examples,False,1,setup.py,examples/naval/setup.py,0,13,13,0,0
dbbdf42ee2f8abfb4879936ef7e8abf8f36d4f0f,David Lord,David Lord,2023-06-28 18:26:43+00:00,2023-06-28T11:48:20-07:00,use pyproject.toml and flit in examples,False,1,setup.py,examples/repo/setup.py,0,13,13,0,0
dbbdf42ee2f8abfb4879936ef7e8abf8f36d4f0f,David Lord,David Lord,2023-06-28 18:26:43+00:00,2023-06-28T11:48:20-07:00,use pyproject.toml and flit in examples,False,1,setup.py,examples/termui/setup.py,0,13,13,0,0
aa4a38e9aa6970e29942ce3beecdac833f30bdb3,David Lord,David Lord,2023-06-30 18:25:02+00:00,2023-06-30T11:25:02-07:00,fix zsh completion loaded from fpath,False,1,shell_completion.py,src/click/shell_completion.py,7,1,8,1,0
b36e3ede781b388ae8135af61e83269e211acdf1,David Lord,David Lord,2023-07-03 16:05:56+00:00,2023-07-03T09:14:02-07:00,allow multiple=True with flags,False,1,test_options.py,tests/test_options.py,0,4,4,0,1
b36e3ede781b388ae8135af61e83269e211acdf1,David Lord,David Lord,2023-07-03 16:05:56+00:00,2023-07-03T09:14:02-07:00,allow multiple=True with flags,False,1,test_defaults.py,tests/test_defaults.py,21,0,21,0,0
b36e3ede781b388ae8135af61e83269e211acdf1,David Lord,David Lord,2023-07-03 16:05:56+00:00,2023-07-03T09:14:02-07:00,allow multiple=True with flags,False,1,core.py,src/click/core.py,6,4,10,0,0
b4df3b9c5bae55f1f49128d68eff138864583faa,Gianluca Gippetto,David Lord,2023-07-03 23:21:42+00:00,2023-07-03T18:26:07-07:00,Add `cls` to signature of `argument` and `option`,False,1,decorators.py,src/click/decorators.py,12,8,20,0,1
8f019ba54eb6838c182c8bfe9310a8d526602071,David Lord,David Lord,2023-07-06 15:07:27+00:00,2023-07-06T08:07:27-07:00,remove msys2 detection,False,1,_compat.py,src/click/_compat.py,1,2,3,0,0
daca3cfce4dcc98451362da0785e4db5fd2b1d8a,David Lord,David Lord,2023-07-06 15:41:01+00:00,2023-07-06T08:41:01-07:00,remove app engine detection,False,1,_compat.py,src/click/_compat.py,1,5,6,0,0
ecb99836a44367bad62960045d586e31e4a95766,David Lord,David Lord,2023-07-06 16:42:06+00:00,2023-07-06T09:59:13-07:00,echo doesn't fail with no streams,False,1,_compat.py,src/click/_compat.py,8,3,11,0,1
ecb99836a44367bad62960045d586e31e4a95766,David Lord,David Lord,2023-07-06 16:42:06+00:00,2023-07-06T09:59:13-07:00,echo doesn't fail with no streams,False,1,test_utils.py,tests/test_utils.py,9,0,9,0,0
ecb99836a44367bad62960045d586e31e4a95766,David Lord,David Lord,2023-07-06 16:42:06+00:00,2023-07-06T09:59:13-07:00,echo doesn't fail with no streams,False,1,utils.py,src/click/utils.py,5,0,5,0,0
ecb99836a44367bad62960045d586e31e4a95766,David Lord,David Lord,2023-07-06 16:42:06+00:00,2023-07-06T09:59:13-07:00,echo doesn't fail with no streams,False,1,_termui_impl.py,src/click/_termui_impl.py,14,0,14,0,0
4cf7c6cdb10e441da775b4a3a7ee55caec83249e,David Lord,David Lord,2023-07-06 18:11:38+00:00,2023-07-06T11:11:38-07:00,completion works for expose_value=False,False,1,shell_completion.py,src/click/shell_completion.py,2,1,3,0,0
3d873a3f567d1bbcb6fb25f0fbe3c3128488d99d,David Lord,David Lord,2023-07-06 18:15:14+00:00,2023-07-06T11:18:29-07:00,release version 8.1.4,False,1,__init__.py,src/click/__init__.py,1,1,2,0,0
72f2aae97660ac2bd66893bed6c53857cee0f112,David Lord,David Lord,2023-07-06 22:22:46+00:00,2023-07-06T15:22:46-07:00,work,False,1,__init__.py,src/click/__init__.py,0,2,2,0,0
72f2aae97660ac2bd66893bed6c53857cee0f112,David Lord,David Lord,2023-07-06 22:22:46+00:00,2023-07-06T15:22:46-07:00,work,False,1,core.py,src/click/core.py,629,497,1126,0,0
72f2aae97660ac2bd66893bed6c53857cee0f112,David Lord,David Lord,2023-07-06 22:22:46+00:00,2023-07-06T15:22:46-07:00,work,False,1,exceptions.py,src/click/exceptions.py,8,0,8,0,0
72f2aae97660ac2bd66893bed6c53857cee0f112,David Lord,David Lord,2023-07-06 22:22:46+00:00,2023-07-06T15:22:46-07:00,work,False,1,parser.py,src/click/parser.py,0,485,485,0,0
72f2aae97660ac2bd66893bed6c53857cee0f112,David Lord,David Lord,2023-07-06 22:22:46+00:00,2023-07-06T15:22:46-07:00,work,False,1,shell_completion.py,src/click/shell_completion.py,8,8,16,0,0
72f2aae97660ac2bd66893bed6c53857cee0f112,David Lord,David Lord,2023-07-06 22:22:46+00:00,2023-07-06T15:22:46-07:00,work,False,1,testing.py,src/click/testing.py,3,3,6,0,0
72f2aae97660ac2bd66893bed6c53857cee0f112,David Lord,David Lord,2023-07-06 22:22:46+00:00,2023-07-06T15:22:46-07:00,work,False,1,test_basic.py,tests/test_basic.py,1,1,2,0,0
72f2aae97660ac2bd66893bed6c53857cee0f112,David Lord,David Lord,2023-07-06 22:22:46+00:00,2023-07-06T15:22:46-07:00,work,False,1,test_commands.py,tests/test_commands.py,1,1,2,0,0
72f2aae97660ac2bd66893bed6c53857cee0f112,David Lord,David Lord,2023-07-06 22:22:46+00:00,2023-07-06T15:22:46-07:00,work,False,1,test_arguments.py,tests/test_arguments.py,1,1,2,0,0
d17dbc2c0faee0017ea2c8d2260e72cb71848f2f,David Lord,David Lord,2023-07-13 12:51:17+00:00,2023-07-13T05:51:17-07:00,start version 8.1.5,False,1,__init__.py,src/click/__init__.py,1,1,2,0,0
449d38f517845f39b0ffd4df64f90403933b0e0e,Tin Tvrtković,GitHub,2023-07-13 14:56:13+00:00,2023-07-13T07:56:13-07:00,"Fix types, introduce type tests (#2562)",False,1,typing_password_option.py,tests/typing/typing_password_option.py,14,0,14,1,0
449d38f517845f39b0ffd4df64f90403933b0e0e,Tin Tvrtković,GitHub,2023-07-13 14:56:13+00:00,2023-07-13T07:56:13-07:00,"Fix types, introduce type tests (#2562)",False,1,typing_simple_example.py,tests/typing/typing_simple_example.py,16,0,16,1,0
449d38f517845f39b0ffd4df64f90403933b0e0e,Tin Tvrtković,GitHub,2023-07-13 14:56:13+00:00,2023-07-13T07:56:13-07:00,"Fix types, introduce type tests (#2562)",False,1,typing_version_option.py,tests/typing/typing_version_option.py,15,0,15,1,0
449d38f517845f39b0ffd4df64f90403933b0e0e,Tin Tvrtković,GitHub,2023-07-13 14:56:13+00:00,2023-07-13T07:56:13-07:00,"Fix types, introduce type tests (#2562)",False,1,typing_options.py,tests/typing/typing_options.py,15,0,15,1,0
449d38f517845f39b0ffd4df64f90403933b0e0e,Tin Tvrtković,GitHub,2023-07-13 14:56:13+00:00,2023-07-13T07:56:13-07:00,"Fix types, introduce type tests (#2562)",False,1,typing_help_option.py,tests/typing/typing_help_option.py,13,0,13,1,0
449d38f517845f39b0ffd4df64f90403933b0e0e,Tin Tvrtković,GitHub,2023-07-13 14:56:13+00:00,2023-07-13T07:56:13-07:00,"Fix types, introduce type tests (#2562)",False,1,typing_confirmation_option.py,tests/typing/typing_confirmation_option.py,13,0,13,1,0
449d38f517845f39b0ffd4df64f90403933b0e0e,Tin Tvrtković,GitHub,2023-07-13 14:56:13+00:00,2023-07-13T07:56:13-07:00,"Fix types, introduce type tests (#2562)",False,1,typing_aliased_group.py,tests/typing/typing_aliased_group.py,45,0,45,1,0
449d38f517845f39b0ffd4df64f90403933b0e0e,Tin Tvrtković,GitHub,2023-07-13 14:56:13+00:00,2023-07-13T07:56:13-07:00,"Fix types, introduce type tests (#2562)",False,1,decorators.py,src/click/decorators.py,9,14,23,1,1
449d38f517845f39b0ffd4df64f90403933b0e0e,Tin Tvrtković,GitHub,2023-07-13 14:56:13+00:00,2023-07-13T07:56:13-07:00,"Fix types, introduce type tests (#2562)",False,1,typing.in,requirements/typing.in,1,0,1,1,0
63c171612889102dfae5f7270be78b567cf4251b,David Lord,David Lord,2023-07-13 14:58:38+00:00,2023-07-13T07:58:38-07:00,release version 8.1.5,False,1,__init__.py,src/click/__init__.py,1,1,2,0,0
20280d4f76928db0617fbc4c0059fabb42b8d77e,layday,David Lord,2023-07-13 15:42:44+00:00,2023-07-18T12:52:53-07:00,fix `group` overload with `cls` arg,False,1,typing_group_kw_options.py,tests/typing/typing_group_kw_options.py,11,0,11,1,0
20280d4f76928db0617fbc4c0059fabb42b8d77e,layday,David Lord,2023-07-13 15:42:44+00:00,2023-07-18T12:52:53-07:00,fix `group` overload with `cls` arg,False,1,decorators.py,src/click/decorators.py,2,6,8,1,0
56b15be8b843a26a8065c65f8a208eef7b7c05bc,David Lord,David Lord,2023-07-13 17:43:27+00:00,2023-07-13T10:43:27-07:00,start version 8.1.6,False,1,__init__.py,src/click/__init__.py,1,1,2,0,0
3793f5b2d79d5999552b970bf17c37588efcf008,David Lord,David Lord,2023-07-18 20:00:04+00:00,2023-07-18T13:00:04-07:00,release version 8.1.6,False,1,__init__.py,src/click/__init__.py,1,1,2,0,0
3c1529e6bc12118ff5a83b2f81fc52f625367736,Peter Dragun,David Lord,2023-07-19 07:06:03+00:00,2023-08-17T10:15:16-07:00,add back semicolons in fish script,False,1,shell_completion.py,src/click/shell_completion.py,14,14,28,0,1
d9db70cabdc9cb10cd5584464b8adb9a24545b92,Olivia Kinnear,David Lord,2023-07-29 22:14:02+00:00,2023-08-17T10:08:07-07:00,bash version support shows warning instead of error,False,1,shell_completion.py,src/click/shell_completion.py,8,5,13,1,1
af2da1ef9b9f7a5a19b6f77d432459afb699f408,Shantanu,David Lord,2023-08-08 09:20:39+00:00,2023-08-17T09:58:22-07:00,Fix incorrect passing of flags to re.sub,False,1,shell_completion.py,src/click/shell_completion.py,1,1,2,1,0
bb6a8727aa4aab62e5a388b15c4443fedf422622,David Lord,David Lord,2023-08-17 16:52:05+00:00,2023-08-17T09:52:05-07:00,start version 8.1.7,False,1,__init__.py,src/click/__init__.py,1,1,2,0,0
d69d2106d821c43507829100f36774bbb7a1092b,David Lord,David Lord,2023-08-17 17:03:11+00:00,2023-08-17T10:03:11-07:00,fix flake8 finding,False,1,_compat.py,src/click/_compat.py,1,1,2,1,0
874ca2bc1c30d93a4ac6e36a15ed685eafe89097,David Lord,David Lord,2023-08-17 17:24:49+00:00,2023-08-17T10:24:49-07:00,release version 8.1.7,False,1,__init__.py,src/click/__init__.py,1,1,2,0,0
61ee5802d3c26f28e3b7f87005f5c107cecc7ce2,David Lord,David Lord,2023-08-17 22:42:13+00:00,2023-08-17T15:42:13-07:00,drop support for python 3.7,False,1,decorators.py,src/click/decorators.py,4,12,16,0,0
61ee5802d3c26f28e3b7f87005f5c107cecc7ce2,David Lord,David Lord,2023-08-17 22:42:13+00:00,2023-08-17T15:42:13-07:00,drop support for python 3.7,False,1,types.py,src/click/types.py,1,5,6,0,0
9dd12077eed3eb331ee23cb94ac6f70895f0329a,David Lord,David Lord,2023-08-17 23:04:10+00:00,2023-08-19T13:01:47-07:00,deprecate BaseCommand,False,1,__init__.py,src/click/__init__.py,17,1,18,0,0
9dd12077eed3eb331ee23cb94ac6f70895f0329a,David Lord,David Lord,2023-08-17 23:04:10+00:00,2023-08-19T13:01:47-07:00,deprecate BaseCommand,False,1,test_commands.py,tests/test_commands.py,2,2,4,0,1
9dd12077eed3eb331ee23cb94ac6f70895f0329a,David Lord,David Lord,2023-08-17 23:04:10+00:00,2023-08-19T13:01:47-07:00,deprecate BaseCommand,False,1,testing.py,src/click/testing.py,3,3,6,0,0
9dd12077eed3eb331ee23cb94ac6f70895f0329a,David Lord,David Lord,2023-08-17 23:04:10+00:00,2023-08-19T13:01:47-07:00,deprecate BaseCommand,False,1,shell_completion.py,src/click/shell_completion.py,5,5,10,0,0
9dd12077eed3eb331ee23cb94ac6f70895f0329a,David Lord,David Lord,2023-08-17 23:04:10+00:00,2023-08-19T13:01:47-07:00,deprecate BaseCommand,False,1,core.py,src/click/core.py,294,339,633,0,0
9e0d0b26d9c2e149d909dc70c91d1fee5a185cfd,David Lord,David Lord,2023-08-19 00:14:11+00:00,2023-08-19T13:01:47-07:00,deprecate MultiCommand,False,1,__init__.py,src/click/__init__.py,11,1,12,0,0
9e0d0b26d9c2e149d909dc70c91d1fee5a185cfd,David Lord,David Lord,2023-08-19 00:14:11+00:00,2023-08-19T13:01:47-07:00,deprecate MultiCommand,False,1,core.py,src/click/core.py,236,238,474,0,0
9e0d0b26d9c2e149d909dc70c91d1fee5a185cfd,David Lord,David Lord,2023-08-19 00:14:11+00:00,2023-08-19T13:01:47-07:00,deprecate MultiCommand,False,1,shell_completion.py,src/click/shell_completion.py,2,2,4,0,0
238ee070af40576d23418e41fa96d1c41e53f6b1,David Lord,David Lord,2023-08-19 19:13:14+00:00,2023-08-19T13:01:47-07:00,remove mentions of deprecated base classes,False,1,cli.py,examples/complex/complex/cli.py,1,1,2,0,0
238ee070af40576d23418e41fa96d1c41e53f6b1,David Lord,David Lord,2023-08-19 19:13:14+00:00,2023-08-19T13:01:47-07:00,remove mentions of deprecated base classes,False,1,README,examples/imagepipe/README,1,1,2,0,0
238ee070af40576d23418e41fa96d1c41e53f6b1,David Lord,David Lord,2023-08-19 19:13:14+00:00,2023-08-19T13:01:47-07:00,remove mentions of deprecated base classes,False,1,core.py,src/click/core.py,10,15,25,0,0
238ee070af40576d23418e41fa96d1c41e53f6b1,David Lord,David Lord,2023-08-19 19:13:14+00:00,2023-08-19T13:01:47-07:00,remove mentions of deprecated base classes,False,1,test_chain.py,tests/test_chain.py,2,2,4,0,0
3630addf538ff4d1d5bc75438c8d84378105d03d,David Lord,David Lord,2023-08-20 16:13:25+00:00,2023-08-20T09:13:25-07:00,deprecate OptionParser,False,1,core.py,src/click/core.py,34,18,52,0,0
3630addf538ff4d1d5bc75438c8d84378105d03d,David Lord,David Lord,2023-08-20 16:13:25+00:00,2023-08-20T09:13:25-07:00,deprecate OptionParser,False,1,__init__.py,src/click/__init__.py,11,1,12,0,0
3630addf538ff4d1d5bc75438c8d84378105d03d,David Lord,David Lord,2023-08-20 16:13:25+00:00,2023-08-20T09:13:25-07:00,deprecate OptionParser,False,1,test_parser.py,tests/test_parser.py,4,4,8,0,0
3630addf538ff4d1d5bc75438c8d84378105d03d,David Lord,David Lord,2023-08-20 16:13:25+00:00,2023-08-20T09:13:25-07:00,deprecate OptionParser,False,1,shell_completion.py,src/click/shell_completion.py,40,4,44,0,0
3630addf538ff4d1d5bc75438c8d84378105d03d,David Lord,David Lord,2023-08-20 16:13:25+00:00,2023-08-20T09:13:25-07:00,deprecate OptionParser,False,1,parser.py,src/click/parser.py,59,59,118,0,0
3630addf538ff4d1d5bc75438c8d84378105d03d,David Lord,David Lord,2023-08-20 16:13:25+00:00,2023-08-20T09:13:25-07:00,deprecate OptionParser,False,1,formatting.py,src/click/formatting.py,2,2,4,0,0
ec258fef824347e61bd563e8d194ee726224e453,David Lord,David Lord,2023-08-20 16:55:46+00:00,2023-08-20T11:43:20-07:00,use modern typing features,False,1,_compat.py,src/click/_compat.py,46,47,93,0,0
ec258fef824347e61bd563e8d194ee726224e453,David Lord,David Lord,2023-08-20 16:55:46+00:00,2023-08-20T11:43:20-07:00,use modern typing features,False,1,_termui_impl.py,src/click/_termui_impl.py,32,33,65,0,0
ec258fef824347e61bd563e8d194ee726224e453,David Lord,David Lord,2023-08-20 16:55:46+00:00,2023-08-20T11:43:20-07:00,use modern typing features,False,1,_textwrap.py,src/click/_textwrap.py,4,4,8,0,0
ec258fef824347e61bd563e8d194ee726224e453,David Lord,David Lord,2023-08-20 16:55:46+00:00,2023-08-20T11:43:20-07:00,use modern typing features,False,1,_winconsole.py,src/click/_winconsole.py,5,4,9,0,0
ec258fef824347e61bd563e8d194ee726224e453,David Lord,David Lord,2023-08-20 16:55:46+00:00,2023-08-20T11:43:20-07:00,use modern typing features,False,1,core.py,src/click/core.py,188,197,385,0,0
ec258fef824347e61bd563e8d194ee726224e453,David Lord,David Lord,2023-08-20 16:55:46+00:00,2023-08-20T11:43:20-07:00,use modern typing features,False,1,decorators.py,src/click/decorators.py,30,30,60,0,1
ec258fef824347e61bd563e8d194ee726224e453,David Lord,David Lord,2023-08-20 16:55:46+00:00,2023-08-20T11:43:20-07:00,use modern typing features,False,1,exceptions.py,src/click/exceptions.py,20,21,41,0,0
ec258fef824347e61bd563e8d194ee726224e453,David Lord,David Lord,2023-08-20 16:55:46+00:00,2023-08-20T11:43:20-07:00,use modern typing features,False,1,parser.py,src/click/parser.py,31,33,64,0,0
ec258fef824347e61bd563e8d194ee726224e453,David Lord,David Lord,2023-08-20 16:55:46+00:00,2023-08-20T11:43:20-07:00,use modern typing features,False,1,globals.py,src/click/globals.py,4,5,9,0,0
ec258fef824347e61bd563e8d194ee726224e453,David Lord,David Lord,2023-08-20 16:55:46+00:00,2023-08-20T11:43:20-07:00,use modern typing features,False,1,test_imports.py,tests/test_imports.py,1,0,1,0,0
ec258fef824347e61bd563e8d194ee726224e453,David Lord,David Lord,2023-08-20 16:55:46+00:00,2023-08-20T11:43:20-07:00,use modern typing features,False,1,shell_completion.py,src/click/shell_completion.py,21,22,43,0,0
ec258fef824347e61bd563e8d194ee726224e453,David Lord,David Lord,2023-08-20 16:55:46+00:00,2023-08-20T11:43:20-07:00,use modern typing features,False,1,termui.py,src/click/termui.py,42,42,84,0,0
ec258fef824347e61bd563e8d194ee726224e453,David Lord,David Lord,2023-08-20 16:55:46+00:00,2023-08-20T11:43:20-07:00,use modern typing features,False,1,testing.py,src/click/testing.py,27,27,54,0,0
ec258fef824347e61bd563e8d194ee726224e453,David Lord,David Lord,2023-08-20 16:55:46+00:00,2023-08-20T11:43:20-07:00,use modern typing features,False,1,types.py,src/click/types.py,65,62,127,0,0
ec258fef824347e61bd563e8d194ee726224e453,David Lord,David Lord,2023-08-20 16:55:46+00:00,2023-08-20T11:43:20-07:00,use modern typing features,False,1,utils.py,src/click/utils.py,31,30,61,0,0
ec258fef824347e61bd563e8d194ee726224e453,David Lord,David Lord,2023-08-20 16:55:46+00:00,2023-08-20T11:43:20-07:00,use modern typing features,False,1,formatting.py,src/click/formatting.py,16,18,34,0,0
d8fa6a04b98c99db5581002485d7b86ccefd28eb,David Lord,David Lord,2023-08-30 15:34:29+00:00,2023-08-30T08:40:33-07:00,deprecate __version__ attribute,False,1,__init__.py,src/click/__init__.py,13,2,15,0,0
a3277513d7340d8a0e29076fe2769a8837f756ae,David Lord,David Lord,2023-08-30 15:40:12+00:00,2023-08-30T08:40:12-07:00,remove old upgrading notes,False,1,core.py,src/click/core.py,3,5,8,0,0
149683755e07b62de7480b3a60a714f0a8b6618f,David Lord,David Lord,2023-09-01 21:11:43+00:00,2023-09-01T14:11:43-07:00,remove suffixes from generated command name,False,1,decorators.py,src/click/decorators.py,21,13,34,1,0
149683755e07b62de7480b3a60a714f0a8b6618f,David Lord,David Lord,2023-09-01 21:11:43+00:00,2023-09-01T14:11:43-07:00,remove suffixes from generated command name,False,1,test_commands.py,tests/test_commands.py,1,1,2,1,0
149683755e07b62de7480b3a60a714f0a8b6618f,David Lord,David Lord,2023-09-01 21:11:43+00:00,2023-09-01T14:11:43-07:00,remove suffixes from generated command name,False,1,test_command_decorators.py,tests/test_command_decorators.py,21,0,21,1,0
f78ee55fb225dbf1d79ce595f6f21a6aca930753,David Lord,David Lord,2023-12-28 16:37:28+00:00,2023-12-28T09:11:38-08:00,use pip-compile instead of pip-compile-multi,False,1,decorators.py,src/click/decorators.py,2,2,4,0,0
f78ee55fb225dbf1d79ce595f6f21a6aca930753,David Lord,David Lord,2023-12-28 16:37:28+00:00,2023-12-28T09:11:38-08:00,use pip-compile instead of pip-compile-multi,False,1,docs.in,requirements/docs.in,2,2,4,0,0
f78ee55fb225dbf1d79ce595f6f21a6aca930753,David Lord,David Lord,2023-12-28 16:37:28+00:00,2023-12-28T09:11:38-08:00,use pip-compile instead of pip-compile-multi,False,1,dev.in,requirements/dev.in,1,1,2,0,0
9cf4e6429e6e2402d5a0a9d2108c31392fcd710f,David Lord,David Lord,2023-12-29 16:09:18+00:00,2023-12-29T08:15:36-08:00,use ruff lint and format,False,1,core.py,src/click/core.py,4,17,21,0,0
9cf4e6429e6e2402d5a0a9d2108c31392fcd710f,David Lord,David Lord,2023-12-29 16:09:18+00:00,2023-12-29T08:15:36-08:00,use ruff lint and format,False,1,.flake8,.flake8,0,25,25,0,0
9cf4e6429e6e2402d5a0a9d2108c31392fcd710f,David Lord,David Lord,2023-12-29 16:09:18+00:00,2023-12-29T08:15:36-08:00,use ruff lint and format,False,1,.gitignore,.gitignore,5,10,15,0,0
9cf4e6429e6e2402d5a0a9d2108c31392fcd710f,David Lord,David Lord,2023-12-29 16:09:18+00:00,2023-12-29T08:15:36-08:00,use ruff lint and format,False,1,_compat.py,src/click/_compat.py,1,3,4,0,0
9cf4e6429e6e2402d5a0a9d2108c31392fcd710f,David Lord,David Lord,2023-12-29 16:09:18+00:00,2023-12-29T08:15:36-08:00,use ruff lint and format,False,1,_termui_impl.py,src/click/_termui_impl.py,1,1,2,0,0
9cf4e6429e6e2402d5a0a9d2108c31392fcd710f,David Lord,David Lord,2023-12-29 16:09:18+00:00,2023-12-29T08:15:36-08:00,use ruff lint and format,False,1,_winconsole.py,src/click/_winconsole.py,1,1,2,0,0
9cf4e6429e6e2402d5a0a9d2108c31392fcd710f,David Lord,David Lord,2023-12-29 16:09:18+00:00,2023-12-29T08:15:36-08:00,use ruff lint and format,False,1,parser.py,src/click/parser.py,3,1,4,0,0
9cf4e6429e6e2402d5a0a9d2108c31392fcd710f,David Lord,David Lord,2023-12-29 16:09:18+00:00,2023-12-29T08:15:36-08:00,use ruff lint and format,False,1,test_utils.py,tests/test_utils.py,1,1,2,0,0
9cf4e6429e6e2402d5a0a9d2108c31392fcd710f,David Lord,David Lord,2023-12-29 16:09:18+00:00,2023-12-29T08:15:36-08:00,use ruff lint and format,False,1,testing.py,src/click/testing.py,1,1,2,0,0
9cf4e6429e6e2402d5a0a9d2108c31392fcd710f,David Lord,David Lord,2023-12-29 16:09:18+00:00,2023-12-29T08:15:36-08:00,use ruff lint and format,False,1,types.py,src/click/types.py,2,1,3,0,0
9cf4e6429e6e2402d5a0a9d2108c31392fcd710f,David Lord,David Lord,2023-12-29 16:09:18+00:00,2023-12-29T08:15:36-08:00,use ruff lint and format,False,1,utils.py,src/click/utils.py,1,1,2,0,0
9cf4e6429e6e2402d5a0a9d2108c31392fcd710f,David Lord,David Lord,2023-12-29 16:09:18+00:00,2023-12-29T08:15:36-08:00,use ruff lint and format,False,1,test_defaults.py,tests/test_defaults.py,2,2,4,0,0
9cf4e6429e6e2402d5a0a9d2108c31392fcd710f,David Lord,David Lord,2023-12-29 16:09:18+00:00,2023-12-29T08:15:36-08:00,use ruff lint and format,False,1,test_imports.py,tests/test_imports.py,0,1,1,0,0
9cf4e6429e6e2402d5a0a9d2108c31392fcd710f,David Lord,David Lord,2023-12-29 16:09:18+00:00,2023-12-29T08:15:36-08:00,use ruff lint and format,False,1,test_normalization.py,tests/test_normalization.py,0,1,1,0,0
9cf4e6429e6e2402d5a0a9d2108c31392fcd710f,David Lord,David Lord,2023-12-29 16:09:18+00:00,2023-12-29T08:15:36-08:00,use ruff lint and format,False,1,test_testing.py,tests/test_testing.py,1,1,2,0,0
9cf4e6429e6e2402d5a0a9d2108c31392fcd710f,David Lord,David Lord,2023-12-29 16:09:18+00:00,2023-12-29T08:15:36-08:00,use ruff lint and format,False,1,termui.py,src/click/termui.py,1,1,2,0,0
5e08ef16895118c013c065c93f5db1dc6d5989bf,David Lord,David Lord,2023-12-29 19:32:15+00:00,2023-12-29T11:32:20-08:00,use positional-only arg instead of `__self`,False,1,core.py,src/click/core.py,17,17,34,0,0
15959d92fd88d929e2eaecf25dffd1d35fbcd7fb,David Lord,David Lord,2024-03-23 09:31:34+00:00,2024-03-23T10:31:34+01:00,update dev dependencies,False,1,__init__.py,src/click/__init__.py,1,0,1,0,0
15959d92fd88d929e2eaecf25dffd1d35fbcd7fb,David Lord,David Lord,2024-03-23 09:31:34+00:00,2024-03-23T10:31:34+01:00,update dev dependencies,False,1,_termui_impl.py,src/click/_termui_impl.py,1,0,1,0,0
15959d92fd88d929e2eaecf25dffd1d35fbcd7fb,David Lord,David Lord,2024-03-23 09:31:34+00:00,2024-03-23T10:31:34+01:00,update dev dependencies,False,1,decorators.py,src/click/decorators.py,8,16,24,0,0
15959d92fd88d929e2eaecf25dffd1d35fbcd7fb,David Lord,David Lord,2024-03-23 09:31:34+00:00,2024-03-23T10:31:34+01:00,update dev dependencies,False,1,globals.py,src/click/globals.py,2,4,6,0,0
15959d92fd88d929e2eaecf25dffd1d35fbcd7fb,David Lord,David Lord,2024-03-23 09:31:34+00:00,2024-03-23T10:31:34+01:00,update dev dependencies,False,1,core.py,src/click/core.py,20,28,48,0,0
15959d92fd88d929e2eaecf25dffd1d35fbcd7fb,David Lord,David Lord,2024-03-23 09:31:34+00:00,2024-03-23T10:31:34+01:00,update dev dependencies,False,1,typing_aliased_group.py,tests/typing/typing_aliased_group.py,1,0,1,0,0
15959d92fd88d929e2eaecf25dffd1d35fbcd7fb,David Lord,David Lord,2024-03-23 09:31:34+00:00,2024-03-23T10:31:34+01:00,update dev dependencies,False,1,typing_confirmation_option.py,tests/typing/typing_confirmation_option.py,1,0,1,0,0
15959d92fd88d929e2eaecf25dffd1d35fbcd7fb,David Lord,David Lord,2024-03-23 09:31:34+00:00,2024-03-23T10:31:34+01:00,update dev dependencies,False,1,typing_options.py,tests/typing/typing_options.py,1,0,1,0,0
15959d92fd88d929e2eaecf25dffd1d35fbcd7fb,David Lord,David Lord,2024-03-23 09:31:34+00:00,2024-03-23T10:31:34+01:00,update dev dependencies,False,1,typing_simple_example.py,tests/typing/typing_simple_example.py,1,0,1,0,0
15959d92fd88d929e2eaecf25dffd1d35fbcd7fb,David Lord,David Lord,2024-03-23 09:31:34+00:00,2024-03-23T10:31:34+01:00,update dev dependencies,False,1,typing_version_option.py,tests/typing/typing_version_option.py,1,0,1,0,0
15959d92fd88d929e2eaecf25dffd1d35fbcd7fb,David Lord,David Lord,2024-03-23 09:31:34+00:00,2024-03-23T10:31:34+01:00,update dev dependencies,False,1,parser.py,src/click/parser.py,1,0,1,0,0
619f947d39b31fa7ed5551a23125f4e31b10774e,naglis,David Lord,2024-04-08 07:19:28+00:00,2024-05-22T14:17:55-07:00,add missing backticks in `format_filename` docs,False,1,utils.py,src/click/utils.py,1,1,2,0,0
525c5f1f284bca3a9f516d8ee24de419aa7d0e24,David Lord,David Lord,2024-04-24 18:17:44+00:00,2024-04-24T11:17:44-07:00,update project files,False,1,decorators.py,src/click/decorators.py,9,17,26,0,1
525c5f1f284bca3a9f516d8ee24de419aa7d0e24,David Lord,David Lord,2024-04-24 18:17:44+00:00,2024-04-24T11:17:44-07:00,update project files,False,1,core.py,src/click/core.py,26,38,64,0,0
525c5f1f284bca3a9f516d8ee24de419aa7d0e24,David Lord,David Lord,2024-04-24 18:17:44+00:00,2024-04-24T11:17:44-07:00,update project files,False,1,_termui_impl.py,src/click/_termui_impl.py,2,1,3,0,0
525c5f1f284bca3a9f516d8ee24de419aa7d0e24,David Lord,David Lord,2024-04-24 18:17:44+00:00,2024-04-24T11:17:44-07:00,update project files,False,1,_compat.py,src/click/_compat.py,1,1,2,0,1
525c5f1f284bca3a9f516d8ee24de419aa7d0e24,David Lord,David Lord,2024-04-24 18:17:44+00:00,2024-04-24T11:17:44-07:00,update project files,False,1,__init__.py,src/click/__init__.py,1,0,1,0,0
525c5f1f284bca3a9f516d8ee24de419aa7d0e24,David Lord,David Lord,2024-04-24 18:17:44+00:00,2024-04-24T11:17:44-07:00,update project files,False,1,.gitignore,.gitignore,9,15,24,0,0
525c5f1f284bca3a9f516d8ee24de419aa7d0e24,David Lord,David Lord,2024-04-24 18:17:44+00:00,2024-04-24T11:17:44-07:00,update project files,False,1,conf.py,docs/conf.py,12,9,21,0,1
525c5f1f284bca3a9f516d8ee24de419aa7d0e24,David Lord,David Lord,2024-04-24 18:17:44+00:00,2024-04-24T11:17:44-07:00,update project files,False,1,MANIFEST.in,MANIFEST.in,0,10,10,0,0
525c5f1f284bca3a9f516d8ee24de419aa7d0e24,David Lord,David Lord,2024-04-24 18:17:44+00:00,2024-04-24T11:17:44-07:00,update project files,False,1,.editorconfig,.editorconfig,1,1,2,0,0
525c5f1f284bca3a9f516d8ee24de419aa7d0e24,David Lord,David Lord,2024-04-24 18:17:44+00:00,2024-04-24T11:17:44-07:00,update project files,False,1,on-create-command.sh,.devcontainer/on-create-command.sh,7,0,7,0,0
525c5f1f284bca3a9f516d8ee24de419aa7d0e24,David Lord,David Lord,2024-04-24 18:17:44+00:00,2024-04-24T11:17:44-07:00,update project files,False,1,exceptions.py,src/click/exceptions.py,1,1,2,0,1
525c5f1f284bca3a9f516d8ee24de419aa7d0e24,David Lord,David Lord,2024-04-24 18:17:44+00:00,2024-04-24T11:17:44-07:00,update project files,False,1,setup.py,setup.py,0,9,9,0,0
525c5f1f284bca3a9f516d8ee24de419aa7d0e24,David Lord,David Lord,2024-04-24 18:17:44+00:00,2024-04-24T11:17:44-07:00,update project files,False,1,globals.py,src/click/globals.py,3,4,7,0,0
525c5f1f284bca3a9f516d8ee24de419aa7d0e24,David Lord,David Lord,2024-04-24 18:17:44+00:00,2024-04-24T11:17:44-07:00,update project files,False,1,termui.py,src/click/termui.py,1,1,2,0,0
525c5f1f284bca3a9f516d8ee24de419aa7d0e24,David Lord,David Lord,2024-04-24 18:17:44+00:00,2024-04-24T11:17:44-07:00,update project files,False,1,typing_version_option.py,tests/typing/typing_version_option.py,1,0,1,0,1
525c5f1f284bca3a9f516d8ee24de419aa7d0e24,David Lord,David Lord,2024-04-24 18:17:44+00:00,2024-04-24T11:17:44-07:00,update project files,False,1,typing_simple_example.py,tests/typing/typing_simple_example.py,1,0,1,0,0
525c5f1f284bca3a9f516d8ee24de419aa7d0e24,David Lord,David Lord,2024-04-24 18:17:44+00:00,2024-04-24T11:17:44-07:00,update project files,False,1,typing_options.py,tests/typing/typing_options.py,1,0,1,0,1
525c5f1f284bca3a9f516d8ee24de419aa7d0e24,David Lord,David Lord,2024-04-24 18:17:44+00:00,2024-04-24T11:17:44-07:00,update project files,False,1,typing_confirmation_option.py,tests/typing/typing_confirmation_option.py,1,0,1,0,1
525c5f1f284bca3a9f516d8ee24de419aa7d0e24,David Lord,David Lord,2024-04-24 18:17:44+00:00,2024-04-24T11:17:44-07:00,update project files,False,1,typing_aliased_group.py,tests/typing/typing_aliased_group.py,1,0,1,0,1
525c5f1f284bca3a9f516d8ee24de419aa7d0e24,David Lord,David Lord,2024-04-24 18:17:44+00:00,2024-04-24T11:17:44-07:00,update project files,False,1,test_utils.py,tests/test_utils.py,2,2,4,0,1
525c5f1f284bca3a9f516d8ee24de419aa7d0e24,David Lord,David Lord,2024-04-24 18:17:44+00:00,2024-04-24T11:17:44-07:00,update project files,False,1,test_testing.py,tests/test_testing.py,1,1,2,0,1
525c5f1f284bca3a9f516d8ee24de419aa7d0e24,David Lord,David Lord,2024-04-24 18:17:44+00:00,2024-04-24T11:17:44-07:00,update project files,False,1,parser.py,src/click/parser.py,2,0,2,0,1
525c5f1f284bca3a9f516d8ee24de419aa7d0e24,David Lord,David Lord,2024-04-24 18:17:44+00:00,2024-04-24T11:17:44-07:00,update project files,False,1,test_imports.py,tests/test_imports.py,0,1,1,0,0
525c5f1f284bca3a9f516d8ee24de419aa7d0e24,David Lord,David Lord,2024-04-24 18:17:44+00:00,2024-04-24T11:17:44-07:00,update project files,False,1,test_normalization.py,tests/test_normalization.py,0,1,1,0,0
525c5f1f284bca3a9f516d8ee24de419aa7d0e24,David Lord,David Lord,2024-04-24 18:17:44+00:00,2024-04-24T11:17:44-07:00,update project files,False,1,types.py,src/click/types.py,2,1,3,0,1
525c5f1f284bca3a9f516d8ee24de419aa7d0e24,David Lord,David Lord,2024-04-24 18:17:44+00:00,2024-04-24T11:17:44-07:00,update project files,False,1,testing.py,src/click/testing.py,1,1,2,0,1
525c5f1f284bca3a9f516d8ee24de419aa7d0e24,David Lord,David Lord,2024-04-24 18:17:44+00:00,2024-04-24T11:17:44-07:00,update project files,False,1,test_defaults.py,tests/test_defaults.py,2,2,4,0,1
525c5f1f284bca3a9f516d8ee24de419aa7d0e24,David Lord,David Lord,2024-04-24 18:17:44+00:00,2024-04-24T11:17:44-07:00,update project files,False,1,utils.py,src/click/utils.py,1,1,2,0,0
471c20a5955b8449d97e90c5d4db654022d0f2a2,David Lord,David Lord,2024-04-24 18:33:27+00:00,2024-04-24T11:33:37-07:00,update dev dependencies,False,1,core.py,src/click/core.py,1,1,2,0,1
2f70e173a3b676928c006e96a1466e8adcf92462,David Lord,David Lord,2024-04-24 19:07:03+00:00,2024-04-24T12:07:03-07:00,update dev dependencies,False,1,typing.in,requirements/typing.in,1,0,1,0,0
2f70e173a3b676928c006e96a1466e8adcf92462,David Lord,David Lord,2024-04-24 19:07:03+00:00,2024-04-24T12:07:03-07:00,update dev dependencies,False,1,docs.in,requirements/docs.in,0,1,1,0,0
2f70e173a3b676928c006e96a1466e8adcf92462,David Lord,David Lord,2024-04-24 19:07:03+00:00,2024-04-24T12:07:03-07:00,update dev dependencies,False,1,dev.in,requirements/dev.in,3,4,7,0,0
a2ce3947e1b6fa7ff1dce796b9be466f54116f35,Chestnut,David Lord,2024-04-26 08:02:26+00:00,2024-05-22T14:21:58-07:00,Fix extlinks in conf.py,False,1,conf.py,docs/conf.py,2,2,4,1,0
61f8101f4e0d02cb902ef17853fa35ad88185265,Stefanie Molin,David Lord,2024-05-20 15:57:28+00:00,2024-05-21T12:24:16-04:00,Fix printing of default option value to handle empty strings,False,1,core.py,src/click/core.py,2,0,2,1,1
61f8101f4e0d02cb902ef17853fa35ad88185265,Stefanie Molin,David Lord,2024-05-20 15:57:28+00:00,2024-05-21T12:24:16-04:00,Fix printing of default option value to handle empty strings,False,1,test_options.py,tests/test_options.py,8,0,8,1,1
91b84061c5eb26db320279262b42f85d48c06427,danwusbu,danwusbu,2024-05-20 18:06:56+00:00,2024-05-20T14:38:26-04:00,adjust type hint for filename parameter in open_file to also take an os.PathLike,False,1,utils.py,src/click/utils.py,2,2,4,0,1
3f91d2154ebc47651f0cd9798250a03821473521,Taylor Payne,Taylor Payne,2024-05-20 23:13:30+00:00,2024-05-20T23:13:30Z,Prevent multiline error message on invalid path,False,1,types.py,src/click/types.py,1,1,2,1,1
3f91d2154ebc47651f0cd9798250a03821473521,Taylor Payne,Taylor Payne,2024-05-20 23:13:30+00:00,2024-05-20T23:13:30Z,Prevent multiline error message on invalid path,False,1,test_types.py,tests/test_types.py,9,0,9,1,0
3da552b79c46bb14fa45d456b9814a0caa2d3aee,Taylor Payne,Taylor Payne,2024-05-20 23:33:52+00:00,2024-05-20T23:33:52Z,Skip test on Windows,False,1,test_types.py,tests/test_types.py,5,1,6,0,0
cd72d7e12457f68305e9d5c0550e9082ee352a4b,Taylor Payne,Taylor Payne,2024-05-20 23:41:57+00:00,2024-05-20T23:41:57Z,Update test name,False,1,test_types.py,tests/test_types.py,1,1,2,0,0
1991d4ccef98312b78cd327340437b518bd5a0ee,Taylor Payne,Taylor Payne,2024-05-21 14:11:22+00:00,2024-05-21T14:11:22Z,Don't use raw string when creating file,False,1,test_types.py,tests/test_types.py,2,7,9,0,0
38c0579d72e42997d78df76abab7d4642ea5239f,Taylor Payne,Taylor Payne,2024-05-21 14:33:31+00:00,2024-05-21T14:33:31Z,Bring back skip for Windows due to invalid syntax,False,1,test_types.py,tests/test_types.py,4,0,4,0,0
d83868aefcaffd876c0bfd67d32b9ec6a03d65d1,trl75,David Lord,2024-05-21 16:00:34+00:00,2024-05-21T19:15:42-04:00,test runner handles color on windows,False,1,test_testing.py,tests/test_testing.py,0,2,2,1,1
d83868aefcaffd876c0bfd67d32b9ec6a03d65d1,trl75,David Lord,2024-05-21 16:00:34+00:00,2024-05-21T19:15:42-04:00,test runner handles color on windows,False,1,testing.py,src/click/testing.py,2,0,2,1,1
bf1e8be90c46428f8bf8b45f295af80cfaf2e188,Chris Pappalardo,David Lord,2024-05-21 20:33:43+00:00,2024-05-22T13:53:37-07:00,show correct value for flag default when using default_map,False,1,core.py,src/click/core.py,1,1,2,1,1
bf1e8be90c46428f8bf8b45f295af80cfaf2e188,Chris Pappalardo,David Lord,2024-05-21 20:33:43+00:00,2024-05-22T13:53:37-07:00,show correct value for flag default when using default_map,False,1,test_defaults.py,tests/test_defaults.py,25,0,25,1,1
ffd43e9dc3b90bd698088fc7ebac9dbc6a4444b2,trl75,David Lord,2024-05-22 20:56:03+00:00,2024-12-04T09:35:57-08:00,Fixed missing reset on _compat.should_strip_ansi.,False,1,testing.py,src/click/testing.py,2,0,2,1,0
ab91b5a7440a59daee56d76e102140ac2f3696b5,David Lord,David Lord,2024-08-23 23:59:13+00:00,2024-08-23T17:04:20-07:00,apply ruff fixes,False,1,parser.py,src/click/parser.py,1,1,2,1,1
ab91b5a7440a59daee56d76e102140ac2f3696b5,David Lord,David Lord,2024-08-23 23:59:13+00:00,2024-08-23T17:04:20-07:00,apply ruff fixes,False,1,exceptions.py,src/click/exceptions.py,1,1,2,1,1
ab91b5a7440a59daee56d76e102140ac2f3696b5,David Lord,David Lord,2024-08-23 23:59:13+00:00,2024-08-23T17:04:20-07:00,apply ruff fixes,False,1,core.py,src/click/core.py,4,4,8,1,1
4d7ce025cfc7a94d0c4b388ea3d7c565c0e28d9d,David Lord,David Lord,2024-08-24 00:13:01+00:00,2024-08-23T17:13:01-07:00,fix mypy findings,False,1,decorators.py,src/click/decorators.py,2,2,4,1,0
4d7ce025cfc7a94d0c4b388ea3d7c565c0e28d9d,David Lord,David Lord,2024-08-24 00:13:01+00:00,2024-08-23T17:13:01-07:00,fix mypy findings,False,1,core.py,src/click/core.py,1,1,2,1,1
afc86c748c214939e2293ec00879d85293bcd9fa,Krisztián Löki,GitHub,2024-10-26 13:43:32+00:00,2024-10-26T14:43:32+01:00,Fix colored output on Windows (#2607),False,1,test_utils.py,tests/test_utils.py,11,7,18,1,1
afc86c748c214939e2293ec00879d85293bcd9fa,Krisztián Löki,GitHub,2024-10-26 13:43:32+00:00,2024-10-26T14:43:32+01:00,Fix colored output on Windows (#2607),False,1,utils.py,src/click/utils.py,1,1,2,1,0
8c842a43e884c5e69032223563649f4389e37dd8,Dan Ziring,GitHub,2024-10-26 15:12:23+00:00,2024-10-26T16:12:23+01:00,Pass 'color' explicitly in error echoing (#2273),False,1,test_testing.py,tests/test_testing.py,21,0,21,1,0
8c842a43e884c5e69032223563649f4389e37dd8,Dan Ziring,GitHub,2024-10-26 15:12:23+00:00,2024-10-26T16:12:23+01:00,Pass 'color' explicitly in error echoing (#2273),False,1,exceptions.py,src/click/exceptions.py,9,1,10,1,1
8fa833e33599fcb7a8ead3f7d9ce80e5037d906c,jaseg,GitHub,2024-10-26 15:38:39+00:00,2024-10-26T16:38:39+01:00,core.py: Make error messages more verbose (#2453),False,1,core.py,src/click/core.py,4,2,6,1,0
26aa7bf3189e19a8a63890b1c2cc7eca24312d6f,Kevin Deldycke,GitHub,2024-11-02 14:44:23+00:00,2024-11-02T14:44:23Z,Deduplicate `--help` option definition (#2563),False,1,decorators.py,src/click/decorators.py,30,21,51,0,1
26aa7bf3189e19a8a63890b1c2cc7eca24312d6f,Kevin Deldycke,GitHub,2024-11-02 14:44:23+00:00,2024-11-02T14:44:23Z,Deduplicate `--help` option definition (#2563),False,1,core.py,src/click/core.py,8,14,22,0,1
26aa7bf3189e19a8a63890b1c2cc7eca24312d6f,Kevin Deldycke,GitHub,2024-11-02 14:44:23+00:00,2024-11-02T14:44:23Z,Deduplicate `--help` option definition (#2563),False,1,__init__.py,src/click/__init__.py,1,0,1,0,0
1a4d8c1bb1e8f8e214ede7223bd2c05dc2ce006a,mrmups,GitHub,2024-11-02 22:45:03+00:00,2024-11-02T22:45:03Z,Fix metavar for Choice options when show_choices=False (#2365),False,1,test_options.py,tests/test_options.py,36,0,36,1,0
1a4d8c1bb1e8f8e214ede7223bd2c05dc2ce006a,mrmups,GitHub,2024-11-02 22:45:03+00:00,2024-11-02T22:45:03Z,Fix metavar for Choice options when show_choices=False (#2365),False,1,types.py,src/click/types.py,7,1,8,1,0
a6e0d2936891030f5092c9869c7391104f6721d9,Patrick Hayes,GitHub,2024-11-02 23:11:55+00:00,2024-11-02T23:11:55Z,Hide default value when show_default is False (#2509),False,1,test_termui.py,tests/test_termui.py,12,0,12,1,0
a6e0d2936891030f5092c9869c7391104f6721d9,Patrick Hayes,GitHub,2024-11-02 23:11:55+00:00,2024-11-02T23:11:55Z,Hide default value when show_default is False (#2509),False,1,core.py,src/click/core.py,7,0,7,1,0
948d7a707a0abda8ce0a1b39ba87390f11ffcd5e,Kevin Deldycke,GitHub,2024-11-02 23:35:57+00:00,2024-11-02T23:35:57Z,Split generation of help extra items and rendering (#2517),False,1,types.py,src/click/types.py,7,0,7,0,0
948d7a707a0abda8ce0a1b39ba87390f11ffcd5e,Kevin Deldycke,GitHub,2024-11-02 23:35:57+00:00,2024-11-02T23:35:57Z,Split generation of help extra items and rendering (#2517),False,1,test_options.py,tests/test_options.py,23,12,35,0,1
948d7a707a0abda8ce0a1b39ba87390f11ffcd5e,Kevin Deldycke,GitHub,2024-11-02 23:35:57+00:00,2024-11-02T23:35:57Z,Split generation of help extra items and rendering (#2517),False,1,core.py,src/click/core.py,30,15,45,0,1
2357253dd1f6236715639c957f0ab33b804fb0f2,unknown,unknown,2024-11-03 01:48:56+00:00,2024-11-02T18:48:56-07:00,Resolve typing errors.,False,1,exceptions.py,src/click/exceptions.py,1,1,2,1,0
2357253dd1f6236715639c957f0ab33b804fb0f2,unknown,unknown,2024-11-03 01:48:56+00:00,2024-11-02T18:48:56-07:00,Resolve typing errors.,False,1,decorators.py,src/click/decorators.py,1,1,2,1,0
0e0c00324a5af35f8995c7ff88df67b0f5594a58,Kevin Deldycke,GitHub,2024-11-03 01:52:08+00:00,2024-11-03T01:52:08Z,Keep track of `<stderr>` and `<stdout>` mix in `CliRunner` results (#2523),False,1,test_testing.py,tests/test_testing.py,11,20,31,0,1
0e0c00324a5af35f8995c7ff88df67b0f5594a58,Kevin Deldycke,GitHub,2024-11-03 01:52:08+00:00,2024-11-03T01:52:08Z,Keep track of `<stderr>` and `<stdout>` mix in `CliRunner` results (#2523),False,1,test_termui.py,tests/test_termui.py,1,1,2,0,0
0e0c00324a5af35f8995c7ff88df67b0f5594a58,Kevin Deldycke,GitHub,2024-11-03 01:52:08+00:00,2024-11-03T01:52:08Z,Keep track of `<stderr>` and `<stdout>` mix in `CliRunner` results (#2523),False,1,testing.py,src/click/testing.py,110,49,159,0,1
7ee6b6612641bd40064b0aa1c01450916b018416,unknown,unknown,2024-11-03 07:43:22+00:00,2024-11-03T00:43:22-07:00,Revert incorrect typing changes.,False,1,exceptions.py,src/click/exceptions.py,1,1,2,0,0
7ee6b6612641bd40064b0aa1c01450916b018416,unknown,unknown,2024-11-03 07:43:22+00:00,2024-11-03T00:43:22-07:00,Revert incorrect typing changes.,False,1,decorators.py,src/click/decorators.py,1,1,2,0,1
1b524bb30d0bd39528369c7029b9296e7663cf19,KotlinIsland,GitHub,2024-11-03 12:21:04+00:00,2024-11-03T12:21:04Z,show env var in error hint (#2696),False,1,core.py,src/click/core.py,8,2,10,1,1
1b524bb30d0bd39528369c7029b9296e7663cf19,KotlinIsland,GitHub,2024-11-03 12:21:04+00:00,2024-11-03T12:21:04Z,show env var in error hint (#2696),False,1,test_options.py,tests/test_options.py,16,0,16,1,0
c326df95e9e3da0425360e030413f6a3ee25fdee,Kevin Deldycke,GitHub,2024-11-03 12:35:15+00:00,2024-11-03T12:35:15Z,Fix closing of callbacks on CLI exit (#2680),False,1,test_context.py,tests/test_context.py,170,0,170,1,0
c326df95e9e3da0425360e030413f6a3ee25fdee,Kevin Deldycke,GitHub,2024-11-03 12:35:15+00:00,2024-11-03T12:35:15Z,Fix closing of callbacks on CLI exit (#2680),False,1,core.py,src/click/core.py,7,1,8,1,0
fcd85032cff78aa536a6d2b455fb83bfcc02b228,bhuffman-usgs,GitHub,2024-11-03 13:12:05+00:00,2024-11-03T13:12:05Z,Add functionality to hide the progress bar #2609 (#2727),False,1,test_termui.py,tests/test_termui.py,12,1,13,0,0
fcd85032cff78aa536a6d2b455fb83bfcc02b228,bhuffman-usgs,GitHub,2024-11-03 13:12:05+00:00,2024-11-03T13:12:05Z,Add functionality to hide the progress bar #2609 (#2727),False,1,termui.py,src/click/termui.py,11,4,15,0,0
fcd85032cff78aa536a6d2b455fb83bfcc02b228,bhuffman-usgs,GitHub,2024-11-03 13:12:05+00:00,2024-11-03T13:12:05Z,Add functionality to hide the progress bar #2609 (#2727),False,1,_termui_impl.py,src/click/_termui_impl.py,10,7,17,0,0
fcd85032cff78aa536a6d2b455fb83bfcc02b228,bhuffman-usgs,GitHub,2024-11-03 13:12:05+00:00,2024-11-03T13:12:05Z,Add functionality to hide the progress bar #2609 (#2727),False,1,.gitignore,.gitignore,2,0,2,0,0
380008389b32ca2b7de7c73f670a9eee1562004e,Ed Rogers,GitHub,2024-11-03 14:11:58+00:00,2024-11-03T14:11:58Z,Give a UserWarning when Parameter is overriden by name (#2397),False,1,test_options.py,tests/test_options.py,26,0,26,0,0
380008389b32ca2b7de7c73f670a9eee1562004e,Ed Rogers,GitHub,2024-11-03 14:11:58+00:00,2024-11-03T14:11:58Z,Give a UserWarning when Parameter is overriden by name (#2397),False,1,test_arguments.py,tests/test_arguments.py,20,0,20,0,1
380008389b32ca2b7de7c73f670a9eee1562004e,Ed Rogers,GitHub,2024-11-03 14:11:58+00:00,2024-11-03T14:11:58Z,Give a UserWarning when Parameter is overriden by name (#2397),False,1,core.py,src/click/core.py,25,4,29,0,1
1787497713fa389435ed732c9b26274c3cdc458d,chips-wq,GitHub,2024-11-03 14:40:46+00:00,2024-11-03T14:40:46Z,Added functionality to set flag_value correctly when using envvar (#2788),False,1,test_arguments.py,tests/test_arguments.py,13,0,13,1,0
1787497713fa389435ed732c9b26274c3cdc458d,chips-wq,GitHub,2024-11-03 14:40:46+00:00,2024-11-03T14:40:46Z,Added functionality to set flag_value correctly when using envvar (#2788),False,1,core.py,src/click/core.py,9,3,12,1,0
4271fe283dc9365563aebb369ada8d20eee015a8,antazoey,GitHub,2024-11-03 14:54:02+00:00,2024-11-03T14:54:02Z,feat: new method for choice fail (#2622),False,1,test_types.py,tests/test_types.py,6,0,6,0,0
4271fe283dc9365563aebb369ada8d20eee015a8,antazoey,GitHub,2024-11-03 14:54:02+00:00,2024-11-03T14:54:02Z,feat: new method for choice fail (#2622),False,1,types.py,src/click/types.py,14,9,23,0,0
d8763b93021c416549b5f8b4b5497234619410db,fdavis,GitHub,2024-11-03 19:56:41+00:00,2024-11-03T19:56:41Z,"Help shown via no_args_is_help results in exit code 2, was 0 (#1489)",False,1,core.py,src/click/core.py,4,5,9,0,0
d8763b93021c416549b5f8b4b5497234619410db,fdavis,GitHub,2024-11-03 19:56:41+00:00,2024-11-03T19:56:41Z,"Help shown via no_args_is_help results in exit code 2, was 0 (#1489)",False,1,test_commands.py,tests/test_commands.py,4,8,12,0,0
d8763b93021c416549b5f8b4b5497234619410db,fdavis,GitHub,2024-11-03 19:56:41+00:00,2024-11-03T19:56:41Z,"Help shown via no_args_is_help results in exit code 2, was 0 (#1489)",False,1,exceptions.py,src/click/exceptions.py,9,0,9,0,1
0ef55fda47bb3d0dece21197d81d8d72a4250e73,Andreas Backx,GitHub,2024-11-03 20:38:31+00:00,2024-11-03T20:38:31Z,Close contexts created during shell completion #2644. (#2800),False,1,test_shell_completion.py,tests/test_shell_completion.py,26,0,26,0,0
0ef55fda47bb3d0dece21197d81d8d72a4250e73,Andreas Backx,GitHub,2024-11-03 20:38:31+00:00,2024-11-03T20:38:31Z,Close contexts created during shell completion #2644. (#2800),False,1,shell_completion.py,src/click/shell_completion.py,35,31,66,0,0
0ef55fda47bb3d0dece21197d81d8d72a4250e73,Andreas Backx,GitHub,2024-11-03 20:38:31+00:00,2024-11-03T20:38:31Z,Close contexts created during shell completion #2644. (#2800),False,1,core.py,src/click/core.py,2,2,4,0,0
dea4ff7763e0d6233ab3689a038344d122de9d3a,unknown,unknown,2024-11-05 00:04:57+00:00,2024-11-04T16:04:57-08:00,Fix typing issues.,False,1,decorators.py,src/click/decorators.py,2,1,3,1,0
dea4ff7763e0d6233ab3689a038344d122de9d3a,unknown,unknown,2024-11-05 00:04:57+00:00,2024-11-04T16:04:57-08:00,Fix typing issues.,False,1,exceptions.py,src/click/exceptions.py,1,1,2,1,0
0d69b6ce8b25fe31ea580c608adb8e45df3805bb,Yash Rathi,GitHub,2024-11-07 22:42:59+00:00,2024-11-07T22:42:59Z,Adds support for editing multiple files (#2068),False,1,test_termui.py,tests/test_termui.py,15,0,15,0,0
0d69b6ce8b25fe31ea580c608adb8e45df3805bb,Yash Rathi,GitHub,2024-11-07 22:42:59+00:00,2024-11-07T22:42:59Z,Adds support for editing multiple files (#2068),False,1,termui.py,src/click/termui.py,36,3,39,0,0
0d69b6ce8b25fe31ea580c608adb8e45df3805bb,Yash Rathi,GitHub,2024-11-07 22:42:59+00:00,2024-11-07T22:42:59Z,Adds support for editing multiple files (#2068),False,1,_termui_impl.py,src/click/_termui_impl.py,7,3,10,0,1
2cabbe3175026695210fe0bf9b179fd62d52634f,Anthony Sottile,GitHub,2024-11-08 23:57:43+00:00,2024-11-08T23:57:43Z,specialize progressbar(length=...) as ProgressBar[int] (#2630),False,1,typing_progressbar.py,tests/typing/typing_progressbar.py,24,0,24,0,0
2cabbe3175026695210fe0bf9b179fd62d52634f,Anthony Sottile,GitHub,2024-11-08 23:57:43+00:00,2024-11-08T23:57:43Z,specialize progressbar(length=...) as ProgressBar[int] (#2630),False,1,termui.py,src/click/termui.py,41,0,41,0,1
3b06e0b75aaa68533c7fbd4f89053309f2e4ed8a,Steffen Neubauer,GitHub,2024-11-09 00:22:58+00:00,2024-11-09T00:22:58Z,Improve echo_via_pager behaviour in face of errors (#2775),False,1,_termui_impl.py,src/click/_termui_impl.py,31,17,48,1,1
3b06e0b75aaa68533c7fbd4f89053309f2e4ed8a,Steffen Neubauer,GitHub,2024-11-09 00:22:58+00:00,2024-11-09T00:22:58Z,Improve echo_via_pager behaviour in face of errors (#2775),False,1,test_utils.py,tests/test_utils.py,157,15,172,1,0
fde47b4b4f978f179b9dff34583cb2b99021f482,Andreas Backx,Andreas Backx,2024-11-09 17:06:13+00:00,2024-11-09T17:06:13Z,Fix issues previously type ignored.,False,1,_termui_impl.py,src/click/_termui_impl.py,2,2,4,1,0
fde47b4b4f978f179b9dff34583cb2b99021f482,Andreas Backx,Andreas Backx,2024-11-09 17:06:13+00:00,2024-11-09T17:06:13Z,Fix issues previously type ignored.,False,1,_compat.py,src/click/_compat.py,1,1,2,1,0
273fb90106726daa16e1033eca0d677de76345eb,Nils Hjelte,GitHub,2024-11-09 21:57:12+00:00,2024-11-09T21:57:12Z,More robust check of bash version (#2639),False,1,shell_completion.py,src/click/shell_completion.py,11,4,15,0,0
50bfe239e327d0d91c460226fb87489c8a9d6e50,unknown,unknown,2024-11-13 07:36:44+00:00,2024-11-12T23:36:44-08:00,Cleanup handling files documentation.,False,1,types.py,src/click/types.py,7,4,11,0,0
5961d31fb566f089ad468a5b26a32f1ebfa7f63e,Peacock,GitHub,2024-11-29 00:31:31+00:00,2024-11-29T01:31:31+01:00,Introduce Parameter.deprecated + Command.deprecated message customization (#2271),False,1,test_options.py,tests/test_options.py,46,0,46,0,0
5961d31fb566f089ad468a5b26a32f1ebfa7f63e,Peacock,GitHub,2024-11-29 00:31:31+00:00,2024-11-29T01:31:31+01:00,Introduce Parameter.deprecated + Command.deprecated message customization (#2271),False,1,test_commands.py,tests/test_commands.py,13,5,18,0,1
5961d31fb566f089ad468a5b26a32f1ebfa7f63e,Peacock,GitHub,2024-11-29 00:31:31+00:00,2024-11-29T01:31:31+01:00,Introduce Parameter.deprecated + Command.deprecated message customization (#2271),False,1,test_arguments.py,tests/test_arguments.py,38,0,38,0,0
5961d31fb566f089ad468a5b26a32f1ebfa7f63e,Peacock,GitHub,2024-11-29 00:31:31+00:00,2024-11-29T01:31:31+01:00,Introduce Parameter.deprecated + Command.deprecated message customization (#2271),False,1,core.py,src/click/core.py,91,9,100,0,1
70c673d37eb91ba42a129be9037caf3ebed62f3e,Kevin Deldycke,GitHub,2024-11-30 00:45:28+00:00,2024-11-30T01:45:28+01:00,Fix eagerness of help option generated by `help_option_names` (#2811),False,1,test_commands.py,tests/test_commands.py,132,0,132,1,0
70c673d37eb91ba42a129be9037caf3ebed62f3e,Kevin Deldycke,GitHub,2024-11-30 00:45:28+00:00,2024-11-30T01:45:28+01:00,Fix eagerness of help option generated by `help_option_names` (#2811),False,1,core.py,src/click/core.py,25,6,31,1,0
299efb82e1a3d34d870129dc0c677c6efb42d811,John T. Wodder II,GitHub,2024-11-30 19:23:12+00:00,2024-11-30T19:23:12Z,Use subprocess instead of os.system (#1477),False,1,_termui_impl.py,src/click/_termui_impl.py,79,31,110,0,1
299efb82e1a3d34d870129dc0c677c6efb42d811,John T. Wodder II,GitHub,2024-11-30 19:23:12+00:00,2024-11-30T19:23:12Z,Use subprocess instead of os.system (#1477),False,1,test_utils.py,tests/test_utils.py,0,1,1,0,0
299efb82e1a3d34d870129dc0c677c6efb42d811,John T. Wodder II,GitHub,2024-11-30 19:23:12+00:00,2024-11-30T19:23:12Z,Use subprocess instead of os.system (#1477),False,1,test_imports.py,tests/test_imports.py,1,0,1,0,1
098f61468096609337b1670bb9ba82a032eff48c,Saipraneeth,Andreas Backx,2024-12-03 07:27:14+00:00,2024-12-22T22:11:18+01:00,break the loop on identifying last option,False,1,shell_completion.py,src/click/shell_completion.py,1,0,1,0,1
3c64403946a9471130d85a912a7324ec7cb40dfa,saipraneeth,Andreas Backx,2024-12-04 07:14:17+00:00,2024-12-22T22:11:18+01:00,add test for flag with naargs option auto completion,False,1,test_shell_completion.py,tests/test_shell_completion.py,13,0,13,0,1
88328fc8743d43566081d9f17acad5f5552f5a87,Éloi Rivard,GitHub,2024-12-19 16:54:32+00:00,2024-12-19T17:54:32+01:00,Add CliRunner default `catch_exceptions` parameter (#2818),False,1,testing.py,src/click/testing.py,13,2,15,1,0
88328fc8743d43566081d9f17acad5f5552f5a87,Éloi Rivard,GitHub,2024-12-19 16:54:32+00:00,2024-12-19T17:54:32+01:00,Add CliRunner default `catch_exceptions` parameter (#2818),False,1,test_testing.py,tests/test_testing.py,22,0,22,1,0
934813e4d421071a1b3db3973c02fe2721359a6e,Andreas Backx,Andreas Backx,2024-12-19 17:04:12+00:00,2024-12-19T18:04:12+01:00,release version 8.1.8,False,1,__init__.py,src/click/__init__.py,1,1,2,0,0
b5464b7e065bdfd952b1532880941f1be07e4e2b,Leo Singer,GitHub,2024-12-22 20:25:57+00:00,2024-12-22T21:25:57+01:00,Only try to set flag_value if is_flag is true (#2829),False,1,test_info_dict.py,tests/test_info_dict.py,1,1,2,0,0
b5464b7e065bdfd952b1532880941f1be07e4e2b,Leo Singer,GitHub,2024-12-22 20:25:57+00:00,2024-12-22T21:25:57+01:00,Only try to set flag_value if is_flag is true (#2829),False,1,core.py,src/click/core.py,2,3,5,0,0
4ffa1ef3b6d23208f65ac54f688f02856aa0d660,Andreas Backx,GitHub,2024-12-22 20:34:46+00:00,2024-12-22T21:34:46+01:00,Correct click.edit typing (#2804),False,1,termui.py,src/click/termui.py,14,4,18,1,1
4ffa1ef3b6d23208f65ac54f688f02856aa0d660,Andreas Backx,GitHub,2024-12-22 20:34:46+00:00,2024-12-22T21:34:46+01:00,Correct click.edit typing (#2804),False,1,_termui_impl.py,src/click/_termui_impl.py,11,3,14,1,0
45f89cd5d39db37b9aa1a014da000f12da532ddc,Andreas Backx,GitHub,2024-12-22 20:37:43+00:00,2024-12-22T21:37:43+01:00,Improve typing on Windows (#2803),False,1,_winconsole.py,src/click/_winconsole.py,34,21,55,0,1
45f89cd5d39db37b9aa1a014da000f12da532ddc,Andreas Backx,GitHub,2024-12-22 20:37:43+00:00,2024-12-22T21:37:43+01:00,Improve typing on Windows (#2803),False,1,_termui_impl.py,src/click/_termui_impl.py,3,4,7,0,0
45f89cd5d39db37b9aa1a014da000f12da532ddc,Andreas Backx,GitHub,2024-12-22 20:37:43+00:00,2024-12-22T21:37:43+01:00,Improve typing on Windows (#2803),False,1,_compat.py,src/click/_compat.py,2,2,4,0,0
0b7a9acc63dac907088de7d9238f7f4b2afe02ea,Kevin Deldycke,Kevin Deldycke,2025-01-09 19:58:35+00:00,2025-03-18T18:47:50+01:00,Allow customization of help option right from its decorator.,False,1,__init__.py,src/click/__init__.py,0,1,1,0,0
0b7a9acc63dac907088de7d9238f7f4b2afe02ea,Kevin Deldycke,Kevin Deldycke,2025-01-09 19:58:35+00:00,2025-03-18T18:47:50+01:00,Allow customization of help option right from its decorator.,False,1,decorators.py,src/click/decorators.py,12,26,38,0,0
0b7a9acc63dac907088de7d9238f7f4b2afe02ea,Kevin Deldycke,Kevin Deldycke,2025-01-09 19:58:35+00:00,2025-03-18T18:47:50+01:00,Allow customization of help option right from its decorator.,False,1,test_options.py,tests/test_options.py,39,0,39,0,1
0b7a9acc63dac907088de7d9238f7f4b2afe02ea,Kevin Deldycke,Kevin Deldycke,2025-01-09 19:58:35+00:00,2025-03-18T18:47:50+01:00,Allow customization of help option right from its decorator.,False,1,core.py,src/click/core.py,12,16,28,0,0
4ece17a107d7b2e8bc3bd14356c2b53038fe41cf,Andreas Backx,GitHub,2025-01-12 14:59:58+00:00,2025-01-12T14:59:58Z,Expand `Choice` token normalization + make generic (#2796),False,1,types.py,src/click/types.py,96,45,141,0,0
4ece17a107d7b2e8bc3bd14356c2b53038fe41cf,Andreas Backx,GitHub,2025-01-12 14:59:58+00:00,2025-01-12T14:59:58Z,Expand `Choice` token normalization + make generic (#2796),False,1,test_types.py,tests/test_types.py,1,1,2,0,1
4ece17a107d7b2e8bc3bd14356c2b53038fe41cf,Andreas Backx,GitHub,2025-01-12 14:59:58+00:00,2025-01-12T14:59:58Z,Expand `Choice` token normalization + make generic (#2796),False,1,test_info_dict.py,tests/test_info_dict.py,2,2,4,0,0
4ece17a107d7b2e8bc3bd14356c2b53038fe41cf,Andreas Backx,GitHub,2025-01-12 14:59:58+00:00,2025-01-12T14:59:58Z,Expand `Choice` token normalization + make generic (#2796),False,1,test_formatting.py,tests/test_formatting.py,1,1,2,0,1
4ece17a107d7b2e8bc3bd14356c2b53038fe41cf,Andreas Backx,GitHub,2025-01-12 14:59:58+00:00,2025-01-12T14:59:58Z,Expand `Choice` token normalization + make generic (#2796),False,1,test_normalization.py,tests/test_normalization.py,31,6,37,0,0
4ece17a107d7b2e8bc3bd14356c2b53038fe41cf,Andreas Backx,GitHub,2025-01-12 14:59:58+00:00,2025-01-12T14:59:58Z,Expand `Choice` token normalization + make generic (#2796),False,1,core.py,src/click/core.py,7,7,14,0,0
4ece17a107d7b2e8bc3bd14356c2b53038fe41cf,Andreas Backx,GitHub,2025-01-12 14:59:58+00:00,2025-01-12T14:59:58Z,Expand `Choice` token normalization + make generic (#2796),False,1,exceptions.py,src/click/exceptions.py,3,1,4,0,1
4ece17a107d7b2e8bc3bd14356c2b53038fe41cf,Andreas Backx,GitHub,2025-01-12 14:59:58+00:00,2025-01-12T14:59:58Z,Expand `Choice` token normalization + make generic (#2796),False,1,test_basic.py,tests/test_basic.py,79,0,79,0,1
6fec395ea5c63db0a38c768c8c2d7d0c40ae1de4,Adam Dangoor,David Lord,2025-02-13 08:48:49+00:00,2025-05-11T06:15:14-07:00,fix pyright findings,False,1,_winconsole.py,src/click/_winconsole.py,3,2,5,1,0
e5abf2002d8d91a367eb7b4f4481bed8b8d4650c,Edward G,Edward G,2025-02-17 06:22:56+00:00,2025-02-16T22:22:56-08:00,Move testing docs to myst.,False,1,conf.py,docs/conf.py,1,0,1,0,0
e5abf2002d8d91a367eb7b4f4481bed8b8d4650c,Edward G,Edward G,2025-02-17 06:22:56+00:00,2025-02-16T22:22:56-08:00,Move testing docs to myst.,False,1,docs.in,requirements/docs.in,1,0,1,0,0
e5abf2002d8d91a367eb7b4f4481bed8b8d4650c,Edward G,Edward G,2025-02-17 06:22:56+00:00,2025-02-16T22:22:56-08:00,Move testing docs to myst.,False,1,dev.in,requirements/dev.in,1,0,1,0,0
32c2decf794a9aa2cd0cf81cbc6bf2f1cbec8eb7,Kevin Deldycke,Kevin Deldycke,2025-03-26 11:24:43+00:00,2025-03-27T18:33:07+04:00,Fix URLs,False,1,typing_version_option.py,tests/typing/typing_version_option.py,1,1,2,1,0
32c2decf794a9aa2cd0cf81cbc6bf2f1cbec8eb7,Kevin Deldycke,Kevin Deldycke,2025-03-26 11:24:43+00:00,2025-03-27T18:33:07+04:00,Fix URLs,False,1,typing_options.py,tests/typing/typing_options.py,1,1,2,1,0
32c2decf794a9aa2cd0cf81cbc6bf2f1cbec8eb7,Kevin Deldycke,Kevin Deldycke,2025-03-26 11:24:43+00:00,2025-03-27T18:33:07+04:00,Fix URLs,False,1,typing_confirmation_option.py,tests/typing/typing_confirmation_option.py,1,1,2,1,0
32c2decf794a9aa2cd0cf81cbc6bf2f1cbec8eb7,Kevin Deldycke,Kevin Deldycke,2025-03-26 11:24:43+00:00,2025-03-27T18:33:07+04:00,Fix URLs,False,1,typing_aliased_group.py,tests/typing/typing_aliased_group.py,1,1,2,1,0
46c32a1afcb9ae94d222eacaa6143e8afb6dbd65,Kevin Deldycke,Kevin Deldycke,2025-03-26 11:57:17+00:00,2025-03-27T18:33:07+04:00,Reconcile #2811 and #2840,False,1,core.py,src/click/core.py,26,8,34,0,1
43a7d70f1e2a4a929af99b848612e0fd478e6e50,Kevin Deldycke,Kevin Deldycke,2025-03-26 15:30:15+00:00,2025-03-27T18:54:59+04:00,Reconcile #1477 and #2775,False,1,_termui_impl.py,src/click/_termui_impl.py,108,38,146,0,0
43a7d70f1e2a4a929af99b848612e0fd478e6e50,Kevin Deldycke,Kevin Deldycke,2025-03-26 15:30:15+00:00,2025-03-27T18:54:59+04:00,Reconcile #1477 and #2775,False,1,test_utils.py,tests/test_utils.py,26,21,47,0,0
bd7afd459a83f86ca363b9200ae505406af7a5f3,pre-commit-ci-lite[bot],GitHub,2025-04-12 08:07:00+00:00,2025-04-12T08:07:00Z,[pre-commit.ci lite] apply automatic fixes,False,1,core.py,src/click/core.py,1,1,2,1,0
b1e72b47705830a2f29ac97733fe53cab635b96f,Edward G,Edward G,2025-04-12 08:07:47+00:00,2025-04-12T01:07:47-07:00,Fix formatting.,False,1,core.py,src/click/core.py,1,1,2,0,0
f14b75063fb36b9208b13a920326926363616b39,David Lord,David Lord,2025-05-10 21:38:12+00:00,2025-05-10T14:38:12-07:00,update dev dependencies,False,1,test_utils.py,tests/test_utils.py,9,9,18,0,0
f14b75063fb36b9208b13a920326926363616b39,David Lord,David Lord,2025-05-10 21:38:12+00:00,2025-05-10T14:38:12-07:00,update dev dependencies,False,1,test_arguments.py,tests/test_arguments.py,3,3,6,0,1
f14b75063fb36b9208b13a920326926363616b39,David Lord,David Lord,2025-05-10 21:38:12+00:00,2025-05-10T14:38:12-07:00,update dev dependencies,False,1,formatting.py,src/click/formatting.py,1,1,2,0,0
f14b75063fb36b9208b13a920326926363616b39,David Lord,David Lord,2025-05-10 21:38:12+00:00,2025-05-10T14:38:12-07:00,update dev dependencies,False,1,core.py,src/click/core.py,7,8,15,0,0
f14b75063fb36b9208b13a920326926363616b39,David Lord,David Lord,2025-05-10 21:38:12+00:00,2025-05-10T14:38:12-07:00,update dev dependencies,False,1,_winconsole.py,src/click/_winconsole.py,1,1,2,0,0
f14b75063fb36b9208b13a920326926363616b39,David Lord,David Lord,2025-05-10 21:38:12+00:00,2025-05-10T14:38:12-07:00,update dev dependencies,False,1,_termui_impl.py,src/click/_termui_impl.py,1,1,2,0,1
ba770cbc96f522e9dab1bf54dc642dfa5b053956,David Lord,David Lord,2025-05-10 22:02:32+00:00,2025-05-10T15:04:47-07:00,drop end of life python versions,False,1,test_utils.py,tests/test_utils.py,2,2,4,0,1
ba770cbc96f522e9dab1bf54dc642dfa5b053956,David Lord,David Lord,2025-05-10 22:02:32+00:00,2025-05-10T15:04:47-07:00,drop end of life python versions,False,1,types.py,src/click/types.py,4,2,6,0,1
ba770cbc96f522e9dab1bf54dc642dfa5b053956,David Lord,David Lord,2025-05-10 22:02:32+00:00,2025-05-10T15:04:47-07:00,drop end of life python versions,False,1,core.py,src/click/core.py,1,1,2,0,1
fc30c69748129af0ff6366b4a5987b568be63e1d,Edward G,Edward G,2025-05-11 12:31:49+00:00,2025-05-11T05:31:49-07:00,Organize docs along diatxis categories.,False,1,conf.py,docs/conf.py,1,0,1,0,0
ac6a2acfdb4550c35ce69ce54db502ba96c96324,Simon Gerber,David Lord,2025-05-12 11:18:11+00:00,2025-05-20T16:13:35-04:00,Fix shell completion for nested groups,False,1,shell_completion.py,src/click/shell_completion.py,2,2,4,1,1
ac6a2acfdb4550c35ce69ce54db502ba96c96324,Simon Gerber,David Lord,2025-05-12 11:18:11+00:00,2025-05-20T16:13:35-04:00,Fix shell completion for nested groups,False,1,test_shell_completion.py,tests/test_shell_completion.py,24,0,24,1,0
bba0561d15451e6d104b8d2a3d793fa159fd9954,David Lord,David Lord,2025-05-15 15:51:06+00:00,2025-05-15T12:09:23-04:00,use uv,False,1,.gitignore,.gitignore,0,4,4,0,1
bba0561d15451e6d104b8d2a3d793fa159fd9954,David Lord,David Lord,2025-05-15 15:51:06+00:00,2025-05-15T12:09:23-04:00,use uv,False,1,docs.in,requirements/docs.in,0,5,5,0,0
bba0561d15451e6d104b8d2a3d793fa159fd9954,David Lord,David Lord,2025-05-15 15:51:06+00:00,2025-05-15T12:09:23-04:00,use uv,False,1,dev.in,requirements/dev.in,0,6,6,0,0
bba0561d15451e6d104b8d2a3d793fa159fd9954,David Lord,David Lord,2025-05-15 15:51:06+00:00,2025-05-15T12:09:23-04:00,use uv,False,1,build.in,requirements/build.in,0,1,1,0,0
bba0561d15451e6d104b8d2a3d793fa159fd9954,David Lord,David Lord,2025-05-15 15:51:06+00:00,2025-05-15T12:09:23-04:00,use uv,False,1,typing.in,requirements/typing.in,0,3,3,0,0
bba0561d15451e6d104b8d2a3d793fa159fd9954,David Lord,David Lord,2025-05-15 15:51:06+00:00,2025-05-15T12:09:23-04:00,use uv,False,1,tests.in,requirements/tests.in,0,1,1,0,0
2fa500c1431b6cb97913d8673decb601e031db52,John Aziz,John Aziz,2025-05-15 19:57:03+00:00,2025-05-15T22:57:03+03:00,fix filename formatting test for Windows compatibility,False,1,test_utils.py,tests/test_utils.py,1,1,2,1,0
4fd2fea0db423d242aedcae0a5f664efe0a93484,kyu243,kyu243,2025-05-20 12:35:46+00:00,2025-05-20T08:35:46-04:00,Fix condition for setting flag value when type is provided,False,1,core.py,src/click/core.py,3,2,5,1,1
4fd2fea0db423d242aedcae0a5f664efe0a93484,kyu243,kyu243,2025-05-20 12:35:46+00:00,2025-05-20T08:35:46-04:00,Fix condition for setting flag value when type is provided,False,1,test_options.py,tests/test_options.py,39,0,39,1,1
f3a4363d1e8383df496adb31f2a6ed037f85380c,Stephen Rosen,David Lord,2025-05-20 16:14:41+00:00,2025-05-20T18:14:42-04:00,flush sys.stderr when CliRunner.invoke finalizes,False,1,test_testing.py,tests/test_testing.py,21,0,21,0,0
f3a4363d1e8383df496adb31f2a6ed037f85380c,Stephen Rosen,David Lord,2025-05-20 16:14:41+00:00,2025-05-20T18:14:42-04:00,flush sys.stderr when CliRunner.invoke finalizes,False,1,testing.py,src/click/testing.py,1,0,1,0,0
80efdf6c10c51884416d11b3b575f61157af77fa,kyu243,David Lord,2025-05-20 18:09:35+00:00,2025-05-20T19:01:40-04:00,Raise an exception on end of input in CliRunner,False,1,test_utils.py,tests/test_utils.py,13,0,13,0,1
80efdf6c10c51884416d11b3b575f61157af77fa,kyu243,David Lord,2025-05-20 18:09:35+00:00,2025-05-20T19:01:40-04:00,Raise an exception on end of input in CliRunner,False,1,test_termui.py,tests/test_termui.py,2,2,4,0,1
80efdf6c10c51884416d11b3b575f61157af77fa,kyu243,David Lord,2025-05-20 18:09:35+00:00,2025-05-20T19:01:40-04:00,Raise an exception on end of input in CliRunner,False,1,test_chain.py,tests/test_chain.py,2,2,4,0,1
80efdf6c10c51884416d11b3b575f61157af77fa,kyu243,David Lord,2025-05-20 18:09:35+00:00,2025-05-20T19:01:40-04:00,Raise an exception on end of input in CliRunner,False,1,testing.py,src/click/testing.py,9,2,11,0,1
7c575d6b466a1e594d5d6df8f0a1c11d7359a821,David Lord,David Lord,2025-05-20 19:05:43+00:00,2025-05-20T16:13:35-04:00,parametrize test,False,1,test_shell_completion.py,tests/test_shell_completion.py,13,7,20,0,1
93c6966eb3a575c2b600434d1cc9f4b3aee505ac,Antoine Lambert,Antoine Lambert,2025-05-22 20:14:23+00:00,2025-05-28T17:41:17+02:00,testing/CliRunner: Fix regression related to EOF introduced in 262bdf0,False,1,testing.py,src/click/testing.py,8,9,17,1,1
93c6966eb3a575c2b600434d1cc9f4b3aee505ac,Antoine Lambert,Antoine Lambert,2025-05-22 20:14:23+00:00,2025-05-28T17:41:17+02:00,testing/CliRunner: Fix regression related to EOF introduced in 262bdf0,False,1,test_chain.py,tests/test_chain.py,2,2,4,1,0
34723d12b1e5abe1459813ce0596535da53b55d8,Jean-Louis Fuchs,Jean-Louis Fuchs,2025-05-25 21:16:10+00:00,2025-09-30T18:28:57+02:00,Fix _pipepager()/_tempfilepage() to work with multi-call binaries,False,1,_termui_impl.py,src/click/_termui_impl.py,9,4,13,1,0
7559bb8fb82f7bcb923bcb6b900c11472c6f227f,Jean-Louis Fuchs,Jean-Louis Fuchs,2025-05-25 21:35:13+00:00,2025-05-26T13:32:32+02:00,Expect alternate errors in test_file_surrogates(),False,1,test_types.py,tests/test_types.py,6,1,7,1,0
460af4cfee15072aee432b3c8c38ff58d9b0fe11,Edward G,Edward G,2025-05-27 08:11:54+00:00,2025-05-27T01:11:54-07:00,Remove make files since use sphinx-build.,False,1,Makefile,docs/Makefile,0,20,20,0,0
460af4cfee15072aee432b3c8c38ff58d9b0fe11,Edward G,Edward G,2025-05-27 08:11:54+00:00,2025-05-27T01:11:54-07:00,Remove make files since use sphinx-build.,False,1,make.bat,docs/make.bat,0,36,36,0,0
9caedb9206103dfb5465e1916bc2f13b9c10c0e4,Kevin Deldycke,Kevin Deldycke,2025-05-28 15:47:01+00:00,2025-07-01T18:44:11+04:00,"Fix reconciliation of envvar with default, flag_value and type parameters for flag options",False,1,test_imports.py,tests/test_imports.py,16,15,31,1,0
9caedb9206103dfb5465e1916bc2f13b9c10c0e4,Kevin Deldycke,Kevin Deldycke,2025-05-28 15:47:01+00:00,2025-07-01T18:44:11+04:00,"Fix reconciliation of envvar with default, flag_value and type parameters for flag options",False,1,core.py,src/click/core.py,66,25,91,1,1
9caedb9206103dfb5465e1916bc2f13b9c10c0e4,Kevin Deldycke,Kevin Deldycke,2025-05-28 15:47:01+00:00,2025-07-01T18:44:11+04:00,"Fix reconciliation of envvar with default, flag_value and type parameters for flag options",False,1,types.py,src/click/types.py,57,13,70,1,0
9caedb9206103dfb5465e1916bc2f13b9c10c0e4,Kevin Deldycke,Kevin Deldycke,2025-05-28 15:47:01+00:00,2025-07-01T18:44:11+04:00,"Fix reconciliation of envvar with default, flag_value and type parameters for flag options",False,1,test_arguments.py,tests/test_arguments.py,0,13,13,1,0
9caedb9206103dfb5465e1916bc2f13b9c10c0e4,Kevin Deldycke,Kevin Deldycke,2025-05-28 15:47:01+00:00,2025-07-01T18:44:11+04:00,"Fix reconciliation of envvar with default, flag_value and type parameters for flag options",False,1,test_basic.py,tests/test_basic.py,9,5,14,1,1
9caedb9206103dfb5465e1916bc2f13b9c10c0e4,Kevin Deldycke,Kevin Deldycke,2025-05-28 15:47:01+00:00,2025-07-01T18:44:11+04:00,"Fix reconciliation of envvar with default, flag_value and type parameters for flag options",False,1,test_options.py,tests/test_options.py,239,18,257,1,1
1b0e19f50595a07957bd96a600c37cd44b7e0cc3,Patrick Lannigan,Patrick Lannigan,2025-06-07 17:19:35+00:00,2025-06-07T13:35:04-04:00,Don't include envvar in error hint when envvar not configured,False,1,core.py,src/click/core.py,1,1,2,1,1
1b0e19f50595a07957bd96a600c37cd44b7e0cc3,Patrick Lannigan,Patrick Lannigan,2025-06-07 17:19:35+00:00,2025-06-07T13:35:04-04:00,Don't include envvar in error hint when envvar not configured,False,1,test_options.py,tests/test_options.py,7,0,7,1,1
d1a80aa95cc207f50da1c438af742b7edad02267,David Lord,David Lord,2025-06-08 18:14:49+00:00,2025-06-08T11:14:49-07:00,update dev dependencies,False,1,_termui_impl.py,src/click/_termui_impl.py,1,1,2,0,0
d1a80aa95cc207f50da1c438af742b7edad02267,David Lord,David Lord,2025-06-08 18:14:49+00:00,2025-06-08T11:14:49-07:00,update dev dependencies,False,1,utils.py,src/click/utils.py,1,1,2,0,1
b1d172a5dfc017bbd51b9a7b12d00e984109601f,David Lord,David Lord,2025-06-08 19:07:37+00:00,2025-06-09T09:24:16-07:00,new logo,False,1,conf.py,docs/conf.py,2,2,4,0,0
28650344c54dd54e673d3e9a35e76bf9f4bedf8d,David Lord,David Lord,2025-06-12 20:55:01+00:00,2025-06-12T13:55:01-07:00,svg logo,False,1,conf.py,docs/conf.py,1,1,2,0,1
3155dcac03fec1bbbcca5afcec10d1c097ad8092,Firelight Flagboy,Firelight Flagboy,2025-07-03 09:39:39+00:00,2025-07-04T08:01:42+02:00,fix(typing): Using correct typing for `param_hint`,False,1,exceptions.py,src/click/exceptions.py,3,3,6,1,0
e37cad2a8b6c32ee0d1597e4d43e778910ccd43a,Clément Robert,Clément Robert,2025-07-04 10:03:29+00:00,2025-07-05T09:26:56+02:00,"BUG/TST: fix a race in `click.testing.StreamMixer`'s finalization, seen in a multi-threaded context",False,1,testing.py,src/click/testing.py,12,0,12,1,0
4679b1cbc35d05e1c250affaf8a3b7156bad6319,Clément Robert,Clément Robert,2025-07-04 10:16:27+00:00,2025-07-05T09:26:56+02:00,TST: adjust tests,False,1,test_testing.py,tests/test_testing.py,2,4,6,0,0
f2ae679984c3dfaa0c7639686cd793f59eb4d9b8,Kevin Deldycke,Kevin Deldycke,2025-07-20 11:59:39+00:00,2025-07-20T17:10:04+04:00,Use the value of Enum choices to render default,False,1,test_options.py,tests/test_options.py,87,1,88,1,0
f2ae679984c3dfaa0c7639686cd793f59eb4d9b8,Kevin Deldycke,Kevin Deldycke,2025-07-20 11:59:39+00:00,2025-07-20T17:10:04+04:00,Use the value of Enum choices to render default,False,1,core.py,src/click/core.py,2,0,2,1,0
a1235aacb1be55dc66ddcfefbf64dec44b6ab54d,Marco Ricci,GitHub,2025-07-21 19:35:04+00:00,2025-07-21T20:35:04+01:00,Fix Zsh completions with colons (#2846),False,1,shell_completion.py,src/click/shell_completion.py,21,1,22,1,0
a1235aacb1be55dc66ddcfefbf64dec44b6ab54d,Marco Ricci,GitHub,2025-07-21 19:35:04+00:00,2025-07-21T20:35:04+01:00,Fix Zsh completions with colons (#2846),False,1,test_shell_completion.py,tests/test_shell_completion.py,75,0,75,1,0
8bc912710774c7b4c84f5d4effd0c764f3e2bbb9,Rowlando13,GitHub,2025-07-22 10:04:08+00:00,2025-07-22T03:04:08-07:00,"Revert ""Merge Stable into master""",False,1,test_testing.py,tests/test_testing.py,4,2,6,0,0
8bc912710774c7b4c84f5d4effd0c764f3e2bbb9,Rowlando13,GitHub,2025-07-22 10:04:08+00:00,2025-07-22T03:04:08-07:00,"Revert ""Merge Stable into master""",False,1,test_shell_completion.py,tests/test_shell_completion.py,0,75,75,0,0
8bc912710774c7b4c84f5d4effd0c764f3e2bbb9,Rowlando13,GitHub,2025-07-22 10:04:08+00:00,2025-07-22T03:04:08-07:00,"Revert ""Merge Stable into master""",False,1,test_options.py,tests/test_options.py,1,87,88,0,0
8bc912710774c7b4c84f5d4effd0c764f3e2bbb9,Rowlando13,GitHub,2025-07-22 10:04:08+00:00,2025-07-22T03:04:08-07:00,"Revert ""Merge Stable into master""",False,1,testing.py,src/click/testing.py,0,12,12,0,0
8bc912710774c7b4c84f5d4effd0c764f3e2bbb9,Rowlando13,GitHub,2025-07-22 10:04:08+00:00,2025-07-22T03:04:08-07:00,"Revert ""Merge Stable into master""",False,1,shell_completion.py,src/click/shell_completion.py,1,21,22,0,0
8bc912710774c7b4c84f5d4effd0c764f3e2bbb9,Rowlando13,GitHub,2025-07-22 10:04:08+00:00,2025-07-22T03:04:08-07:00,"Revert ""Merge Stable into master""",False,1,exceptions.py,src/click/exceptions.py,3,3,6,0,0
8bc912710774c7b4c84f5d4effd0c764f3e2bbb9,Rowlando13,GitHub,2025-07-22 10:04:08+00:00,2025-07-22T03:04:08-07:00,"Revert ""Merge Stable into master""",False,1,core.py,src/click/core.py,0,2,2,0,0
e252437313eb364212fdb2d200902e2e8d28f3f9,Edward G,Edward G,2025-07-22 10:20:02+00:00,2025-07-22T03:20:02-07:00,"Revert ""Revert ""Merge Stable into master""""",False,1,exceptions.py,src/click/exceptions.py,3,3,6,0,1
e252437313eb364212fdb2d200902e2e8d28f3f9,Edward G,Edward G,2025-07-22 10:20:02+00:00,2025-07-22T03:20:02-07:00,"Revert ""Revert ""Merge Stable into master""""",False,1,shell_completion.py,src/click/shell_completion.py,21,1,22,0,1
e252437313eb364212fdb2d200902e2e8d28f3f9,Edward G,Edward G,2025-07-22 10:20:02+00:00,2025-07-22T03:20:02-07:00,"Revert ""Revert ""Merge Stable into master""""",False,1,core.py,src/click/core.py,2,0,2,0,1
e252437313eb364212fdb2d200902e2e8d28f3f9,Edward G,Edward G,2025-07-22 10:20:02+00:00,2025-07-22T03:20:02-07:00,"Revert ""Revert ""Merge Stable into master""""",False,1,test_options.py,tests/test_options.py,87,1,88,0,0
e252437313eb364212fdb2d200902e2e8d28f3f9,Edward G,Edward G,2025-07-22 10:20:02+00:00,2025-07-22T03:20:02-07:00,"Revert ""Revert ""Merge Stable into master""""",False,1,test_testing.py,tests/test_testing.py,2,4,6,0,1
e252437313eb364212fdb2d200902e2e8d28f3f9,Edward G,Edward G,2025-07-22 10:20:02+00:00,2025-07-22T03:20:02-07:00,"Revert ""Revert ""Merge Stable into master""""",False,1,testing.py,src/click/testing.py,12,0,12,0,0
e252437313eb364212fdb2d200902e2e8d28f3f9,Edward G,Edward G,2025-07-22 10:20:02+00:00,2025-07-22T03:20:02-07:00,"Revert ""Revert ""Merge Stable into master""""",False,1,test_shell_completion.py,tests/test_shell_completion.py,75,0,75,0,1
cc3942a4b1a092db68e8ca1e1343ae70b4115c4d,Kevin Deldycke,Kevin Deldycke,2025-07-23 06:14:01+00:00,2025-07-23T10:14:01+04:00,test: add two new tests for Parameter.__init__ in src/click/core.py,False,1,test_arguments.py,tests/test_arguments.py,9,0,9,0,1
cc3942a4b1a092db68e8ca1e1343ae70b4115c4d,Kevin Deldycke,Kevin Deldycke,2025-07-23 06:14:01+00:00,2025-07-23T10:14:01+04:00,test: add two new tests for Parameter.__init__ in src/click/core.py,False,1,test_options.py,tests/test_options.py,30,0,30,0,1
812b8000f79c1fbb747a2de5114fc74515558857,Gene Wood,Gene Wood,2025-07-28 23:56:51+00:00,2025-07-28T16:56:51-07:00,Fix rendering when `prompt_suffix` is empty,False,1,test_utils.py,tests/test_utils.py,24,0,24,1,1
812b8000f79c1fbb747a2de5114fc74515558857,Gene Wood,Gene Wood,2025-07-28 23:56:51+00:00,2025-07-28T16:56:51-07:00,Fix rendering when `prompt_suffix` is empty,False,1,termui.py,src/click/termui.py,6,6,12,1,1
a352c6e416a734dd7891aa71f6c206b7d42b6baa,Ofek Lev,Ofek Lev,2025-07-31 18:14:53+00:00,2025-08-08T13:37:47-04:00,Properly lazily import shutil,False,1,formatting.py,src/click/formatting.py,2,2,4,0,0
17cedf797efbd9f1ff2bf0ecfabc46a53ff3821a,Ofek Lev,Ofek Lev,2025-07-31 18:25:44+00:00,2025-08-08T13:37:47-04:00,Update _termui_impl.py,False,1,_termui_impl.py,src/click/_termui_impl.py,13,5,18,0,1
b9e4052e380e2ccb61fe5a26af40b50f4feb1dd8,pre-commit-ci-lite[bot],Ofek Lev,2025-07-31 18:26:17+00:00,2025-08-08T13:37:47-04:00,[pre-commit.ci lite] apply automatic fixes,False,1,_termui_impl.py,src/click/_termui_impl.py,1,1,2,1,0
1fb4659c80efe664b126d07bf3c06f09845ad995,Ofek Lev,Ofek Lev,2025-07-31 18:29:13+00:00,2025-08-08T13:37:47-04:00,Update testing.py,False,1,testing.py,src/click/testing.py,2,1,3,0,0
6f6cbbb370e66ea29592d93e11848e01039a49a4,Ofek Lev,Ofek Lev,2025-07-31 20:27:38+00:00,2025-08-08T13:37:47-04:00,Update test_imports.py,False,1,test_imports.py,tests/test_imports.py,0,1,1,0,1
b64ea07128a6368b5f6f93035c75d5693c7ba572,Kevin Deldycke,Kevin Deldycke,2025-08-06 08:26:04+00:00,2025-08-16T14:17:51+04:00,Differentiate absence of value and value of absence for `default` and `flag_value`,False,1,_utils.py,src/click/_utils.py,25,0,25,1,0
b64ea07128a6368b5f6f93035c75d5693c7ba572,Kevin Deldycke,Kevin Deldycke,2025-08-06 08:26:04+00:00,2025-08-16T14:17:51+04:00,Differentiate absence of value and value of absence for `default` and `flag_value`,False,1,core.py,src/click/core.py,311,216,527,1,0
b64ea07128a6368b5f6f93035c75d5693c7ba572,Kevin Deldycke,Kevin Deldycke,2025-08-06 08:26:04+00:00,2025-08-16T14:17:51+04:00,Differentiate absence of value and value of absence for `default` and `flag_value`,False,1,parser.py,src/click/parser.py,17,16,33,1,0
b64ea07128a6368b5f6f93035c75d5693c7ba572,Kevin Deldycke,Kevin Deldycke,2025-08-06 08:26:04+00:00,2025-08-16T14:17:51+04:00,Differentiate absence of value and value of absence for `default` and `flag_value`,False,1,termui.py,src/click/termui.py,2,0,2,1,0
b64ea07128a6368b5f6f93035c75d5693c7ba572,Kevin Deldycke,Kevin Deldycke,2025-08-06 08:26:04+00:00,2025-08-16T14:17:51+04:00,Differentiate absence of value and value of absence for `default` and `flag_value`,False,1,test_basic.py,tests/test_basic.py,55,9,64,1,0
b64ea07128a6368b5f6f93035c75d5693c7ba572,Kevin Deldycke,Kevin Deldycke,2025-08-06 08:26:04+00:00,2025-08-16T14:17:51+04:00,Differentiate absence of value and value of absence for `default` and `flag_value`,False,1,test_termui.py,tests/test_termui.py,195,0,195,1,0
b64ea07128a6368b5f6f93035c75d5693c7ba572,Kevin Deldycke,Kevin Deldycke,2025-08-06 08:26:04+00:00,2025-08-16T14:17:51+04:00,Differentiate absence of value and value of absence for `default` and `flag_value`,False,1,test_utils.py,tests/test_utils.py,52,0,52,1,0
b64ea07128a6368b5f6f93035c75d5693c7ba572,Kevin Deldycke,Kevin Deldycke,2025-08-06 08:26:04+00:00,2025-08-16T14:17:51+04:00,Differentiate absence of value and value of absence for `default` and `flag_value`,False,1,test_arguments.py,tests/test_arguments.py,141,30,171,1,0
b64ea07128a6368b5f6f93035c75d5693c7ba572,Kevin Deldycke,Kevin Deldycke,2025-08-06 08:26:04+00:00,2025-08-16T14:17:51+04:00,Differentiate absence of value and value of absence for `default` and `flag_value`,False,1,test_options.py,tests/test_options.py,667,213,880,1,0
701b313160be12752e49b3f7cea32402c0969a69,Hans Lehnert,GitHub,2025-08-09 13:43:46+00:00,2025-08-09T14:43:46+01:00,Fix completions for quoted/escaped parameters in Fish (#3013),False,1,shell_completion.py,src/click/shell_completion.py,2,0,2,1,0
701b313160be12752e49b3f7cea32402c0969a69,Hans Lehnert,GitHub,2025-08-09 13:43:46+00:00,2025-08-09T14:43:46+01:00,Fix completions for quoted/escaped parameters in Fish (#3013),False,1,test_shell_completion.py,tests/test_shell_completion.py,1,0,1,1,1
8645e70266479a4c3abd9b821eca608971a8c051,Kevin Deldycke,Kevin Deldycke,2025-08-21 10:55:36+00:00,2025-08-21T14:55:36+04:00,Do not simple-tick Python literal values,False,1,core.py,src/click/core.py,33,33,66,0,0
9be1039f9c6ee98e3333746173f23dc949afe761,Kevin Deldycke,Kevin Deldycke,2025-08-21 11:23:03+00:00,2025-08-21T15:23:03+04:00,Keep original inconsistent ticks to reduce noise,False,1,core.py,src/click/core.py,10,10,20,0,0
40fb3751ec6075538df7242524e3ff8efe366d1f,Kevin Deldycke,Kevin Deldycke,2025-08-21 11:25:32+00:00,2025-08-21T15:25:32+04:00,Keep original inconsistent ticks to reduce noise,False,1,core.py,src/click/core.py,1,1,2,0,0
c442c05c315e61b38932e6d25a4e12dfc533882e,Kevin Deldycke,Kevin Deldycke,2025-08-21 11:26:05+00:00,2025-08-21T15:26:05+04:00,Rewrap text,False,1,core.py,src/click/core.py,2,3,5,0,0
634549fc180a4c7655eafedce5b84a9b140b0a35,Kevin Deldycke,Kevin Deldycke,2025-08-21 11:32:32+00:00,2025-08-21T15:32:32+04:00,Don't refactor variable names unnecessarily,False,1,core.py,src/click/core.py,19,19,38,0,0
44c2bea54ef1f4d153138be2db9537a7f442d461,Kevin Deldycke,Kevin Deldycke,2025-08-21 11:43:28+00:00,2025-08-21T15:43:28+04:00,Do not change the original structure of the code,False,1,core.py,src/click/core.py,11,9,20,0,0
cf0e5242b3adfbfbeaff64b24a398b57d15ae94b,Kevin Deldycke,Kevin Deldycke,2025-08-21 11:49:43+00:00,2025-08-21T15:49:43+04:00,Keep the change entry concise,False,1,core.py,src/click/core.py,6,8,14,0,0
60feda3c9240dcb7f362874bb6ae709eea151983,Kevin Deldycke,Kevin Deldycke,2025-08-21 12:01:48+00:00,2025-08-21T16:01:48+04:00,Do not mention UNSET,False,1,core.py,src/click/core.py,1,1,2,0,0
b39590fd8560e3ee6bec411ddd575761bdb1a113,Kevin Deldycke,Kevin Deldycke,2025-08-21 12:06:42+00:00,2025-08-21T16:06:42+04:00,Make the source selection logic clearer,False,1,core.py,src/click/core.py,3,1,4,0,0
f561f1880e6bbc8f2d199d50f08dfa2002090596,Kevin Deldycke,Kevin Deldycke,2025-08-21 12:25:16+00:00,2025-08-21T16:25:16+04:00,Do not mention UNSET and keep the change entry small,False,1,core.py,src/click/core.py,5,8,13,0,0
2d1ceffe936a38ff2bfe8102f3a2188ba72e1e6f,Kevin Deldycke,Kevin Deldycke,2025-08-21 12:55:51+00:00,2025-08-21T16:55:51+04:00,Rework method documentation,False,1,test_options.py,tests/test_options.py,1,1,2,0,0
2d1ceffe936a38ff2bfe8102f3a2188ba72e1e6f,Kevin Deldycke,Kevin Deldycke,2025-08-21 12:55:51+00:00,2025-08-21T16:55:51+04:00,Rework method documentation,False,1,test_basic.py,tests/test_basic.py,1,1,2,0,0
2d1ceffe936a38ff2bfe8102f3a2188ba72e1e6f,Kevin Deldycke,Kevin Deldycke,2025-08-21 12:55:51+00:00,2025-08-21T16:55:51+04:00,Rework method documentation,False,1,core.py,src/click/core.py,41,28,69,0,0
2fbc8b1ea993c4d5549bcebe94a437d7a6a56b6f,Kevin Deldycke,Kevin Deldycke,2025-08-21 13:00:02+00:00,2025-08-21T17:00:02+04:00,Reduce unnecessary changes,False,1,core.py,src/click/core.py,1,1,2,0,0
8386598a77d5aa05c5239e8525b7b34eb75b4d57,Kevin Deldycke,Kevin Deldycke,2025-08-21 13:04:49+00:00,2025-08-21T17:04:49+04:00,Typo,False,1,core.py,src/click/core.py,1,1,2,0,0
11bfb2c9e246b91ea35ed75e23c9aad80240a3d7,Kevin Deldycke,Kevin Deldycke,2025-08-21 13:38:54+00:00,2025-08-21T17:38:54+04:00,Remove assertion already covered by the type annotation,False,1,termui.py,src/click/termui.py,0,2,2,0,0
c498ced0e7b595880b70a81767ae86902714ee1c,Kevin Deldycke,Kevin Deldycke,2025-08-21 15:19:06+00:00,2025-08-21T19:19:06+04:00,Add comments about the test cases,False,1,test_options.py,tests/test_options.py,126,22,148,0,0
c498ced0e7b595880b70a81767ae86902714ee1c,Kevin Deldycke,Kevin Deldycke,2025-08-21 15:19:06+00:00,2025-08-21T19:19:06+04:00,Add comments about the test cases,False,1,test_basic.py,tests/test_basic.py,38,9,47,0,1
f9ec2ead89406ab2d0d3ad547fb709b93c0cd144,Kevin Deldycke,Kevin Deldycke,2025-08-21 15:30:39+00:00,2025-08-21T19:30:39+04:00,Check falsy sentinels,False,1,test_options.py,tests/test_options.py,18,5,23,0,0
6417acec00987fc79f451e87da994124dec7ccc9,Kevin Deldycke,Kevin Deldycke,2025-08-21 15:31:03+00:00,2025-08-21T19:31:03+04:00,Typo,False,1,test_options.py,tests/test_options.py,2,2,4,0,0
b03501906f355cd629341cbdef6a7aeb457866c4,Kevin Deldycke,Kevin Deldycke,2025-08-21 15:37:28+00:00,2025-08-21T19:37:28+04:00,Add some discussion context,False,1,test_options.py,tests/test_options.py,4,0,4,0,0
354788eaba85d2ef405b300186a3752c2bc4dbaa,Kevin Deldycke,Kevin Deldycke,2025-08-21 16:32:30+00:00,2025-08-21T20:32:30+04:00,Comment the test cases,False,1,test_options.py,tests/test_options.py,47,21,68,0,0
7b84990ead4a663e4b57d5cdb83eca1e508c3d78,Kevin Deldycke,Kevin Deldycke,2025-08-21 16:41:38+00:00,2025-08-21T20:41:38+04:00,Describe the progression of tests,False,1,test_options.py,tests/test_options.py,16,12,28,0,0
472bf383bcf403487b939242ddcd0bbb54257bb3,Kevin Deldycke,Kevin Deldycke,2025-08-21 16:44:59+00:00,2025-08-21T20:44:59+04:00,Describe test,False,1,test_options.py,tests/test_options.py,4,1,5,0,1
e9e50023f87474939d99596a90b9c8d4335c03c5,Kevin Deldycke,Kevin Deldycke,2025-08-21 16:51:14+00:00,2025-08-21T20:51:14+04:00,Do not mention UNSET,False,1,core.py,src/click/core.py,2,2,4,0,0
9f7d99100aa8b1b81d8f011de679557e19e0c3d7,Kevin Deldycke,Kevin Deldycke,2025-08-21 16:54:26+00:00,2025-08-21T20:54:26+04:00,Add description,False,1,test_termui.py,tests/test_termui.py,5,1,6,0,1
0acca45214a66eefe50716ecb0bcfcefa8fcc6eb,Kevin Deldycke,Kevin Deldycke,2025-08-23 07:06:33+00:00,2025-08-23T11:06:33+04:00,Mark recently documented methods as private,False,1,core.py,src/click/core.py,23,8,31,0,1
bbe1eb6d41f54bd49690a5c385b0895d061a76c1,Kevin Deldycke,Kevin Deldycke,2025-08-23 07:12:33+00:00,2025-08-23T11:12:33+04:00,Remove duplicate test,False,1,test_utils.py,tests/test_utils.py,0,1,1,0,0
06847da9126a99c88bf347adf213d33bfe4e4af2,Kevin Deldycke,Kevin Deldycke,2025-08-23 11:16:15+00:00,2025-08-23T15:16:15+04:00,Support legacy case of default aligning to flag_value for flag whose default=True,False,1,core.py,src/click/core.py,28,0,28,1,0
06847da9126a99c88bf347adf213d33bfe4e4af2,Kevin Deldycke,Kevin Deldycke,2025-08-23 11:16:15+00:00,2025-08-23T15:16:15+04:00,Support legacy case of default aligning to flag_value for flag whose default=True,False,1,test_basic.py,tests/test_basic.py,3,1,4,1,1
06847da9126a99c88bf347adf213d33bfe4e4af2,Kevin Deldycke,Kevin Deldycke,2025-08-23 11:16:15+00:00,2025-08-23T15:16:15+04:00,Support legacy case of default aligning to flag_value for flag whose default=True,False,1,test_termui.py,tests/test_termui.py,52,33,85,1,0
06847da9126a99c88bf347adf213d33bfe4e4af2,Kevin Deldycke,Kevin Deldycke,2025-08-23 11:16:15+00:00,2025-08-23T15:16:15+04:00,Support legacy case of default aligning to flag_value for flag whose default=True,False,1,test_options.py,tests/test_options.py,31,11,42,1,0
7f4fa21aa74c734a262626fa118b9c72d415102b,Kevin Deldycke,Kevin Deldycke,2025-08-23 11:24:13+00:00,2025-08-23T15:24:13+04:00,Lint,False,1,test_options.py,tests/test_options.py,14,10,24,0,0
7f4fa21aa74c734a262626fa118b9c72d415102b,Kevin Deldycke,Kevin Deldycke,2025-08-23 11:24:13+00:00,2025-08-23T15:24:13+04:00,Lint,False,1,core.py,src/click/core.py,5,5,10,0,1
4f70b379b55b3b7f7dec0d8b9d3e91a347c238e1,Kevin Deldycke,Kevin Deldycke,2025-08-23 11:28:01+00:00,2025-08-23T15:28:01+04:00,Fix typing,False,1,core.py,src/click/core.py,1,1,2,1,0
abaef53babf47f1094076bf397b69a0fa79f3f63,Kevin Deldycke,Kevin Deldycke,2025-08-23 11:30:36+00:00,2025-08-23T15:30:36+04:00,Typing,False,1,core.py,src/click/core.py,1,1,2,0,0
bb2a1d952cd79151dc8ce859ac65230ff95278d3,Kevin Deldycke,Kevin Deldycke,2025-08-23 13:54:21+00:00,2025-08-23T17:54:21+04:00,Better doc and tests for multiple,False,1,test_options.py,tests/test_options.py,143,54,197,0,0
96e4c7599025eaefa58b7e804805e366f511a219,Kevin Deldycke,Kevin Deldycke,2025-08-23 14:18:10+00:00,2025-08-23T18:18:10+04:00,Add explanation for the casting,False,1,core.py,src/click/core.py,6,0,6,0,0
a2b699a134ae4f2459808290f62e96e5b3c1d54f,Kevin Deldycke,Kevin Deldycke,2025-08-23 14:20:38+00:00,2025-08-23T18:20:38+04:00,Fix import,False,1,test_options.py,tests/test_options.py,1,0,1,0,0
029bbeda76aa824149f110408d56de7b402a87ed,Kevin Deldycke,Kevin Deldycke,2025-08-23 14:39:26+00:00,2025-08-23T18:39:26+04:00,Hide UNSET in the callback,False,1,test_options.py,tests/test_options.py,2,1,3,0,0
029bbeda76aa824149f110408d56de7b402a87ed,Kevin Deldycke,Kevin Deldycke,2025-08-23 14:39:26+00:00,2025-08-23T18:39:26+04:00,Hide UNSET in the callback,False,1,core.py,src/click/core.py,7,6,13,0,1
b9abeaa315939122abf6bb35b636445b1a44dd65,Kevin Deldycke,Kevin Deldycke,2025-08-23 14:41:54+00:00,2025-08-23T18:41:54+04:00,Hint at the concepts carried by default,False,1,core.py,src/click/core.py,10,0,10,1,0
285f45cf68070b13d460093c494b8307cdfe6e41,Kevin Deldycke,Kevin Deldycke,2025-08-23 14:54:54+00:00,2025-08-23T18:54:54+04:00,Lint,False,1,test_options.py,tests/test_options.py,2,1,3,0,1
9c079247f9b9655077b4ceff52b3fb0a44a9473f,Kevin Deldycke,Kevin Deldycke,2025-08-24 07:02:19+00:00,2025-08-24T13:40:49+04:00,Regroup sentinels,False,1,_utils.py,src/click/_utils.py,12,1,13,0,1
9c079247f9b9655077b4ceff52b3fb0a44a9473f,Kevin Deldycke,Kevin Deldycke,2025-08-24 07:02:19+00:00,2025-08-24T13:40:49+04:00,Regroup sentinels,False,1,parser.py,src/click/parser.py,7,8,15,0,0
9c079247f9b9655077b4ceff52b3fb0a44a9473f,Kevin Deldycke,Kevin Deldycke,2025-08-24 07:02:19+00:00,2025-08-24T13:40:49+04:00,Regroup sentinels,False,1,core.py,src/click/core.py,5,5,10,0,1
a2456134ec14305c9de131c4f38d027184bd19c0,Kevin Deldycke,Kevin Deldycke,2025-08-25 03:51:43+00:00,2025-08-26T08:58:40+04:00,Tone-down the case of `default=True` for flags,False,1,test_basic.py,tests/test_basic.py,2,2,4,1,1
a2456134ec14305c9de131c4f38d027184bd19c0,Kevin Deldycke,Kevin Deldycke,2025-08-25 03:51:43+00:00,2025-08-26T08:58:40+04:00,Tone-down the case of `default=True` for flags,False,1,core.py,src/click/core.py,13,29,42,1,0
a2456134ec14305c9de131c4f38d027184bd19c0,Kevin Deldycke,Kevin Deldycke,2025-08-25 03:51:43+00:00,2025-08-26T08:58:40+04:00,Tone-down the case of `default=True` for flags,False,1,test_options.py,tests/test_options.py,3,3,6,1,0
d36de6fc67882f23d7a7d61cd4c0e25e0f88b0ac,Kevin Deldycke,Kevin Deldycke,2025-08-30 11:03:10+00:00,2025-08-30T15:09:31+04:00,Add more tests on Enum rendering their item's names and not values,False,1,test_options.py,tests/test_options.py,58,26,84,0,0
7db1f209b0b01939ba1e864fe74d3f00dac89dd5,Roland Walker,Roland Walker,2025-09-04 11:53:40+00:00,2025-09-13T09:27:46-04:00,Popen() list-arg pager process without shell=True,False,1,_termui_impl.py,src/click/_termui_impl.py,1,1,2,0,1
555fa9bb37770a6845a98be60b0c84876775552e,Michele Bianchi,Michele Bianchi,2025-09-11 05:49:37+00:00,2025-09-12T13:23:37+09:00,#2447 Forward exception data to exit stack when calling `__exit__`,False,1,core.py,src/click/core.py,22,3,25,0,0
92129c552da88ac30b578132031efa4b003ecc46,Michele Bianchi,Michele Bianchi,2025-09-11 06:17:15+00:00,2025-09-12T13:23:40+09:00,#2447 Added exception forwarding to context tests,False,1,test_context.py,tests/test_context.py,93,0,93,0,0
7c7ec36354f49d1a092cb077fa4881ea4d70ba01,Michele Bianchi,Michele Bianchi,2025-09-12 04:25:44+00:00,2025-09-12T13:25:44+09:00,#2447 Split resource exception handling tests in single and nested,False,1,test_context.py,tests/test_context.py,34,0,34,0,0
5fc3423ae54990cec5a8b41d2c7b489da41475b0,Kevin Deldycke,Kevin Deldycke,2025-09-19 12:59:07+00:00,2025-09-24T08:59:19+02:00,Hide UNSET values in Context.invoke,False,1,test_commands.py,tests/test_commands.py,37,9,46,0,0
5fc3423ae54990cec5a8b41d2c7b489da41475b0,Kevin Deldycke,Kevin Deldycke,2025-09-19 12:59:07+00:00,2025-09-24T08:59:19+02:00,Hide UNSET values in Context.invoke,False,1,core.py,src/click/core.py,11,1,12,0,0
6e4585d77cd4a6df2c14489312f25f33a617906f,Adam Dangoor,Adam Dangoor,2025-09-19 15:02:40+00:00,2025-09-19T16:05:03+01:00,Make `uv run --all-extras pyright --verifytypes click` pass,False,1,core.py,src/click/core.py,2,2,4,0,1
1c20dc6e724cd5625faaa17b715ba928d44c08bf,Stephen Rosen,Stephen Rosen,2025-09-22 13:55:58+00:00,2025-09-24T09:17:13-05:00,Fix default handling to defer UNSET normalization,False,1,test_defaults.py,tests/test_defaults.py,26,0,26,1,1
1c20dc6e724cd5625faaa17b715ba928d44c08bf,Stephen Rosen,Stephen Rosen,2025-09-22 13:55:58+00:00,2025-09-24T09:17:13-05:00,Fix default handling to defer UNSET normalization,False,1,core.py,src/click/core.py,11,5,16,1,0
ce7b47dfc9ea0c665044024d91bd45c547617bf4,Stephen Rosen,Stephen Rosen,2025-09-24 14:13:09+00:00,2025-09-24T09:17:13-05:00,Update comments on UNSET handling during parse_args,False,1,core.py,src/click/core.py,9,5,14,0,0
1c9fc6df7cf37407b65fecc9c7a65b29b7727cff,Gene Wood,Gene Wood,2025-09-25 16:32:24+00:00,2025-09-25T09:32:24-07:00,Add details to `prompt` and `confirm` docstrings regarding 8.3.1 change,False,1,termui.py,src/click/termui.py,14,0,14,0,0
18d29196c508b249ef1111f1f29c9133e0a8b097,Stephen Rosen,Stephen Rosen,2025-09-25 18:02:10+00:00,2025-09-25T13:14:00-05:00,Ensure that 'type_cast_value' never gets 'UNSET',False,1,test_options.py,tests/test_options.py,36,0,36,0,1
18d29196c508b249ef1111f1f29c9133e0a8b097,Stephen Rosen,Stephen Rosen,2025-09-25 18:02:10+00:00,2025-09-25T13:14:00-05:00,Ensure that 'type_cast_value' never gets 'UNSET',False,1,test_arguments.py,tests/test_arguments.py,37,0,37,0,1
18d29196c508b249ef1111f1f29c9133e0a8b097,Stephen Rosen,Stephen Rosen,2025-09-25 18:02:10+00:00,2025-09-25T13:14:00-05:00,Ensure that 'type_cast_value' never gets 'UNSET',False,1,core.py,src/click/core.py,27,9,36,0,1
27de74af68bfd967c639ad4beb330fa4ed0d470f,Gene Wood,Gene Wood,2025-09-25 18:11:19+00:00,2025-09-25T11:11:19-07:00,Shorten the docstring annotations for confirm and prompt,False,1,termui.py,src/click/termui.py,2,10,12,0,1
1e4a5070c0ee5d119116aa0c9573cbbb27123a0e,Matthias Urlichs,Matthias Urlichs,2025-10-02 17:37:15+00:00,2025-10-02T19:54:21+02:00,Don't test with a file in docs/,False,1,test_utils.py,tests/test_utils.py,3,1,4,0,1
91de59c6c8abc8251e7af551cd4546cc964288af,Animesh Tripathi,Stephen Rosen,2025-10-07 15:22:09+00:00,2025-11-19T14:45:44-06:00,Fix #3084: Correct flag optional value behavior and add comprehensive tests,False,1,test_options.py,tests/test_options.py,34,0,34,1,1
91de59c6c8abc8251e7af551cd4546cc964288af,Animesh Tripathi,Stephen Rosen,2025-10-07 15:22:09+00:00,2025-11-19T14:45:44-06:00,Fix #3084: Correct flag optional value behavior and add comprehensive tests,False,1,core.py,src/click/core.py,10,3,13,1,0
bd131e1ab63da2281d6dd9b8205ad2eb5a085468,Marcel Telka,Marcel Telka,2025-10-27 17:18:22+00:00,2025-10-30T00:08:38+01:00,Fix test_edit to work with BSD sed,False,1,test_termui.py,tests/test_termui.py,9,2,11,0,1
437e1e3295c7ec979fc1bf285bb402ca20d847e7,Kevin Deldycke,Kevin Deldycke,2025-11-11 07:58:09+00:00,2025-11-12T10:07:50+04:00,Temporarily provide a fake context to the callback to hide `UNSET` values as `None`,False,1,test_context.py,tests/test_context.py,110,0,110,0,0
437e1e3295c7ec979fc1bf285bb402ca20d847e7,Kevin Deldycke,Kevin Deldycke,2025-11-11 07:58:09+00:00,2025-11-12T10:07:50+04:00,Temporarily provide a fake context to the callback to hide `UNSET` values as `None`,False,1,core.py,src/click/core.py,31,1,32,0,1
d8e987eae723fbb0ccc355d125d0e179a1bf5fd8,Peter A. Jonsson,Kevin Deldycke,2025-11-12 22:36:53+00:00,2026-02-28T13:03:13+04:00,NamedTextIOWrapper: stop closing buffer,False,1,test_testing_logging.py,tests/test_testing_logging.py,25,0,25,0,0
d8e987eae723fbb0ccc355d125d0e179a1bf5fd8,Peter A. Jonsson,Kevin Deldycke,2025-11-12 22:36:53+00:00,2026-02-28T13:03:13+04:00,NamedTextIOWrapper: stop closing buffer,False,1,testing.py,src/click/testing.py,9,12,21,0,1
955ca492a6b9e8de0660dae1c415568ca6f9c4b3,Stephen Rosen,Stephen Rosen,2025-11-19 21:06:11+00:00,2025-11-19T15:07:25-06:00,Cleanup changes to fix flag_value bug,False,1,test_options.py,tests/test_options.py,34,24,58,1,1
955ca492a6b9e8de0660dae1c415568ca6f9c4b3,Stephen Rosen,Stephen Rosen,2025-11-19 21:06:11+00:00,2025-11-19T15:07:25-06:00,Cleanup changes to fix flag_value bug,False,1,core.py,src/click/core.py,4,8,12,1,1
0480a56579de344bf40dcc40be8ec5ffc1b5fab3,Kevin Deldycke,Kevin Deldycke,2026-02-20 07:04:00+00:00,2026-02-20T11:15:55+04:00,Add cross-reference to tests from `test_defaults.py`,False,1,test_options.py,tests/test_options.py,18,0,18,1,1
0480a56579de344bf40dcc40be8ec5ffc1b5fab3,Kevin Deldycke,Kevin Deldycke,2026-02-20 07:04:00+00:00,2026-02-20T11:15:55+04:00,Add cross-reference to tests from `test_defaults.py`,False,1,test_defaults.py,tests/test_defaults.py,55,5,60,1,1
0480a56579de344bf40dcc40be8ec5ffc1b5fab3,Kevin Deldycke,Kevin Deldycke,2026-02-20 07:04:00+00:00,2026-02-20T11:15:55+04:00,Add cross-reference to tests from `test_defaults.py`,False,1,test_basic.py,tests/test_basic.py,6,0,6,1,0
0480a56579de344bf40dcc40be8ec5ffc1b5fab3,Kevin Deldycke,Kevin Deldycke,2026-02-20 07:04:00+00:00,2026-02-20T11:15:55+04:00,Add cross-reference to tests from `test_defaults.py`,False,1,test_arguments.py,tests/test_arguments.py,11,0,11,1,0
aaf99a3ee6935f321f755bc7c5717a91d321cd39,Kevin Deldycke,Kevin Deldycke,2026-02-20 08:10:39+00:00,2026-02-20T12:52:20+04:00,Hide `Sentinel.UNSET` values as `None` in `lookup_default()`,False,1,test_defaults.py,tests/test_defaults.py,151,0,151,1,1
aaf99a3ee6935f321f755bc7c5717a91d321cd39,Kevin Deldycke,Kevin Deldycke,2026-02-20 08:10:39+00:00,2026-02-20T12:52:20+04:00,Hide `Sentinel.UNSET` values as `None` in `lookup_default()`,False,1,core.py,src/click/core.py,11,6,17,1,1
546f2851f414b07413777ebcae89b2c21a685252,Kevin Deldycke,Kevin Deldycke,2026-02-21 14:01:42+00:00,2026-03-01T20:27:16+04:00,Fix callable ``flag_value`` being instantiated when used as a default,False,1,core.py,src/click/core.py,20,6,26,1,1
546f2851f414b07413777ebcae89b2c21a685252,Kevin Deldycke,Kevin Deldycke,2026-02-21 14:01:42+00:00,2026-03-01T20:27:16+04:00,Fix callable ``flag_value`` being instantiated when used as a default,False,1,test_defaults.py,tests/test_defaults.py,45,0,45,1,1
546f2851f414b07413777ebcae89b2c21a685252,Kevin Deldycke,Kevin Deldycke,2026-02-21 14:01:42+00:00,2026-03-01T20:27:16+04:00,Fix callable ``flag_value`` being instantiated when used as a default,False,1,test_options.py,tests/test_options.py,167,3,170,1,1
777a89e232d5771141be545ff749a7ad2eaa5fc2,Kevin Deldycke,Kevin Deldycke,2026-02-28 09:01:10+00:00,2026-02-28T13:17:22+04:00,Add regular and stress tests for ``CliRunner`` stream lifecycle and ownership,False,1,test_stream_lifecycle.py,tests/test_stream_lifecycle.py,538,0,538,0,1
777a89e232d5771141be545ff749a7ad2eaa5fc2,Kevin Deldycke,Kevin Deldycke,2026-02-28 09:01:10+00:00,2026-02-28T13:17:22+04:00,Add regular and stress tests for ``CliRunner`` stream lifecycle and ownership,False,1,test_testing_logging.py,tests/test_testing_logging.py,0,25,25,0,0
b1bc8c9c1d531c6e95576d61637796fc3a5fd462,Kevin Deldycke,Kevin Deldycke,2026-02-28 09:56:12+00:00,2026-04-08T16:36:13+02:00,Fix pager test pollution for parallel execution,False,1,test_utils.py,tests/test_utils.py,2,5,7,1,1
4f9086bf8fd98aca1d804bf742f4f1ceb6c12295,Kevin Deldycke,Kevin Deldycke,2026-02-28 12:37:55+00:00,2026-04-09T16:23:44+02:00,Patch `pdb` in `CliRunner` to allow debugger interactions in tests,False,1,test_testing.py,tests/test_testing.py,50,0,50,1,0
4f9086bf8fd98aca1d804bf742f4f1ceb6c12295,Kevin Deldycke,Kevin Deldycke,2026-02-28 12:37:55+00:00,2026-04-09T16:23:44+02:00,Patch `pdb` in `CliRunner` to allow debugger interactions in tests,False,1,testing.py,src/click/testing.py,45,0,45,1,0
6c4a77ba24854dab793a8ff72110a0a24c403c9f,Kevin Deldycke,Kevin Deldycke,2026-03-02 07:42:10+00:00,2026-03-02T11:42:10+04:00,Use `default=True` as a sentinel for non-boolean flags,False,1,core.py,src/click/core.py,25,5,30,1,0
bb7be1f6a91f3fd1267d1a6d68771273d593f9c7,Kevin Deldycke,Kevin Deldycke,2026-03-02 09:17:20+00:00,2026-03-02T13:17:20+04:00,"Revert ""Use `default=True` as a sentinel for non-boolean flags""",False,1,core.py,src/click/core.py,5,25,30,0,1
6de212151893e4072ca21779b7b6f4cb82452f51,Kevin Deldycke,Kevin Deldycke,2026-03-02 12:26:39+00:00,2026-04-09T14:46:44+02:00,Treat `UNSET` in a `default_map` as absent,False,1,test_defaults.py,tests/test_defaults.py,20,0,20,1,1
6de212151893e4072ca21779b7b6f4cb82452f51,Kevin Deldycke,Kevin Deldycke,2026-03-02 12:26:39+00:00,2026-04-09T14:46:44+02:00,Treat `UNSET` in a `default_map` as absent,False,1,core.py,src/click/core.py,24,12,36,1,0
8762c7752cf1632d082c76922b15fef06ac3a2f1,Kevin Deldycke,Kevin Deldycke,2026-03-04 10:41:40+00:00,2026-04-14T09:55:10+02:00,Expose original file descriptor in `CliRunner`,False,1,testing.py,src/click/testing.py,59,6,65,0,0
8762c7752cf1632d082c76922b15fef06ac3a2f1,Kevin Deldycke,Kevin Deldycke,2026-03-04 10:41:40+00:00,2026-04-14T09:55:10+02:00,Expose original file descriptor in `CliRunner`,False,1,test_testing.py,tests/test_testing.py,26,0,26,0,0
b96c2601af4e01341b4d2c0db494ebee4aef8f42,Kevin Deldycke,Kevin Deldycke,2026-03-04 10:51:58+00:00,2026-04-08T16:31:40+02:00,Document and fix command string sanitizing with `shlex.split`,False,1,test_termui.py,tests/test_termui.py,116,0,116,1,1
b96c2601af4e01341b4d2c0db494ebee4aef8f42,Kevin Deldycke,Kevin Deldycke,2026-03-04 10:51:58+00:00,2026-04-08T16:31:40+02:00,Document and fix command string sanitizing with `shlex.split`,False,1,_termui_impl.py,src/click/_termui_impl.py,51,14,65,1,0
ad39d749be85af02bf191636062eef51323ad5ab,Kevin Deldycke,Kevin Deldycke,2026-03-05 06:07:38+00:00,2026-05-15T13:34:06+02:00,Add `capture` parameter to `CliRunner` and revert default-mode `fileno` exposure,False,1,test_testing.py,tests/test_testing.py,218,16,234,0,0
ad39d749be85af02bf191636062eef51323ad5ab,Kevin Deldycke,Kevin Deldycke,2026-03-05 06:07:38+00:00,2026-05-15T13:34:06+02:00,Add `capture` parameter to `CliRunner` and revert default-mode `fileno` exposure,False,1,testing.py,src/click/testing.py,103,36,139,0,0
ac5cec5fe54e5a691e7bac17f441ce9498e0744c,Kevin Deldycke,Kevin Deldycke,2026-03-05 18:39:25+00:00,2026-04-16T10:22:21+02:00,Reorder ParameterSource from most to least explicit,False,1,__init__.py,src/click/__init__.py,1,0,1,0,0
ac5cec5fe54e5a691e7bac17f441ce9498e0744c,Kevin Deldycke,Kevin Deldycke,2026-03-05 18:39:25+00:00,2026-04-16T10:22:21+02:00,Reorder ParameterSource from most to least explicit,False,1,core.py,src/click/core.py,23,13,36,0,1
790ebd665ce03f25990e037b3e9f16951a2723aa,Kevin Deldycke,Kevin Deldycke,2026-03-06 06:28:20+00:00,2026-04-14T09:58:04+02:00,Mark `make_default_short_help` as private API,False,1,utils.py,src/click/utils.py,4,1,5,1,0
a09c1c655eef3d43181eb46036b66cf058d72df4,doiken,Kevin Deldycke,2026-03-10 16:28:21+00:00,2026-05-08T16:04:59+02:00,fix: show custom error message in prompt with hide_input=True,False,1,test_termui.py,tests/test_termui.py,55,0,55,1,1
a09c1c655eef3d43181eb46036b66cf058d72df4,doiken,Kevin Deldycke,2026-03-10 16:28:21+00:00,2026-05-08T16:04:59+02:00,fix: show custom error message in prompt with hide_input=True,False,1,termui.py,src/click/termui.py,14,1,15,1,1
39413d9b1d782317e72e82ec09d437bef8359078,Kevin Deldycke,Kevin Deldycke,2026-03-25 20:31:08+00:00,2026-04-13T20:29:10+02:00,Test `show_default` set as string and its display in prompt,False,1,termui.py,src/click/termui.py,3,2,5,1,1
39413d9b1d782317e72e82ec09d437bef8359078,Kevin Deldycke,Kevin Deldycke,2026-03-25 20:31:08+00:00,2026-04-13T20:29:10+02:00,Test `show_default` set as string and its display in prompt,False,1,test_termui.py,tests/test_termui.py,49,9,58,1,1
d340b0c1202284a1b9d0ca892549208527d586ce,Kevin Deldycke,Kevin Deldycke,2026-04-01 16:42:50+00:00,2026-04-08T16:29:07+02:00,Fix speculative speculative empty string check,False,1,core.py,src/click/core.py,1,1,2,1,1
d340b0c1202284a1b9d0ca892549208527d586ce,Kevin Deldycke,Kevin Deldycke,2026-04-01 16:42:50+00:00,2026-04-08T16:29:07+02:00,Fix speculative speculative empty string check,False,1,test_options.py,tests/test_options.py,28,4,32,1,1
feffea5ca2537ed36a1d699d3536a65c676fc5c1,David Lord,David Lord,2026-04-03 22:52:33+00:00,2026-04-03T15:52:33-07:00,fix windows import check,False,1,test_imports.py,tests/test_imports.py,9,1,10,1,0
607316f9dea85ee81f8a215f5d5ae20f7f4fff71,Josh Cannon,Kevin Deldycke,2026-04-09 09:29:08+00:00,2026-04-13T20:28:39+02:00,Support show_default string in prompts,False,1,termui.py,src/click/termui.py,9,2,11,1,0
607316f9dea85ee81f8a215f5d5ae20f7f4fff71,Josh Cannon,Kevin Deldycke,2026-04-09 09:29:08+00:00,2026-04-13T20:28:39+02:00,Support show_default string in prompts,False,1,test_options.py,tests/test_options.py,13,0,13,1,1
607316f9dea85ee81f8a215f5d5ae20f7f4fff71,Josh Cannon,Kevin Deldycke,2026-04-09 09:29:08+00:00,2026-04-13T20:28:39+02:00,Support show_default string in prompts,False,1,test_termui.py,tests/test_termui.py,13,0,13,1,1
607316f9dea85ee81f8a215f5d5ae20f7f4fff71,Josh Cannon,Kevin Deldycke,2026-04-09 09:29:08+00:00,2026-04-13T20:28:39+02:00,Support show_default string in prompts,False,1,core.py,src/click/core.py,3,3,6,1,1
c653ec820093ed1dda41aae8d35bff7834b0344a,Kevin Deldycke,Kevin Deldycke,2026-04-09 13:04:42+00:00,2026-04-13T09:13:38+02:00,Reconcile default value passing and default activation,False,1,core.py,src/click/core.py,24,5,29,1,0
c653ec820093ed1dda41aae8d35bff7834b0344a,Kevin Deldycke,Kevin Deldycke,2026-04-09 13:04:42+00:00,2026-04-13T09:13:38+02:00,Reconcile default value passing and default activation,False,1,test_options.py,tests/test_options.py,37,2,39,1,0
c653ec820093ed1dda41aae8d35bff7834b0344a,Kevin Deldycke,Kevin Deldycke,2026-04-09 13:04:42+00:00,2026-04-13T09:13:38+02:00,Reconcile default value passing and default activation,False,1,test_termui.py,tests/test_termui.py,7,3,10,1,0
b55294797ef32e22eb41e7d9657edb8faefa4976,Kevin Deldycke,Kevin Deldycke,2026-04-10 16:12:24+00:00,2026-04-10T18:12:24+02:00,"Add path normalization edge-cases, verify `shlex.split` behavior",False,1,test_termui.py,tests/test_termui.py,109,4,113,0,0
b55294797ef32e22eb41e7d9657edb8faefa4976,Kevin Deldycke,Kevin Deldycke,2026-04-10 16:12:24+00:00,2026-04-10T18:12:24+02:00,"Add path normalization edge-cases, verify `shlex.split` behavior",False,1,_termui_impl.py,src/click/_termui_impl.py,10,28,38,0,0
bb59ba0fd279ca085d1113f0499b6a602ca31081,Kevin Deldycke,Kevin Deldycke,2026-04-14 08:22:15+00:00,2026-04-16T11:29:49+02:00,Apply format guidelines to commits since latest 8.3.2 release,False,1,testing.py,src/click/testing.py,0,3,3,0,0
bb59ba0fd279ca085d1113f0499b6a602ca31081,Kevin Deldycke,Kevin Deldycke,2026-04-14 08:22:15+00:00,2026-04-16T11:29:49+02:00,Apply format guidelines to commits since latest 8.3.2 release,False,1,core.py,src/click/core.py,13,15,28,0,0
bb59ba0fd279ca085d1113f0499b6a602ca31081,Kevin Deldycke,Kevin Deldycke,2026-04-14 08:22:15+00:00,2026-04-16T11:29:49+02:00,Apply format guidelines to commits since latest 8.3.2 release,False,1,_termui_impl.py,src/click/_termui_impl.py,3,4,7,0,1
4e4c7a69b7953ccb8c14e92368ca65d9525f1d2b,Kevin Deldycke,Kevin Deldycke,2026-04-21 10:55:57+00:00,2026-04-21T13:05:06+02:00,Auto-detect `type=UNPROCESSED` when `flag_value` has non-basic types,False,1,test_options.py,tests/test_options.py,66,17,83,0,0
4e4c7a69b7953ccb8c14e92368ca65d9525f1d2b,Kevin Deldycke,Kevin Deldycke,2026-04-21 10:55:57+00:00,2026-04-21T13:05:06+02:00,Auto-detect `type=UNPROCESSED` when `flag_value` has non-basic types,False,1,core.py,src/click/core.py,21,2,23,0,1
cf0c36d33734af1de9ecd5d3305970eb26ebba7f,Kevin Deldycke,Kevin Deldycke,2026-04-21 14:17:51+00:00,2026-04-27T16:41:35+02:00,Add parametrized tests for `should_strip_ansi`,False,1,test_compat.py,tests/test_compat.py,47,2,49,0,0
3a3e0350b6a2ea3e799440d48e779acabcf44de9,Kevin Deldycke,Kevin Deldycke,2026-04-21 14:58:25+00:00,2026-04-27T16:55:53+02:00,Split string values from `default_map` for multi-value parameters,False,1,conf.py,docs/conf.py,1,0,1,1,0
3a3e0350b6a2ea3e799440d48e779acabcf44de9,Kevin Deldycke,Kevin Deldycke,2026-04-21 14:58:25+00:00,2026-04-27T16:55:53+02:00,Split string values from `default_map` for multi-value parameters,False,1,core.py,src/click/core.py,5,0,5,1,0
3a3e0350b6a2ea3e799440d48e779acabcf44de9,Kevin Deldycke,Kevin Deldycke,2026-04-21 14:58:25+00:00,2026-04-27T16:55:53+02:00,Split string values from `default_map` for multi-value parameters,False,1,test_defaults.py,tests/test_defaults.py,37,0,37,1,0
1241abaed4e441582a21f4bf90c8482de02b92df,Kevin Deldycke,Kevin Deldycke,2026-04-21 15:56:16+00:00,2026-04-21T18:02:12+02:00,Use non-shadowed help option name in error hint,False,1,exceptions.py,src/click/exceptions.py,5,1,6,1,0
1241abaed4e441582a21f4bf90c8482de02b92df,Kevin Deldycke,Kevin Deldycke,2026-04-21 15:56:16+00:00,2026-04-21T18:02:12+02:00,Use non-shadowed help option name in error hint,False,1,test_formatting.py,tests/test_formatting.py,67,0,67,1,0
e3c0898975a7e095a3f11fd2d13035872a55a3e5,David Lord,David Lord,2026-04-22 03:56:46+00:00,2026-04-22T12:04:22-07:00,add codespell pre-commit hook,False,1,test_types.py,tests/test_types.py,1,1,2,0,1
e3c0898975a7e095a3f11fd2d13035872a55a3e5,David Lord,David Lord,2026-04-22 03:56:46+00:00,2026-04-22T12:04:22-07:00,add codespell pre-commit hook,False,1,test_termui.py,tests/test_termui.py,1,1,2,0,0
e3c0898975a7e095a3f11fd2d13035872a55a3e5,David Lord,David Lord,2026-04-22 03:56:46+00:00,2026-04-22T12:04:22-07:00,add codespell pre-commit hook,False,1,test_options.py,tests/test_options.py,8,8,16,0,0
e3c0898975a7e095a3f11fd2d13035872a55a3e5,David Lord,David Lord,2026-04-22 03:56:46+00:00,2026-04-22T12:04:22-07:00,add codespell pre-commit hook,False,1,test_defaults.py,tests/test_defaults.py,2,2,4,0,1
e3c0898975a7e095a3f11fd2d13035872a55a3e5,David Lord,David Lord,2026-04-22 03:56:46+00:00,2026-04-22T12:04:22-07:00,add codespell pre-commit hook,False,1,types.py,src/click/types.py,1,1,2,0,0
e3c0898975a7e095a3f11fd2d13035872a55a3e5,David Lord,David Lord,2026-04-22 03:56:46+00:00,2026-04-22T12:04:22-07:00,add codespell pre-commit hook,False,1,parser.py,src/click/parser.py,1,1,2,0,0
e3c0898975a7e095a3f11fd2d13035872a55a3e5,David Lord,David Lord,2026-04-22 03:56:46+00:00,2026-04-22T12:04:22-07:00,add codespell pre-commit hook,False,1,core.py,src/click/core.py,3,3,6,0,0
e3c0898975a7e095a3f11fd2d13035872a55a3e5,David Lord,David Lord,2026-04-22 03:56:46+00:00,2026-04-22T12:04:22-07:00,add codespell pre-commit hook,False,1,repo.py,examples/repo/repo.py,1,1,2,0,0
e3c0898975a7e095a3f11fd2d13035872a55a3e5,David Lord,David Lord,2026-04-22 03:56:46+00:00,2026-04-22T12:04:22-07:00,add codespell pre-commit hook,False,1,aliases.py,examples/aliases/aliases.py,1,1,2,0,0
5989375dc3953a5709c411e11f658c242319858e,Andreas Backx,Kevin Deldycke,2026-04-22 16:46:54+00:00,2026-04-22T19:26:20+02:00,ParamType typing improvements,False,1,types.py,src/click/types.py,132,88,220,0,0
5989375dc3953a5709c411e11f658c242319858e,Andreas Backx,Kevin Deldycke,2026-04-22 16:46:54+00:00,2026-04-22T19:26:20+02:00,ParamType typing improvements,False,1,core.py,src/click/core.py,5,5,10,0,0
5989375dc3953a5709c411e11f658c242319858e,Andreas Backx,Kevin Deldycke,2026-04-22 16:46:54+00:00,2026-04-22T19:26:20+02:00,ParamType typing improvements,False,1,test_imports.py,tests/test_imports.py,2,0,2,0,0
5989375dc3953a5709c411e11f658c242319858e,Andreas Backx,Kevin Deldycke,2026-04-22 16:46:54+00:00,2026-04-22T19:26:20+02:00,ParamType typing improvements,False,1,termui.py,src/click/termui.py,2,2,4,0,1
6e981edefaeafa6c16b478dc131fba4d936024f1,Andreas Backx,Kevin Deldycke,2026-04-27 13:35:47+00:00,2026-04-27T15:36:54+02:00,Narrow down type ignore,False,1,types.py,src/click/types.py,10,8,18,0,0
3e2d92c590c34c92e116acdda71e7678ca50895e,Kevin Deldycke,Kevin Deldycke,2026-04-27 13:55:48+00:00,2026-04-27T15:55:48+02:00,Eliminate one type ignore,False,1,types.py,src/click/types.py,3,1,4,0,0
78a4efcdce1067566fa58771afbaeb18e2c1cf0f,Kevin Deldycke,Kevin Deldycke,2026-04-27 14:19:20+00:00,2026-04-27T16:19:20+02:00,Make `FuncParamType` is generic,False,1,types.py,src/click/types.py,3,3,6,0,0
ded5b692472629154ab5a2f63bd7cdd4deea3146,Kevin Deldycke,Kevin Deldycke,2026-04-27 14:37:02+00:00,2026-04-27T16:37:02+02:00,"Update examples in docs, adds version update admonitions",False,1,validation.py,examples/validation/validation.py,2,2,4,0,0
d2e4a42ff410d92e88293f3552422a4a284c749b,Kevin Deldycke,GitHub,2026-04-29 23:10:44+00:00,2026-04-30T00:10:44+01:00,Extract `_guess_type` from `convert_type` and add overloads (#3372),False,1,types.py,src/click/types.py,69,34,103,0,0
ddede2147c9370ab8275f81db4826b6895d2e7dc,Andreas Backx,GitHub,2026-04-29 23:11:47+00:00,2026-04-30T00:11:47+01:00,`Parameter` typing improvements (#2805),False,1,shell_completion.py,src/click/shell_completion.py,0,2,2,0,1
ddede2147c9370ab8275f81db4826b6895d2e7dc,Andreas Backx,GitHub,2026-04-29 23:11:47+00:00,2026-04-30T00:11:47+01:00,`Parameter` typing improvements (#2805),False,1,exceptions.py,src/click/exceptions.py,2,2,4,0,0
ddede2147c9370ab8275f81db4826b6895d2e7dc,Andreas Backx,GitHub,2026-04-29 23:11:47+00:00,2026-04-30T00:11:47+01:00,`Parameter` typing improvements (#2805),False,1,core.py,src/click/core.py,35,40,75,0,0
2468b70997a6ec27ced4b4867954c90da3f92075,Yorick,GitHub,2026-04-29 23:20:22+00:00,2026-04-30T00:20:22+01:00,Fix readline backspace/line-wrapping on linux (#2969),False,1,test_utils.py,tests/test_utils.py,46,9,55,1,1
2468b70997a6ec27ced4b4867954c90da3f92075,Yorick,GitHub,2026-04-29 23:20:22+00:00,2026-04-30T00:20:22+01:00,Fix readline backspace/line-wrapping on linux (#2969),False,1,termui.py,src/click/termui.py,24,12,36,1,0
c5cced7b3096804567688df645194e3ed3dfa88b,Adam Karpierz,GitHub,2026-04-29 23:25:38+00:00,2026-04-30T00:25:38+01:00,"fix: `_termui_impl.open_url()` — 'start' on Windows is a cmd built-in, not an executable (#3186)",False,1,_termui_impl.py,src/click/_termui_impl.py,9,10,19,1,0
c69643b60cf971cd5d8e5d3902632807ceab9b8f,Craig de Stigter,GitHub,2026-04-29 23:33:43+00:00,2026-04-30T00:33:43+01:00,Add file-like pager: `click.get_pager_file()` (#1572),False,1,__init__.py,src/click/__init__.py,1,0,1,0,0
c69643b60cf971cd5d8e5d3902632807ceab9b8f,Craig de Stigter,GitHub,2026-04-29 23:33:43+00:00,2026-04-30T00:33:43+01:00,Add file-like pager: `click.get_pager_file()` (#1572),False,1,_termui_impl.py,src/click/_termui_impl.py,92,70,162,0,0
c69643b60cf971cd5d8e5d3902632807ceab9b8f,Craig de Stigter,GitHub,2026-04-29 23:33:43+00:00,2026-04-30T00:33:43+01:00,Add file-like pager: `click.get_pager_file()` (#1572),False,1,termui.py,src/click/termui.py,22,4,26,0,0
c69643b60cf971cd5d8e5d3902632807ceab9b8f,Craig de Stigter,GitHub,2026-04-29 23:33:43+00:00,2026-04-30T00:33:43+01:00,Add file-like pager: `click.get_pager_file()` (#1572),False,1,_compat.py,src/click/_compat.py,4,0,4,0,1
19fd4d6e18bc9fce451f92f422696b11169faa57,ReneS,GitHub,2026-04-29 23:37:31+00:00,2026-04-30T00:37:31+01:00,Fix: Ensure fish completion handles multiline help strings correctly (#3126),False,1,test_shell_completion.py,tests/test_shell_completion.py,50,3,53,1,0
19fd4d6e18bc9fce451f92f422696b11169faa57,ReneS,GitHub,2026-04-29 23:37:31+00:00,2026-04-30T00:37:31+01:00,Fix: Ensure fish completion handles multiline help strings correctly (#3126),False,1,shell_completion.py,src/click/shell_completion.py,18,5,23,1,0
19fd4d6e18bc9fce451f92f422696b11169faa57,ReneS,GitHub,2026-04-29 23:37:31+00:00,2026-04-30T00:37:31+01:00,Fix: Ensure fish completion handles multiline help strings correctly (#3126),False,1,.gitignore,.gitignore,1,0,1,1,0
831c8f0948af519e45b90801d7430ff25451f972,RC2215,GitHub,2026-04-29 23:53:14+00:00,2026-04-30T00:53:14+01:00,Add NoSuchCommand exception with suggestions for misspelled commands (#3228),False,1,parser.py,src/click/parser.py,1,4,5,0,1
831c8f0948af519e45b90801d7430ff25451f972,RC2215,GitHub,2026-04-29 23:53:14+00:00,2026-04-30T00:53:14+01:00,Add NoSuchCommand exception with suggestions for misspelled commands (#3228),False,1,test_commands.py,tests/test_commands.py,32,0,32,0,0
831c8f0948af519e45b90801d7430ff25451f972,RC2215,GitHub,2026-04-29 23:53:14+00:00,2026-04-30T00:53:14+01:00,Add NoSuchCommand exception with suggestions for misspelled commands (#3228),False,1,test_options.py,tests/test_options.py,4,4,8,0,1
831c8f0948af519e45b90801d7430ff25451f972,RC2215,GitHub,2026-04-29 23:53:14+00:00,2026-04-30T00:53:14+01:00,Add NoSuchCommand exception with suggestions for misspelled commands (#3228),False,1,__init__.py,src/click/__init__.py,1,0,1,0,0
831c8f0948af519e45b90801d7430ff25451f972,RC2215,GitHub,2026-04-29 23:53:14+00:00,2026-04-30T00:53:14+01:00,Add NoSuchCommand exception with suggestions for misspelled commands (#3228),False,1,exceptions.py,src/click/exceptions.py,44,12,56,0,0
831c8f0948af519e45b90801d7430ff25451f972,RC2215,GitHub,2026-04-29 23:53:14+00:00,2026-04-30T00:53:14+01:00,Add NoSuchCommand exception with suggestions for misspelled commands (#3228),False,1,core.py,src/click/core.py,2,2,4,0,1
2fdde68324c386bd967b00ce422daa357432f7cd,Kevin Deldycke,Kevin Deldycke,2026-04-30 06:15:34+00:00,2026-05-15T12:05:53+02:00,Cleanup #3126,False,1,.gitignore,.gitignore,1,1,2,0,0
2fdde68324c386bd967b00ce422daa357432f7cd,Kevin Deldycke,Kevin Deldycke,2026-04-30 06:15:34+00:00,2026-05-15T12:05:53+02:00,Cleanup #3126,False,1,shell_completion.py,src/click/shell_completion.py,9,8,17,0,0
efd4daf3e3d9a5455d8045a16b1c73a9ef331104,Kevin Deldycke,Kevin Deldycke,2026-04-30 08:00:36+00:00,2026-05-08T16:05:04+02:00,Demonstrate limits of substring matching,False,1,test_termui.py,tests/test_termui.py,70,3,73,0,0
e94e8dc40da6fc3975fe4931ecd8ecbac87f7cc9,Andreas Backx,Kevin Deldycke,2026-05-04 19:05:41+00:00,2026-05-16T07:31:20+02:00,Add some unit tests and integration tests for get_pager_file.,False,1,test_termui.py,tests/test_termui.py,160,0,160,0,0
73e155006526575548d143ef519995f540547e52,Andreas Backx,GitHub,2026-05-04 20:03:00+00:00,2026-05-04T21:03:00+01:00,Fix sentinel typing and its uses in parser (#3396),False,1,parser.py,src/click/parser.py,12,12,24,1,0
73e155006526575548d143ef519995f540547e52,Andreas Backx,GitHub,2026-05-04 20:03:00+00:00,2026-05-04T21:03:00+01:00,Fix sentinel typing and its uses in parser (#3396),False,1,core.py,src/click/core.py,1,0,1,1,0
73e155006526575548d143ef519995f540547e52,Andreas Backx,GitHub,2026-05-04 20:03:00+00:00,2026-05-04T21:03:00+01:00,Fix sentinel typing and its uses in parser (#3396),False,1,_utils.py,src/click/_utils.py,4,4,8,1,0
1aa2d53d63ff68bf14b35931177aac9270e39713,Andreas Backx,Kevin Deldycke,2026-05-05 18:18:44+00:00,2026-05-16T07:31:24+02:00,Redesigned tests and get_pager_file branching to be more clear and not set color unknowingly.,False,1,test_termui.py,tests/test_termui.py,94,101,195,0,0
1aa2d53d63ff68bf14b35931177aac9270e39713,Andreas Backx,Kevin Deldycke,2026-05-05 18:18:44+00:00,2026-05-16T07:31:24+02:00,Redesigned tests and get_pager_file branching to be more clear and not set color unknowingly.,False,1,_termui_impl.py,src/click/_termui_impl.py,23,11,34,0,0
5b9630f50fde938b72ad8c99542efe3a6f5717e2,Eric Platon,GitHub,2026-05-08 04:42:08+00:00,2026-05-08T06:42:08+02:00,Localisation of more strings (#2902),False,1,decorators.py,src/click/decorators.py,2,2,4,0,0
5b9630f50fde938b72ad8c99542efe3a6f5717e2,Eric Platon,GitHub,2026-05-08 04:42:08+00:00,2026-05-08T06:42:08+02:00,Localisation of more strings (#2902),False,1,utils.py,src/click/utils.py,3,2,5,0,0
5b9630f50fde938b72ad8c99542efe3a6f5717e2,Eric Platon,GitHub,2026-05-08 04:42:08+00:00,2026-05-08T06:42:08+02:00,Localisation of more strings (#2902),False,1,types.py,src/click/types.py,6,2,8,0,1
5b9630f50fde938b72ad8c99542efe3a6f5717e2,Eric Platon,GitHub,2026-05-08 04:42:08+00:00,2026-05-08T06:42:08+02:00,Localisation of more strings (#2902),False,1,core.py,src/click/core.py,25,19,44,0,0
5b9630f50fde938b72ad8c99542efe3a6f5717e2,Eric Platon,GitHub,2026-05-08 04:42:08+00:00,2026-05-08T06:42:08+02:00,Localisation of more strings (#2902),False,1,_winconsole.py,src/click/_winconsole.py,3,2,5,0,0
5b9630f50fde938b72ad8c99542efe3a6f5717e2,Eric Platon,GitHub,2026-05-08 04:42:08+00:00,2026-05-08T06:42:08+02:00,Localisation of more strings (#2902),False,1,termui.py,src/click/termui.py,2,2,4,0,0
5b9630f50fde938b72ad8c99542efe3a6f5717e2,Eric Platon,GitHub,2026-05-08 04:42:08+00:00,2026-05-08T06:42:08+02:00,Localisation of more strings (#2902),False,1,parser.py,src/click/parser.py,5,1,6,0,0
5b9630f50fde938b72ad8c99542efe3a6f5717e2,Eric Platon,GitHub,2026-05-08 04:42:08+00:00,2026-05-08T06:42:08+02:00,Localisation of more strings (#2902),False,1,formatting.py,src/click/formatting.py,1,1,2,0,0
5b9630f50fde938b72ad8c99542efe3a6f5717e2,Eric Platon,GitHub,2026-05-08 04:42:08+00:00,2026-05-08T06:42:08+02:00,Localisation of more strings (#2902),False,1,_termui_impl.py,src/click/_termui_impl.py,7,1,8,0,0
8f300853dc5f33120d9872ea0e4c9e00318446b1,Kevin Deldycke,Kevin Deldycke,2026-05-08 13:36:45+00:00,2026-07-11T15:55:57+02:00,Streamline option flag management,False,1,core.py,src/click/core.py,229,160,389,0,1
fc6c7c47edd6110b6bd5a1a5297b2035214b0cd1,STEPHEN OTIENO ONYANGO,GitHub,2026-05-08 13:47:47+00:00,2026-05-08T15:47:47+02:00,`FuncParamType` should use `ValueError` message in `self.fail()` (#3211),False,1,types.py,src/click/types.py,9,6,15,1,1
fc6c7c47edd6110b6bd5a1a5297b2035214b0cd1,STEPHEN OTIENO ONYANGO,GitHub,2026-05-08 13:47:47+00:00,2026-05-08T15:47:47+02:00,`FuncParamType` should use `ValueError` message in `self.fail()` (#3211),False,1,test_types.py,tests/test_types.py,19,0,19,1,1
61bdc2ae81f6d0dc19bd247504544659245df056,Kevin Deldycke,Kevin Deldycke,2026-05-08 14:39:06+00:00,2026-05-08T16:45:23+02:00,Implement a regex-based solution to hide hidden input,False,1,test_termui.py,tests/test_termui.py,138,4,142,0,0
61bdc2ae81f6d0dc19bd247504544659245df056,Kevin Deldycke,Kevin Deldycke,2026-05-08 14:39:06+00:00,2026-05-08T16:45:23+02:00,Implement a regex-based solution to hide hidden input,False,1,termui.py,src/click/termui.py,24,17,41,0,1
dbdae170879d460e78963f8af35c5cb9c5b86e89,Kevin Deldycke,Kevin Deldycke,2026-05-11 12:11:22+00:00,2026-05-16T07:32:08+02:00,Fix documentation,False,1,_termui_impl.py,src/click/_termui_impl.py,1,1,2,0,1
98302ac4f49e443a48abd3fbb95c86202b89547d,Kevin Deldycke,Kevin Deldycke,2026-05-11 12:20:39+00:00,2026-05-16T07:32:12+02:00,"Check `PAGER` usage, color preservation and edge-cases",False,1,test_termui.py,tests/test_termui.py,64,1,65,0,0
b761eda3bad977ec2f485451d85fd8ec365f0bf4,Kevin Deldycke,Kevin Deldycke,2026-05-11 12:20:56+00:00,2026-05-16T07:32:13+02:00,Skip some tests on Windows,False,1,test_termui.py,tests/test_termui.py,17,5,22,0,0
d946074a8fd4bd743dcde12e08e1561f062a2a68,Kevin Deldycke,Kevin Deldycke,2026-05-12 15:00:35+00:00,2026-05-12T17:50:52+02:00,Rewrite `_wrap_chunks` in `TextWrapper` to be ANSI-aware,False,1,_textwrap.py,src/click/_textwrap.py,139,2,141,0,0
d946074a8fd4bd743dcde12e08e1561f062a2a68,Kevin Deldycke,Kevin Deldycke,2026-05-12 15:00:35+00:00,2026-05-12T17:50:52+02:00,Rewrite `_wrap_chunks` in `TextWrapper` to be ANSI-aware,False,1,formatting.py,src/click/formatting.py,6,0,6,0,1
d946074a8fd4bd743dcde12e08e1561f062a2a68,Kevin Deldycke,Kevin Deldycke,2026-05-12 15:00:35+00:00,2026-05-12T17:50:52+02:00,Rewrite `_wrap_chunks` in `TextWrapper` to be ANSI-aware,False,1,test_formatting.py,tests/test_formatting.py,66,0,66,0,1
279ce7b01666a57e61e94514b39312c02a3184d2,jorenham,jorenham,2026-05-12 20:07:16+00:00,2026-05-12T22:07:16+02:00,Add type annotations for instance attributes in `utils`,False,1,utils.py,src/click/utils.py,12,4,16,0,0
0f71fe771ceefd5715b3b375c9b2e3a701c0648e,Kevin Deldycke,Kevin Deldycke,2026-05-15 09:55:32+00:00,2026-05-15T11:58:11+02:00,Fix dual-option arbitration to respect explicit defaults,False,1,core.py,src/click/core.py,46,11,57,1,0
0f71fe771ceefd5715b3b375c9b2e3a701c0648e,Kevin Deldycke,Kevin Deldycke,2026-05-15 09:55:32+00:00,2026-05-15T11:58:11+02:00,Fix dual-option arbitration to respect explicit defaults,False,1,test_options.py,tests/test_options.py,817,0,817,1,1
0039359443e73ab1034c63a1f6d58aba22c0ebc8,Sylvain Joubert,GitHub,2026-05-15 10:41:22+00:00,2026-05-15T12:41:22+02:00,Add missing space between option help text and deprecation label (#3423),False,1,core.py,src/click/core.py,5,1,6,0,0
c040135a74180d65c97c66614f234ea89c337ceb,Kevin Deldycke,Kevin Deldycke,2026-05-15 11:09:15+00:00,2026-05-15T13:16:37+02:00,Deduplicate deprecated label translation,False,1,core.py,src/click/core.py,26,32,58,0,0
fc41aa1d0b62494eb93e92ff3929601221e3abf4,Kevin Deldycke,Kevin Deldycke,2026-05-16 05:46:07+00:00,2026-05-16T07:46:07+02:00,Apply class-body annotations to `KeepOpenFile` for consistency,False,1,utils.py,src/click/utils.py,3,1,4,0,1
0551bf53588ae87f462d336f24f853a156fefe3a,Kevin Deldycke,Kevin Deldycke,2026-05-16 06:19:58+00:00,2026-05-16T08:39:31+02:00,Fix `HelpFormatter.write_usage` producing spurious characters,False,1,test_formatting.py,tests/test_formatting.py,115,0,115,1,0
0551bf53588ae87f462d336f24f853a156fefe3a,Kevin Deldycke,Kevin Deldycke,2026-05-16 06:19:58+00:00,2026-05-16T08:39:31+02:00,Fix `HelpFormatter.write_usage` producing spurious characters,False,1,formatting.py,src/click/formatting.py,8,0,8,1,0
77bd81f3f0c9d7fc8e1ca83f641c41489c508991,jorenham,jorenham,2026-05-18 12:08:10+00:00,2026-05-25T11:59:19+02:00,`types`: fix variance issues and improve type coverage,False,1,types.py,src/click/types.py,117,81,198,1,1
9a2d169fcf5c3cce7b0cd5971ca2786e1f72c210,jorenham,jorenham,2026-05-18 12:25:45+00:00,2026-05-25T11:59:19+02:00,fix generic typed dict `TypeError` on Python 3.10,False,1,types.py,src/click/types.py,40,11,51,1,0
e39679ab8d0cf0a8ce203a881c5ae7f44fadaebc,jorenham,jorenham,2026-05-18 12:54:12+00:00,2026-05-25T12:03:49+02:00,Add type annotations for instance attributes in `testing`,False,1,testing.py,src/click/testing.py,48,15,63,0,0
88b8e313f7ec09ddd16f33bded0b4c39d7935f58,jorenham,jorenham,2026-05-18 13:03:57+00:00,2026-05-27T10:57:58+02:00,platform-dependent `testing.CaptureMode` type alias,False,1,testing.py,src/click/testing.py,4,1,5,0,0
9207bdc073181b0699938a7d7b4d0b7dde23fe4f,jorenham,jorenham,2026-05-18 13:41:39+00:00,2026-05-25T12:45:44+02:00,Add type annotations for instance attributes in `exceptions`,False,1,exceptions.py,src/click/exceptions.py,42,11,53,0,1
aef225df47377a1bc3d967327b501f577dd5462c,jorenham,jorenham,2026-05-18 13:50:00+00:00,2026-05-25T12:51:14+02:00,Add type annotations for instance attributes in `formatting`,False,1,formatting.py,src/click/formatting.py,11,6,17,0,1
ea76281c3f5ad062e9f24eb5deaa961ac6a5c0e7,jorenham,jorenham,2026-05-18 14:03:45+00:00,2026-05-25T12:42:01+02:00,Add type annotations for instance attributes in `shell_completion`,False,1,shell_completion.py,src/click/shell_completion.py,11,6,17,0,0
bb0cd175d574a06fb4a5a7276ebe9570bb5c083d,jorenham,jorenham,2026-05-18 15:37:38+00:00,2026-05-25T12:39:18+02:00,Static typing improvements in `click.shell_completion`,False,1,shell_completion.py,src/click/shell_completion.py,40,16,56,0,0
d5da63588cdef9bf16596d40ea39d1e69954e4f5,jorenham,jorenham,2026-05-18 16:29:46+00:00,2026-05-25T12:11:17+02:00,Add type annotations for instance attributes in `click.core`,False,1,core.py,src/click/core.py,124,40,164,0,0
a3321c9ca14ddb951f04ac981f275b0de2f46208,Ben Falk,David Lord,2026-05-18 17:14:33+00:00,2026-05-18T12:13:50-07:00,Implement Unix line endings for shell completion output to ensure compatibility with Windows (#3277),False,1,test_shell_completion.py,tests/test_shell_completion.py,16,0,16,0,0
a3321c9ca14ddb951f04ac981f275b0de2f46208,Ben Falk,David Lord,2026-05-18 17:14:33+00:00,2026-05-18T12:13:50-07:00,Implement Unix line endings for shell completion output to ensure compatibility with Windows (#3277),False,1,shell_completion.py,src/click/shell_completion.py,3,2,5,0,1
d15f3c23a177e80c324e1ee9681c9449c31ac965,Jazzcort,Jazzcort,2026-05-18 19:46:02+00:00,2026-05-18T14:01:46-07:00,fix: Skip flaky pager test on macOS with free-threaded Python 3.14t,False,1,test_utils.py,tests/test_utils.py,5,0,5,1,1
d15f3c23a177e80c324e1ee9681c9449c31ac965,Jazzcort,Jazzcort,2026-05-18 19:46:02+00:00,2026-05-18T14:01:46-07:00,fix: Skip flaky pager test on macOS with free-threaded Python 3.14t,False,1,_compat.py,src/click/_compat.py,1,0,1,1,1
32ae2acd3474a57d2450ea849545b2e1258bf76a,Keerthana Panyam,David Lord,2026-05-18 20:59:38+00:00,2026-05-18T16:43:31-07:00,choice shell autocompletion to use normalize_choice(),False,1,types.py,src/click/types.py,1,2,3,0,1
32ae2acd3474a57d2450ea849545b2e1258bf76a,Keerthana Panyam,David Lord,2026-05-18 20:59:38+00:00,2026-05-18T16:43:31-07:00,choice shell autocompletion to use normalize_choice(),False,1,test_shell_completion.py,tests/test_shell_completion.py,2,1,3,0,1
684b3f5b5150761ec1c930bef300eb6169f483d8,Yuri Shevtsov,Kevin Deldycke,2026-05-19 01:48:00+00:00,2026-05-28T09:23:08+02:00,Add help parameter to arguments,False,1,core.py,src/click/core.py,43,1,44,0,1
684b3f5b5150761ec1c930bef300eb6169f483d8,Yuri Shevtsov,Kevin Deldycke,2026-05-19 01:48:00+00:00,2026-05-28T09:23:08+02:00,Add help parameter to arguments,False,1,test_arguments.py,tests/test_arguments.py,88,0,88,0,0
684b3f5b5150761ec1c930bef300eb6169f483d8,Yuri Shevtsov,Kevin Deldycke,2026-05-19 01:48:00+00:00,2026-05-28T09:23:08+02:00,Add help parameter to arguments,False,1,test_info_dict.py,tests/test_info_dict.py,40,0,40,0,0
c6bf75fa74bff6523375cf91f97af0a7aae85fce,plumlariat,plumlariat,2026-05-19 16:35:41+00:00,2026-05-19T09:35:41-07:00,Fixes windows specific error regarding spaces in filepaths for open_url.,False,1,_termui_impl.py,src/click/_termui_impl.py,1,1,2,1,0
becbde5cf416441627f779e8dd34e57738ee1c1f,Chris Pappalardo,David Lord,2026-05-19 19:37:31+00:00,2026-05-21T20:35:58-07:00,pager doesn't close std streams,False,1,test_testing.py,tests/test_testing.py,11,0,11,0,0
becbde5cf416441627f779e8dd34e57738ee1c1f,Chris Pappalardo,David Lord,2026-05-19 19:37:31+00:00,2026-05-21T20:35:58-07:00,pager doesn't close std streams,False,1,test_termui.py,tests/test_termui.py,4,10,14,0,0
becbde5cf416441627f779e8dd34e57738ee1c1f,Chris Pappalardo,David Lord,2026-05-19 19:37:31+00:00,2026-05-21T20:35:58-07:00,pager doesn't close std streams,False,1,_termui_impl.py,src/click/_termui_impl.py,22,2,24,0,1
7d05a59b9d46a415d85937630d1d812cf477f60a,Yuri Shevtsov,Kevin Deldycke,2026-05-19 23:43:26+00:00,2026-05-21T14:43:26+02:00,Fix get_parameter_source() during type conversion and eager callbacks,False,1,core.py,src/click/core.py,9,5,14,1,1
7d05a59b9d46a415d85937630d1d812cf477f60a,Yuri Shevtsov,Kevin Deldycke,2026-05-19 23:43:26+00:00,2026-05-21T14:43:26+02:00,Fix get_parameter_source() during type conversion and eager callbacks,False,1,test_defaults.py,tests/test_defaults.py,123,0,123,1,0
7d05a59b9d46a415d85937630d1d812cf477f60a,Yuri Shevtsov,Kevin Deldycke,2026-05-19 23:43:26+00:00,2026-05-21T14:43:26+02:00,Fix get_parameter_source() during type conversion and eager callbacks,False,1,test_options.py,tests/test_options.py,62,0,62,1,1
9c41f46a4015700489ad009266edf1f3893d01d1,Kevin Deldycke,David Lord,2026-05-21 07:43:18+00:00,2026-05-21T20:57:49-07:00,Fix changelog and version admonitions,False,1,shell_completion.py,src/click/shell_completion.py,1,1,2,1,1
9c41f46a4015700489ad009266edf1f3893d01d1,Kevin Deldycke,David Lord,2026-05-21 07:43:18+00:00,2026-05-21T20:57:49-07:00,Fix changelog and version admonitions,False,1,core.py,src/click/core.py,1,1,2,1,0
9c41f46a4015700489ad009266edf1f3893d01d1,Kevin Deldycke,David Lord,2026-05-21 07:43:18+00:00,2026-05-21T20:57:49-07:00,Fix changelog and version admonitions,False,1,exceptions.py,src/click/exceptions.py,4,1,5,1,0
9c41f46a4015700489ad009266edf1f3893d01d1,Kevin Deldycke,David Lord,2026-05-21 07:43:18+00:00,2026-05-21T20:57:49-07:00,Fix changelog and version admonitions,False,1,formatting.py,src/click/formatting.py,1,1,2,1,0
9c41f46a4015700489ad009266edf1f3893d01d1,Kevin Deldycke,David Lord,2026-05-21 07:43:18+00:00,2026-05-21T20:57:49-07:00,Fix changelog and version admonitions,False,1,types.py,src/click/types.py,11,0,11,1,0
9c41f46a4015700489ad009266edf1f3893d01d1,Kevin Deldycke,David Lord,2026-05-21 07:43:18+00:00,2026-05-21T20:57:49-07:00,Fix changelog and version admonitions,False,1,termui.py,src/click/termui.py,1,1,2,1,0
4d3db84b251518e97299a38a5ca4bab3d01873a2,Iain-S,David Lord,2026-05-21 09:26:28+00:00,2026-05-21T15:43:31-07:00,handle empty bytes in echo,False,1,test_utils.py,tests/test_utils.py,5,0,5,1,1
4d3db84b251518e97299a38a5ca4bab3d01873a2,Iain-S,David Lord,2026-05-21 09:26:28+00:00,2026-05-21T15:43:31-07:00,handle empty bytes in echo,False,1,utils.py,src/click/utils.py,8,8,16,1,0
0baa8db07736fc7ad3d3eed97d4c73b0059c63e1,Kevin Deldycke,Kevin Deldycke,2026-05-21 12:44:08+00:00,2026-05-21T15:00:59+02:00,Document ctx.params bypass with test and doc,False,1,test_defaults.py,tests/test_defaults.py,27,0,27,0,0
0baa8db07736fc7ad3d3eed97d4c73b0059c63e1,Kevin Deldycke,Kevin Deldycke,2026-05-21 12:44:08+00:00,2026-05-21T15:00:59+02:00,Document ctx.params bypass with test and doc,False,1,core.py,src/click/core.py,4,1,5,0,0
6cb34774f20598aa288332f8da02c5aee85448a6,David Lord,David Lord,2026-05-22 03:55:15+00:00,2026-05-21T20:55:15-07:00,fix skip condition,False,1,test_utils.py,tests/test_utils.py,1,1,2,1,1
bff780ff9df7a8d0a271db2f80c17c7be32dc2a1,Kevin Deldycke,Kevin Deldycke,2026-05-22 07:49:59+00:00,2026-05-29T08:38:37+02:00,"Fix layout, align full version",False,1,_termui_impl.py,src/click/_termui_impl.py,4,1,5,1,0
10f78cdb1df9874a8aa1757102ade4efa6a54732,Kevin Deldycke,Kevin Deldycke,2026-05-22 08:27:47+00:00,2026-05-29T08:38:39+02:00,Use MyST syntax,False,1,conf.py,docs/conf.py,1,0,1,0,0
7eb57cff7cd292fbd526eaf861c8f945ddeb07a3,Kevin Deldycke,Kevin Deldycke,2026-05-22 09:13:12+00:00,2026-05-27T09:53:09+02:00,Fix pager test race by raising before yield,False,1,test_utils.py,tests/test_utils.py,74,5,79,1,0
7eb57cff7cd292fbd526eaf861c8f945ddeb07a3,Kevin Deldycke,Kevin Deldycke,2026-05-22 09:13:12+00:00,2026-05-27T09:53:09+02:00,Fix pager test race by raising before yield,False,1,test_stream_lifecycle.py,tests/test_stream_lifecycle.py,3,1,4,1,0
7eb57cff7cd292fbd526eaf861c8f945ddeb07a3,Kevin Deldycke,Kevin Deldycke,2026-05-22 09:13:12+00:00,2026-05-27T09:53:09+02:00,Fix pager test race by raising before yield,False,1,_compat.py,src/click/_compat.py,0,1,1,1,0
745464765a3fc9ddd5f9e445e5a2ca37efd63237,David Lord,David Lord,2026-05-23 04:40:47+00:00,2026-05-23T07:31:27-07:00,remove colorama,False,1,README,examples/colors/README,0,2,2,0,0
745464765a3fc9ddd5f9e445e5a2ca37efd63237,David Lord,David Lord,2026-05-23 04:40:47+00:00,2026-05-23T07:31:27-07:00,remove colorama,False,1,_compat.py,src/click/_compat.py,1,41,42,0,0
745464765a3fc9ddd5f9e445e5a2ca37efd63237,David Lord,David Lord,2026-05-23 04:40:47+00:00,2026-05-23T07:31:27-07:00,remove colorama,False,1,termui.py,src/click/termui.py,0,11,11,0,0
745464765a3fc9ddd5f9e445e5a2ca37efd63237,David Lord,David Lord,2026-05-23 04:40:47+00:00,2026-05-23T07:31:27-07:00,remove colorama,False,1,utils.py,src/click/utils.py,5,11,16,0,0
745464765a3fc9ddd5f9e445e5a2ca37efd63237,David Lord,David Lord,2026-05-23 04:40:47+00:00,2026-05-23T07:31:27-07:00,remove colorama,False,1,test_utils.py,tests/test_utils.py,7,11,18,0,0
665736bc85a19a7a2357c071394b4a545617faa3,Kevin Deldycke,Kevin Deldycke,2026-05-23 05:30:13+00:00,2026-05-27T11:25:42+02:00,Mark commands as optional in the synopsis,False,1,test_commands.py,tests/test_commands.py,27,0,27,0,1
665736bc85a19a7a2357c071394b4a545617faa3,Kevin Deldycke,Kevin Deldycke,2026-05-23 05:30:13+00:00,2026-05-27T11:25:42+02:00,Mark commands as optional in the synopsis,False,1,core.py,src/click/core.py,8,1,9,0,1
665736bc85a19a7a2357c071394b4a545617faa3,Kevin Deldycke,Kevin Deldycke,2026-05-23 05:30:13+00:00,2026-05-27T11:25:42+02:00,Mark commands as optional in the synopsis,False,1,test_arguments.py,tests/test_arguments.py,26,0,26,0,0
c3535905c77a29afc84861b29d3ad366ce5451bd,Sitiyou,GitHub,2026-05-23 07:05:16+00:00,2026-05-23T09:05:16+02:00,Fix broken fish completion and multiline help string,False,1,test_shell_completion.py,tests/test_shell_completion.py,3,50,53,1,0
c3535905c77a29afc84861b29d3ad366ce5451bd,Sitiyou,GitHub,2026-05-23 07:05:16+00:00,2026-05-23T09:05:16+02:00,Fix broken fish completion and multiline help string,False,1,shell_completion.py,src/click/shell_completion.py,11,15,26,1,0
b7e5fd4cc7de70280eccd39f2bb956df617e5519,Sitiyou,Kevin Deldycke,2026-05-23 07:05:16+00:00,2026-05-23T09:13:25+02:00,Fix broken fish completion and multiline help string,False,1,shell_completion.py,src/click/shell_completion.py,11,15,26,1,1
b7e5fd4cc7de70280eccd39f2bb956df617e5519,Sitiyou,Kevin Deldycke,2026-05-23 07:05:16+00:00,2026-05-23T09:13:25+02:00,Fix broken fish completion and multiline help string,False,1,test_shell_completion.py,tests/test_shell_completion.py,3,50,53,1,1
ddf20d0673788ebe8ec28b6031a24a36cba92115,Kevin Deldycke,Kevin Deldycke,2026-05-23 07:43:12+00:00,2026-05-23T10:14:55+02:00,"Add changelog entry, fix admonition and add test",False,1,shell_completion.py,src/click/shell_completion.py,3,3,6,1,0
ddf20d0673788ebe8ec28b6031a24a36cba92115,Kevin Deldycke,Kevin Deldycke,2026-05-23 07:43:12+00:00,2026-05-23T10:14:55+02:00,"Add changelog entry, fix admonition and add test",False,1,test_shell_completion.py,tests/test_shell_completion.py,9,0,9,1,0
c2ed41490baa08002714ab79afa4a41f2d67c02c,Kevin Deldycke,Kevin Deldycke,2026-05-23 12:28:49+00:00,2026-07-20T14:16:06+02:00,Deprecate `isolated_filesystem` and document its limits,False,1,testing.py,src/click/testing.py,26,0,26,0,0
c2ed41490baa08002714ab79afa4a41f2d67c02c,Kevin Deldycke,Kevin Deldycke,2026-05-23 12:28:49+00:00,2026-07-20T14:16:06+02:00,Deprecate `isolated_filesystem` and document its limits,False,1,test_arguments.py,tests/test_arguments.py,16,19,35,0,0
c2ed41490baa08002714ab79afa4a41f2d67c02c,Kevin Deldycke,Kevin Deldycke,2026-05-23 12:28:49+00:00,2026-07-20T14:16:06+02:00,Deprecate `isolated_filesystem` and document its limits,False,1,test_basic.py,tests/test_basic.py,38,40,78,0,0
c2ed41490baa08002714ab79afa4a41f2d67c02c,Kevin Deldycke,Kevin Deldycke,2026-05-23 12:28:49+00:00,2026-07-20T14:16:06+02:00,Deprecate `isolated_filesystem` and document its limits,False,1,test_deprecations.py,tests/test_deprecations.py,6,0,6,0,0
c2ed41490baa08002714ab79afa4a41f2d67c02c,Kevin Deldycke,Kevin Deldycke,2026-05-23 12:28:49+00:00,2026-07-20T14:16:06+02:00,Deprecate `isolated_filesystem` and document its limits,False,1,test_shell_completion.py,tests/test_shell_completion.py,20,21,41,0,0
c2ed41490baa08002714ab79afa4a41f2d67c02c,Kevin Deldycke,Kevin Deldycke,2026-05-23 12:28:49+00:00,2026-07-20T14:16:06+02:00,Deprecate `isolated_filesystem` and document its limits,False,1,test_testing.py,tests/test_testing.py,79,0,79,0,0
c2ed41490baa08002714ab79afa4a41f2d67c02c,Kevin Deldycke,Kevin Deldycke,2026-05-23 12:28:49+00:00,2026-07-20T14:16:06+02:00,Deprecate `isolated_filesystem` and document its limits,False,1,test_open_file.py,tests/test_utils/test_open_file.py,52,57,109,0,0
fbdd434028fe07ecf35084c945b43b938dfd639f,Kevin Deldycke,Kevin Deldycke,2026-05-23 12:28:49+00:00,2026-07-17T22:38:26+02:00,Deprecate `isolated_filesystem` and document its limits,False,1,testing.py,src/click/testing.py,26,0,26,0,0
fbdd434028fe07ecf35084c945b43b938dfd639f,Kevin Deldycke,Kevin Deldycke,2026-05-23 12:28:49+00:00,2026-07-17T22:38:26+02:00,Deprecate `isolated_filesystem` and document its limits,False,1,test_arguments.py,tests/test_arguments.py,16,19,35,0,0
fbdd434028fe07ecf35084c945b43b938dfd639f,Kevin Deldycke,Kevin Deldycke,2026-05-23 12:28:49+00:00,2026-07-17T22:38:26+02:00,Deprecate `isolated_filesystem` and document its limits,False,1,test_basic.py,tests/test_basic.py,38,40,78,0,0
fbdd434028fe07ecf35084c945b43b938dfd639f,Kevin Deldycke,Kevin Deldycke,2026-05-23 12:28:49+00:00,2026-07-17T22:38:26+02:00,Deprecate `isolated_filesystem` and document its limits,False,1,test_shell_completion.py,tests/test_shell_completion.py,20,21,41,0,0
fbdd434028fe07ecf35084c945b43b938dfd639f,Kevin Deldycke,Kevin Deldycke,2026-05-23 12:28:49+00:00,2026-07-17T22:38:26+02:00,Deprecate `isolated_filesystem` and document its limits,False,1,test_testing.py,tests/test_testing.py,86,0,86,0,0
fbdd434028fe07ecf35084c945b43b938dfd639f,Kevin Deldycke,Kevin Deldycke,2026-05-23 12:28:49+00:00,2026-07-17T22:38:26+02:00,Deprecate `isolated_filesystem` and document its limits,False,1,test_open_file.py,tests/test_utils/test_open_file.py,52,57,109,0,1
82f377c547e1867d073f02bb8f476214d07e245b,Kevin Deldycke,Kevin Deldycke,2026-05-23 13:52:07+00:00,2026-05-23T15:59:39+02:00,Fix deprecated label formatting,False,1,test_options.py,tests/test_options.py,14,0,14,1,0
82f377c547e1867d073f02bb8f476214d07e245b,Kevin Deldycke,Kevin Deldycke,2026-05-23 13:52:07+00:00,2026-05-23T15:59:39+02:00,Fix deprecated label formatting,False,1,test_commands.py,tests/test_commands.py,16,0,16,1,0
82f377c547e1867d073f02bb8f476214d07e245b,Kevin Deldycke,Kevin Deldycke,2026-05-23 13:52:07+00:00,2026-05-23T15:59:39+02:00,Fix deprecated label formatting,False,1,core.py,src/click/core.py,3,2,5,1,1
9f9ae4538cea5ff672f6da51b2df184a4cd4304c,Kevin Deldycke,Kevin Deldycke,2026-05-28 12:24:28+00:00,2026-05-28T14:24:28+02:00,Accept ZFS error-message for non-UTF-8 names,False,1,test_types.py,tests/test_types.py,15,6,21,1,0
9f9b149ea30287b4977b800a024ee68144b8c869,Kevin Deldycke,Kevin Deldycke,2026-05-29 09:26:36+00:00,2026-07-07T15:23:33+02:00,"Add `@custom_version_option`, freeze `@version_option`",False,1,__init__.py,src/click/__init__.py,1,0,1,0,0
9f9b149ea30287b4977b800a024ee68144b8c869,Kevin Deldycke,Kevin Deldycke,2026-05-29 09:26:36+00:00,2026-07-07T15:23:33+02:00,"Add `@custom_version_option`, freeze `@version_option`",False,1,test_basic.py,tests/test_basic.py,23,0,23,0,1
9f9b149ea30287b4977b800a024ee68144b8c869,Kevin Deldycke,Kevin Deldycke,2026-05-29 09:26:36+00:00,2026-07-07T15:23:33+02:00,"Add `@custom_version_option`, freeze `@version_option`",False,1,decorators.py,src/click/decorators.py,52,0,52,0,1
051bb0f30b545cf7426deef819811815297c2798,Kevin Deldycke,Kevin Deldycke,2026-05-29 13:30:33+00:00,2026-06-03T16:44:52+05:00,Do not let the GC close a borrowed `stdout`,False,1,_termui_impl.py,src/click/_termui_impl.py,40,27,67,0,0
051bb0f30b545cf7426deef819811815297c2798,Kevin Deldycke,Kevin Deldycke,2026-05-29 13:30:33+00:00,2026-06-03T16:44:52+05:00,Do not let the GC close a borrowed `stdout`,False,1,test_termui.py,tests/test_termui.py,56,0,56,0,0
051bb0f30b545cf7426deef819811815297c2798,Kevin Deldycke,Kevin Deldycke,2026-05-29 13:30:33+00:00,2026-06-03T16:44:52+05:00,Do not let the GC close a borrowed `stdout`,False,1,utils.py,src/click/utils.py,12,0,12,0,0
399919f740bfd26cb30d544877fafd03cfcd9091,Kevin Deldycke,Kevin Deldycke,2026-05-29 14:48:26+00:00,2026-05-29T16:51:37+02:00,Support incremental output in the pager,False,1,test_termui.py,tests/test_termui.py,38,0,38,0,0
399919f740bfd26cb30d544877fafd03cfcd9091,Kevin Deldycke,Kevin Deldycke,2026-05-29 14:48:26+00:00,2026-05-29T16:51:37+02:00,Support incremental output in the pager,False,1,termui.py,src/click/termui.py,4,0,4,0,0
762c97eef7c1b3779678992f26a553a2a8c80793,Kevin Deldycke,Kevin Deldycke,2026-06-10 13:26:48+00:00,2026-06-10T17:31:37+04:00,Fix double-bracketing of choices in synopsis,False,1,core.py,src/click/core.py,6,1,7,1,0
762c97eef7c1b3779678992f26a553a2a8c80793,Kevin Deldycke,Kevin Deldycke,2026-06-10 13:26:48+00:00,2026-06-10T17:31:37+04:00,Fix double-bracketing of choices in synopsis,False,1,test_basic.py,tests/test_basic.py,40,0,40,1,1
bec59289d8cf9b9b4010642b2fee483e5f8eeefc,Kevin Deldycke,Kevin Deldycke,2026-06-11 05:59:39+00:00,2026-06-14T08:53:53+04:00,Fix `package_name` resolution when top-level module differs from distribution name,False,1,decorators.py,src/click/decorators.py,30,6,36,1,0
bec59289d8cf9b9b4010642b2fee483e5f8eeefc,Kevin Deldycke,Kevin Deldycke,2026-06-11 05:59:39+00:00,2026-06-14T08:53:53+04:00,Fix `package_name` resolution when top-level module differs from distribution name,False,1,test_basic.py,tests/test_basic.py,79,0,79,1,0
1557e265222c431b1e4d6c4dd6754006ed10dc02,Kevin Deldycke,Kevin Deldycke,2026-06-13 02:53:52+00:00,2026-06-13T06:53:52+04:00,Check for warning exception with idiomatic context manager,False,1,test_options.py,tests/test_options.py,2,4,6,0,0
748a34d01e0f4f2e5f75e293c1dd8480b16c2068,Vizonex,Vizonex,2026-06-23 03:30:42+00:00,2026-06-22T22:30:42-05:00,optimize split_arg_string with extend(...) instead of a for loop system.,False,1,shell_completion.py,src/click/shell_completion.py,1,2,3,0,0
c4a6b57bb8a79556ceb6a91b1e756bbaf896ffae,Vizonex,Vizonex,2026-06-23 03:35:59+00:00,2026-06-22T22:35:59-05:00,type-hint out varibale,False,1,shell_completion.py,src/click/shell_completion.py,1,1,2,0,0
27b3ee2633f80aeb04d6e15c2fb3c91542efa32b,Zhihua Lai,Zhihua Lai,2026-06-26 10:32:04+00:00,2026-06-26T11:32:04+01:00,Add built-in PowerShell shell completion support,False,1,test_shell_completion.py,tests/test_shell_completion.py,31,0,31,0,0
27b3ee2633f80aeb04d6e15c2fb3c91542efa32b,Zhihua Lai,Zhihua Lai,2026-06-26 10:32:04+00:00,2026-06-26T11:32:04+01:00,Add built-in PowerShell shell completion support,False,1,shell_completion.py,src/click/shell_completion.py,95,0,95,0,1
1ac08db953684e10ed97adbbda81381efd82ce09,Zhihua Lai,Zhihua Lai,2026-06-26 10:36:56+00:00,2026-06-26T11:36:56+01:00,Fix ruff E501 line-too-long in PowerShell template,False,1,shell_completion.py,src/click/shell_completion.py,5,3,8,1,0
6f85d26dcd50c1745e81040ed4f2b61f8bf293cf,Kevin Deldycke,Kevin Deldycke,2026-06-27 08:47:47+00:00,2026-06-27T12:47:47+04:00,Do not trigger a `BytesWarning` under `python -bb`,False,1,types.py,src/click/types.py,2,1,3,0,0
6f85d26dcd50c1745e81040ed4f2b61f8bf293cf,Kevin Deldycke,Kevin Deldycke,2026-06-27 08:47:47+00:00,2026-06-27T12:47:47+04:00,Do not trigger a `BytesWarning` under `python -bb`,False,1,test_types.py,tests/test_types.py,25,0,25,0,0
93ba0075f4881b858b61f89a753c7c10e330027e,Kevin Deldycke,Kevin Deldycke,2026-06-30 16:26:47+00:00,2026-07-01T09:18:55+04:00,Strip ANSI from `confirm()` and `prompt()` when the stream don't support them,False,1,termui.py,src/click/termui.py,14,0,14,0,0
93ba0075f4881b858b61f89a753c7c10e330027e,Kevin Deldycke,Kevin Deldycke,2026-06-30 16:26:47+00:00,2026-07-01T09:18:55+04:00,Strip ANSI from `confirm()` and `prompt()` when the stream don't support them,False,1,test_termui.py,tests/test_termui.py,50,0,50,0,0
71f2bafa541e7f798834e74076786ff4281ac83e,Kevin Deldycke,Kevin Deldycke,2026-07-01 03:46:38+00:00,2026-07-09T16:00:50+02:00,Strip all ANSI sequences,False,1,test_compat.py,tests/test_compat.py,215,0,215,0,0
71f2bafa541e7f798834e74076786ff4281ac83e,Kevin Deldycke,Kevin Deldycke,2026-07-01 03:46:38+00:00,2026-07-09T16:00:50+02:00,Strip all ANSI sequences,False,1,test_formatting.py,tests/test_formatting.py,16,0,16,0,0
71f2bafa541e7f798834e74076786ff4281ac83e,Kevin Deldycke,Kevin Deldycke,2026-07-01 03:46:38+00:00,2026-07-09T16:00:50+02:00,Strip all ANSI sequences,False,1,test_style.py,tests/test_utils/test_style.py,16,1,17,0,1
71f2bafa541e7f798834e74076786ff4281ac83e,Kevin Deldycke,Kevin Deldycke,2026-07-01 03:46:38+00:00,2026-07-09T16:00:50+02:00,Strip all ANSI sequences,False,1,_compat.py,src/click/_compat.py,5,1,6,0,0
30749b45c50f4811a3487fc9d11da2b7afc6007f,Colin Watson,Colin Watson,2026-07-01 09:16:42+00:00,2026-07-01T10:18:34+01:00,Don't parameterize tests using non-Collection iterables,False,1,test_basic.py,tests/test_basic.py,4,5,9,0,0
3495fba163dd61dea837cd557095df6c21515ac8,Kevin Deldycke,Kevin Deldycke,2026-07-07 13:40:56+00:00,2026-07-09T14:04:00+02:00,Warn when an argument name collide with other parameters,False,1,core.py,src/click/core.py,44,2,46,0,0
3495fba163dd61dea837cd557095df6c21515ac8,Kevin Deldycke,Kevin Deldycke,2026-07-07 13:40:56+00:00,2026-07-09T14:04:00+02:00,Warn when an argument name collide with other parameters,False,1,test_basic.py,tests/test_basic.py,82,0,82,0,0
3495fba163dd61dea837cd557095df6c21515ac8,Kevin Deldycke,Kevin Deldycke,2026-07-07 13:40:56+00:00,2026-07-09T14:04:00+02:00,Warn when an argument name collide with other parameters,False,1,test_info_dict.py,tests/test_info_dict.py,1,1,2,0,0
3495fba163dd61dea837cd557095df6c21515ac8,Kevin Deldycke,Kevin Deldycke,2026-07-07 13:40:56+00:00,2026-07-09T14:04:00+02:00,Warn when an argument name collide with other parameters,False,1,test_options.py,tests/test_options.py,36,0,36,0,0
13f075c4bd2d1343eaac528994165750671da351,Kevin Deldycke,Kevin Deldycke,2026-07-08 04:41:55+00:00,2026-07-08T06:49:09+02:00,Update documentation following Colorama removal,False,1,termui.py,src/click/termui.py,2,2,4,0,1
13f075c4bd2d1343eaac528994165750671da351,Kevin Deldycke,Kevin Deldycke,2026-07-08 04:41:55+00:00,2026-07-08T06:49:09+02:00,Update documentation following Colorama removal,False,1,utils.py,src/click/utils.py,0,1,1,0,0
a391797d00d2ef32ebc4fb0034462a2ec5e6d3d4,Edward G,Edward G,2026-07-08 05:25:43+00:00,2026-07-07T22:25:43-07:00,Make test echo file.,False,1,__init__.py,tests/test_utils_2/__init__.py,0,0,0,0,1
a391797d00d2ef32ebc4fb0034462a2ec5e6d3d4,Edward G,Edward G,2026-07-08 05:25:43+00:00,2026-07-07T22:25:43-07:00,Make test echo file.,False,1,test_echo.py,tests/test_utils_2/test_echo.py,176,0,176,0,1
a391797d00d2ef32ebc4fb0034462a2ec5e6d3d4,Edward G,Edward G,2026-07-08 05:25:43+00:00,2026-07-07T22:25:43-07:00,Make test echo file.,False,1,test_echo_via_pager.py,tests/test_utils_2/test_echo_via_pager.py,259,0,259,0,1
a391797d00d2ef32ebc4fb0034462a2ec5e6d3d4,Edward G,Edward G,2026-07-08 05:25:43+00:00,2026-07-07T22:25:43-07:00,Make test echo file.,False,1,test_utils.py,tests/test_utils.py,0,430,430,0,0
182944f90a0103b87570dbc5a55eff873ca9a4c2,Edward G,Edward G,2026-07-08 05:29:39+00:00,2026-07-07T22:29:39-07:00,"Make confirm, prompt, style files.",False,1,test_prompt.py,tests/test_utils_2/test_prompt.py,11,0,11,0,0
182944f90a0103b87570dbc5a55eff873ca9a4c2,Edward G,Edward G,2026-07-08 05:29:39+00:00,2026-07-07T22:29:39-07:00,"Make confirm, prompt, style files.",False,1,test_utils.py,tests/test_utils.py,0,90,90,0,0
182944f90a0103b87570dbc5a55eff873ca9a4c2,Edward G,Edward G,2026-07-08 05:29:39+00:00,2026-07-07T22:29:39-07:00,"Make confirm, prompt, style files.",False,1,test_confirm.py,tests/test_utils_2/test_confirm.py,49,0,49,0,1
182944f90a0103b87570dbc5a55eff873ca9a4c2,Edward G,Edward G,2026-07-08 05:29:39+00:00,2026-07-07T22:29:39-07:00,"Make confirm, prompt, style files.",False,1,test_style.py,tests/test_utils_2/test_style.py,53,0,53,0,1
1103c5cac2a9336dad3b4b5ce1a25a0bcff49ec0,Edward G,Edward G,2026-07-08 05:33:38+00:00,2026-07-07T22:33:38-07:00,Move move test to prompt file.,False,1,test_utils.py,tests/test_utils.py,0,68,68,0,0
1103c5cac2a9336dad3b4b5ce1a25a0bcff49ec0,Edward G,Edward G,2026-07-08 05:33:38+00:00,2026-07-07T22:33:38-07:00,Move move test to prompt file.,False,1,test_prompt.py,tests/test_utils_2/test_prompt.py,63,0,63,0,1
18400b2495347c684c8182f775b4aaec0838cc0e,Edward G,Edward G,2026-07-08 05:37:17+00:00,2026-07-07T22:37:17-07:00,Add format_filename and sentinel files.,False,1,test_utils.py,tests/test_utils.py,0,59,59,0,0
18400b2495347c684c8182f775b4aaec0838cc0e,Edward G,Edward G,2026-07-08 05:37:17+00:00,2026-07-07T22:37:17-07:00,Add format_filename and sentinel files.,False,1,test_format_filename.py,tests/test_utils_2/test_format_filename.py,9,0,9,0,1
18400b2495347c684c8182f775b4aaec0838cc0e,Edward G,Edward G,2026-07-08 05:37:17+00:00,2026-07-07T22:37:17-07:00,Add format_filename and sentinel files.,False,1,test_sentinel.py,tests/test_utils_2/test_sentinel.py,52,0,52,0,1
700798252a509ca57bc7a12f7aa7fd67f9f8fd25,Edward G,Edward G,2026-07-08 05:46:21+00:00,2026-07-07T22:46:21-07:00,"Add KeepOpenFile, LazyFile and open_file files.",False,1,test_open_file.py,tests/test_utils_2/test_open_file.py,122,0,122,0,1
700798252a509ca57bc7a12f7aa7fd67f9f8fd25,Edward G,Edward G,2026-07-08 05:46:21+00:00,2026-07-07T22:46:21-07:00,"Add KeepOpenFile, LazyFile and open_file files.",False,1,test_LazyFile.py,tests/test_utils_2/test_LazyFile.py,11,0,11,0,1
700798252a509ca57bc7a12f7aa7fd67f9f8fd25,Edward G,Edward G,2026-07-08 05:46:21+00:00,2026-07-07T22:46:21-07:00,"Add KeepOpenFile, LazyFile and open_file files.",False,1,test_KeepOpenFile.py,tests/test_utils_2/test_KeepOpenFile.py,10,0,10,0,1
700798252a509ca57bc7a12f7aa7fd67f9f8fd25,Edward G,Edward G,2026-07-08 05:46:21+00:00,2026-07-07T22:46:21-07:00,"Add KeepOpenFile, LazyFile and open_file files.",False,1,test_utils.py,tests/test_utils.py,0,135,135,0,1
47cc96fb1fcaca88f55c1937afc50ba518d0ca8a,Edward G,Edward G,2026-07-08 05:52:43+00:00,2026-07-07T22:52:43-07:00,"Add files for _detect_program_name, _expand_args, and make_default_short_help.",False,1,test_open_file.py,tests/test_utils_2/test_open_file.py,0,122,122,1,0
47cc96fb1fcaca88f55c1937afc50ba518d0ca8a,Edward G,Edward G,2026-07-08 05:52:43+00:00,2026-07-07T22:52:43-07:00,"Add files for _detect_program_name, _expand_args, and make_default_short_help.",False,1,test_prompt.py,tests/test_utils_2/test_prompt.py,0,74,74,1,0
47cc96fb1fcaca88f55c1937afc50ba518d0ca8a,Edward G,Edward G,2026-07-08 05:52:43+00:00,2026-07-07T22:52:43-07:00,"Add files for _detect_program_name, _expand_args, and make_default_short_help.",False,1,test_style.py,tests/test_utils/test_style.py,53,0,53,1,1
47cc96fb1fcaca88f55c1937afc50ba518d0ca8a,Edward G,Edward G,2026-07-08 05:52:43+00:00,2026-07-07T22:52:43-07:00,"Add files for _detect_program_name, _expand_args, and make_default_short_help.",False,1,test_echo_via_pager.py,tests/test_utils_2/test_echo_via_pager.py,0,259,259,1,0
47cc96fb1fcaca88f55c1937afc50ba518d0ca8a,Edward G,Edward G,2026-07-08 05:52:43+00:00,2026-07-07T22:52:43-07:00,"Add files for _detect_program_name, _expand_args, and make_default_short_help.",False,1,__init__.py,tests/test_utils_2/__init__.py,0,0,0,1,0
47cc96fb1fcaca88f55c1937afc50ba518d0ca8a,Edward G,Edward G,2026-07-08 05:52:43+00:00,2026-07-07T22:52:43-07:00,"Add files for _detect_program_name, _expand_args, and make_default_short_help.",False,1,test_style.py,tests/test_utils_2/test_style.py,0,53,53,1,0
47cc96fb1fcaca88f55c1937afc50ba518d0ca8a,Edward G,Edward G,2026-07-08 05:52:43+00:00,2026-07-07T22:52:43-07:00,"Add files for _detect_program_name, _expand_args, and make_default_short_help.",False,1,test_sentinel.py,tests/test_utils_2/test_sentinel.py,0,52,52,1,0
47cc96fb1fcaca88f55c1937afc50ba518d0ca8a,Edward G,Edward G,2026-07-08 05:52:43+00:00,2026-07-07T22:52:43-07:00,"Add files for _detect_program_name, _expand_args, and make_default_short_help.",False,1,test_echo.py,tests/test_utils_2/test_echo.py,0,176,176,1,0
47cc96fb1fcaca88f55c1937afc50ba518d0ca8a,Edward G,Edward G,2026-07-08 05:52:43+00:00,2026-07-07T22:52:43-07:00,"Add files for _detect_program_name, _expand_args, and make_default_short_help.",False,1,test_format_filename.py,tests/test_utils_2/test_format_filename.py,0,9,9,1,0
47cc96fb1fcaca88f55c1937afc50ba518d0ca8a,Edward G,Edward G,2026-07-08 05:52:43+00:00,2026-07-07T22:52:43-07:00,"Add files for _detect_program_name, _expand_args, and make_default_short_help.",False,1,test_LazyFile.py,tests/test_utils_2/test_LazyFile.py,0,11,11,1,0
47cc96fb1fcaca88f55c1937afc50ba518d0ca8a,Edward G,Edward G,2026-07-08 05:52:43+00:00,2026-07-07T22:52:43-07:00,"Add files for _detect_program_name, _expand_args, and make_default_short_help.",False,1,test_sentinel.py,tests/test_utils/test_sentinel.py,52,0,52,1,0
47cc96fb1fcaca88f55c1937afc50ba518d0ca8a,Edward G,Edward G,2026-07-08 05:52:43+00:00,2026-07-07T22:52:43-07:00,"Add files for _detect_program_name, _expand_args, and make_default_short_help.",False,1,test_prompt.py,tests/test_utils/test_prompt.py,74,0,74,1,0
47cc96fb1fcaca88f55c1937afc50ba518d0ca8a,Edward G,Edward G,2026-07-08 05:52:43+00:00,2026-07-07T22:52:43-07:00,"Add files for _detect_program_name, _expand_args, and make_default_short_help.",False,1,test_open_file.py,tests/test_utils/test_open_file.py,122,0,122,1,0
47cc96fb1fcaca88f55c1937afc50ba518d0ca8a,Edward G,Edward G,2026-07-08 05:52:43+00:00,2026-07-07T22:52:43-07:00,"Add files for _detect_program_name, _expand_args, and make_default_short_help.",False,1,test_make_default_short_help.py,tests/test_utils/test_make_default_short_help.py,39,0,39,1,0
47cc96fb1fcaca88f55c1937afc50ba518d0ca8a,Edward G,Edward G,2026-07-08 05:52:43+00:00,2026-07-07T22:52:43-07:00,"Add files for _detect_program_name, _expand_args, and make_default_short_help.",False,1,test_format_filename.py,tests/test_utils/test_format_filename.py,9,0,9,1,0
47cc96fb1fcaca88f55c1937afc50ba518d0ca8a,Edward G,Edward G,2026-07-08 05:52:43+00:00,2026-07-07T22:52:43-07:00,"Add files for _detect_program_name, _expand_args, and make_default_short_help.",False,1,test_echo_via_pager.py,tests/test_utils/test_echo_via_pager.py,259,0,259,1,0
47cc96fb1fcaca88f55c1937afc50ba518d0ca8a,Edward G,Edward G,2026-07-08 05:52:43+00:00,2026-07-07T22:52:43-07:00,"Add files for _detect_program_name, _expand_args, and make_default_short_help.",False,1,test_echo.py,tests/test_utils/test_echo.py,176,0,176,1,0
47cc96fb1fcaca88f55c1937afc50ba518d0ca8a,Edward G,Edward G,2026-07-08 05:52:43+00:00,2026-07-07T22:52:43-07:00,"Add files for _detect_program_name, _expand_args, and make_default_short_help.",False,1,test_confirm.py,tests/test_utils/test_confirm.py,49,0,49,1,0
47cc96fb1fcaca88f55c1937afc50ba518d0ca8a,Edward G,Edward G,2026-07-08 05:52:43+00:00,2026-07-07T22:52:43-07:00,"Add files for _detect_program_name, _expand_args, and make_default_short_help.",False,1,test_confirm.py,tests/test_utils_2/test_confirm.py,0,49,49,1,0
47cc96fb1fcaca88f55c1937afc50ba518d0ca8a,Edward G,Edward G,2026-07-08 05:52:43+00:00,2026-07-07T22:52:43-07:00,"Add files for _detect_program_name, _expand_args, and make_default_short_help.",False,1,test__detect_program_name.py,tests/test_utils/test__detect_program_name.py,27,0,27,1,0
47cc96fb1fcaca88f55c1937afc50ba518d0ca8a,Edward G,Edward G,2026-07-08 05:52:43+00:00,2026-07-07T22:52:43-07:00,"Add files for _detect_program_name, _expand_args, and make_default_short_help.",False,1,test__expand_args.py,tests/test_utils/test__expand_args.py,17,0,17,1,0
47cc96fb1fcaca88f55c1937afc50ba518d0ca8a,Edward G,Edward G,2026-07-08 05:52:43+00:00,2026-07-07T22:52:43-07:00,"Add files for _detect_program_name, _expand_args, and make_default_short_help.",False,1,test_KeepOpenFile.py,tests/test_utils/test_KeepOpenFile.py,10,0,10,1,0
47cc96fb1fcaca88f55c1937afc50ba518d0ca8a,Edward G,Edward G,2026-07-08 05:52:43+00:00,2026-07-07T22:52:43-07:00,"Add files for _detect_program_name, _expand_args, and make_default_short_help.",False,1,__init__.py,tests/test_utils/__init__.py,0,0,0,1,0
47cc96fb1fcaca88f55c1937afc50ba518d0ca8a,Edward G,Edward G,2026-07-08 05:52:43+00:00,2026-07-07T22:52:43-07:00,"Add files for _detect_program_name, _expand_args, and make_default_short_help.",False,1,test_utils.py,tests/test_utils.py,0,79,79,1,0
47cc96fb1fcaca88f55c1937afc50ba518d0ca8a,Edward G,Edward G,2026-07-08 05:52:43+00:00,2026-07-07T22:52:43-07:00,"Add files for _detect_program_name, _expand_args, and make_default_short_help.",False,1,test_KeepOpenFile.py,tests/test_utils_2/test_KeepOpenFile.py,0,10,10,1,0
47cc96fb1fcaca88f55c1937afc50ba518d0ca8a,Edward G,Edward G,2026-07-08 05:52:43+00:00,2026-07-07T22:52:43-07:00,"Add files for _detect_program_name, _expand_args, and make_default_short_help.",False,1,test_LazyFile.py,tests/test_utils/test_LazyFile.py,11,0,11,1,0
c52f43c8ba734545b222af36ac35d87579031870,Kevin Deldycke,Kevin Deldycke,2026-07-08 10:38:14+00:00,2026-07-08T12:38:14+02:00,Restore `test_echo_color_flag` from #3505 that was lost in #3674 merge,False,1,test_echo.py,tests/test_utils/test_echo.py,7,11,18,0,0
07c909f23f0f83b5ca137c167b9a134d66201f67,Kevin Deldycke,Kevin Deldycke,2026-07-08 11:20:37+00:00,2026-07-08T16:46:39+02:00,"Validate style() color arguments, fix explicit black color argument",False,1,test_style.py,tests/test_utils/test_style.py,59,0,59,1,0
07c909f23f0f83b5ca137c167b9a134d66201f67,Kevin Deldycke,Kevin Deldycke,2026-07-08 11:20:37+00:00,2026-07-08T16:46:39+02:00,"Validate style() color arguments, fix explicit black color argument",False,1,termui.py,src/click/termui.py,27,15,42,1,0
0585f456baa6eeb2edbaab7c85fa796a004aef86,Andreas Backx,Kevin Deldycke,2026-07-16 05:23:28+00:00,2026-07-22T22:29:17+04:00,`click.prompt` typing clarifications / improvements,False,1,termui.py,src/click/termui.py,58,22,80,0,0
0585f456baa6eeb2edbaab7c85fa796a004aef86,Andreas Backx,Kevin Deldycke,2026-07-16 05:23:28+00:00,2026-07-22T22:29:17+04:00,`click.prompt` typing clarifications / improvements,False,1,test_imports.py,tests/test_imports.py,2,0,2,0,0
0585f456baa6eeb2edbaab7c85fa796a004aef86,Andreas Backx,Kevin Deldycke,2026-07-16 05:23:28+00:00,2026-07-22T22:29:17+04:00,`click.prompt` typing clarifications / improvements,False,1,types.py,src/click/types.py,31,3,34,0,0
3b16957cba718a6d77ef680114de8e0830c436ba,Kevin Deldycke,Kevin Deldycke,2026-07-16 05:57:57+00:00,2026-07-22T22:30:27+04:00,Make `prompt`/`ParamType` typing work without runtime `typing_extensions`,False,1,test_prompt.py,tests/test_utils/test_prompt.py,26,0,26,0,0
3b16957cba718a6d77ef680114de8e0830c436ba,Kevin Deldycke,Kevin Deldycke,2026-07-16 05:57:57+00:00,2026-07-22T22:30:27+04:00,Make `prompt`/`ParamType` typing work without runtime `typing_extensions`,False,1,test_types.py,tests/test_types.py,22,0,22,0,0
3b16957cba718a6d77ef680114de8e0830c436ba,Kevin Deldycke,Kevin Deldycke,2026-07-16 05:57:57+00:00,2026-07-22T22:30:27+04:00,Make `prompt`/`ParamType` typing work without runtime `typing_extensions`,False,1,test_imports.py,tests/test_imports.py,0,2,2,0,0
3b16957cba718a6d77ef680114de8e0830c436ba,Kevin Deldycke,Kevin Deldycke,2026-07-16 05:57:57+00:00,2026-07-22T22:30:27+04:00,Make `prompt`/`ParamType` typing work without runtime `typing_extensions`,False,1,types.py,src/click/types.py,26,7,33,0,0
3b16957cba718a6d77ef680114de8e0830c436ba,Kevin Deldycke,Kevin Deldycke,2026-07-16 05:57:57+00:00,2026-07-22T22:30:27+04:00,Make `prompt`/`ParamType` typing work without runtime `typing_extensions`,False,1,typing_prompt.py,tests/typing/typing_prompt.py,50,0,50,0,0
3b16957cba718a6d77ef680114de8e0830c436ba,Kevin Deldycke,Kevin Deldycke,2026-07-16 05:57:57+00:00,2026-07-22T22:30:27+04:00,Make `prompt`/`ParamType` typing work without runtime `typing_extensions`,False,1,termui.py,src/click/termui.py,45,38,83,0,0
7a0a3447f6ddd2c15438c5d098e289323f9f9556,Eddie Girling,Eddie Girling,2026-07-16 22:50:06+00:00,2026-07-16T15:50:06-07:00,Mark clearly functions private status. Deprecated Python 2 utilities.,False,1,__init__.py,src/click/__init__.py,20,3,23,0,0
7a0a3447f6ddd2c15438c5d098e289323f9f9556,Eddie Girling,Eddie Girling,2026-07-16 22:50:06+00:00,2026-07-16T15:50:06-07:00,Mark clearly functions private status. Deprecated Python 2 utilities.,False,1,_termui_impl.py,src/click/_termui_impl.py,3,3,6,0,0
7a0a3447f6ddd2c15438c5d098e289323f9f9556,Eddie Girling,Eddie Girling,2026-07-16 22:50:06+00:00,2026-07-16T15:50:06-07:00,Mark clearly functions private status. Deprecated Python 2 utilities.,False,1,core.py,src/click/core.py,5,5,10,0,0
7a0a3447f6ddd2c15438c5d098e289323f9f9556,Eddie Girling,Eddie Girling,2026-07-16 22:50:06+00:00,2026-07-16T15:50:06-07:00,Mark clearly functions private status. Deprecated Python 2 utilities.,False,1,termui.py,src/click/termui.py,2,2,4,0,0
7a0a3447f6ddd2c15438c5d098e289323f9f9556,Eddie Girling,Eddie Girling,2026-07-16 22:50:06+00:00,2026-07-16T15:50:06-07:00,Mark clearly functions private status. Deprecated Python 2 utilities.,False,1,types.py,src/click/types.py,5,5,10,0,0
7a0a3447f6ddd2c15438c5d098e289323f9f9556,Eddie Girling,Eddie Girling,2026-07-16 22:50:06+00:00,2026-07-16T15:50:06-07:00,Mark clearly functions private status. Deprecated Python 2 utilities.,False,1,test_testing.py,tests/test_testing.py,7,6,13,0,0
7a0a3447f6ddd2c15438c5d098e289323f9f9556,Eddie Girling,Eddie Girling,2026-07-16 22:50:06+00:00,2026-07-16T15:50:06-07:00,Mark clearly functions private status. Deprecated Python 2 utilities.,False,1,test_KeepOpenFile.py,tests/test_utils/test_KeepOpenFile.py,1,1,2,0,0
7a0a3447f6ddd2c15438c5d098e289323f9f9556,Eddie Girling,Eddie Girling,2026-07-16 22:50:06+00:00,2026-07-16T15:50:06-07:00,Mark clearly functions private status. Deprecated Python 2 utilities.,False,1,test_LazyFile.py,tests/test_utils/test_LazyFile.py,1,1,2,0,0
7a0a3447f6ddd2c15438c5d098e289323f9f9556,Eddie Girling,Eddie Girling,2026-07-16 22:50:06+00:00,2026-07-16T15:50:06-07:00,Mark clearly functions private status. Deprecated Python 2 utilities.,False,1,test_make_default_short_help.py,tests/test_utils/test_make_default_short_help.py,1,1,2,0,0
7a0a3447f6ddd2c15438c5d098e289323f9f9556,Eddie Girling,Eddie Girling,2026-07-16 22:50:06+00:00,2026-07-16T15:50:06-07:00,Mark clearly functions private status. Deprecated Python 2 utilities.,False,1,utils.py,src/click/utils.py,56,13,69,0,0
0f4738df88e3ea47c40a4a442103596a61cfee79,Kevin Deldycke,Kevin Deldycke,2026-07-17 09:33:21+00:00,2026-07-24T23:11:27+04:00,Fix docs and changelog,False,1,utils.py,src/click/utils.py,1,1,2,0,0
0f4738df88e3ea47c40a4a442103596a61cfee79,Kevin Deldycke,Kevin Deldycke,2026-07-17 09:33:21+00:00,2026-07-24T23:11:27+04:00,Fix docs and changelog,False,1,termui.py,src/click/termui.py,2,2,4,0,0
0f4738df88e3ea47c40a4a442103596a61cfee79,Kevin Deldycke,Kevin Deldycke,2026-07-17 09:33:21+00:00,2026-07-24T23:11:27+04:00,Fix docs and changelog,False,1,shell_completion.py,src/click/shell_completion.py,2,2,4,0,0
0f4738df88e3ea47c40a4a442103596a61cfee79,Kevin Deldycke,Kevin Deldycke,2026-07-17 09:33:21+00:00,2026-07-24T23:11:27+04:00,Fix docs and changelog,False,1,core.py,src/click/core.py,1,1,2,0,0
0f4738df88e3ea47c40a4a442103596a61cfee79,Kevin Deldycke,Kevin Deldycke,2026-07-17 09:33:21+00:00,2026-07-24T23:11:27+04:00,Fix docs and changelog,False,1,_compat.py,src/click/_compat.py,1,1,2,0,0
051725fa7e0c69effc9107066d8791c5b99242c3,Eddie Girling,Eddie Girling,2026-07-17 19:21:15+00:00,2026-07-17T12:21:15-07:00,Add tests to deprecations. Better deprecate streams.,False,1,__init__.py,src/click/__init__.py,4,4,8,0,0
051725fa7e0c69effc9107066d8791c5b99242c3,Eddie Girling,Eddie Girling,2026-07-17 19:21:15+00:00,2026-07-17T12:21:15-07:00,Add tests to deprecations. Better deprecate streams.,False,1,utils.py,src/click/utils.py,11,12,23,0,0
051725fa7e0c69effc9107066d8791c5b99242c3,Eddie Girling,Eddie Girling,2026-07-17 19:21:15+00:00,2026-07-17T12:21:15-07:00,Add tests to deprecations. Better deprecate streams.,False,1,test_deprecations.py,tests/test_deprecations.py,25,0,25,0,0
051725fa7e0c69effc9107066d8791c5b99242c3,Eddie Girling,Eddie Girling,2026-07-17 19:21:15+00:00,2026-07-17T12:21:15-07:00,Add tests to deprecations. Better deprecate streams.,False,1,test_testing.py,tests/test_testing.py,7,7,14,0,0
8ee83ddbf5a7a4c2eac5308c9599c5ee67ee005e,Kevin Deldycke,Kevin Deldycke,2026-07-17 21:32:37+00:00,2026-07-17T23:32:37+02:00,"Revert ""Deprecate `isolated_filesystem` and document its limits""",False,1,test_arguments.py,tests/test_arguments.py,19,16,35,0,0
8ee83ddbf5a7a4c2eac5308c9599c5ee67ee005e,Kevin Deldycke,Kevin Deldycke,2026-07-17 21:32:37+00:00,2026-07-17T23:32:37+02:00,"Revert ""Deprecate `isolated_filesystem` and document its limits""",False,1,test_basic.py,tests/test_basic.py,40,38,78,0,0
8ee83ddbf5a7a4c2eac5308c9599c5ee67ee005e,Kevin Deldycke,Kevin Deldycke,2026-07-17 21:32:37+00:00,2026-07-17T23:32:37+02:00,"Revert ""Deprecate `isolated_filesystem` and document its limits""",False,1,test_shell_completion.py,tests/test_shell_completion.py,21,20,41,0,0
8ee83ddbf5a7a4c2eac5308c9599c5ee67ee005e,Kevin Deldycke,Kevin Deldycke,2026-07-17 21:32:37+00:00,2026-07-17T23:32:37+02:00,"Revert ""Deprecate `isolated_filesystem` and document its limits""",False,1,test_testing.py,tests/test_testing.py,0,86,86,0,0
8ee83ddbf5a7a4c2eac5308c9599c5ee67ee005e,Kevin Deldycke,Kevin Deldycke,2026-07-17 21:32:37+00:00,2026-07-17T23:32:37+02:00,"Revert ""Deprecate `isolated_filesystem` and document its limits""",False,1,test_open_file.py,tests/test_utils/test_open_file.py,57,52,109,0,0
8ee83ddbf5a7a4c2eac5308c9599c5ee67ee005e,Kevin Deldycke,Kevin Deldycke,2026-07-17 21:32:37+00:00,2026-07-17T23:32:37+02:00,"Revert ""Deprecate `isolated_filesystem` and document its limits""",False,1,testing.py,src/click/testing.py,0,26,26,0,0
10b43c211b825181cb81ef383e8091fd41750150,Kevin Deldycke,Kevin Deldycke,2026-07-22 18:47:44+00:00,2026-07-22T22:55:29+04:00,Parametrize deprecation tests and check targets,False,1,test_deprecations.py,tests/test_deprecations.py,57,15,72,0,0
