commit_hash,author,committer,author_date,committer_date,msg,is_merge,parents_count,file,file_path,lines_added,lines_deleted,lines_changed,is_bug_fix,is_buggy
a75bc0ebcdd503cae11aeb5224a3f23587929c2b,Tom Christie,Tom Christie,2019-04-04 12:27:55+00:00,2019-04-04T13:27:55+01:00,Initial commit,False,0,setup.py,setup.py,63,0,63,0,0
a75bc0ebcdd503cae11aeb5224a3f23587929c2b,Tom Christie,Tom Christie,2019-04-04 12:27:55+00:00,2019-04-04T13:27:55+01:00,Initial commit,False,0,__init__.py,httpcore/__init__.py,1,0,1,0,0
a75bc0ebcdd503cae11aeb5224a3f23587929c2b,Tom Christie,Tom Christie,2019-04-04 12:27:55+00:00,2019-04-04T13:27:55+01:00,Initial commit,False,0,.gitignore,.gitignore,8,0,8,0,0
d8497d308e30d0805b8d1cafa77da603579480a1,Tom Christie,Tom Christie,2019-04-04 12:29:52+00:00,2019-04-04T13:29:52+01:00,Add scripts/publish,False,1,publish,scripts/publish,28,0,28,0,0
d12e5d49d09f87b318d7dd85a19b561b89123bbb,Tom Christie,Tom Christie,2019-04-04 12:30:46+00:00,2019-04-04T13:30:46+01:00,Add scripts/clean,False,1,clean,scripts/clean,14,0,14,0,0
30530d446d1ae2f0c3df9b25a67b919c2c00ba1a,Tom Christie,Tom Christie,2019-04-04 17:28:38+00:00,2019-04-04T18:28:38+01:00,Stuff,False,1,test_api.py,tests/test_api.py,96,0,96,0,0
30530d446d1ae2f0c3df9b25a67b919c2c00ba1a,Tom Christie,Tom Christie,2019-04-04 17:28:38+00:00,2019-04-04T18:28:38+01:00,Stuff,False,1,test,scripts/test,12,0,12,0,0
30530d446d1ae2f0c3df9b25a67b919c2c00ba1a,Tom Christie,Tom Christie,2019-04-04 17:28:38+00:00,2019-04-04T18:28:38+01:00,Stuff,False,1,lint,scripts/lint,15,0,15,0,0
30530d446d1ae2f0c3df9b25a67b919c2c00ba1a,Tom Christie,Tom Christie,2019-04-04 17:28:38+00:00,2019-04-04T18:28:38+01:00,Stuff,False,1,install,scripts/install,24,0,24,0,0
30530d446d1ae2f0c3df9b25a67b919c2c00ba1a,Tom Christie,Tom Christie,2019-04-04 17:28:38+00:00,2019-04-04T18:28:38+01:00,Stuff,False,1,exceptions.py,httpcore/exceptions.py,42,0,42,0,0
30530d446d1ae2f0c3df9b25a67b919c2c00ba1a,Tom Christie,Tom Christie,2019-04-04 17:28:38+00:00,2019-04-04T18:28:38+01:00,Stuff,False,1,config.py,httpcore/config.py,54,0,54,0,0
30530d446d1ae2f0c3df9b25a67b919c2c00ba1a,Tom Christie,Tom Christie,2019-04-04 17:28:38+00:00,2019-04-04T18:28:38+01:00,Stuff,False,1,api.py,httpcore/api.py,132,0,132,0,0
30530d446d1ae2f0c3df9b25a67b919c2c00ba1a,Tom Christie,Tom Christie,2019-04-04 17:28:38+00:00,2019-04-04T18:28:38+01:00,Stuff,False,1,__init__.py,httpcore/__init__.py,4,0,4,0,0
7bd9f32cf5fa3fa176b789cffe7e7114a3348b76,Tom Christie,Tom Christie,2019-04-04 17:46:12+00:00,2019-04-04T18:46:12+01:00,Version 0.0.2,False,1,__init__.py,httpcore/__init__.py,1,1,2,0,0
fcc1fe1233c5a47d65ba6d39619a16873efafc70,Tom Christie,Tom Christie,2019-04-05 16:16:12+00:00,2019-04-05T17:16:12+01:00,Decoder support,False,1,decoders.py,httpcore/decoders.py,41,0,41,0,0
fcc1fe1233c5a47d65ba6d39619a16873efafc70,Tom Christie,Tom Christie,2019-04-05 16:16:12+00:00,2019-04-05T17:16:12+01:00,Decoder support,False,1,api.py,httpcore/api.py,26,21,47,0,0
6a4376b202b339b384c728b6753f8f852b42cac8,Tom Christie,Tom Christie,2019-04-05 16:49:59+00:00,2019-04-05T17:49:59+01:00,Connections,False,1,test_responses.py,tests/test_responses.py,109,0,109,0,0
6a4376b202b339b384c728b6753f8f852b42cac8,Tom Christie,Tom Christie,2019-04-05 16:49:59+00:00,2019-04-05T17:49:59+01:00,Connections,False,1,test_api.py,tests/test_api.py,0,96,96,0,0
6a4376b202b339b384c728b6753f8f852b42cac8,Tom Christie,Tom Christie,2019-04-05 16:49:59+00:00,2019-04-05T17:49:59+01:00,Connections,False,1,models.py,httpcore/models.py,68,0,68,0,0
6a4376b202b339b384c728b6753f8f852b42cac8,Tom Christie,Tom Christie,2019-04-05 16:49:59+00:00,2019-04-05T17:49:59+01:00,Connections,False,1,connections.py,httpcore/connections.py,70,0,70,0,0
6a4376b202b339b384c728b6753f8f852b42cac8,Tom Christie,Tom Christie,2019-04-05 16:49:59+00:00,2019-04-05T17:49:59+01:00,Connections,False,1,api.py,httpcore/api.py,4,74,78,0,0
86263fa073aa97cc4f11026e9ca81bef12599f1b,Tom Christie,Tom Christie,2019-04-06 12:18:39+00:00,2019-04-06T13:18:39+01:00,Connections,False,1,connections.py,httpcore/connections.py,87,29,116,0,0
86263fa073aa97cc4f11026e9ca81bef12599f1b,Tom Christie,Tom Christie,2019-04-06 12:18:39+00:00,2019-04-06T13:18:39+01:00,Connections,False,1,api.py,httpcore/api.py,0,67,67,0,0
86263fa073aa97cc4f11026e9ca81bef12599f1b,Tom Christie,Tom Christie,2019-04-06 12:18:39+00:00,2019-04-06T13:18:39+01:00,Connections,False,1,config.py,httpcore/config.py,3,0,3,0,0
86263fa073aa97cc4f11026e9ca81bef12599f1b,Tom Christie,Tom Christie,2019-04-06 12:18:39+00:00,2019-04-06T13:18:39+01:00,Connections,False,1,datastructures.py,httpcore/datastructures.py,145,0,145,0,0
86263fa073aa97cc4f11026e9ca81bef12599f1b,Tom Christie,Tom Christie,2019-04-06 12:18:39+00:00,2019-04-06T13:18:39+01:00,Connections,False,1,__init__.py,httpcore/__init__.py,2,1,3,0,0
86263fa073aa97cc4f11026e9ca81bef12599f1b,Tom Christie,Tom Christie,2019-04-06 12:18:39+00:00,2019-04-06T13:18:39+01:00,Connections,False,1,models.py,httpcore/models.py,0,68,68,0,0
86263fa073aa97cc4f11026e9ca81bef12599f1b,Tom Christie,Tom Christie,2019-04-06 12:18:39+00:00,2019-04-06T13:18:39+01:00,Connections,False,1,pool.py,httpcore/pool.py,126,0,126,0,0
86263fa073aa97cc4f11026e9ca81bef12599f1b,Tom Christie,Tom Christie,2019-04-06 12:18:39+00:00,2019-04-06T13:18:39+01:00,Connections,False,1,conftest.py,tests/conftest.py,34,0,34,0,0
86263fa073aa97cc4f11026e9ca81bef12599f1b,Tom Christie,Tom Christie,2019-04-06 12:18:39+00:00,2019-04-06T13:18:39+01:00,Connections,False,1,test_api.py,tests/test_api.py,38,0,38,0,0
86263fa073aa97cc4f11026e9ca81bef12599f1b,Tom Christie,Tom Christie,2019-04-06 12:18:39+00:00,2019-04-06T13:18:39+01:00,Connections,False,1,test_responses.py,tests/test_responses.py,15,10,25,0,0
86263fa073aa97cc4f11026e9ca81bef12599f1b,Tom Christie,Tom Christie,2019-04-06 12:18:39+00:00,2019-04-06T13:18:39+01:00,Connections,False,1,decoders.py,httpcore/decoders.py,1,1,2,0,0
ba1953cdd01f48a9847ad8481dd8786415a8c58a,Tom Christie,Tom Christie,2019-04-06 12:20:47+00:00,2019-04-06T13:20:47+01:00,Linting,False,1,test_api.py,tests/test_api.py,12,7,19,0,0
ba1953cdd01f48a9847ad8481dd8786415a8c58a,Tom Christie,Tom Christie,2019-04-06 12:20:47+00:00,2019-04-06T13:20:47+01:00,Linting,False,1,conftest.py,tests/conftest.py,9,13,22,0,0
ba1953cdd01f48a9847ad8481dd8786415a8c58a,Tom Christie,Tom Christie,2019-04-06 12:20:47+00:00,2019-04-06T13:20:47+01:00,Linting,False,1,connections.py,httpcore/connections.py,4,3,7,0,0
75b8fa4d0d62ce459f5c8aaff539f5c7528152e5,Tom Christie,Tom Christie,2019-04-06 12:38:38+00:00,2019-04-06T13:38:38+01:00,Version 0.0.3,False,1,__init__.py,httpcore/__init__.py,1,1,2,0,0
39b57c939dd6d02ccd5fc7bd176bbe33ef53abed,Tom Christie,Tom Christie,2019-04-16 10:26:28+00:00,2019-04-16T11:26:28+01:00,"Add support for gzip, deflate, and brotli decoding",False,1,test_decoding.py,tests/test_decoding.py,79,0,79,0,1
39b57c939dd6d02ccd5fc7bd176bbe33ef53abed,Tom Christie,Tom Christie,2019-04-16 10:26:28+00:00,2019-04-16T11:26:28+01:00,"Add support for gzip, deflate, and brotli decoding",False,1,decoders.py,httpcore/decoders.py,108,31,139,0,0
39b57c939dd6d02ccd5fc7bd176bbe33ef53abed,Tom Christie,Tom Christie,2019-04-16 10:26:28+00:00,2019-04-16T11:26:28+01:00,"Add support for gzip, deflate, and brotli decoding",False,1,datastructures.py,httpcore/datastructures.py,18,3,21,0,0
39b57c939dd6d02ccd5fc7bd176bbe33ef53abed,Tom Christie,Tom Christie,2019-04-16 10:26:28+00:00,2019-04-16T11:26:28+01:00,"Add support for gzip, deflate, and brotli decoding",False,1,compat.py,httpcore/compat.py,4,0,4,0,0
042dd2205846c9ac0e4796ec754aef9127a752c7,Tom Christie,Tom Christie,2019-04-16 11:14:20+00:00,2019-04-16T12:14:20+01:00,Add auto headers on Request,False,1,datastructures.py,httpcore/datastructures.py,40,4,44,0,0
042dd2205846c9ac0e4796ec754aef9127a752c7,Tom Christie,Tom Christie,2019-04-16 11:14:20+00:00,2019-04-16T12:14:20+01:00,Add auto headers on Request,False,1,connections.py,httpcore/connections.py,1,7,8,0,0
042dd2205846c9ac0e4796ec754aef9127a752c7,Tom Christie,Tom Christie,2019-04-16 11:14:20+00:00,2019-04-16T12:14:20+01:00,Add auto headers on Request,False,1,test_requests.py,tests/test_requests.py,92,0,92,0,0
042dd2205846c9ac0e4796ec754aef9127a752c7,Tom Christie,Tom Christie,2019-04-16 11:14:20+00:00,2019-04-16T12:14:20+01:00,Add auto headers on Request,False,1,decoders.py,httpcore/decoders.py,7,2,9,0,0
ee6f42a8f49aedaed3dfc567676c798908e4b3b0,Tom Christie,Tom Christie,2019-04-16 11:18:38+00:00,2019-04-16T12:18:38+01:00,Exclude unused code lines,False,1,test_requests.py,tests/test_requests.py,2,2,4,0,0
ee6f42a8f49aedaed3dfc567676c798908e4b3b0,Tom Christie,Tom Christie,2019-04-16 11:18:38+00:00,2019-04-16T12:18:38+01:00,Exclude unused code lines,False,1,compat.py,httpcore/compat.py,1,1,2,0,0
63d73ad554cb27beef5fa4baa23c712083e24e55,Tom Christie,Tom Christie,2019-04-16 13:04:17+00:00,2019-04-16T14:04:17+01:00,Rejig response streaming/closing,False,1,setup.py,setup.py,1,1,2,0,0
63d73ad554cb27beef5fa4baa23c712083e24e55,Tom Christie,Tom Christie,2019-04-16 13:04:17+00:00,2019-04-16T14:04:17+01:00,Rejig response streaming/closing,False,1,pool.py,httpcore/pool.py,6,1,7,0,0
63d73ad554cb27beef5fa4baa23c712083e24e55,Tom Christie,Tom Christie,2019-04-16 13:04:17+00:00,2019-04-16T14:04:17+01:00,Rejig response streaming/closing,False,1,datastructures.py,httpcore/datastructures.py,4,0,4,0,0
63d73ad554cb27beef5fa4baa23c712083e24e55,Tom Christie,Tom Christie,2019-04-16 13:04:17+00:00,2019-04-16T14:04:17+01:00,Rejig response streaming/closing,False,1,connections.py,httpcore/connections.py,5,16,21,0,0
5f3a8bdb4d95490f0119a2d35c3a59cfb4711e81,Tom Christie,Tom Christie,2019-04-16 14:58:38+00:00,2019-04-16T15:58:38+01:00,Connection pooling,False,1,connections.py,httpcore/connections.py,29,12,41,0,0
5f3a8bdb4d95490f0119a2d35c3a59cfb4711e81,Tom Christie,Tom Christie,2019-04-16 14:58:38+00:00,2019-04-16T15:58:38+01:00,Connection pooling,False,1,conftest.py,tests/conftest.py,3,1,4,0,0
5f3a8bdb4d95490f0119a2d35c3a59cfb4711e81,Tom Christie,Tom Christie,2019-04-16 14:58:38+00:00,2019-04-16T15:58:38+01:00,Connection pooling,False,1,test_pool.py,tests/test_pool.py,109,0,109,0,0
5f3a8bdb4d95490f0119a2d35c3a59cfb4711e81,Tom Christie,Tom Christie,2019-04-16 14:58:38+00:00,2019-04-16T15:58:38+01:00,Connection pooling,False,1,pool.py,httpcore/pool.py,36,5,41,0,0
29cb53f09e0927d9b8b44b98812eccbd361d1e64,Tom Christie,Tom Christie,2019-04-17 15:54:18+00:00,2019-04-17T16:54:18+01:00,Add soft_limit and hard_limit support to PoolLimits,False,1,test_pool.py,tests/test_pool.py,17,0,17,0,0
29cb53f09e0927d9b8b44b98812eccbd361d1e64,Tom Christie,Tom Christie,2019-04-17 15:54:18+00:00,2019-04-17T16:54:18+01:00,Add soft_limit and hard_limit support to PoolLimits,False,1,pool.py,httpcore/pool.py,34,2,36,0,0
29cb53f09e0927d9b8b44b98812eccbd361d1e64,Tom Christie,Tom Christie,2019-04-17 15:54:18+00:00,2019-04-17T16:54:18+01:00,Add soft_limit and hard_limit support to PoolLimits,False,1,connections.py,httpcore/connections.py,15,13,28,0,0
29cb53f09e0927d9b8b44b98812eccbd361d1e64,Tom Christie,Tom Christie,2019-04-17 15:54:18+00:00,2019-04-17T16:54:18+01:00,Add soft_limit and hard_limit support to PoolLimits,False,1,config.py,httpcore/config.py,8,4,12,0,0
148818c212a0c486e39dba0d56993564ffb08857,Tom Christie,Tom Christie,2019-04-17 16:38:03+00:00,2019-04-17T17:38:03+01:00,"Add PoolTimeout, and timeout tests",False,1,__init__.py,httpcore/__init__.py,8,1,9,0,0
148818c212a0c486e39dba0d56993564ffb08857,Tom Christie,Tom Christie,2019-04-17 16:38:03+00:00,2019-04-17T17:38:03+01:00,"Add PoolTimeout, and timeout tests",False,1,compat.py,httpcore/compat.py,2,2,4,0,0
148818c212a0c486e39dba0d56993564ffb08857,Tom Christie,Tom Christie,2019-04-17 16:38:03+00:00,2019-04-17T17:38:03+01:00,"Add PoolTimeout, and timeout tests",False,1,test_timeouts.py,tests/test_timeouts.py,26,0,26,0,0
148818c212a0c486e39dba0d56993564ffb08857,Tom Christie,Tom Christie,2019-04-17 16:38:03+00:00,2019-04-17T17:38:03+01:00,"Add PoolTimeout, and timeout tests",False,1,conftest.py,tests/conftest.py,19,1,20,0,0
148818c212a0c486e39dba0d56993564ffb08857,Tom Christie,Tom Christie,2019-04-17 16:38:03+00:00,2019-04-17T17:38:03+01:00,"Add PoolTimeout, and timeout tests",False,1,pool.py,httpcore/pool.py,8,3,11,0,0
74c9048ba247d1ce5da809ee5a01e2429aa95791,Tom Christie,Tom Christie,2019-04-18 08:38:29+00:00,2019-04-18T09:38:29+01:00,Add ConnectTimeout test,False,1,test_timeouts.py,tests/test_timeouts.py,10,0,10,0,0
42c0e06c8cc303931bff5e31e15a36e90100a8fc,Tom Christie,Tom Christie,2019-04-18 09:36:30+00:00,2019-04-18T10:36:30+01:00,Allow per-request timeout/ssl config,False,1,test_config.py,tests/test_config.py,58,0,58,0,0
42c0e06c8cc303931bff5e31e15a36e90100a8fc,Tom Christie,Tom Christie,2019-04-18 09:36:30+00:00,2019-04-18T10:36:30+01:00,Allow per-request timeout/ssl config,False,1,pool.py,httpcore/pool.py,45,38,83,0,0
42c0e06c8cc303931bff5e31e15a36e90100a8fc,Tom Christie,Tom Christie,2019-04-18 09:36:30+00:00,2019-04-18T10:36:30+01:00,Allow per-request timeout/ssl config,False,1,config.py,httpcore/config.py,59,3,62,0,0
fc7cf9def62cf66e061f717c44f24c2ec4d3fd90,Tom Christie,Tom Christie,2019-04-18 10:41:13+00:00,2019-04-18T11:41:13+01:00,Add response.reason,False,1,test_responses.py,tests/test_responses.py,7,0,7,0,0
fc7cf9def62cf66e061f717c44f24c2ec4d3fd90,Tom Christie,Tom Christie,2019-04-18 10:41:13+00:00,2019-04-18T11:41:13+01:00,Add response.reason,False,1,datastructures.py,httpcore/datastructures.py,9,0,9,0,0
fc7cf9def62cf66e061f717c44f24c2ec4d3fd90,Tom Christie,Tom Christie,2019-04-18 10:41:13+00:00,2019-04-18T11:41:13+01:00,Add response.reason,False,1,connections.py,httpcore/connections.py,2,1,3,0,0
23252f6cd9e629ae7c513bc24a8c6a1061d61429,Tom Christie,Tom Christie,2019-04-18 10:53:53+00:00,2019-04-18T11:53:53+01:00,Version 0.1.0,False,1,__init__.py,httpcore/__init__.py,1,1,2,0,0
66594e30dc733dd47724a540f7efb8e0208991ee,Tom Christie,Tom Christie,2019-04-19 19:37:20+00:00,2019-04-19T20:37:20+01:00,Version 0.1.1,False,1,__init__.py,httpcore/__init__.py,2,1,3,0,0
30a03f4faa5686dd62a94f52d3ec98ba2652c8d6,Tom Christie,Tom Christie,2019-04-22 14:30:55+00:00,2019-04-22T15:30:55+01:00,Drop compat.py,False,1,decoders.py,httpcore/decoders.py,4,1,5,0,0
30a03f4faa5686dd62a94f52d3ec98ba2652c8d6,Tom Christie,Tom Christie,2019-04-22 14:30:55+00:00,2019-04-22T15:30:55+01:00,Drop compat.py,False,1,compat.py,httpcore/compat.py,0,4,4,0,0
25c652a4389241844a80540932fcd5fd173e8b16,Tom Christie,Tom Christie,2019-04-22 14:45:56+00:00,2019-04-22T15:45:56+01:00,Push SSL context loading into config.py,False,1,config.py,httpcore/config.py,53,0,53,0,0
25c652a4389241844a80540932fcd5fd173e8b16,Tom Christie,Tom Christie,2019-04-22 14:45:56+00:00,2019-04-22T15:45:56+01:00,Push SSL context loading into config.py,False,1,pool.py,httpcore/pool.py,5,58,63,0,0
be774980cea4cadb205a53a6bda3a2d40bfd9086,Tom Christie,Tom Christie,2019-04-22 16:33:43+00:00,2019-04-22T17:33:43+01:00,Refactor to request = Client.send(request),False,1,test_timeouts.py,tests/test_timeouts.py,11,7,18,0,0
be774980cea4cadb205a53a6bda3a2d40bfd9086,Tom Christie,Tom Christie,2019-04-22 16:33:43+00:00,2019-04-22T17:33:43+01:00,Refactor to request = Client.send(request),False,1,test_responses.py,tests/test_responses.py,10,57,67,0,0
be774980cea4cadb205a53a6bda3a2d40bfd9086,Tom Christie,Tom Christie,2019-04-22 16:33:43+00:00,2019-04-22T17:33:43+01:00,Refactor to request = Client.send(request),False,1,test_pool.py,tests/test_pool.py,62,50,112,0,0
be774980cea4cadb205a53a6bda3a2d40bfd9086,Tom Christie,Tom Christie,2019-04-22 16:33:43+00:00,2019-04-22T17:33:43+01:00,Refactor to request = Client.send(request),False,1,test_connections.py,tests/test_connections.py,22,0,22,0,0
be774980cea4cadb205a53a6bda3a2d40bfd9086,Tom Christie,Tom Christie,2019-04-22 16:33:43+00:00,2019-04-22T17:33:43+01:00,Refactor to request = Client.send(request),False,1,test_api.py,tests/test_api.py,12,10,22,0,0
be774980cea4cadb205a53a6bda3a2d40bfd9086,Tom Christie,Tom Christie,2019-04-22 16:33:43+00:00,2019-04-22T17:33:43+01:00,Refactor to request = Client.send(request),False,1,sync.py,httpcore/sync.py,0,0,0,0,0
be774980cea4cadb205a53a6bda3a2d40bfd9086,Tom Christie,Tom Christie,2019-04-22 16:33:43+00:00,2019-04-22T17:33:43+01:00,Refactor to request = Client.send(request),False,1,pool.py,httpcore/pool.py,28,49,77,0,0
be774980cea4cadb205a53a6bda3a2d40bfd9086,Tom Christie,Tom Christie,2019-04-22 16:33:43+00:00,2019-04-22T17:33:43+01:00,Refactor to request = Client.send(request),False,1,datastructures.py,httpcore/datastructures.py,36,0,36,0,0
be774980cea4cadb205a53a6bda3a2d40bfd9086,Tom Christie,Tom Christie,2019-04-22 16:33:43+00:00,2019-04-22T17:33:43+01:00,Refactor to request = Client.send(request),False,1,connections.py,httpcore/connections.py,89,49,138,0,0
be774980cea4cadb205a53a6bda3a2d40bfd9086,Tom Christie,Tom Christie,2019-04-22 16:33:43+00:00,2019-04-22T17:33:43+01:00,Refactor to request = Client.send(request),False,1,config.py,httpcore/config.py,2,0,2,0,0
be774980cea4cadb205a53a6bda3a2d40bfd9086,Tom Christie,Tom Christie,2019-04-22 16:33:43+00:00,2019-04-22T17:33:43+01:00,Refactor to request = Client.send(request),False,1,__init__.py,httpcore/__init__.py,2,1,3,0,0
9a362c0b017e764a5d0411b270ed22debad8d4fd,Tom Christie,Tom Christie,2019-04-22 21:12:46+00:00,2019-04-22T22:12:46+01:00,Add client.request,False,1,connections.py,httpcore/connections.py,1,0,1,0,0
9a362c0b017e764a5d0411b270ed22debad8d4fd,Tom Christie,Tom Christie,2019-04-22 21:12:46+00:00,2019-04-22T22:12:46+01:00,Add client.request,False,1,pool.py,httpcore/pool.py,1,0,1,0,0
9a362c0b017e764a5d0411b270ed22debad8d4fd,Tom Christie,Tom Christie,2019-04-22 21:12:46+00:00,2019-04-22T22:12:46+01:00,Add client.request,False,1,datastructures.py,httpcore/datastructures.py,23,1,24,0,0
275443c4a11290a00497340dc8b572289ee05c75,Tom Christie,Tom Christie,2019-04-23 08:34:41+00:00,2019-04-23T09:34:41+01:00,Add client.request,False,1,test_timeouts.py,tests/test_timeouts.py,7,11,18,0,0
275443c4a11290a00497340dc8b572289ee05c75,Tom Christie,Tom Christie,2019-04-23 08:34:41+00:00,2019-04-23T09:34:41+01:00,Add client.request,False,1,test_pool.py,tests/test_pool.py,50,62,112,0,0
275443c4a11290a00497340dc8b572289ee05c75,Tom Christie,Tom Christie,2019-04-23 08:34:41+00:00,2019-04-23T09:34:41+01:00,Add client.request,False,1,test_connections.py,tests/test_connections.py,5,7,12,0,0
275443c4a11290a00497340dc8b572289ee05c75,Tom Christie,Tom Christie,2019-04-23 08:34:41+00:00,2019-04-23T09:34:41+01:00,Add client.request,False,1,test_api.py,tests/test_api.py,10,12,22,0,0
275443c4a11290a00497340dc8b572289ee05c75,Tom Christie,Tom Christie,2019-04-23 08:34:41+00:00,2019-04-23T09:34:41+01:00,Add client.request,False,1,pool.py,httpcore/pool.py,14,29,43,0,0
275443c4a11290a00497340dc8b572289ee05c75,Tom Christie,Tom Christie,2019-04-23 08:34:41+00:00,2019-04-23T09:34:41+01:00,Add client.request,False,1,datastructures.py,httpcore/datastructures.py,19,2,21,0,0
275443c4a11290a00497340dc8b572289ee05c75,Tom Christie,Tom Christie,2019-04-23 08:34:41+00:00,2019-04-23T09:34:41+01:00,Add client.request,False,1,connections.py,httpcore/connections.py,2,12,14,0,0
5b2f3ed656bf81e4d5f550b74c06393a62e8f536,Tom Christie,Tom Christie,2019-04-23 08:37:10+00:00,2019-04-23T09:37:10+01:00,Use different hosts in pool acquiry timeout test.,False,1,test_timeouts.py,tests/test_timeouts.py,1,1,2,0,0
4a36ec74c7c31d1b0dbd579dc569d968b882e875,Tom Christie,Tom Christie,2019-04-23 10:12:37+00:00,2019-04-23T11:12:37+01:00,Add SyncConnectionPool,False,1,__init__.py,httpcore/__init__.py,1,0,1,0,0
4a36ec74c7c31d1b0dbd579dc569d968b882e875,Tom Christie,Tom Christie,2019-04-23 10:12:37+00:00,2019-04-23T11:12:37+01:00,Add SyncConnectionPool,False,1,compat.py,httpcore/compat.py,51,0,51,0,0
4a36ec74c7c31d1b0dbd579dc569d968b882e875,Tom Christie,Tom Christie,2019-04-23 10:12:37+00:00,2019-04-23T11:12:37+01:00,Add SyncConnectionPool,False,1,datastructures.py,httpcore/datastructures.py,1,1,2,0,0
4a36ec74c7c31d1b0dbd579dc569d968b882e875,Tom Christie,Tom Christie,2019-04-23 10:12:37+00:00,2019-04-23T11:12:37+01:00,Add SyncConnectionPool,False,1,sync.py,httpcore/sync.py,79,0,79,0,0
4a36ec74c7c31d1b0dbd579dc569d968b882e875,Tom Christie,Tom Christie,2019-04-23 10:12:37+00:00,2019-04-23T11:12:37+01:00,Add SyncConnectionPool,False,1,test_sync.py,tests/test_sync.py,38,0,38,0,0
4a36ec74c7c31d1b0dbd579dc569d968b882e875,Tom Christie,Tom Christie,2019-04-23 10:12:37+00:00,2019-04-23T11:12:37+01:00,Add SyncConnectionPool,False,1,pool.py,httpcore/pool.py,12,4,16,0,0
c9b9ea07b6ba98eb32bbe01b2ad5c4335f6f3fe1,Tom Christie,Tom Christie,2019-04-23 10:31:51+00:00,2019-04-23T11:31:51+01:00,Add SyncResponse.stream,False,1,test_sync.py,tests/test_sync.py,21,0,21,0,0
c9b9ea07b6ba98eb32bbe01b2ad5c4335f6f3fe1,Tom Christie,Tom Christie,2019-04-23 10:31:51+00:00,2019-04-23T11:31:51+01:00,Add SyncResponse.stream,False,1,sync.py,httpcore/sync.py,8,0,8,0,0
03080623f0fe2850ae4e6cc7600583bf08d06b8a,Tom Christie,Tom Christie,2019-04-23 10:52:41+00:00,2019-04-23T11:52:41+01:00,Add SyncResponse.close,False,1,sync.py,httpcore/sync.py,3,0,3,0,0
e58d255414bbf6814e281de5790066194e78c59f,Tom Christie,Tom Christie,2019-04-23 10:53:22+00:00,2019-04-23T11:53:22+01:00,Version 0.2.0,False,1,__init__.py,httpcore/__init__.py,1,1,2,0,0
b7d315af3bda72ea85d86f7f291c32025d6375a2,Tom Christie,Tom Christie,2019-04-23 13:25:47+00:00,2019-04-23T14:25:47+01:00,Module renaming,False,1,datastructures.py,httpcore/datastructures.py,4,8,12,0,0
b7d315af3bda72ea85d86f7f291c32025d6375a2,Tom Christie,Tom Christie,2019-04-23 13:25:47+00:00,2019-04-23T14:25:47+01:00,Module renaming,False,1,__init__.py,httpcore/__init__.py,2,2,4,0,0
b7d315af3bda72ea85d86f7f291c32025d6375a2,Tom Christie,Tom Christie,2019-04-23 13:25:47+00:00,2019-04-23T14:25:47+01:00,Module renaming,False,1,connectionpool.py,httpcore/connectionpool.py,126,0,126,0,0
b7d315af3bda72ea85d86f7f291c32025d6375a2,Tom Christie,Tom Christie,2019-04-23 13:25:47+00:00,2019-04-23T14:25:47+01:00,Module renaming,False,1,connections.py,httpcore/connections.py,0,163,163,0,0
b7d315af3bda72ea85d86f7f291c32025d6375a2,Tom Christie,Tom Christie,2019-04-23 13:25:47+00:00,2019-04-23T14:25:47+01:00,Module renaming,False,1,http11.py,httpcore/http11.py,163,0,163,0,0
b7d315af3bda72ea85d86f7f291c32025d6375a2,Tom Christie,Tom Christie,2019-04-23 13:25:47+00:00,2019-04-23T14:25:47+01:00,Module renaming,False,1,compat.py,httpcore/compat.py,1,0,1,0,0
b7d315af3bda72ea85d86f7f291c32025d6375a2,Tom Christie,Tom Christie,2019-04-23 13:25:47+00:00,2019-04-23T14:25:47+01:00,Module renaming,False,1,sync.py,httpcore/sync.py,1,1,2,0,0
b7d315af3bda72ea85d86f7f291c32025d6375a2,Tom Christie,Tom Christie,2019-04-23 13:25:47+00:00,2019-04-23T14:25:47+01:00,Module renaming,False,1,test_pool.py,tests/test_pool.py,0,126,126,0,0
b7d315af3bda72ea85d86f7f291c32025d6375a2,Tom Christie,Tom Christie,2019-04-23 13:25:47+00:00,2019-04-23T14:25:47+01:00,Module renaming,False,1,test_sync.py,tests/test_sync.py,1,1,2,0,0
b7d315af3bda72ea85d86f7f291c32025d6375a2,Tom Christie,Tom Christie,2019-04-23 13:25:47+00:00,2019-04-23T14:25:47+01:00,Module renaming,False,1,pool.py,httpcore/pool.py,0,126,126,0,0
b7d315af3bda72ea85d86f7f291c32025d6375a2,Tom Christie,Tom Christie,2019-04-23 13:25:47+00:00,2019-04-23T14:25:47+01:00,Module renaming,False,1,test_connection_pools.py,tests/test_connection_pools.py,126,0,126,0,0
b7d315af3bda72ea85d86f7f291c32025d6375a2,Tom Christie,Tom Christie,2019-04-23 13:25:47+00:00,2019-04-23T14:25:47+01:00,Module renaming,False,1,test_connections.py,tests/test_connections.py,2,2,4,0,0
799df23dde030ed3f638fc593d6be9a665e37918,Tom Christie,Tom Christie,2019-04-24 10:42:45+00:00,2019-04-24T11:42:45+01:00,Close outstanding connections on pool.close(),False,1,sync.py,httpcore/sync.py,10,8,18,0,0
799df23dde030ed3f638fc593d6be9a665e37918,Tom Christie,Tom Christie,2019-04-24 10:42:45+00:00,2019-04-24T11:42:45+01:00,Close outstanding connections on pool.close(),False,1,http11.py,httpcore/http11.py,1,0,1,0,0
799df23dde030ed3f638fc593d6be9a665e37918,Tom Christie,Tom Christie,2019-04-24 10:42:45+00:00,2019-04-24T11:42:45+01:00,Close outstanding connections on pool.close(),False,1,exceptions.py,httpcore/exceptions.py,2,2,4,0,0
799df23dde030ed3f638fc593d6be9a665e37918,Tom Christie,Tom Christie,2019-04-24 10:42:45+00:00,2019-04-24T11:42:45+01:00,Close outstanding connections on pool.close(),False,1,connectionpool.py,httpcore/connectionpool.py,7,1,8,0,0
799df23dde030ed3f638fc593d6be9a665e37918,Tom Christie,Tom Christie,2019-04-24 10:42:45+00:00,2019-04-24T11:42:45+01:00,Close outstanding connections on pool.close(),False,1,compat.py,httpcore/compat.py,0,52,52,0,0
799df23dde030ed3f638fc593d6be9a665e37918,Tom Christie,Tom Christie,2019-04-24 10:42:45+00:00,2019-04-24T11:42:45+01:00,Close outstanding connections on pool.close(),False,1,__init__.py,httpcore/__init__.py,2,2,4,0,0
4ed3a8a4035b419ddd05e41e3f854dcd69b14837,Tom Christie,Tom Christie,2019-04-24 10:47:31+00:00,2019-04-24T11:47:31+01:00,Drop wait_closed,False,1,http11.py,httpcore/http11.py,0,1,1,0,0
53f3dc4a6628dabe2732fe7dfec334dacb235da9,Tom Christie,Tom Christie,2019-04-24 14:48:18+00:00,2019-04-24T15:48:18+01:00,First pass at HTTP/2 support,False,1,__init__.py,httpcore/__init__.py,2,0,2,0,0
53f3dc4a6628dabe2732fe7dfec334dacb235da9,Tom Christie,Tom Christie,2019-04-24 14:48:18+00:00,2019-04-24T15:48:18+01:00,First pass at HTTP/2 support,False,1,config.py,httpcore/config.py,17,1,18,0,0
53f3dc4a6628dabe2732fe7dfec334dacb235da9,Tom Christie,Tom Christie,2019-04-24 14:48:18+00:00,2019-04-24T15:48:18+01:00,First pass at HTTP/2 support,False,1,connection.py,httpcore/connection.py,106,0,106,0,0
53f3dc4a6628dabe2732fe7dfec334dacb235da9,Tom Christie,Tom Christie,2019-04-24 14:48:18+00:00,2019-04-24T15:48:18+01:00,First pass at HTTP/2 support,False,1,connectionpool.py,httpcore/connectionpool.py,5,5,10,0,0
53f3dc4a6628dabe2732fe7dfec334dacb235da9,Tom Christie,Tom Christie,2019-04-24 14:48:18+00:00,2019-04-24T15:48:18+01:00,First pass at HTTP/2 support,False,1,http2.py,httpcore/http2.py,152,0,152,0,0
53f3dc4a6628dabe2732fe7dfec334dacb235da9,Tom Christie,Tom Christie,2019-04-24 14:48:18+00:00,2019-04-24T15:48:18+01:00,First pass at HTTP/2 support,False,1,http11.py,httpcore/http11.py,27,55,82,0,0
53f3dc4a6628dabe2732fe7dfec334dacb235da9,Tom Christie,Tom Christie,2019-04-24 14:48:18+00:00,2019-04-24T15:48:18+01:00,First pass at HTTP/2 support,False,1,test_connections.py,tests/test_connections.py,2,2,4,0,0
53f3dc4a6628dabe2732fe7dfec334dacb235da9,Tom Christie,Tom Christie,2019-04-24 14:48:18+00:00,2019-04-24T15:48:18+01:00,First pass at HTTP/2 support,False,1,test_requests.py,tests/test_requests.py,2,2,4,0,0
53f3dc4a6628dabe2732fe7dfec334dacb235da9,Tom Christie,Tom Christie,2019-04-24 14:48:18+00:00,2019-04-24T15:48:18+01:00,First pass at HTTP/2 support,False,1,datastructures.py,httpcore/datastructures.py,8,5,13,0,0
0bdcbaef72c569aaaac548b99f2ecfee5a0a76dd,Tom Christie,Tom Christie,2019-04-24 16:04:15+00:00,2019-04-24T17:04:15+01:00,Add stream ID to HTTP2Connection,False,1,connection_pool.py,httpcore/connection_pool.py,132,0,132,0,0
0bdcbaef72c569aaaac548b99f2ecfee5a0a76dd,Tom Christie,Tom Christie,2019-04-24 16:04:15+00:00,2019-04-24T17:04:15+01:00,Add stream ID to HTTP2Connection,False,1,connection.py,httpcore/connection.py,1,1,2,0,0
0bdcbaef72c569aaaac548b99f2ecfee5a0a76dd,Tom Christie,Tom Christie,2019-04-24 16:04:15+00:00,2019-04-24T17:04:15+01:00,Add stream ID to HTTP2Connection,False,1,connectionpool.py,httpcore/connectionpool.py,0,132,132,0,0
0bdcbaef72c569aaaac548b99f2ecfee5a0a76dd,Tom Christie,Tom Christie,2019-04-24 16:04:15+00:00,2019-04-24T17:04:15+01:00,Add stream ID to HTTP2Connection,False,1,__init__.py,httpcore/__init__.py,2,2,4,0,0
0bdcbaef72c569aaaac548b99f2ecfee5a0a76dd,Tom Christie,Tom Christie,2019-04-24 16:04:15+00:00,2019-04-24T17:04:15+01:00,Add stream ID to HTTP2Connection,False,1,http11.py,httpcore/http11.py,1,1,2,0,0
0bdcbaef72c569aaaac548b99f2ecfee5a0a76dd,Tom Christie,Tom Christie,2019-04-24 16:04:15+00:00,2019-04-24T17:04:15+01:00,Add stream ID to HTTP2Connection,False,1,http2.py,httpcore/http2.py,38,43,81,0,0
0bdcbaef72c569aaaac548b99f2ecfee5a0a76dd,Tom Christie,Tom Christie,2019-04-24 16:04:15+00:00,2019-04-24T17:04:15+01:00,Add stream ID to HTTP2Connection,False,1,models.py,httpcore/models.py,283,0,283,0,0
0bdcbaef72c569aaaac548b99f2ecfee5a0a76dd,Tom Christie,Tom Christie,2019-04-24 16:04:15+00:00,2019-04-24T17:04:15+01:00,Add stream ID to HTTP2Connection,False,1,datastructures.py,httpcore/datastructures.py,0,283,283,0,0
0bdcbaef72c569aaaac548b99f2ecfee5a0a76dd,Tom Christie,Tom Christie,2019-04-24 16:04:15+00:00,2019-04-24T17:04:15+01:00,Add stream ID to HTTP2Connection,False,1,sync.py,httpcore/sync.py,2,2,4,0,0
13b28b6ebb4077d361ce8499fd99609fb4745e7d,Tom Christie,Tom Christie,2019-04-24 16:12:05+00:00,2019-04-24T17:12:05+01:00,Tighten up how we hand out stream ids,False,1,http2.py,httpcore/http2.py,4,3,7,0,0
abe46b8a0e2b19c3b2e46e170f21ac5aed20392e,Tom Christie,Tom Christie,2019-04-24 18:38:53+00:00,2019-04-24T19:38:53+01:00,Add h2 to install_requires,False,1,setup.py,setup.py,1,1,2,0,0
a44190ff24558c2ee5efc9dd422f836af376150b,Tom Christie,Tom Christie,2019-04-25 11:05:23+00:00,2019-04-25T12:05:23+01:00,Stream refactoring and HTTP/2 test case,False,1,test_config.py,tests/test_config.py,1,1,2,0,0
a44190ff24558c2ee5efc9dd422f836af376150b,Tom Christie,Tom Christie,2019-04-25 11:05:23+00:00,2019-04-25T12:05:23+01:00,Stream refactoring and HTTP/2 test case,False,1,streams.py,httpcore/streams.py,115,0,115,0,0
a44190ff24558c2ee5efc9dd422f836af376150b,Tom Christie,Tom Christie,2019-04-25 11:05:23+00:00,2019-04-25T12:05:23+01:00,Stream refactoring and HTTP/2 test case,False,1,http2.py,httpcore/http2.py,23,24,47,0,0
a44190ff24558c2ee5efc9dd422f836af376150b,Tom Christie,Tom Christie,2019-04-25 11:05:23+00:00,2019-04-25T12:05:23+01:00,Stream refactoring and HTTP/2 test case,False,1,http11.py,httpcore/http11.py,17,21,38,0,0
a44190ff24558c2ee5efc9dd422f836af376150b,Tom Christie,Tom Christie,2019-04-25 11:05:23+00:00,2019-04-25T12:05:23+01:00,Stream refactoring and HTTP/2 test case,False,1,exceptions.py,httpcore/exceptions.py,6,0,6,0,0
a44190ff24558c2ee5efc9dd422f836af376150b,Tom Christie,Tom Christie,2019-04-25 11:05:23+00:00,2019-04-25T12:05:23+01:00,Stream refactoring and HTTP/2 test case,False,1,connection.py,httpcore/connection.py,10,30,40,0,0
a44190ff24558c2ee5efc9dd422f836af376150b,Tom Christie,Tom Christie,2019-04-25 11:05:23+00:00,2019-04-25T12:05:23+01:00,Stream refactoring and HTTP/2 test case,False,1,config.py,httpcore/config.py,12,2,14,0,0
a44190ff24558c2ee5efc9dd422f836af376150b,Tom Christie,Tom Christie,2019-04-25 11:05:23+00:00,2019-04-25T12:05:23+01:00,Stream refactoring and HTTP/2 test case,False,1,__init__.py,httpcore/__init__.py,1,0,1,0,0
a44190ff24558c2ee5efc9dd422f836af376150b,Tom Christie,Tom Christie,2019-04-25 11:05:23+00:00,2019-04-25T12:05:23+01:00,Stream refactoring and HTTP/2 test case,False,1,test_http2.py,tests/test_http2.py,76,0,76,0,0
9ab607d8a3316ee2456b74219ed882d486304714,Tom Christie,Tom Christie,2019-04-25 11:23:20+00:00,2019-04-25T12:23:20+01:00,More HTTP/2 tests,False,1,http2.py,httpcore/http2.py,1,1,2,0,0
9ab607d8a3316ee2456b74219ed882d486304714,Tom Christie,Tom Christie,2019-04-25 11:23:20+00:00,2019-04-25T12:23:20+01:00,More HTTP/2 tests,False,1,test_http2.py,tests/test_http2.py,44,6,50,0,0
286f04f1a641473d124c5e8403de24b323861054,Tom Christie,Tom Christie,2019-04-25 11:57:18+00:00,2019-04-25T12:57:18+01:00,Add PoolSemaphore,False,1,test_http2.py,tests/test_http2.py,24,13,37,0,0
286f04f1a641473d124c5e8403de24b323861054,Tom Christie,Tom Christie,2019-04-25 11:57:18+00:00,2019-04-25T12:57:18+01:00,Add PoolSemaphore,False,1,streams.py,httpcore/streams.py,50,3,53,0,0
286f04f1a641473d124c5e8403de24b323861054,Tom Christie,Tom Christie,2019-04-25 11:57:18+00:00,2019-04-25T12:57:18+01:00,Add PoolSemaphore,False,1,connection_pool.py,httpcore/connection_pool.py,3,35,38,0,0
28c505a70f080bca9fd9e5549a65c7dbdc9ce195,Tom Christie,Tom Christie,2019-04-25 14:31:47+00:00,2019-04-25T15:31:47+01:00,Tighten up connection acquiry/release,False,1,connection_pool.py,httpcore/connection_pool.py,85,36,121,0,0
28c505a70f080bca9fd9e5549a65c7dbdc9ce195,Tom Christie,Tom Christie,2019-04-25 14:31:47+00:00,2019-04-25T15:31:47+01:00,Tighten up connection acquiry/release,False,1,http11.py,httpcore/http11.py,3,3,6,0,0
28c505a70f080bca9fd9e5549a65c7dbdc9ce195,Tom Christie,Tom Christie,2019-04-25 14:31:47+00:00,2019-04-25T15:31:47+01:00,Tighten up connection acquiry/release,False,1,connection.py,httpcore/connection.py,10,4,14,0,0
28c505a70f080bca9fd9e5549a65c7dbdc9ce195,Tom Christie,Tom Christie,2019-04-25 14:31:47+00:00,2019-04-25T15:31:47+01:00,Tighten up connection acquiry/release,False,1,streams.py,httpcore/streams.py,1,1,2,0,0
28c505a70f080bca9fd9e5549a65c7dbdc9ce195,Tom Christie,Tom Christie,2019-04-25 14:31:47+00:00,2019-04-25T15:31:47+01:00,Tighten up connection acquiry/release,False,1,http2.py,httpcore/http2.py,1,1,2,0,0
28c505a70f080bca9fd9e5549a65c7dbdc9ce195,Tom Christie,Tom Christie,2019-04-25 14:31:47+00:00,2019-04-25T15:31:47+01:00,Tighten up connection acquiry/release,False,1,test_connection_pools.py,tests/test_connection_pools.py,30,30,60,0,0
f942eb94f113f29b1415e47a1c0640d9cdf0ce26,Tom Christie,Tom Christie,2019-04-25 15:17:42+00:00,2019-04-25T16:17:42+01:00,Add http2 connection re-use,False,1,http2.py,httpcore/http2.py,8,4,12,0,0
f942eb94f113f29b1415e47a1c0640d9cdf0ce26,Tom Christie,Tom Christie,2019-04-25 15:17:42+00:00,2019-04-25T16:17:42+01:00,Add http2 connection re-use,False,1,connection_pool.py,httpcore/connection_pool.py,9,2,11,0,0
f942eb94f113f29b1415e47a1c0640d9cdf0ce26,Tom Christie,Tom Christie,2019-04-25 15:17:42+00:00,2019-04-25T16:17:42+01:00,Add http2 connection re-use,False,1,connection.py,httpcore/connection.py,42,33,75,0,0
06f6d50084343e894fb7535e0dcf1da3e8caa725,Tom Christie,Tom Christie,2019-04-25 16:03:14+00:00,2019-04-25T17:03:14+01:00,More specfic annotations on callbacks,False,1,connection.py,httpcore/connection.py,7,4,11,0,0
06f6d50084343e894fb7535e0dcf1da3e8caa725,Tom Christie,Tom Christie,2019-04-25 16:03:14+00:00,2019-04-25T17:03:14+01:00,More specfic annotations on callbacks,False,1,http2.py,httpcore/http2.py,1,1,2,0,0
06f6d50084343e894fb7535e0dcf1da3e8caa725,Tom Christie,Tom Christie,2019-04-25 16:03:14+00:00,2019-04-25T17:03:14+01:00,More specfic annotations on callbacks,False,1,http11.py,httpcore/http11.py,7,2,9,0,0
06f6d50084343e894fb7535e0dcf1da3e8caa725,Tom Christie,Tom Christie,2019-04-25 16:03:14+00:00,2019-04-25T17:03:14+01:00,More specfic annotations on callbacks,False,1,connection_pool.py,httpcore/connection_pool.py,1,1,2,0,0
6d35506277f66f6e88e85a75a2dadd758d98cce2,Tom Christie,Tom Christie,2019-04-25 16:05:40+00:00,2019-04-25T17:05:40+01:00,Drop unneccessary __hash__ methods,False,1,test_config.py,tests/test_config.py,0,21,21,0,0
6d35506277f66f6e88e85a75a2dadd758d98cce2,Tom Christie,Tom Christie,2019-04-25 16:05:40+00:00,2019-04-25T17:05:40+01:00,Drop unneccessary __hash__ methods,False,1,config.py,httpcore/config.py,0,17,17,0,0
ddf1cec65a0dc6c18d7a163ff2fc73b2eb134cce,Tom Christie,Tom Christie,2019-04-25 16:16:37+00:00,2019-04-25T17:16:37+01:00,Drop connections from pool on connection exceptions,False,1,connection_pool.py,httpcore/connection_pool.py,6,1,7,0,0
fab6fcd397e43e97286ba284816762cf6e7e55c9,Tom Christie,Tom Christie,2019-04-26 14:34:04+00:00,2019-04-26T15:34:04+01:00,Adapters,False,1,test_http2.py,tests/test_http2.py,8,17,25,0,0
fab6fcd397e43e97286ba284816762cf6e7e55c9,Tom Christie,Tom Christie,2019-04-26 14:34:04+00:00,2019-04-26T15:34:04+01:00,Adapters,False,1,__init__.py,httpcore/__init__.py,2,0,2,0,0
fab6fcd397e43e97286ba284816762cf6e7e55c9,Tom Christie,Tom Christie,2019-04-26 14:34:04+00:00,2019-04-26T15:34:04+01:00,Adapters,False,1,adapters.py,httpcore/adapters.py,40,0,40,0,0
fab6fcd397e43e97286ba284816762cf6e7e55c9,Tom Christie,Tom Christie,2019-04-26 14:34:04+00:00,2019-04-26T15:34:04+01:00,Adapters,False,1,auth.py,httpcore/auth.py,18,0,18,0,0
fab6fcd397e43e97286ba284816762cf6e7e55c9,Tom Christie,Tom Christie,2019-04-26 14:34:04+00:00,2019-04-26T15:34:04+01:00,Adapters,False,1,client.py,httpcore/client.py,124,0,124,0,0
fab6fcd397e43e97286ba284816762cf6e7e55c9,Tom Christie,Tom Christie,2019-04-26 14:34:04+00:00,2019-04-26T15:34:04+01:00,Adapters,False,1,config.py,httpcore/config.py,9,12,21,0,0
fab6fcd397e43e97286ba284816762cf6e7e55c9,Tom Christie,Tom Christie,2019-04-26 14:34:04+00:00,2019-04-26T15:34:04+01:00,Adapters,False,1,test_timeouts.py,tests/test_timeouts.py,2,3,5,0,0
fab6fcd397e43e97286ba284816762cf6e7e55c9,Tom Christie,Tom Christie,2019-04-26 14:34:04+00:00,2019-04-26T15:34:04+01:00,Adapters,False,1,cookies.py,httpcore/cookies.py,18,0,18,0,0
fab6fcd397e43e97286ba284816762cf6e7e55c9,Tom Christie,Tom Christie,2019-04-26 14:34:04+00:00,2019-04-26T15:34:04+01:00,Adapters,False,1,environment.py,httpcore/environment.py,27,0,27,0,0
fab6fcd397e43e97286ba284816762cf6e7e55c9,Tom Christie,Tom Christie,2019-04-26 14:34:04+00:00,2019-04-26T15:34:04+01:00,Adapters,False,1,connection.py,httpcore/connection.py,17,33,50,0,0
fab6fcd397e43e97286ba284816762cf6e7e55c9,Tom Christie,Tom Christie,2019-04-26 14:34:04+00:00,2019-04-26T15:34:04+01:00,Adapters,False,1,http11.py,httpcore/http11.py,34,28,62,0,0
fab6fcd397e43e97286ba284816762cf6e7e55c9,Tom Christie,Tom Christie,2019-04-26 14:34:04+00:00,2019-04-26T15:34:04+01:00,Adapters,False,1,exceptions.py,httpcore/exceptions.py,6,0,6,0,0
fab6fcd397e43e97286ba284816762cf6e7e55c9,Tom Christie,Tom Christie,2019-04-26 14:34:04+00:00,2019-04-26T15:34:04+01:00,Adapters,False,1,test_api.py,tests/test_api.py,8,8,16,0,0
fab6fcd397e43e97286ba284816762cf6e7e55c9,Tom Christie,Tom Christie,2019-04-26 14:34:04+00:00,2019-04-26T15:34:04+01:00,Adapters,False,1,sync.py,httpcore/sync.py,6,15,21,0,0
fab6fcd397e43e97286ba284816762cf6e7e55c9,Tom Christie,Tom Christie,2019-04-26 14:34:04+00:00,2019-04-26T15:34:04+01:00,Adapters,False,1,streams.py,httpcore/streams.py,5,11,16,0,0
fab6fcd397e43e97286ba284816762cf6e7e55c9,Tom Christie,Tom Christie,2019-04-26 14:34:04+00:00,2019-04-26T15:34:04+01:00,Adapters,False,1,test_config.py,tests/test_config.py,4,2,6,0,0
fab6fcd397e43e97286ba284816762cf6e7e55c9,Tom Christie,Tom Christie,2019-04-26 14:34:04+00:00,2019-04-26T15:34:04+01:00,Adapters,False,1,models.py,httpcore/models.py,3,45,48,0,0
fab6fcd397e43e97286ba284816762cf6e7e55c9,Tom Christie,Tom Christie,2019-04-26 14:34:04+00:00,2019-04-26T15:34:04+01:00,Adapters,False,1,http2.py,httpcore/http2.py,26,27,53,0,0
fab6fcd397e43e97286ba284816762cf6e7e55c9,Tom Christie,Tom Christie,2019-04-26 14:34:04+00:00,2019-04-26T15:34:04+01:00,Adapters,False,1,redirects.py,httpcore/redirects.py,35,0,35,0,0
fab6fcd397e43e97286ba284816762cf6e7e55c9,Tom Christie,Tom Christie,2019-04-26 14:34:04+00:00,2019-04-26T15:34:04+01:00,Adapters,False,1,connection_pool.py,httpcore/connection_pool.py,12,16,28,0,0
8a29a0a1ad6b9eafce34f810c61b43bb00440448,Tom Christie,Tom Christie,2019-04-26 16:00:47+00:00,2019-04-26T17:00:47+01:00,Rollin',False,1,exceptions.py,httpcore/exceptions.py,5,0,5,0,1
8a29a0a1ad6b9eafce34f810c61b43bb00440448,Tom Christie,Tom Christie,2019-04-26 16:00:47+00:00,2019-04-26T17:00:47+01:00,Rollin',False,1,__init__.py,httpcore/__init__.py,1,1,2,0,1
8a29a0a1ad6b9eafce34f810c61b43bb00440448,Tom Christie,Tom Christie,2019-04-26 16:00:47+00:00,2019-04-26T17:00:47+01:00,Rollin',False,1,adapters.py,httpcore/adapters.py,1,1,2,0,0
8a29a0a1ad6b9eafce34f810c61b43bb00440448,Tom Christie,Tom Christie,2019-04-26 16:00:47+00:00,2019-04-26T17:00:47+01:00,Rollin',False,1,auth.py,httpcore/auth.py,1,1,2,0,0
8a29a0a1ad6b9eafce34f810c61b43bb00440448,Tom Christie,Tom Christie,2019-04-26 16:00:47+00:00,2019-04-26T17:00:47+01:00,Rollin',False,1,client.py,httpcore/client.py,3,3,6,0,0
8a29a0a1ad6b9eafce34f810c61b43bb00440448,Tom Christie,Tom Christie,2019-04-26 16:00:47+00:00,2019-04-26T17:00:47+01:00,Rollin',False,1,cookies.py,httpcore/cookies.py,1,1,2,0,0
8a29a0a1ad6b9eafce34f810c61b43bb00440448,Tom Christie,Tom Christie,2019-04-26 16:00:47+00:00,2019-04-26T17:00:47+01:00,Rollin',False,1,decoders.py,httpcore/decoders.py,7,7,14,0,1
8a29a0a1ad6b9eafce34f810c61b43bb00440448,Tom Christie,Tom Christie,2019-04-26 16:00:47+00:00,2019-04-26T17:00:47+01:00,Rollin',False,1,http2.py,httpcore/http2.py,1,1,2,0,0
8a29a0a1ad6b9eafce34f810c61b43bb00440448,Tom Christie,Tom Christie,2019-04-26 16:00:47+00:00,2019-04-26T17:00:47+01:00,Rollin',False,1,models.py,httpcore/models.py,130,19,149,0,0
8a29a0a1ad6b9eafce34f810c61b43bb00440448,Tom Christie,Tom Christie,2019-04-26 16:00:47+00:00,2019-04-26T17:00:47+01:00,Rollin',False,1,redirects.py,httpcore/redirects.py,53,2,55,0,0
8a29a0a1ad6b9eafce34f810c61b43bb00440448,Tom Christie,Tom Christie,2019-04-26 16:00:47+00:00,2019-04-26T17:00:47+01:00,Rollin',False,1,status_codes.py,httpcore/status_codes.py,123,0,123,0,0
8a29a0a1ad6b9eafce34f810c61b43bb00440448,Tom Christie,Tom Christie,2019-04-26 16:00:47+00:00,2019-04-26T17:00:47+01:00,Rollin',False,1,structures.py,httpcore/structures.py,20,0,20,0,0
8a29a0a1ad6b9eafce34f810c61b43bb00440448,Tom Christie,Tom Christie,2019-04-26 16:00:47+00:00,2019-04-26T17:00:47+01:00,Rollin',False,1,sync.py,httpcore/sync.py,3,3,6,0,0
8a29a0a1ad6b9eafce34f810c61b43bb00440448,Tom Christie,Tom Christie,2019-04-26 16:00:47+00:00,2019-04-26T17:00:47+01:00,Rollin',False,1,utils.py,httpcore/utils.py,52,0,52,0,0
8a29a0a1ad6b9eafce34f810c61b43bb00440448,Tom Christie,Tom Christie,2019-04-26 16:00:47+00:00,2019-04-26T17:00:47+01:00,Rollin',False,1,test_requests.py,tests/test_requests.py,30,27,57,0,0
8a29a0a1ad6b9eafce34f810c61b43bb00440448,Tom Christie,Tom Christie,2019-04-26 16:00:47+00:00,2019-04-26T17:00:47+01:00,Rollin',False,1,http11.py,httpcore/http11.py,1,1,2,0,0
bdc218f8e686a2936c4069b00acde66391eaaf4c,Yeray Diaz Diaz,Yeray Diaz Diaz,2019-04-26 19:09:57+00:00,2019-04-27T16:39:53+01:00,Wrap decoding errors with custom exceptions,False,1,__init__.py,httpcore/__init__.py,3,0,3,1,0
bdc218f8e686a2936c4069b00acde66391eaaf4c,Yeray Diaz Diaz,Yeray Diaz Diaz,2019-04-26 19:09:57+00:00,2019-04-27T16:39:53+01:00,Wrap decoding errors with custom exceptions,False,1,decoders.py,httpcore/decoders.py,29,8,37,1,1
bdc218f8e686a2936c4069b00acde66391eaaf4c,Yeray Diaz Diaz,Yeray Diaz Diaz,2019-04-26 19:09:57+00:00,2019-04-27T16:39:53+01:00,Wrap decoding errors with custom exceptions,False,1,exceptions.py,httpcore/exceptions.py,24,0,24,1,0
bdc218f8e686a2936c4069b00acde66391eaaf4c,Yeray Diaz Diaz,Yeray Diaz Diaz,2019-04-26 19:09:57+00:00,2019-04-27T16:39:53+01:00,Wrap decoding errors with custom exceptions,False,1,test_decoding.py,tests/test_decoding.py,15,0,15,1,1
99dc1a99d2d93f21f850a23c569b72a878029ccb,Yeray Diaz Diaz,Yeray Diaz Diaz,2019-04-27 16:16:41+00:00,2019-04-27T17:16:41+01:00,Add `raw` method to SyncResponse,False,1,test_sync.py,tests/test_sync.py,11,0,11,0,0
99dc1a99d2d93f21f850a23c569b72a878029ccb,Yeray Diaz Diaz,Yeray Diaz Diaz,2019-04-27 16:16:41+00:00,2019-04-27T17:16:41+01:00,Add `raw` method to SyncResponse,False,1,sync.py,httpcore/sync.py,8,0,8,0,0
e09fc3741f8b5f311a463634afcef0f3cfd97243,Tom Christie,Tom Christie,2019-04-29 10:54:48+00:00,2019-04-29T11:54:48+01:00,Restructuring,False,1,cookies.py,httpcore/cookies.py,0,18,18,0,0
e09fc3741f8b5f311a463634afcef0f3cfd97243,Tom Christie,Tom Christie,2019-04-29 10:54:48+00:00,2019-04-29T11:54:48+01:00,Restructuring,False,1,connection_pool.py,httpcore/connection_pool.py,0,157,157,0,0
e09fc3741f8b5f311a463634afcef0f3cfd97243,Tom Christie,Tom Christie,2019-04-29 10:54:48+00:00,2019-04-29T11:54:48+01:00,Restructuring,False,1,connection.py,httpcore/connection.py,0,88,88,0,0
e09fc3741f8b5f311a463634afcef0f3cfd97243,Tom Christie,Tom Christie,2019-04-29 10:54:48+00:00,2019-04-29T11:54:48+01:00,Restructuring,False,1,config.py,httpcore/config.py,1,1,2,0,0
e09fc3741f8b5f311a463634afcef0f3cfd97243,Tom Christie,Tom Christie,2019-04-29 10:54:48+00:00,2019-04-29T11:54:48+01:00,Restructuring,False,1,client.py,httpcore/client.py,6,6,12,0,0
e09fc3741f8b5f311a463634afcef0f3cfd97243,Tom Christie,Tom Christie,2019-04-29 10:54:48+00:00,2019-04-29T11:54:48+01:00,Restructuring,False,1,auth.py,httpcore/auth.py,0,18,18,0,0
e09fc3741f8b5f311a463634afcef0f3cfd97243,Tom Christie,Tom Christie,2019-04-29 10:54:48+00:00,2019-04-29T11:54:48+01:00,Restructuring,False,1,__init__.py,httpcore/dispatch/__init__.py,4,0,4,0,0
e09fc3741f8b5f311a463634afcef0f3cfd97243,Tom Christie,Tom Christie,2019-04-29 10:54:48+00:00,2019-04-29T11:54:48+01:00,Restructuring,False,1,environment.py,httpcore/adapters/environment.py,27,0,27,0,0
e09fc3741f8b5f311a463634afcef0f3cfd97243,Tom Christie,Tom Christie,2019-04-29 10:54:48+00:00,2019-04-29T11:54:48+01:00,Restructuring,False,1,cookies.py,httpcore/adapters/cookies.py,18,0,18,0,0
e09fc3741f8b5f311a463634afcef0f3cfd97243,Tom Christie,Tom Christie,2019-04-29 10:54:48+00:00,2019-04-29T11:54:48+01:00,Restructuring,False,1,authentication.py,httpcore/adapters/authentication.py,18,0,18,0,0
e09fc3741f8b5f311a463634afcef0f3cfd97243,Tom Christie,Tom Christie,2019-04-29 10:54:48+00:00,2019-04-29T11:54:48+01:00,Restructuring,False,1,adapters.py,httpcore/adapters.py,0,40,40,0,0
e09fc3741f8b5f311a463634afcef0f3cfd97243,Tom Christie,Tom Christie,2019-04-29 10:54:48+00:00,2019-04-29T11:54:48+01:00,Restructuring,False,1,__init__.py,httpcore/__init__.py,7,5,12,0,0
e09fc3741f8b5f311a463634afcef0f3cfd97243,Tom Christie,Tom Christie,2019-04-29 10:54:48+00:00,2019-04-29T11:54:48+01:00,Restructuring,False,1,redirects.py,httpcore/adapters/redirects.py,87,0,87,0,0
e09fc3741f8b5f311a463634afcef0f3cfd97243,Tom Christie,Tom Christie,2019-04-29 10:54:48+00:00,2019-04-29T11:54:48+01:00,Restructuring,False,1,connection.py,httpcore/dispatch/connection.py,93,0,93,0,0
e09fc3741f8b5f311a463634afcef0f3cfd97243,Tom Christie,Tom Christie,2019-04-29 10:54:48+00:00,2019-04-29T11:54:48+01:00,Restructuring,False,1,__init__.py,httpcore/adapters/__init__.py,4,0,4,0,0
e09fc3741f8b5f311a463634afcef0f3cfd97243,Tom Christie,Tom Christie,2019-04-29 10:54:48+00:00,2019-04-29T11:54:48+01:00,Restructuring,False,1,http11.py,httpcore/dispatch/http11.py,147,0,147,0,0
e09fc3741f8b5f311a463634afcef0f3cfd97243,Tom Christie,Tom Christie,2019-04-29 10:54:48+00:00,2019-04-29T11:54:48+01:00,Restructuring,False,1,utils.py,httpcore/utils.py,2,2,4,0,0
e09fc3741f8b5f311a463634afcef0f3cfd97243,Tom Christie,Tom Christie,2019-04-29 10:54:48+00:00,2019-04-29T11:54:48+01:00,Restructuring,False,1,sync.py,httpcore/sync.py,2,2,4,0,0
e09fc3741f8b5f311a463634afcef0f3cfd97243,Tom Christie,Tom Christie,2019-04-29 10:54:48+00:00,2019-04-29T11:54:48+01:00,Restructuring,False,1,test_redirects.py,tests/adapters/test_redirects.py,31,0,31,0,0
e09fc3741f8b5f311a463634afcef0f3cfd97243,Tom Christie,Tom Christie,2019-04-29 10:54:48+00:00,2019-04-29T11:54:48+01:00,Restructuring,False,1,structures.py,httpcore/structures.py,0,20,20,0,0
e09fc3741f8b5f311a463634afcef0f3cfd97243,Tom Christie,Tom Christie,2019-04-29 10:54:48+00:00,2019-04-29T11:54:48+01:00,Restructuring,False,1,streams.py,httpcore/streams.py,1,24,25,0,0
e09fc3741f8b5f311a463634afcef0f3cfd97243,Tom Christie,Tom Christie,2019-04-29 10:54:48+00:00,2019-04-29T11:54:48+01:00,Restructuring,False,1,status_codes.py,httpcore/status_codes.py,58,123,181,0,1
e09fc3741f8b5f311a463634afcef0f3cfd97243,Tom Christie,Tom Christie,2019-04-29 10:54:48+00:00,2019-04-29T11:54:48+01:00,Restructuring,False,1,connection_pool.py,httpcore/dispatch/connection_pool.py,157,0,157,0,0
e09fc3741f8b5f311a463634afcef0f3cfd97243,Tom Christie,Tom Christie,2019-04-29 10:54:48+00:00,2019-04-29T11:54:48+01:00,Restructuring,False,1,models.py,httpcore/models.py,3,0,3,0,0
e09fc3741f8b5f311a463634afcef0f3cfd97243,Tom Christie,Tom Christie,2019-04-29 10:54:48+00:00,2019-04-29T11:54:48+01:00,Restructuring,False,1,interfaces.py,httpcore/interfaces.py,67,0,67,0,0
e09fc3741f8b5f311a463634afcef0f3cfd97243,Tom Christie,Tom Christie,2019-04-29 10:54:48+00:00,2019-04-29T11:54:48+01:00,Restructuring,False,1,http2.py,httpcore/http2.py,0,150,150,0,0
e09fc3741f8b5f311a463634afcef0f3cfd97243,Tom Christie,Tom Christie,2019-04-29 10:54:48+00:00,2019-04-29T11:54:48+01:00,Restructuring,False,1,http11.py,httpcore/http11.py,0,142,142,0,0
e09fc3741f8b5f311a463634afcef0f3cfd97243,Tom Christie,Tom Christie,2019-04-29 10:54:48+00:00,2019-04-29T11:54:48+01:00,Restructuring,False,1,environment.py,httpcore/environment.py,0,27,27,0,0
e09fc3741f8b5f311a463634afcef0f3cfd97243,Tom Christie,Tom Christie,2019-04-29 10:54:48+00:00,2019-04-29T11:54:48+01:00,Restructuring,False,1,http2.py,httpcore/dispatch/http2.py,155,0,155,0,0
e09fc3741f8b5f311a463634afcef0f3cfd97243,Tom Christie,Tom Christie,2019-04-29 10:54:48+00:00,2019-04-29T11:54:48+01:00,Restructuring,False,1,redirects.py,httpcore/redirects.py,0,86,86,0,0
8b4ef87a892c0b8aff61ede0445ec3ca999fe26e,Tom Christie,Tom Christie,2019-04-29 11:12:08+00:00,2019-04-29T12:12:08+01:00,Redirect tests,False,1,test_redirects.py,tests/adapters/test_redirects.py,23,1,24,0,0
8b4ef87a892c0b8aff61ede0445ec3ca999fe26e,Tom Christie,Tom Christie,2019-04-29 11:12:08+00:00,2019-04-29T12:12:08+01:00,Redirect tests,False,1,__init__.py,httpcore/__init__.py,1,0,1,0,0
041813bc4a7bd45550dd8d558cb2a0893ca93cd2,Tom Christie,Tom Christie,2019-04-29 11:35:58+00:00,2019-04-29T12:35:58+01:00,Redirections,False,1,test_redirects.py,tests/adapters/test_redirects.py,66,7,73,0,0
041813bc4a7bd45550dd8d558cb2a0893ca93cd2,Tom Christie,Tom Christie,2019-04-29 11:35:58+00:00,2019-04-29T12:35:58+01:00,Redirections,False,1,models.py,httpcore/models.py,6,0,6,0,0
041813bc4a7bd45550dd8d558cb2a0893ca93cd2,Tom Christie,Tom Christie,2019-04-29 11:35:58+00:00,2019-04-29T12:35:58+01:00,Redirections,False,1,exceptions.py,httpcore/exceptions.py,13,1,14,0,1
041813bc4a7bd45550dd8d558cb2a0893ca93cd2,Tom Christie,Tom Christie,2019-04-29 11:35:58+00:00,2019-04-29T12:35:58+01:00,Redirections,False,1,redirects.py,httpcore/adapters/redirects.py,5,1,6,0,0
041813bc4a7bd45550dd8d558cb2a0893ca93cd2,Tom Christie,Tom Christie,2019-04-29 11:35:58+00:00,2019-04-29T12:35:58+01:00,Redirections,False,1,__init__.py,httpcore/__init__.py,2,1,3,0,1
6b4742303e215ce72e062cf408982e06f50b2c86,Yeray Diaz Diaz,Yeray Diaz Diaz,2019-04-29 12:38:36+00:00,2019-04-29T13:38:36+01:00,Raise single DecodingError,False,1,__init__.py,httpcore/__init__.py,1,3,4,1,1
6b4742303e215ce72e062cf408982e06f50b2c86,Yeray Diaz Diaz,Yeray Diaz Diaz,2019-04-29 12:38:36+00:00,2019-04-29T13:38:36+01:00,Raise single DecodingError,False,1,test_decoding.py,tests/test_decoding.py,3,9,12,1,0
6b4742303e215ce72e062cf408982e06f50b2c86,Yeray Diaz Diaz,Yeray Diaz Diaz,2019-04-29 12:38:36+00:00,2019-04-29T13:38:36+01:00,Raise single DecodingError,False,1,exceptions.py,httpcore/exceptions.py,0,18,18,1,1
6b4742303e215ce72e062cf408982e06f50b2c86,Yeray Diaz Diaz,Yeray Diaz Diaz,2019-04-29 12:38:36+00:00,2019-04-29T13:38:36+01:00,Raise single DecodingError,False,1,decoders.py,httpcore/decoders.py,7,7,14,1,0
4f23ab4f0d3fa074d44d055fabaa194412e28661,Tom Christie,Tom Christie,2019-04-29 13:25:24+00:00,2019-04-29T14:25:24+01:00,Rejig request preparing,False,1,test_requests.py,tests/test_requests.py,6,0,6,0,0
4f23ab4f0d3fa074d44d055fabaa194412e28661,Tom Christie,Tom Christie,2019-04-29 13:25:24+00:00,2019-04-29T14:25:24+01:00,Rejig request preparing,False,1,test_redirects.py,tests/adapters/test_redirects.py,78,10,88,0,1
4f23ab4f0d3fa074d44d055fabaa194412e28661,Tom Christie,Tom Christie,2019-04-29 13:25:24+00:00,2019-04-29T14:25:24+01:00,Rejig request preparing,False,1,models.py,httpcore/models.py,45,29,74,0,0
4f23ab4f0d3fa074d44d055fabaa194412e28661,Tom Christie,Tom Christie,2019-04-29 13:25:24+00:00,2019-04-29T14:25:24+01:00,Rejig request preparing,False,1,http2.py,httpcore/dispatch/http2.py,2,1,3,0,0
4f23ab4f0d3fa074d44d055fabaa194412e28661,Tom Christie,Tom Christie,2019-04-29 13:25:24+00:00,2019-04-29T14:25:24+01:00,Rejig request preparing,False,1,http11.py,httpcore/dispatch/http11.py,2,1,3,0,0
4f23ab4f0d3fa074d44d055fabaa194412e28661,Tom Christie,Tom Christie,2019-04-29 13:25:24+00:00,2019-04-29T14:25:24+01:00,Rejig request preparing,False,1,connection_pool.py,httpcore/dispatch/connection_pool.py,2,1,3,0,0
4f23ab4f0d3fa074d44d055fabaa194412e28661,Tom Christie,Tom Christie,2019-04-29 13:25:24+00:00,2019-04-29T14:25:24+01:00,Rejig request preparing,False,1,connection.py,httpcore/dispatch/connection.py,1,1,2,0,0
4f23ab4f0d3fa074d44d055fabaa194412e28661,Tom Christie,Tom Christie,2019-04-29 13:25:24+00:00,2019-04-29T14:25:24+01:00,Rejig request preparing,False,1,redirects.py,httpcore/adapters/redirects.py,11,3,14,0,1
83d322f7368155abe5129272b74d7a989fe79a85,Tom Christie,Tom Christie,2019-04-29 14:25:44+00:00,2019-04-29T15:25:44+01:00,Handle body in redirects,False,1,redirects.py,httpcore/adapters/redirects.py,10,2,12,1,0
83d322f7368155abe5129272b74d7a989fe79a85,Tom Christie,Tom Christie,2019-04-29 14:25:44+00:00,2019-04-29T15:25:44+01:00,Handle body in redirects,False,1,__init__.py,httpcore/__init__.py,1,0,1,1,0
83d322f7368155abe5129272b74d7a989fe79a85,Tom Christie,Tom Christie,2019-04-29 14:25:44+00:00,2019-04-29T15:25:44+01:00,Handle body in redirects,False,1,status_codes.py,httpcore/status_codes.py,4,1,5,1,0
83d322f7368155abe5129272b74d7a989fe79a85,Tom Christie,Tom Christie,2019-04-29 14:25:44+00:00,2019-04-29T15:25:44+01:00,Handle body in redirects,False,1,test_redirects.py,tests/adapters/test_redirects.py,32,0,32,1,0
83d322f7368155abe5129272b74d7a989fe79a85,Tom Christie,Tom Christie,2019-04-29 14:25:44+00:00,2019-04-29T15:25:44+01:00,Handle body in redirects,False,1,exceptions.py,httpcore/exceptions.py,7,0,7,1,0
05e0649e8fee91913b59c61515a387f0a389a8ac,Tom Christie,Tom Christie,2019-04-29 15:05:05+00:00,2019-04-29T16:05:05+01:00,Nicer headers interface,False,1,test_redirects.py,tests/adapters/test_redirects.py,33,40,73,0,0
05e0649e8fee91913b59c61515a387f0a389a8ac,Tom Christie,Tom Christie,2019-04-29 15:05:05+00:00,2019-04-29T16:05:05+01:00,Nicer headers interface,False,1,utils.py,httpcore/utils.py,19,0,19,0,0
05e0649e8fee91913b59c61515a387f0a389a8ac,Tom Christie,Tom Christie,2019-04-29 15:05:05+00:00,2019-04-29T16:05:05+01:00,Nicer headers interface,False,1,models.py,httpcore/models.py,25,2,27,0,0
b392b7ea591734813e94c9f0237365a53e17f91e,Tom Christie,Tom Christie,2019-04-29 15:08:31+00:00,2019-04-29T16:08:31+01:00,Test allow_redirects=False,False,1,test_redirects.py,tests/adapters/test_redirects.py,9,0,9,0,0
450ea25b5ad8194d180d16ede4537166ab7b3b18,Tom Christie,Tom Christie,2019-04-29 15:18:41+00:00,2019-04-29T16:18:41+01:00,Add await response.next() interface,False,1,test_redirects.py,tests/adapters/test_redirects.py,5,0,5,0,0
450ea25b5ad8194d180d16ede4537166ab7b3b18,Tom Christie,Tom Christie,2019-04-29 15:18:41+00:00,2019-04-29T16:18:41+01:00,Add await response.next() interface,False,1,redirects.py,httpcore/adapters/redirects.py,22,4,26,0,0
d652479b074a97b1829b9fa7663bf400d5e3af04,Tom Christie,Tom Christie,2019-04-29 16:14:08+00:00,2019-04-29T17:14:08+01:00,response.next(),False,1,redirects.py,httpcore/adapters/redirects.py,26,12,38,0,0
d652479b074a97b1829b9fa7663bf400d5e3af04,Tom Christie,Tom Christie,2019-04-29 16:14:08+00:00,2019-04-29T17:14:08+01:00,response.next(),False,1,decoders.py,httpcore/decoders.py,2,3,5,0,0
d652479b074a97b1829b9fa7663bf400d5e3af04,Tom Christie,Tom Christie,2019-04-29 16:14:08+00:00,2019-04-29T17:14:08+01:00,response.next(),False,1,test_redirects.py,tests/adapters/test_redirects.py,23,1,24,0,0
d652479b074a97b1829b9fa7663bf400d5e3af04,Tom Christie,Tom Christie,2019-04-29 16:14:08+00:00,2019-04-29T17:14:08+01:00,response.next(),False,1,models.py,httpcore/models.py,1,0,1,0,0
d652479b074a97b1829b9fa7663bf400d5e3af04,Tom Christie,Tom Christie,2019-04-29 16:14:08+00:00,2019-04-29T17:14:08+01:00,response.next(),False,1,exceptions.py,httpcore/exceptions.py,1,1,2,0,0
d7619a92a8fac98fa2136f262c003dd3d89df179,Tom Christie,Tom Christie,2019-04-30 10:26:11+00:00,2019-04-30T11:26:11+01:00,Finessing interface,False,1,client.py,httpcore/client.py,139,19,158,0,0
d7619a92a8fac98fa2136f262c003dd3d89df179,Tom Christie,Tom Christie,2019-04-30 10:26:11+00:00,2019-04-30T11:26:11+01:00,Finessing interface,False,1,config.py,httpcore/config.py,2,0,2,0,0
d7619a92a8fac98fa2136f262c003dd3d89df179,Tom Christie,Tom Christie,2019-04-30 10:26:11+00:00,2019-04-30T11:26:11+01:00,Finessing interface,False,1,http11.py,httpcore/dispatch/http11.py,2,2,4,0,0
d7619a92a8fac98fa2136f262c003dd3d89df179,Tom Christie,Tom Christie,2019-04-30 10:26:11+00:00,2019-04-30T11:26:11+01:00,Finessing interface,False,1,models.py,httpcore/models.py,35,23,58,0,0
d7619a92a8fac98fa2136f262c003dd3d89df179,Tom Christie,Tom Christie,2019-04-30 10:26:11+00:00,2019-04-30T11:26:11+01:00,Finessing interface,False,1,test_api.py,tests/test_api.py,4,4,8,0,0
d7619a92a8fac98fa2136f262c003dd3d89df179,Tom Christie,Tom Christie,2019-04-30 10:26:11+00:00,2019-04-30T11:26:11+01:00,Finessing interface,False,1,utils.py,httpcore/utils.py,11,0,11,0,0
d7619a92a8fac98fa2136f262c003dd3d89df179,Tom Christie,Tom Christie,2019-04-30 10:26:11+00:00,2019-04-30T11:26:11+01:00,Finessing interface,False,1,test_config.py,tests/test_config.py,18,0,18,0,0
d7619a92a8fac98fa2136f262c003dd3d89df179,Tom Christie,Tom Christie,2019-04-30 10:26:11+00:00,2019-04-30T11:26:11+01:00,Finessing interface,False,1,test_responses.py,tests/test_responses.py,2,2,4,0,0
d7619a92a8fac98fa2136f262c003dd3d89df179,Tom Christie,Tom Christie,2019-04-30 10:26:11+00:00,2019-04-30T11:26:11+01:00,Finessing interface,False,1,sync.py,httpcore/sync.py,2,2,4,0,0
4d908d024f72cc4df5d163b55d801792f5a16529,Tom Christie,Tom Christie,2019-04-30 10:40:37+00:00,2019-04-30T11:40:37+01:00,Clean up response interface,False,1,models.py,httpcore/models.py,28,14,42,0,0
dea4d42c6d9bb092fac705b712039de7c27d57f7,Tom Christie,Tom Christie,2019-04-30 12:52:37+00:00,2019-04-30T13:52:37+01:00,Rejig test and tighten up models API,False,1,exceptions.py,httpcore/exceptions.py,16,4,20,0,0
dea4d42c6d9bb092fac705b712039de7c27d57f7,Tom Christie,Tom Christie,2019-04-30 12:52:37+00:00,2019-04-30T13:52:37+01:00,Rejig test and tighten up models API,False,1,models.py,httpcore/models.py,98,23,121,0,0
dea4d42c6d9bb092fac705b712039de7c27d57f7,Tom Christie,Tom Christie,2019-04-30 12:52:37+00:00,2019-04-30T13:52:37+01:00,Rejig test and tighten up models API,False,1,utils.py,httpcore/utils.py,4,4,8,0,0
dea4d42c6d9bb092fac705b712039de7c27d57f7,Tom Christie,Tom Christie,2019-04-30 12:52:37+00:00,2019-04-30T13:52:37+01:00,Rejig test and tighten up models API,False,1,test_connection_pools.py,tests/dispatch/test_connection_pools.py,126,0,126,0,0
dea4d42c6d9bb092fac705b712039de7c27d57f7,Tom Christie,Tom Christie,2019-04-30 12:52:37+00:00,2019-04-30T13:52:37+01:00,Rejig test and tighten up models API,False,1,test_connections.py,tests/dispatch/test_connections.py,20,0,20,0,0
dea4d42c6d9bb092fac705b712039de7c27d57f7,Tom Christie,Tom Christie,2019-04-30 12:52:37+00:00,2019-04-30T13:52:37+01:00,Rejig test and tighten up models API,False,1,test_http2.py,tests/dispatch/test_http2.py,116,0,116,0,0
dea4d42c6d9bb092fac705b712039de7c27d57f7,Tom Christie,Tom Christie,2019-04-30 12:52:37+00:00,2019-04-30T13:52:37+01:00,Rejig test and tighten up models API,False,1,test_headers.py,tests/models/test_headers.py,154,0,154,0,0
dea4d42c6d9bb092fac705b712039de7c27d57f7,Tom Christie,Tom Christie,2019-04-30 12:52:37+00:00,2019-04-30T13:52:37+01:00,Rejig test and tighten up models API,False,1,test_requests.py,tests/models/test_requests.py,101,0,101,0,0
dea4d42c6d9bb092fac705b712039de7c27d57f7,Tom Christie,Tom Christie,2019-04-30 12:52:37+00:00,2019-04-30T13:52:37+01:00,Rejig test and tighten up models API,False,1,test_client.py,tests/test_client.py,43,0,43,0,0
dea4d42c6d9bb092fac705b712039de7c27d57f7,Tom Christie,Tom Christie,2019-04-30 12:52:37+00:00,2019-04-30T13:52:37+01:00,Rejig test and tighten up models API,False,1,test_api.py,tests/test_api.py,0,43,43,0,0
dea4d42c6d9bb092fac705b712039de7c27d57f7,Tom Christie,Tom Christie,2019-04-30 12:52:37+00:00,2019-04-30T13:52:37+01:00,Rejig test and tighten up models API,False,1,test_responses.py,tests/models/test_responses.py,74,0,74,0,0
dea4d42c6d9bb092fac705b712039de7c27d57f7,Tom Christie,Tom Christie,2019-04-30 12:52:37+00:00,2019-04-30T13:52:37+01:00,Rejig test and tighten up models API,False,1,test_responses.py,tests/test_responses.py,0,74,74,0,0
dea4d42c6d9bb092fac705b712039de7c27d57f7,Tom Christie,Tom Christie,2019-04-30 12:52:37+00:00,2019-04-30T13:52:37+01:00,Rejig test and tighten up models API,False,1,test_requests.py,tests/test_requests.py,0,101,101,0,0
dea4d42c6d9bb092fac705b712039de7c27d57f7,Tom Christie,Tom Christie,2019-04-30 12:52:37+00:00,2019-04-30T13:52:37+01:00,Rejig test and tighten up models API,False,1,test_http2.py,tests/test_http2.py,0,116,116,0,0
dea4d42c6d9bb092fac705b712039de7c27d57f7,Tom Christie,Tom Christie,2019-04-30 12:52:37+00:00,2019-04-30T13:52:37+01:00,Rejig test and tighten up models API,False,1,test_decoding.py,tests/test_decoding.py,0,88,88,0,0
dea4d42c6d9bb092fac705b712039de7c27d57f7,Tom Christie,Tom Christie,2019-04-30 12:52:37+00:00,2019-04-30T13:52:37+01:00,Rejig test and tighten up models API,False,1,test_decoders.py,tests/test_decoders.py,88,0,88,0,0
dea4d42c6d9bb092fac705b712039de7c27d57f7,Tom Christie,Tom Christie,2019-04-30 12:52:37+00:00,2019-04-30T13:52:37+01:00,Rejig test and tighten up models API,False,1,test_connections.py,tests/test_connections.py,0,20,20,0,0
dea4d42c6d9bb092fac705b712039de7c27d57f7,Tom Christie,Tom Christie,2019-04-30 12:52:37+00:00,2019-04-30T13:52:37+01:00,Rejig test and tighten up models API,False,1,test_connection_pools.py,tests/test_connection_pools.py,0,126,126,0,0
4c5511313c792cc3eee4a300b40e9ff6f98ba57f,Tom Christie,Tom Christie,2019-04-30 13:58:43+00:00,2019-04-30T14:58:43+01:00,Response.content,False,1,__init__.py,httpcore/__init__.py,1,0,1,0,0
4c5511313c792cc3eee4a300b40e9ff6f98ba57f,Tom Christie,Tom Christie,2019-04-30 13:58:43+00:00,2019-04-30T14:58:43+01:00,Response.content,False,1,http11.py,httpcore/dispatch/http11.py,1,1,2,0,0
4c5511313c792cc3eee4a300b40e9ff6f98ba57f,Tom Christie,Tom Christie,2019-04-30 13:58:43+00:00,2019-04-30T14:58:43+01:00,Response.content,False,1,http2.py,httpcore/dispatch/http2.py,1,1,2,0,0
4c5511313c792cc3eee4a300b40e9ff6f98ba57f,Tom Christie,Tom Christie,2019-04-30 13:58:43+00:00,2019-04-30T14:58:43+01:00,Response.content,False,1,exceptions.py,httpcore/exceptions.py,10,0,10,0,0
4c5511313c792cc3eee4a300b40e9ff6f98ba57f,Tom Christie,Tom Christie,2019-04-30 13:58:43+00:00,2019-04-30T14:58:43+01:00,Response.content,False,1,models.py,httpcore/models.py,52,33,85,0,0
4c5511313c792cc3eee4a300b40e9ff6f98ba57f,Tom Christie,Tom Christie,2019-04-30 13:58:43+00:00,2019-04-30T14:58:43+01:00,Response.content,False,1,sync.py,httpcore/sync.py,2,2,4,0,0
4c5511313c792cc3eee4a300b40e9ff6f98ba57f,Tom Christie,Tom Christie,2019-04-30 13:58:43+00:00,2019-04-30T14:58:43+01:00,Response.content,False,1,test_redirects.py,tests/adapters/test_redirects.py,6,6,12,0,0
4c5511313c792cc3eee4a300b40e9ff6f98ba57f,Tom Christie,Tom Christie,2019-04-30 13:58:43+00:00,2019-04-30T14:58:43+01:00,Response.content,False,1,test_http2.py,tests/dispatch/test_http2.py,5,5,10,0,0
4c5511313c792cc3eee4a300b40e9ff6f98ba57f,Tom Christie,Tom Christie,2019-04-30 13:58:43+00:00,2019-04-30T14:58:43+01:00,Response.content,False,1,test_headers.py,tests/models/test_headers.py,4,4,8,0,0
4c5511313c792cc3eee4a300b40e9ff6f98ba57f,Tom Christie,Tom Christie,2019-04-30 13:58:43+00:00,2019-04-30T14:58:43+01:00,Response.content,False,1,test_responses.py,tests/models/test_responses.py,15,16,31,0,0
4c5511313c792cc3eee4a300b40e9ff6f98ba57f,Tom Christie,Tom Christie,2019-04-30 13:58:43+00:00,2019-04-30T14:58:43+01:00,Response.content,False,1,test_client.py,tests/test_client.py,11,2,13,0,0
4c5511313c792cc3eee4a300b40e9ff6f98ba57f,Tom Christie,Tom Christie,2019-04-30 13:58:43+00:00,2019-04-30T14:58:43+01:00,Response.content,False,1,test_decoders.py,tests/test_decoders.py,15,14,29,0,1
4c5511313c792cc3eee4a300b40e9ff6f98ba57f,Tom Christie,Tom Christie,2019-04-30 13:58:43+00:00,2019-04-30T14:58:43+01:00,Response.content,False,1,test_sync.py,tests/test_sync.py,6,7,13,0,0
4c5511313c792cc3eee4a300b40e9ff6f98ba57f,Tom Christie,Tom Christie,2019-04-30 13:58:43+00:00,2019-04-30T14:58:43+01:00,Response.content,False,1,test_connections.py,tests/dispatch/test_connections.py,1,1,2,0,0
4255d41846035c7502ae3b5150a01ee297f6a0e8,Tom Christie,Tom Christie,2019-04-30 14:08:24+00:00,2019-04-30T15:08:24+01:00,Prefer 'content' over 'body',False,1,client.py,httpcore/client.py,11,11,22,0,0
4255d41846035c7502ae3b5150a01ee297f6a0e8,Tom Christie,Tom Christie,2019-04-30 14:08:24+00:00,2019-04-30T15:08:24+01:00,Prefer 'content' over 'body',False,1,http11.py,httpcore/dispatch/http11.py,2,2,4,0,0
4255d41846035c7502ae3b5150a01ee297f6a0e8,Tom Christie,Tom Christie,2019-04-30 14:08:24+00:00,2019-04-30T15:08:24+01:00,Prefer 'content' over 'body',False,1,interfaces.py,httpcore/interfaces.py,5,5,10,0,0
4255d41846035c7502ae3b5150a01ee297f6a0e8,Tom Christie,Tom Christie,2019-04-30 14:08:24+00:00,2019-04-30T15:08:24+01:00,Prefer 'content' over 'body',False,1,redirects.py,httpcore/adapters/redirects.py,4,4,8,0,0
4255d41846035c7502ae3b5150a01ee297f6a0e8,Tom Christie,Tom Christie,2019-04-30 14:08:24+00:00,2019-04-30T15:08:24+01:00,Prefer 'content' over 'body',False,1,test_redirects.py,tests/adapters/test_redirects.py,9,9,18,0,0
4255d41846035c7502ae3b5150a01ee297f6a0e8,Tom Christie,Tom Christie,2019-04-30 14:08:24+00:00,2019-04-30T15:08:24+01:00,Prefer 'content' over 'body',False,1,models.py,httpcore/models.py,17,19,36,0,0
4255d41846035c7502ae3b5150a01ee297f6a0e8,Tom Christie,Tom Christie,2019-04-30 14:08:24+00:00,2019-04-30T15:08:24+01:00,Prefer 'content' over 'body',False,1,test_client.py,tests/test_client.py,2,2,4,0,0
4255d41846035c7502ae3b5150a01ee297f6a0e8,Tom Christie,Tom Christie,2019-04-30 14:08:24+00:00,2019-04-30T15:08:24+01:00,Prefer 'content' over 'body',False,1,http2.py,httpcore/dispatch/http2.py,2,2,4,0,0
4255d41846035c7502ae3b5150a01ee297f6a0e8,Tom Christie,Tom Christie,2019-04-30 14:08:24+00:00,2019-04-30T15:08:24+01:00,Prefer 'content' over 'body',False,1,test_http2.py,tests/dispatch/test_http2.py,1,1,2,0,0
4255d41846035c7502ae3b5150a01ee297f6a0e8,Tom Christie,Tom Christie,2019-04-30 14:08:24+00:00,2019-04-30T15:08:24+01:00,Prefer 'content' over 'body',False,1,test_requests.py,tests/models/test_requests.py,7,5,12,0,0
d8df61b44b9de52c9639cf2da828fc5ed364b004,Tom Christie,Tom Christie,2019-04-30 15:35:25+00:00,2019-04-30T16:35:25+01:00,Add response.text and response.encoding,False,1,test_client.py,tests/test_client.py,1,1,2,0,0
d8df61b44b9de52c9639cf2da828fc5ed364b004,Tom Christie,Tom Christie,2019-04-30 15:35:25+00:00,2019-04-30T16:35:25+01:00,Add response.text and response.encoding,False,1,test_responses.py,tests/models/test_responses.py,34,3,37,0,0
d8df61b44b9de52c9639cf2da828fc5ed364b004,Tom Christie,Tom Christie,2019-04-30 15:35:25+00:00,2019-04-30T16:35:25+01:00,Add response.text and response.encoding,False,1,setup.py,setup.py,1,1,2,0,0
d8df61b44b9de52c9639cf2da828fc5ed364b004,Tom Christie,Tom Christie,2019-04-30 15:35:25+00:00,2019-04-30T16:35:25+01:00,Add response.text and response.encoding,False,1,utils.py,httpcore/utils.py,9,0,9,0,0
d8df61b44b9de52c9639cf2da828fc5ed364b004,Tom Christie,Tom Christie,2019-04-30 15:35:25+00:00,2019-04-30T16:35:25+01:00,Add response.text and response.encoding,False,1,models.py,httpcore/models.py,57,11,68,0,0
fd9823e59c7f7ca322aa035b8f59717935e3f103,Tom Christie,Tom Christie,2019-04-30 15:37:10+00:00,2019-04-30T16:37:10+01:00,Add test for explicitly setting the encoding to use,False,1,test_responses.py,tests/models/test_responses.py,10,0,10,0,0
302fe93df9fa44218b5089379fb9f3236169dec0,Tom Christie,Tom Christie,2019-04-30 16:39:40+00:00,2019-04-30T17:39:40+01:00,Use rfc3986 for URL handling,False,1,http2.py,httpcore/dispatch/http2.py,1,1,2,0,0
302fe93df9fa44218b5089379fb9f3236169dec0,Tom Christie,Tom Christie,2019-04-30 16:39:40+00:00,2019-04-30T17:39:40+01:00,Use rfc3986 for URL handling,False,1,__init__.py,httpcore/__init__.py,1,0,1,0,0
302fe93df9fa44218b5089379fb9f3236169dec0,Tom Christie,Tom Christie,2019-04-30 16:39:40+00:00,2019-04-30T17:39:40+01:00,Use rfc3986 for URL handling,False,1,redirects.py,httpcore/adapters/redirects.py,8,16,24,0,0
302fe93df9fa44218b5089379fb9f3236169dec0,Tom Christie,Tom Christie,2019-04-30 16:39:40+00:00,2019-04-30T17:39:40+01:00,Use rfc3986 for URL handling,False,1,connection.py,httpcore/dispatch/connection.py,2,2,4,0,0
302fe93df9fa44218b5089379fb9f3236169dec0,Tom Christie,Tom Christie,2019-04-30 16:39:40+00:00,2019-04-30T17:39:40+01:00,Use rfc3986 for URL handling,False,1,utils.py,httpcore/utils.py,0,52,52,0,0
302fe93df9fa44218b5089379fb9f3236169dec0,Tom Christie,Tom Christie,2019-04-30 16:39:40+00:00,2019-04-30T17:39:40+01:00,Use rfc3986 for URL handling,False,1,setup.py,setup.py,1,1,2,0,0
302fe93df9fa44218b5089379fb9f3236169dec0,Tom Christie,Tom Christie,2019-04-30 16:39:40+00:00,2019-04-30T17:39:40+01:00,Use rfc3986 for URL handling,False,1,test_requests.py,tests/models/test_requests.py,3,3,6,0,0
302fe93df9fa44218b5089379fb9f3236169dec0,Tom Christie,Tom Christie,2019-04-30 16:39:40+00:00,2019-04-30T17:39:40+01:00,Use rfc3986 for URL handling,False,1,test_responses.py,tests/models/test_responses.py,36,2,38,0,0
302fe93df9fa44218b5089379fb9f3236169dec0,Tom Christie,Tom Christie,2019-04-30 16:39:40+00:00,2019-04-30T17:39:40+01:00,Use rfc3986 for URL handling,False,1,models.py,httpcore/models.py,41,26,67,0,0
5d552eba69e9655feefc79cf1aa5d73636d84a99,Tom Christie,GitHub,2019-05-01 08:49:08+00:00,2019-05-01T09:49:08+01:00,Update test_sync.py,False,1,test_sync.py,tests/test_sync.py,1,1,2,0,0
b9487984147362b9869a500bcba3f16df732105f,Tom Christie,Tom Christie,2019-05-01 09:58:58+00:00,2019-05-01T10:58:58+01:00,Add idna support. More tests.,False,1,test_sync.py,tests/test_sync.py,2,0,2,0,0
b9487984147362b9869a500bcba3f16df732105f,Tom Christie,Tom Christie,2019-05-01 09:58:58+00:00,2019-05-01T10:58:58+01:00,Add idna support. More tests.,False,1,test_url.py,tests/models/test_url.py,7,0,7,0,0
b9487984147362b9869a500bcba3f16df732105f,Tom Christie,Tom Christie,2019-05-01 09:58:58+00:00,2019-05-01T10:58:58+01:00,Add idna support. More tests.,False,1,test_http2.py,tests/dispatch/test_http2.py,4,1,5,0,0
b9487984147362b9869a500bcba3f16df732105f,Tom Christie,Tom Christie,2019-05-01 09:58:58+00:00,2019-05-01T10:58:58+01:00,Add idna support. More tests.,False,1,setup.py,setup.py,8,1,9,0,0
b9487984147362b9869a500bcba3f16df732105f,Tom Christie,Tom Christie,2019-05-01 09:58:58+00:00,2019-05-01T10:58:58+01:00,Add idna support. More tests.,False,1,sync.py,httpcore/sync.py,4,0,4,0,0
b9487984147362b9869a500bcba3f16df732105f,Tom Christie,Tom Christie,2019-05-01 09:58:58+00:00,2019-05-01T10:58:58+01:00,Add idna support. More tests.,False,1,models.py,httpcore/models.py,37,9,46,0,0
b9487984147362b9869a500bcba3f16df732105f,Tom Christie,Tom Christie,2019-05-01 09:58:58+00:00,2019-05-01T10:58:58+01:00,Add idna support. More tests.,False,1,redirects.py,httpcore/adapters/redirects.py,3,4,7,0,0
e1ecb360d9839d31d2c5645ee4021af7dbb97800,Tom Christie,Tom Christie,2019-05-01 10:32:03+00:00,2019-05-01T11:32:03+01:00,Carefulness with encoding everywhere,False,1,http11.py,httpcore/dispatch/http11.py,3,3,6,0,0
e1ecb360d9839d31d2c5645ee4021af7dbb97800,Tom Christie,Tom Christie,2019-05-01 10:32:03+00:00,2019-05-01T11:32:03+01:00,Carefulness with encoding everywhere,False,1,http2.py,httpcore/dispatch/http2.py,5,5,10,0,0
e1ecb360d9839d31d2c5645ee4021af7dbb97800,Tom Christie,Tom Christie,2019-05-01 10:32:03+00:00,2019-05-01T11:32:03+01:00,Carefulness with encoding everywhere,False,1,test_responses.py,tests/models/test_responses.py,26,6,32,0,1
e1ecb360d9839d31d2c5645ee4021af7dbb97800,Tom Christie,Tom Christie,2019-05-01 10:32:03+00:00,2019-05-01T11:32:03+01:00,Carefulness with encoding everywhere,False,1,models.py,httpcore/models.py,6,7,13,0,1
e1ecb360d9839d31d2c5645ee4021af7dbb97800,Tom Christie,Tom Christie,2019-05-01 10:32:03+00:00,2019-05-01T11:32:03+01:00,Carefulness with encoding everywhere,False,1,test_url.py,tests/models/test_url.py,16,0,16,0,0
d7cf8bbf36dbfe72e06242cd3382646ec955a852,Tom Christie,Tom Christie,2019-05-01 11:32:31+00:00,2019-05-01T12:32:31+01:00,Media types with 'text/' should default to iso-8859-1,False,1,test_responses.py,tests/models/test_responses.py,13,0,13,1,0
d7cf8bbf36dbfe72e06242cd3382646ec955a852,Tom Christie,Tom Christie,2019-05-01 11:32:31+00:00,2019-05-01T12:32:31+01:00,Media types with 'text/' should default to iso-8859-1,False,1,models.py,httpcore/models.py,19,14,33,1,0
0ca1c844cd23cc89fb55cef7a8dc8683ffe07d91,Tom Christie,Tom Christie,2019-05-01 11:39:16+00:00,2019-05-01T12:39:16+01:00,Truckin' on,False,1,test_url.py,tests/models/test_url.py,3,1,4,0,0
0ca1c844cd23cc89fb55cef7a8dc8683ffe07d91,Tom Christie,Tom Christie,2019-05-01 11:39:16+00:00,2019-05-01T12:39:16+01:00,Truckin' on,False,1,models.py,httpcore/models.py,9,4,13,0,0
0ca1c844cd23cc89fb55cef7a8dc8683ffe07d91,Tom Christie,Tom Christie,2019-05-01 11:39:16+00:00,2019-05-01T12:39:16+01:00,Truckin' on,False,1,http2.py,httpcore/dispatch/http2.py,5,5,10,0,0
0ca1c844cd23cc89fb55cef7a8dc8683ffe07d91,Tom Christie,Tom Christie,2019-05-01 11:39:16+00:00,2019-05-01T12:39:16+01:00,Truckin' on,False,1,http11.py,httpcore/dispatch/http11.py,2,2,4,0,0
6b60d95a4d504a54210d0a1a4fc65e16ba7a1dff,Tom Christie,Tom Christie,2019-05-01 13:35:23+00:00,2019-05-01T14:35:23+01:00,Truckin' on,False,1,__init__.py,httpcore/__init__.py,1,1,2,0,0
6b60d95a4d504a54210d0a1a4fc65e16ba7a1dff,Tom Christie,Tom Christie,2019-05-01 13:35:23+00:00,2019-05-01T14:35:23+01:00,Truckin' on,False,1,connection_pool.py,httpcore/dispatch/connection_pool.py,5,5,10,0,0
6b60d95a4d504a54210d0a1a4fc65e16ba7a1dff,Tom Christie,Tom Christie,2019-05-01 13:35:23+00:00,2019-05-01T14:35:23+01:00,Truckin' on,False,1,models.py,httpcore/models.py,5,1,6,0,0
6b60d95a4d504a54210d0a1a4fc65e16ba7a1dff,Tom Christie,Tom Christie,2019-05-01 13:35:23+00:00,2019-05-01T14:35:23+01:00,Truckin' on,False,1,client.py,httpcore/client.py,4,2,6,0,0
6b60d95a4d504a54210d0a1a4fc65e16ba7a1dff,Tom Christie,Tom Christie,2019-05-01 13:35:23+00:00,2019-05-01T14:35:23+01:00,Truckin' on,False,1,sync.py,httpcore/sync.py,197,16,213,0,0
6b60d95a4d504a54210d0a1a4fc65e16ba7a1dff,Tom Christie,Tom Christie,2019-05-01 13:35:23+00:00,2019-05-01T14:35:23+01:00,Truckin' on,False,1,test_connection_pools.py,tests/dispatch/test_connection_pools.py,2,2,4,0,1
6b60d95a4d504a54210d0a1a4fc65e16ba7a1dff,Tom Christie,Tom Christie,2019-05-01 13:35:23+00:00,2019-05-01T14:35:23+01:00,Truckin' on,False,1,test_sync.py,tests/test_sync.py,10,10,20,0,0
6b60d95a4d504a54210d0a1a4fc65e16ba7a1dff,Tom Christie,Tom Christie,2019-05-01 13:35:23+00:00,2019-05-01T14:35:23+01:00,Truckin' on,False,1,test_timeouts.py,tests/test_timeouts.py,21,14,35,0,1
6b60d95a4d504a54210d0a1a4fc65e16ba7a1dff,Tom Christie,Tom Christie,2019-05-01 13:35:23+00:00,2019-05-01T14:35:23+01:00,Truckin' on,False,1,streams.py,httpcore/streams.py,4,4,8,0,0
6cb5c0de0e93bc0fa9c5cb3e220c48112f05083b,Tom Christie,Tom Christie,2019-05-01 14:17:58+00:00,2019-05-01T15:17:58+01:00,Still truckin' on,False,1,sync.py,httpcore/sync.py,40,12,52,0,0
6cb5c0de0e93bc0fa9c5cb3e220c48112f05083b,Tom Christie,Tom Christie,2019-05-01 14:17:58+00:00,2019-05-01T15:17:58+01:00,Still truckin' on,False,1,models.py,httpcore/models.py,10,1,11,0,0
5f8000fb352a23dc9f75217d92a86f583163151b,Tom Christie,Tom Christie,2019-05-01 14:58:23+00:00,2019-05-01T15:58:23+01:00,Updating docstrings,False,1,interfaces.py,httpcore/interfaces.py,26,0,26,0,0
5f8000fb352a23dc9f75217d92a86f583163151b,Tom Christie,Tom Christie,2019-05-01 14:58:23+00:00,2019-05-01T15:58:23+01:00,Updating docstrings,False,1,exceptions.py,httpcore/exceptions.py,20,11,31,0,1
5f8000fb352a23dc9f75217d92a86f583163151b,Tom Christie,Tom Christie,2019-05-01 14:58:23+00:00,2019-05-01T15:58:23+01:00,Updating docstrings,False,1,decoders.py,httpcore/decoders.py,6,3,9,0,0
0c6f6182cf0656a574c124200acd3fda58ba0d9c,Tom Christie,Tom Christie,2019-05-01 15:21:04+00:00,2019-05-01T16:21:04+01:00,Reorganise structure,False,1,connection.py,httpcore/dispatch/connection.py,2,1,3,0,0
0c6f6182cf0656a574c124200acd3fda58ba0d9c,Tom Christie,Tom Christie,2019-05-01 15:21:04+00:00,2019-05-01T16:21:04+01:00,Reorganise structure,False,1,__init__.py,httpcore/__init__.py,3,4,7,0,0
0c6f6182cf0656a574c124200acd3fda58ba0d9c,Tom Christie,Tom Christie,2019-05-01 15:21:04+00:00,2019-05-01T16:21:04+01:00,Reorganise structure,False,1,redirects.py,httpcore/adapters/redirects.py,1,1,2,0,0
0c6f6182cf0656a574c124200acd3fda58ba0d9c,Tom Christie,Tom Christie,2019-05-01 15:21:04+00:00,2019-05-01T16:21:04+01:00,Reorganise structure,False,1,__init__.py,httpcore/backends/__init__.py,2,0,2,0,0
0c6f6182cf0656a574c124200acd3fda58ba0d9c,Tom Christie,Tom Christie,2019-05-01 15:21:04+00:00,2019-05-01T16:21:04+01:00,Reorganise structure,False,1,default.py,httpcore/backends/default.py,128,0,128,0,0
0c6f6182cf0656a574c124200acd3fda58ba0d9c,Tom Christie,Tom Christie,2019-05-01 15:21:04+00:00,2019-05-01T16:21:04+01:00,Reorganise structure,False,1,connection_pool.py,httpcore/dispatch/connection_pool.py,1,1,2,0,0
0c6f6182cf0656a574c124200acd3fda58ba0d9c,Tom Christie,Tom Christie,2019-05-01 15:21:04+00:00,2019-05-01T16:21:04+01:00,Reorganise structure,False,1,sync.py,httpcore/backends/sync.py,304,0,304,0,0
0c6f6182cf0656a574c124200acd3fda58ba0d9c,Tom Christie,Tom Christie,2019-05-01 15:21:04+00:00,2019-05-01T16:21:04+01:00,Reorganise structure,False,1,http2.py,httpcore/dispatch/http2.py,1,2,3,0,0
0c6f6182cf0656a574c124200acd3fda58ba0d9c,Tom Christie,Tom Christie,2019-05-01 15:21:04+00:00,2019-05-01T16:21:04+01:00,Reorganise structure,False,1,http11.py,httpcore/dispatch/http11.py,1,2,3,0,0
0c6f6182cf0656a574c124200acd3fda58ba0d9c,Tom Christie,Tom Christie,2019-05-01 15:21:04+00:00,2019-05-01T16:21:04+01:00,Reorganise structure,False,1,utils.py,httpcore/utils.py,4,1,5,0,0
0c6f6182cf0656a574c124200acd3fda58ba0d9c,Tom Christie,Tom Christie,2019-05-01 15:21:04+00:00,2019-05-01T16:21:04+01:00,Reorganise structure,False,1,sync.py,httpcore/sync.py,0,304,304,0,0
0c6f6182cf0656a574c124200acd3fda58ba0d9c,Tom Christie,Tom Christie,2019-05-01 15:21:04+00:00,2019-05-01T16:21:04+01:00,Reorganise structure,False,1,constants.py,httpcore/constants.py,67,0,67,0,0
0c6f6182cf0656a574c124200acd3fda58ba0d9c,Tom Christie,Tom Christie,2019-05-01 15:21:04+00:00,2019-05-01T16:21:04+01:00,Reorganise structure,False,1,status_codes.py,httpcore/status_codes.py,0,61,61,0,0
0c6f6182cf0656a574c124200acd3fda58ba0d9c,Tom Christie,Tom Christie,2019-05-01 15:21:04+00:00,2019-05-01T16:21:04+01:00,Reorganise structure,False,1,models.py,httpcore/models.py,1,1,2,0,0
0c6f6182cf0656a574c124200acd3fda58ba0d9c,Tom Christie,Tom Christie,2019-05-01 15:21:04+00:00,2019-05-01T16:21:04+01:00,Reorganise structure,False,1,streams.py,httpcore/streams.py,0,133,133,0,0
8a227c1f2bd9b409602f5ed4e8ccd4c20245ad6a,Tom Christie,Tom Christie,2019-05-02 11:11:05+00:00,2019-05-02T12:11:05+01:00,Fix docstrings,False,1,models.py,httpcore/models.py,2,3,5,0,0
fb6d14f9e8c3ed2d7f3628906c3a1ac100a58b24,Matus Ferech,Matus Ferech,2019-05-04 15:42:27+00:00,2019-05-04T17:42:27+02:00,Add `raise_for_status` to `Response`,False,1,models.py,httpcore/models.py,26,1,27,0,0
21970153864d541af243d7adba3eb4510cbdfd5f,Matus Ferech,Matus Ferech,2019-05-04 15:42:55+00:00,2019-05-04T17:42:55+02:00,Add `HttpError`,False,1,exceptions.py,httpcore/exceptions.py,6,0,6,1,0
0629e55f98dd315bcc31ec894b523f424afe3125,Matus Ferech,Matus Ferech,2019-05-04 15:44:06+00:00,2019-05-04T17:44:06+02:00,Add `status_code` endpoint,False,1,conftest.py,tests/conftest.py,14,0,14,0,0
c628eb061ced1c213c9dca8046930ac2657c5589,Matus Ferech,Matus Ferech,2019-05-04 15:44:35+00:00,2019-05-04T17:44:35+02:00,Test `raise_for_status`,False,1,test_client.py,tests/test_client.py,15,0,15,0,0
6d162a0d3a77e986e231c140cfb7971df0b53599,Tom Christie,Tom Christie,2019-05-08 09:47:22+00:00,2019-05-08T10:47:22+01:00,Graceful behavior for unclosed HTTPS connections,False,1,default.py,httpcore/backends/default.py,20,1,21,0,0
211bef130b972e007a9d79e84ac38ee3c566f0b3,Tom Christie,Tom Christie,2019-05-08 11:01:48+00:00,2019-05-08T12:01:48+01:00,Add QueryParams class,False,1,default.py,httpcore/backends/default.py,7,6,13,0,0
211bef130b972e007a9d79e84ac38ee3c566f0b3,Tom Christie,Tom Christie,2019-05-08 11:01:48+00:00,2019-05-08T12:01:48+01:00,Add QueryParams class,False,1,__init__.py,httpcore/__init__.py,1,1,2,0,0
211bef130b972e007a9d79e84ac38ee3c566f0b3,Tom Christie,Tom Christie,2019-05-08 11:01:48+00:00,2019-05-08T12:01:48+01:00,Add QueryParams class,False,1,test_queryparams.py,tests/models/test_queryparams.py,33,0,33,0,0
211bef130b972e007a9d79e84ac38ee3c566f0b3,Tom Christie,Tom Christie,2019-05-08 11:01:48+00:00,2019-05-08T12:01:48+01:00,Add QueryParams class,False,1,models.py,httpcore/models.py,83,4,87,0,0
faededae59b95bd46bdbb063f2b3d3ae5b45ee55,Tom Christie,Tom Christie,2019-05-08 11:43:06+00:00,2019-05-08T12:43:06+01:00,Add query_params support,False,1,client.py,httpcore/client.py,27,2,29,0,0
faededae59b95bd46bdbb063f2b3d3ae5b45ee55,Tom Christie,Tom Christie,2019-05-08 11:43:06+00:00,2019-05-08T12:43:06+01:00,Add query_params support,False,1,test_url.py,tests/models/test_url.py,10,0,10,0,0
faededae59b95bd46bdbb063f2b3d3ae5b45ee55,Tom Christie,Tom Christie,2019-05-08 11:43:06+00:00,2019-05-08T12:43:06+01:00,Add query_params support,False,1,models.py,httpcore/models.py,11,2,13,0,0
666d5a84f3ecd4dabc2261e141c7a5e794f26fc3,Tom Christie,Tom Christie,2019-05-08 12:52:12+00:00,2019-05-08T13:52:12+01:00,Improve class __repr__,False,1,models.py,httpcore/models.py,6,2,8,0,0
e99ffbd7acbffb0d4eddd912ad3a30571f62a499,Tom Christie,Tom Christie,2019-05-08 12:52:26+00:00,2019-05-08T13:52:26+01:00,Increase test coverage,False,1,test_responses.py,tests/models/test_responses.py,16,1,17,0,1
e99ffbd7acbffb0d4eddd912ad3a30571f62a499,Tom Christie,Tom Christie,2019-05-08 12:52:26+00:00,2019-05-08T13:52:26+01:00,Increase test coverage,False,1,test_requests.py,tests/models/test_requests.py,5,0,5,0,0
19542f2c3cdb0104c23887b07c9c7a2c53964a93,Tom Christie,Tom Christie,2019-05-08 13:45:06+00:00,2019-05-08T14:45:06+01:00,Request(content=...) -> Request(data=...),False,1,sync.py,httpcore/backends/sync.py,22,11,33,0,1
19542f2c3cdb0104c23887b07c9c7a2c53964a93,Tom Christie,Tom Christie,2019-05-08 13:45:06+00:00,2019-05-08T14:45:06+01:00,Request(content=...) -> Request(data=...),False,1,client.py,httpcore/client.py,11,11,22,0,0
19542f2c3cdb0104c23887b07c9c7a2c53964a93,Tom Christie,Tom Christie,2019-05-08 13:45:06+00:00,2019-05-08T14:45:06+01:00,Request(content=...) -> Request(data=...),False,1,interfaces.py,httpcore/interfaces.py,14,3,17,0,0
19542f2c3cdb0104c23887b07c9c7a2c53964a93,Tom Christie,Tom Christie,2019-05-08 13:45:06+00:00,2019-05-08T14:45:06+01:00,Request(content=...) -> Request(data=...),False,1,models.py,httpcore/models.py,8,6,14,0,0
19542f2c3cdb0104c23887b07c9c7a2c53964a93,Tom Christie,Tom Christie,2019-05-08 13:45:06+00:00,2019-05-08T14:45:06+01:00,Request(content=...) -> Request(data=...),False,1,redirects.py,httpcore/adapters/redirects.py,1,1,2,0,0
19542f2c3cdb0104c23887b07c9c7a2c53964a93,Tom Christie,Tom Christie,2019-05-08 13:45:06+00:00,2019-05-08T14:45:06+01:00,Request(content=...) -> Request(data=...),False,1,test_http2.py,tests/dispatch/test_http2.py,1,1,2,0,0
19542f2c3cdb0104c23887b07c9c7a2c53964a93,Tom Christie,Tom Christie,2019-05-08 13:45:06+00:00,2019-05-08T14:45:06+01:00,Request(content=...) -> Request(data=...),False,1,test_requests.py,tests/models/test_requests.py,5,5,10,0,0
19542f2c3cdb0104c23887b07c9c7a2c53964a93,Tom Christie,Tom Christie,2019-05-08 13:45:06+00:00,2019-05-08T14:45:06+01:00,Request(content=...) -> Request(data=...),False,1,test_sync.py,tests/test_sync.py,1,1,2,0,1
19542f2c3cdb0104c23887b07c9c7a2c53964a93,Tom Christie,Tom Christie,2019-05-08 13:45:06+00:00,2019-05-08T14:45:06+01:00,Request(content=...) -> Request(data=...),False,1,test_redirects.py,tests/adapters/test_redirects.py,3,3,6,0,0
19542f2c3cdb0104c23887b07c9c7a2c53964a93,Tom Christie,Tom Christie,2019-05-08 13:45:06+00:00,2019-05-08T14:45:06+01:00,Request(content=...) -> Request(data=...),False,1,test_client.py,tests/test_client.py,2,2,4,0,0
e91c69d2adb0dadf9d5c66b7d4e666fdf0d29abf,Tom Christie,Tom Christie,2019-05-08 13:59:41+00:00,2019-05-08T14:59:41+01:00,Support url-encoded data in requests,False,1,models.py,httpcore/models.py,8,3,11,0,0
e91c69d2adb0dadf9d5c66b7d4e666fdf0d29abf,Tom Christie,Tom Christie,2019-05-08 13:59:41+00:00,2019-05-08T14:59:41+01:00,Support url-encoded data in requests,False,1,test_requests.py,tests/models/test_requests.py,15,3,18,0,0
a260d0ace87727c2a64f008a20c33c73fefdfc8b,Taoufik,GitHub,2019-05-08 15:31:06+00:00,2019-05-08T17:31:06+02:00,Remove print,False,1,test_headers.py,tests/models/test_headers.py,0,1,1,0,0
b3af383923bbf6c7ca2dd72630b3e32f9d32f490,Yeray Diaz Diaz,Yeray Diaz Diaz,2019-05-11 12:24:20+00:00,2019-05-13T20:33:16+01:00,Add test to https server,False,1,conftest.py,tests/conftest.py,25,0,25,0,0
b3af383923bbf6c7ca2dd72630b3e32f9d32f490,Yeray Diaz Diaz,Yeray Diaz Diaz,2019-05-11 12:24:20+00:00,2019-05-13T20:33:16+01:00,Add test to https server,False,1,test_connections.py,tests/dispatch/test_connections.py,9,1,10,0,0
b4ab7bb619d89a93d0483c60196393414b61d04f,Yeray Diaz Diaz,Yeray Diaz Diaz,2019-05-11 13:56:08+00:00,2019-05-13T20:39:24+01:00,Additional tests for SyncClient,False,1,test_client.py,tests/client/test_client.py,46,0,46,0,0
b1c4d8acf6a31e807cc1f31c178e124e2a1779ca,Yun Xu,Yun Xu,2019-05-11 17:08:20+00:00,2019-05-11T10:08:20-07:00,optimize str bytes concatenation,False,1,models.py,httpcore/models.py,2,8,10,0,1
d6628ca88a84ddc84a6186a53571bb42cd11105f,Tom Christie,Tom Christie,2019-05-13 10:54:51+00:00,2019-05-13T11:54:51+01:00,Drop 'adapters',False,1,test_connections.py,tests/dispatch/test_connections.py,9,7,16,0,0
d6628ca88a84ddc84a6186a53571bb42cd11105f,Tom Christie,Tom Christie,2019-05-13 10:54:51+00:00,2019-05-13T11:54:51+01:00,Drop 'adapters',False,1,__init__.py,httpcore/__init__.py,1,2,3,0,1
d6628ca88a84ddc84a6186a53571bb42cd11105f,Tom Christie,Tom Christie,2019-05-13 10:54:51+00:00,2019-05-13T11:54:51+01:00,Drop 'adapters',False,1,test_http2.py,tests/dispatch/test_http2.py,28,10,38,0,0
d6628ca88a84ddc84a6186a53571bb42cd11105f,Tom Christie,Tom Christie,2019-05-13 10:54:51+00:00,2019-05-13T11:54:51+01:00,Drop 'adapters',False,1,authentication.py,httpcore/adapters/authentication.py,0,18,18,0,0
d6628ca88a84ddc84a6186a53571bb42cd11105f,Tom Christie,Tom Christie,2019-05-13 10:54:51+00:00,2019-05-13T11:54:51+01:00,Drop 'adapters',False,1,test_client.py,tests/test_client.py,0,67,67,0,0
d6628ca88a84ddc84a6186a53571bb42cd11105f,Tom Christie,Tom Christie,2019-05-13 10:54:51+00:00,2019-05-13T11:54:51+01:00,Drop 'adapters',False,1,environment.py,httpcore/adapters/environment.py,0,27,27,0,0
d6628ca88a84ddc84a6186a53571bb42cd11105f,Tom Christie,Tom Christie,2019-05-13 10:54:51+00:00,2019-05-13T11:54:51+01:00,Drop 'adapters',False,1,redirects.py,httpcore/adapters/redirects.py,0,130,130,0,0
d6628ca88a84ddc84a6186a53571bb42cd11105f,Tom Christie,Tom Christie,2019-05-13 10:54:51+00:00,2019-05-13T11:54:51+01:00,Drop 'adapters',False,1,__init__.py,httpcore/adapters/__init__.py,0,4,4,0,0
d6628ca88a84ddc84a6186a53571bb42cd11105f,Tom Christie,Tom Christie,2019-05-13 10:54:51+00:00,2019-05-13T11:54:51+01:00,Drop 'adapters',False,1,connection.py,httpcore/dispatch/connection.py,23,14,37,0,0
d6628ca88a84ddc84a6186a53571bb42cd11105f,Tom Christie,Tom Christie,2019-05-13 10:54:51+00:00,2019-05-13T11:54:51+01:00,Drop 'adapters',False,1,test_redirects.py,tests/client/test_redirects.py,246,0,246,0,1
d6628ca88a84ddc84a6186a53571bb42cd11105f,Tom Christie,Tom Christie,2019-05-13 10:54:51+00:00,2019-05-13T11:54:51+01:00,Drop 'adapters',False,1,test_client.py,tests/client/test_client.py,67,0,67,0,1
d6628ca88a84ddc84a6186a53571bb42cd11105f,Tom Christie,Tom Christie,2019-05-13 10:54:51+00:00,2019-05-13T11:54:51+01:00,Drop 'adapters',False,1,client.py,httpcore/client.py,146,50,196,0,1
d6628ca88a84ddc84a6186a53571bb42cd11105f,Tom Christie,Tom Christie,2019-05-13 10:54:51+00:00,2019-05-13T11:54:51+01:00,Drop 'adapters',False,1,test_redirects.py,tests/adapters/test_redirects.py,0,241,241,0,0
d6628ca88a84ddc84a6186a53571bb42cd11105f,Tom Christie,Tom Christie,2019-05-13 10:54:51+00:00,2019-05-13T11:54:51+01:00,Drop 'adapters',False,1,cookies.py,httpcore/adapters/cookies.py,0,18,18,0,0
d6628ca88a84ddc84a6186a53571bb42cd11105f,Tom Christie,Tom Christie,2019-05-13 10:54:51+00:00,2019-05-13T11:54:51+01:00,Drop 'adapters',False,1,http2.py,httpcore/dispatch/http2.py,5,10,15,0,0
d6628ca88a84ddc84a6186a53571bb42cd11105f,Tom Christie,Tom Christie,2019-05-13 10:54:51+00:00,2019-05-13T11:54:51+01:00,Drop 'adapters',False,1,http11.py,httpcore/dispatch/http11.py,5,10,15,0,0
d6628ca88a84ddc84a6186a53571bb42cd11105f,Tom Christie,Tom Christie,2019-05-13 10:54:51+00:00,2019-05-13T11:54:51+01:00,Drop 'adapters',False,1,connection_pool.py,httpcore/dispatch/connection_pool.py,12,7,19,0,0
d6628ca88a84ddc84a6186a53571bb42cd11105f,Tom Christie,Tom Christie,2019-05-13 10:54:51+00:00,2019-05-13T11:54:51+01:00,Drop 'adapters',False,1,interfaces.py,httpcore/interfaces.py,17,8,25,0,0
8627b628639f10de88d6760b736095b066f8e7d3,Tom Christie,Tom Christie,2019-05-13 12:48:08+00:00,2019-05-13T13:48:08+01:00,Switch to sync-by-default,False,1,test_timeouts.py,tests/test_timeouts.py,4,4,8,1,1
8627b628639f10de88d6760b736095b066f8e7d3,Tom Christie,Tom Christie,2019-05-13 12:48:08+00:00,2019-05-13T13:48:08+01:00,Switch to sync-by-default,False,1,test_sync.py,tests/test_sync.py,0,71,71,1,0
8627b628639f10de88d6760b736095b066f8e7d3,Tom Christie,Tom Christie,2019-05-13 12:48:08+00:00,2019-05-13T13:48:08+01:00,Switch to sync-by-default,False,1,test_redirects.py,tests/client/test_redirects.py,17,17,34,1,0
8627b628639f10de88d6760b736095b066f8e7d3,Tom Christie,Tom Christie,2019-05-13 12:48:08+00:00,2019-05-13T13:48:08+01:00,Switch to sync-by-default,False,1,test_asnyc_client.py,tests/client/test_asnyc_client.py,67,0,67,1,0
8627b628639f10de88d6760b736095b066f8e7d3,Tom Christie,Tom Christie,2019-05-13 12:48:08+00:00,2019-05-13T13:48:08+01:00,Switch to sync-by-default,False,1,models.py,httpcore/models.py,81,4,85,1,0
8627b628639f10de88d6760b736095b066f8e7d3,Tom Christie,Tom Christie,2019-05-13 12:48:08+00:00,2019-05-13T13:48:08+01:00,Switch to sync-by-default,False,1,client.py,httpcore/client.py,241,2,243,1,0
8627b628639f10de88d6760b736095b066f8e7d3,Tom Christie,Tom Christie,2019-05-13 12:48:08+00:00,2019-05-13T13:48:08+01:00,Switch to sync-by-default,False,1,sync.py,httpcore/backends/sync.py,0,315,315,1,0
8627b628639f10de88d6760b736095b066f8e7d3,Tom Christie,Tom Christie,2019-05-13 12:48:08+00:00,2019-05-13T13:48:08+01:00,Switch to sync-by-default,False,1,__init__.py,httpcore/__init__.py,1,2,3,1,0
8627b628639f10de88d6760b736095b066f8e7d3,Tom Christie,Tom Christie,2019-05-13 12:48:08+00:00,2019-05-13T13:48:08+01:00,Switch to sync-by-default,False,1,test_client.py,tests/client/test_client.py,51,47,98,1,0
2a3a97a1c39946fa7ac7fb5c0857db274c5532eb,Tom Christie,Tom Christie,2019-05-13 12:51:51+00:00,2019-05-13T13:51:51+01:00,Drop 'backends' directory,False,1,concurrency.py,httpcore/concurrency.py,148,0,148,0,0
2a3a97a1c39946fa7ac7fb5c0857db274c5532eb,Tom Christie,Tom Christie,2019-05-13 12:51:51+00:00,2019-05-13T13:51:51+01:00,Drop 'backends' directory,False,1,default.py,httpcore/backends/default.py,0,148,148,0,0
2a3a97a1c39946fa7ac7fb5c0857db274c5532eb,Tom Christie,Tom Christie,2019-05-13 12:51:51+00:00,2019-05-13T13:51:51+01:00,Drop 'backends' directory,False,1,connection.py,httpcore/dispatch/connection.py,1,1,2,0,0
2a3a97a1c39946fa7ac7fb5c0857db274c5532eb,Tom Christie,Tom Christie,2019-05-13 12:51:51+00:00,2019-05-13T13:51:51+01:00,Drop 'backends' directory,False,1,connection_pool.py,httpcore/dispatch/connection_pool.py,1,1,2,0,0
2a3a97a1c39946fa7ac7fb5c0857db274c5532eb,Tom Christie,Tom Christie,2019-05-13 12:51:51+00:00,2019-05-13T13:51:51+01:00,Drop 'backends' directory,False,1,__init__.py,httpcore/backends/__init__.py,0,2,2,0,0
3b4439039dc278628c1c3d212af53e953d920651,Tom Christie,Tom Christie,2019-05-13 13:34:24+00:00,2019-05-13T14:34:24+01:00,Use stdlib status codes,False,1,test_redirects.py,tests/client/test_redirects.py,21,21,42,0,0
3b4439039dc278628c1c3d212af53e953d920651,Tom Christie,Tom Christie,2019-05-13 13:34:24+00:00,2019-05-13T14:34:24+01:00,Use stdlib status codes,False,1,status_codes.py,httpcore/status_codes.py,3,0,3,0,0
3b4439039dc278628c1c3d212af53e953d920651,Tom Christie,Tom Christie,2019-05-13 13:34:24+00:00,2019-05-13T14:34:24+01:00,Use stdlib status codes,False,1,models.py,httpcore/models.py,6,6,12,0,0
3b4439039dc278628c1c3d212af53e953d920651,Tom Christie,Tom Christie,2019-05-13 13:34:24+00:00,2019-05-13T14:34:24+01:00,Use stdlib status codes,False,1,interfaces.py,httpcore/interfaces.py,6,0,6,0,0
3b4439039dc278628c1c3d212af53e953d920651,Tom Christie,Tom Christie,2019-05-13 13:34:24+00:00,2019-05-13T14:34:24+01:00,Use stdlib status codes,False,1,connection.py,httpcore/dispatch/connection.py,1,2,3,0,0
3b4439039dc278628c1c3d212af53e953d920651,Tom Christie,Tom Christie,2019-05-13 13:34:24+00:00,2019-05-13T14:34:24+01:00,Use stdlib status codes,False,1,constants.py,httpcore/constants.py,0,67,67,0,0
3b4439039dc278628c1c3d212af53e953d920651,Tom Christie,Tom Christie,2019-05-13 13:34:24+00:00,2019-05-13T14:34:24+01:00,Use stdlib status codes,False,1,concurrency.py,httpcore/concurrency.py,1,2,3,0,0
3b4439039dc278628c1c3d212af53e953d920651,Tom Christie,Tom Christie,2019-05-13 13:34:24+00:00,2019-05-13T14:34:24+01:00,Use stdlib status codes,False,1,client.py,httpcore/client.py,4,4,8,0,0
3b4439039dc278628c1c3d212af53e953d920651,Tom Christie,Tom Christie,2019-05-13 13:34:24+00:00,2019-05-13T14:34:24+01:00,Use stdlib status codes,False,1,__init__.py,httpcore/__init__.py,2,2,4,0,0
f1b10e593cfd49b1326549414f2bebd5604968e1,Tom Christie,Tom Christie,2019-05-13 15:54:41+00:00,2019-05-13T16:54:41+01:00,Minor docstring tweak,False,1,interfaces.py,httpcore/interfaces.py,2,2,4,0,0
e46ee49974645ed911c38d51ee214feec514c62d,Yeray Diaz Diaz,Yeray Diaz Diaz,2019-05-13 19:41:50+00:00,2019-05-13T20:41:50+01:00,Rename `test_asnyc_client` > `test_async_client`,False,1,test_asnyc_client.py,tests/client/test_asnyc_client.py,0,67,67,0,0
e46ee49974645ed911c38d51ee214feec514c62d,Yeray Diaz Diaz,Yeray Diaz Diaz,2019-05-13 19:41:50+00:00,2019-05-13T20:41:50+01:00,Rename `test_asnyc_client` > `test_async_client`,False,1,test_async_client.py,tests/client/test_async_client.py,67,0,67,0,0
fe5a3b875b6f10a2f7769c791c8a85ba1ed18b8b,Yeray Diaz Diaz,Yeray Diaz Diaz,2019-05-13 20:01:13+00:00,2019-05-13T21:01:13+01:00,Add tests for additional HTTP methods on async client,False,1,test_client.py,tests/client/test_client.py,27,9,36,0,0
fe5a3b875b6f10a2f7769c791c8a85ba1ed18b8b,Yeray Diaz Diaz,Yeray Diaz Diaz,2019-05-13 20:01:13+00:00,2019-05-13T21:01:13+01:00,Add tests for additional HTTP methods on async client,False,1,test_async_client.py,tests/client/test_async_client.py,46,0,46,0,0
fe5a3b875b6f10a2f7769c791c8a85ba1ed18b8b,Yeray Diaz Diaz,Yeray Diaz Diaz,2019-05-13 20:01:13+00:00,2019-05-13T21:01:13+01:00,Add tests for additional HTTP methods on async client,False,1,models.py,httpcore/models.py,4,0,4,0,0
2694c48492077d93b7f4c2958e7dce0f2319b0ea,Tom Christie,Tom Christie,2019-05-14 09:25:31+00:00,2019-05-14T10:25:31+01:00,Add ConcurrencyBackend interface,False,1,conftest.py,tests/conftest.py,0,1,1,0,0
2694c48492077d93b7f4c2958e7dce0f2319b0ea,Tom Christie,Tom Christie,2019-05-14 09:25:31+00:00,2019-05-14T10:25:31+01:00,Add ConcurrencyBackend interface,False,1,interfaces.py,httpcore/interfaces.py,16,1,17,0,0
2694c48492077d93b7f4c2958e7dce0f2319b0ea,Tom Christie,Tom Christie,2019-05-14 09:25:31+00:00,2019-05-14T10:25:31+01:00,Add ConcurrencyBackend interface,False,1,connection_pool.py,httpcore/dispatch/connection_pool.py,7,3,10,0,0
2694c48492077d93b7f4c2958e7dce0f2319b0ea,Tom Christie,Tom Christie,2019-05-14 09:25:31+00:00,2019-05-14T10:25:31+01:00,Add ConcurrencyBackend interface,False,1,connection.py,httpcore/dispatch/connection.py,7,3,10,0,0
2694c48492077d93b7f4c2958e7dce0f2319b0ea,Tom Christie,Tom Christie,2019-05-14 09:25:31+00:00,2019-05-14T10:25:31+01:00,Add ConcurrencyBackend interface,False,1,concurrency.py,httpcore/concurrency.py,62,40,102,0,0
2fe07c3496b751d2bb477090c7c83d3c0656d167,Yeray Diaz Diaz,Yeray Diaz Diaz,2019-05-14 12:27:55+00:00,2019-05-14T13:27:55+01:00,Add missing lines to coverage report,False,1,test,scripts/test,1,1,2,0,0
8d53257915dcacae6f8b9505688a7407810a606d,Yeray Diaz Diaz,Yeray Diaz Diaz,2019-05-14 12:37:10+00:00,2019-05-14T13:37:10+01:00,Add tests for config,False,1,test_config.py,tests/test_config.py,39,0,39,0,0
8d53257915dcacae6f8b9505688a7407810a606d,Yeray Diaz Diaz,Yeray Diaz Diaz,2019-05-14 12:37:10+00:00,2019-05-14T13:37:10+01:00,Add tests for config,False,1,conftest.py,tests/conftest.py,13,12,25,0,0
d42bf90df411f264f63cc1b24043231461212c0b,Yeray Diaz Diaz,Yeray Diaz Diaz,2019-05-14 12:43:12+00:00,2019-05-14T13:43:12+01:00,Exclude decoder's flush try..except from coverage,False,1,decoders.py,httpcore/decoders.py,3,3,6,0,0
3acc31621cedbdfaea1e4dc05dd4b137c28f92c6,Tom Christie,Tom Christie,2019-05-14 13:11:13+00:00,2019-05-14T14:11:13+01:00,Support alternate concurrency backends from client & rejig tests,False,1,__init__.py,httpcore/__init__.py,2,1,3,0,0
3acc31621cedbdfaea1e4dc05dd4b137c28f92c6,Tom Christie,Tom Christie,2019-05-14 13:11:13+00:00,2019-05-14T14:11:13+01:00,Support alternate concurrency backends from client & rejig tests,False,1,client.py,httpcore/client.py,7,2,9,0,0
3acc31621cedbdfaea1e4dc05dd4b137c28f92c6,Tom Christie,Tom Christie,2019-05-14 13:11:13+00:00,2019-05-14T14:11:13+01:00,Support alternate concurrency backends from client & rejig tests,False,1,utils.py,tests/dispatch/utils.py,108,0,108,0,0
3acc31621cedbdfaea1e4dc05dd4b137c28f92c6,Tom Christie,Tom Christie,2019-05-14 13:11:13+00:00,2019-05-14T14:11:13+01:00,Support alternate concurrency backends from client & rejig tests,False,1,test_http2.py,tests/dispatch/test_http2.py,24,103,127,0,0
3acc31621cedbdfaea1e4dc05dd4b137c28f92c6,Tom Christie,Tom Christie,2019-05-14 13:11:13+00:00,2019-05-14T14:11:13+01:00,Support alternate concurrency backends from client & rejig tests,False,1,__init__.py,tests/dispatch/__init__.py,0,0,0,0,0
e40b0bfe83dddba43651a6d2cd1166c6f4490c3d,Tom Christie,Tom Christie,2019-05-14 13:34:43+00:00,2019-05-14T14:34:43+01:00,Tidy up redirect tests,False,1,test_redirects.py,tests/client/test_redirects.py,17,19,36,0,0
73d5fca8237cbc53de46aec8b0c25e361e5c41eb,Tom Christie,Tom Christie,2019-05-14 13:35:47+00:00,2019-05-14T14:35:47+01:00,repr change: <SyncResponse ...> -> <Response ...>,False,1,test_client.py,tests/client/test_client.py,1,1,2,0,0
73d5fca8237cbc53de46aec8b0c25e361e5c41eb,Tom Christie,Tom Christie,2019-05-14 13:35:47+00:00,2019-05-14T14:35:47+01:00,repr change: <SyncResponse ...> -> <Response ...>,False,1,models.py,httpcore/models.py,2,4,6,0,0
8f4abe057bb5e85adc2dc3fe683642ce9f89ada2,Tom Christie,Tom Christie,2019-05-14 13:35:55+00:00,2019-05-14T14:35:55+01:00,Linting,False,1,utils.py,tests/dispatch/utils.py,8,1,9,0,0
8f4abe057bb5e85adc2dc3fe683642ce9f89ada2,Tom Christie,Tom Christie,2019-05-14 13:35:55+00:00,2019-05-14T14:35:55+01:00,Linting,False,1,test_http2.py,tests/dispatch/test_http2.py,9,6,15,0,0
019c5d16138e771d330c95c15fc426c4a74dcd35,Tom Christie,Tom Christie,2019-05-14 14:27:25+00:00,2019-05-14T15:27:25+01:00,Drop top-level imports that don't need to be public API,False,1,__init__.py,httpcore/__init__.py,0,2,2,0,1
2e9ab2e904abe5feec2ccb74eecb7f874bde5ba9,Yeray Diaz Diaz,Tom Christie,2019-05-15 13:30:00+00:00,2019-05-15T14:30:00+01:00,Include URL.__hash__ in test (#64),False,1,test_url.py,tests/models/test_url.py,11,0,11,0,0
2e9ab2e904abe5feec2ccb74eecb7f874bde5ba9,Yeray Diaz Diaz,Tom Christie,2019-05-15 13:30:00+00:00,2019-05-15T14:30:00+01:00,Include URL.__hash__ in test (#64),False,1,test_requests.py,tests/models/test_requests.py,4,2,6,0,0
2e9ab2e904abe5feec2ccb74eecb7f874bde5ba9,Yeray Diaz Diaz,Tom Christie,2019-05-15 13:30:00+00:00,2019-05-15T14:30:00+01:00,Include URL.__hash__ in test (#64),False,1,models.py,httpcore/models.py,2,4,6,0,0
5afa7dd5ccc223cbb9118b65e278136e8f7a4dc2,Tom Christie,GitHub,2019-05-15 15:43:35+00:00,2019-05-15T16:43:35+01:00,Auth (#65),False,1,test_auth.py,tests/client/test_auth.py,72,0,72,0,0
5afa7dd5ccc223cbb9118b65e278136e8f7a4dc2,Tom Christie,GitHub,2019-05-15 15:43:35+00:00,2019-05-15T16:43:35+01:00,Auth (#65),False,1,models.py,httpcore/models.py,15,0,15,0,0
5afa7dd5ccc223cbb9118b65e278136e8f7a4dc2,Tom Christie,GitHub,2019-05-15 15:43:35+00:00,2019-05-15T16:43:35+01:00,Auth (#65),False,1,client.py,httpcore/client.py,72,1,73,0,0
5afa7dd5ccc223cbb9118b65e278136e8f7a4dc2,Tom Christie,GitHub,2019-05-15 15:43:35+00:00,2019-05-15T16:43:35+01:00,Auth (#65),False,1,auth.py,httpcore/auth.py,38,0,38,0,1
4fe6bc058aaef044b875320a0ad0ccf3576de775,Tom Christie,GitHub,2019-05-16 09:21:24+00:00,2019-05-16T10:21:24+01:00,Add 100-continue test (#68),False,1,conftest.py,tests/conftest.py,21,0,21,0,0
4fe6bc058aaef044b875320a0ad0ccf3576de775,Tom Christie,GitHub,2019-05-16 09:21:24+00:00,2019-05-16T10:21:24+01:00,Add 100-continue test (#68),False,1,test_async_client.py,tests/client/test_async_client.py,13,0,13,0,0
8c43fca3436aa07fb5c90d35c34626b4c87925ff,Tom Christie,GitHub,2019-05-16 09:48:19+00:00,2019-05-16T10:48:19+01:00,Drop unreachable except block (#69),False,1,http11.py,httpcore/dispatch/http11.py,1,8,9,0,0
3ed08857eec8b6bfcf8b8f6c1c696fafd3bd6b95,Tom Christie,GitHub,2019-05-16 09:56:05+00:00,2019-05-16T10:56:05+01:00,Drop unused interface on ConnectionStore (#70),False,1,conftest.py,tests/conftest.py,3,3,6,0,0
3ed08857eec8b6bfcf8b8f6c1c696fafd3bd6b95,Tom Christie,GitHub,2019-05-16 09:56:05+00:00,2019-05-16T10:56:05+01:00,Drop unused interface on ConnectionStore (#70),False,1,test_auth.py,tests/client/test_auth.py,14,9,23,0,0
3ed08857eec8b6bfcf8b8f6c1c696fafd3bd6b95,Tom Christie,GitHub,2019-05-16 09:56:05+00:00,2019-05-16T10:56:05+01:00,Drop unused interface on ConnectionStore (#70),False,1,models.py,httpcore/models.py,3,3,6,0,0
3ed08857eec8b6bfcf8b8f6c1c696fafd3bd6b95,Tom Christie,GitHub,2019-05-16 09:56:05+00:00,2019-05-16T10:56:05+01:00,Drop unused interface on ConnectionStore (#70),False,1,connection_pool.py,httpcore/dispatch/connection_pool.py,1,7,8,0,0
b8b3714d8e078c8e71831c299e2ac0bd16c856b1,Yeray Diaz Diaz,Tom Christie,2019-05-16 10:00:45+00:00,2019-05-16T11:00:45+01:00,Add test for write timeout error (#67),False,1,test_timeouts.py,tests/test_timeouts.py,11,0,11,1,0
b8b3714d8e078c8e71831c299e2ac0bd16c856b1,Yeray Diaz Diaz,Tom Christie,2019-05-16 10:00:45+00:00,2019-05-16T11:00:45+01:00,Add test for write timeout error (#67),False,1,__init__.py,httpcore/__init__.py,1,0,1,1,0
fc16d31d621fe4a93ea266af9da53d76c44b9f4d,Tom Christie,GitHub,2019-05-16 10:14:21+00:00,2019-05-16T11:14:21+01:00,100% test coverage (#71),False,1,test_timeouts.py,tests/test_timeouts.py,5,5,10,0,0
fc16d31d621fe4a93ea266af9da53d76c44b9f4d,Tom Christie,GitHub,2019-05-16 10:14:21+00:00,2019-05-16T11:14:21+01:00,100% test coverage (#71),False,1,test,scripts/test,1,1,2,0,0
fc16d31d621fe4a93ea266af9da53d76c44b9f4d,Tom Christie,GitHub,2019-05-16 10:14:21+00:00,2019-05-16T11:14:21+01:00,100% test coverage (#71),False,1,concurrency.py,httpcore/concurrency.py,1,1,2,0,0
7155e74898355995df610fb1eadada187ddaf087,Tom Christie,GitHub,2019-05-16 11:42:49+00:00,2019-05-16T12:42:49+01:00,Version 0.3.0 (#72),False,1,__init__.py,httpcore/__init__.py,1,1,2,0,0
4a3325f87b01d768cd33b4ed79f81c1f8869f33b,Tom Christie,Tom Christie,2019-05-16 15:44:33+00:00,2019-05-16T16:44:33+01:00,Initial pass at cookie support,False,1,__init__.py,httpcore/__init__.py,1,1,2,0,0
4a3325f87b01d768cd33b4ed79f81c1f8869f33b,Tom Christie,Tom Christie,2019-05-16 15:44:33+00:00,2019-05-16T16:44:33+01:00,Initial pass at cookie support,False,1,client.py,httpcore/client.py,43,2,45,0,0
4a3325f87b01d768cd33b4ed79f81c1f8869f33b,Tom Christie,Tom Christie,2019-05-16 15:44:33+00:00,2019-05-16T16:44:33+01:00,Initial pass at cookie support,False,1,test_timeouts.py,tests/test_timeouts.py,1,1,2,0,0
4a3325f87b01d768cd33b4ed79f81c1f8869f33b,Tom Christie,Tom Christie,2019-05-16 15:44:33+00:00,2019-05-16T16:44:33+01:00,Initial pass at cookie support,False,1,test,scripts/test,2,2,4,0,0
4a3325f87b01d768cd33b4ed79f81c1f8869f33b,Tom Christie,Tom Christie,2019-05-16 15:44:33+00:00,2019-05-16T16:44:33+01:00,Initial pass at cookie support,False,1,test_cookies.py,tests/client/test_cookies.py,83,0,83,0,0
4a3325f87b01d768cd33b4ed79f81c1f8869f33b,Tom Christie,Tom Christie,2019-05-16 15:44:33+00:00,2019-05-16T16:44:33+01:00,Initial pass at cookie support,False,1,models.py,httpcore/models.py,52,0,52,0,0
1e0409c105c3c2ab34f145002493e8fdd723a702,Tom Christie,Tom Christie,2019-05-17 09:00:56+00:00,2019-05-17T10:00:56+01:00,Add Cookies model,False,1,test_cookies.py,tests/client/test_cookies.py,55,28,83,0,0
1e0409c105c3c2ab34f145002493e8fdd723a702,Tom Christie,Tom Christie,2019-05-17 09:00:56+00:00,2019-05-17T10:00:56+01:00,Add Cookies model,False,1,test,scripts/test,2,2,4,0,0
1e0409c105c3c2ab34f145002493e8fdd723a702,Tom Christie,Tom Christie,2019-05-17 09:00:56+00:00,2019-05-17T10:00:56+01:00,Add Cookies model,False,1,models.py,httpcore/models.py,98,34,132,0,0
1e0409c105c3c2ab34f145002493e8fdd723a702,Tom Christie,Tom Christie,2019-05-17 09:00:56+00:00,2019-05-17T10:00:56+01:00,Add Cookies model,False,1,__init__.py,httpcore/__init__.py,1,1,2,0,0
24b69236693dc75f5df948c81cf0a9ae1132a0ae,Tom Christie,Tom Christie,2019-05-17 10:45:02+00:00,2019-05-17T11:45:02+01:00,Add Cookies model,False,1,test_cookies.py,tests/models/test_cookies.py,50,0,50,0,0
24b69236693dc75f5df948c81cf0a9ae1132a0ae,Tom Christie,Tom Christie,2019-05-17 10:45:02+00:00,2019-05-17T11:45:02+01:00,Add Cookies model,False,1,test_cookies.py,tests/client/test_cookies.py,0,110,110,0,0
24b69236693dc75f5df948c81cf0a9ae1132a0ae,Tom Christie,Tom Christie,2019-05-17 10:45:02+00:00,2019-05-17T11:45:02+01:00,Add Cookies model,False,1,test_cookie_handling.py,tests/client/test_cookie_handling.py,106,0,106,0,0
24b69236693dc75f5df948c81cf0a9ae1132a0ae,Tom Christie,Tom Christie,2019-05-17 10:45:02+00:00,2019-05-17T11:45:02+01:00,Add Cookies model,False,1,models.py,httpcore/models.py,87,7,94,0,0
24b69236693dc75f5df948c81cf0a9ae1132a0ae,Tom Christie,Tom Christie,2019-05-17 10:45:02+00:00,2019-05-17T11:45:02+01:00,Add Cookies model,False,1,exceptions.py,httpcore/exceptions.py,6,0,6,0,0
24b69236693dc75f5df948c81cf0a9ae1132a0ae,Tom Christie,Tom Christie,2019-05-17 10:45:02+00:00,2019-05-17T11:45:02+01:00,Add Cookies model,False,1,__init__.py,httpcore/__init__.py,1,0,1,0,0
f63148aa7326de1ac2629b70f6c77e6a496df3f2,Tom Christie,Tom Christie,2019-05-17 11:41:36+00:00,2019-05-17T12:41:36+01:00,Support cookie persistence,False,1,client.py,httpcore/client.py,36,20,56,0,0
f63148aa7326de1ac2629b70f6c77e6a496df3f2,Tom Christie,Tom Christie,2019-05-17 11:41:36+00:00,2019-05-17T12:41:36+01:00,Support cookie persistence,False,1,test_cookie_handling.py,tests/client/test_cookie_handling.py,20,0,20,0,0
f63148aa7326de1ac2629b70f6c77e6a496df3f2,Tom Christie,Tom Christie,2019-05-17 11:41:36+00:00,2019-05-17T12:41:36+01:00,Support cookie persistence,False,1,models.py,httpcore/models.py,11,3,14,0,0
feae0a895deea88726388a49e22d9e7536330edc,Tom Christie,GitHub,2019-05-17 11:51:00+00:00,2019-05-17T12:51:00+01:00,Cookie support (#73),False,1,test_timeouts.py,tests/test_timeouts.py,1,1,2,0,0
feae0a895deea88726388a49e22d9e7536330edc,Tom Christie,GitHub,2019-05-17 11:51:00+00:00,2019-05-17T12:51:00+01:00,Cookie support (#73),False,1,test_cookies.py,tests/models/test_cookies.py,50,0,50,0,0
feae0a895deea88726388a49e22d9e7536330edc,Tom Christie,GitHub,2019-05-17 11:51:00+00:00,2019-05-17T12:51:00+01:00,Cookie support (#73),False,1,test_cookie_handling.py,tests/client/test_cookie_handling.py,126,0,126,0,0
feae0a895deea88726388a49e22d9e7536330edc,Tom Christie,GitHub,2019-05-17 11:51:00+00:00,2019-05-17T12:51:00+01:00,Cookie support (#73),False,1,test,scripts/test,2,2,4,0,0
feae0a895deea88726388a49e22d9e7536330edc,Tom Christie,GitHub,2019-05-17 11:51:00+00:00,2019-05-17T12:51:00+01:00,Cookie support (#73),False,1,models.py,httpcore/models.py,204,0,204,0,0
feae0a895deea88726388a49e22d9e7536330edc,Tom Christie,GitHub,2019-05-17 11:51:00+00:00,2019-05-17T12:51:00+01:00,Cookie support (#73),False,1,exceptions.py,httpcore/exceptions.py,6,0,6,0,0
feae0a895deea88726388a49e22d9e7536330edc,Tom Christie,GitHub,2019-05-17 11:51:00+00:00,2019-05-17T12:51:00+01:00,Cookie support (#73),False,1,client.py,httpcore/client.py,60,3,63,0,0
feae0a895deea88726388a49e22d9e7536330edc,Tom Christie,GitHub,2019-05-17 11:51:00+00:00,2019-05-17T12:51:00+01:00,Cookie support (#73),False,1,__init__.py,httpcore/__init__.py,3,2,5,0,0
c6287ed78241927264a5a0f0eedbf53637f22ba7,Tom Christie,Tom Christie,2019-05-17 12:06:26+00:00,2019-05-17T13:06:26+01:00,query_params -> params,False,1,interfaces.py,httpcore/interfaces.py,2,4,6,0,0
c6287ed78241927264a5a0f0eedbf53637f22ba7,Tom Christie,Tom Christie,2019-05-17 12:06:26+00:00,2019-05-17T13:06:26+01:00,query_params -> params,False,1,client.py,httpcore/client.py,31,27,58,0,0
c6287ed78241927264a5a0f0eedbf53637f22ba7,Tom Christie,Tom Christie,2019-05-17 12:06:26+00:00,2019-05-17T13:06:26+01:00,query_params -> params,False,1,test_url.py,tests/models/test_url.py,3,3,6,0,0
c6287ed78241927264a5a0f0eedbf53637f22ba7,Tom Christie,Tom Christie,2019-05-17 12:06:26+00:00,2019-05-17T13:06:26+01:00,query_params -> params,False,1,models.py,httpcore/models.py,6,6,12,0,0
a284d0b2ea1867f9fe7fbd985d8ff4b00c9afdc2,Tom Christie,Tom Christie,2019-05-17 12:49:24+00:00,2019-05-17T13:49:24+01:00,Tweak test naming,False,1,__init__.py,tests/models/__init__.py,0,0,0,0,0
a284d0b2ea1867f9fe7fbd985d8ff4b00c9afdc2,Tom Christie,Tom Christie,2019-05-17 12:49:24+00:00,2019-05-17T13:49:24+01:00,Tweak test naming,False,1,test_cookies.py,tests/client/test_cookies.py,126,0,126,0,0
a284d0b2ea1867f9fe7fbd985d8ff4b00c9afdc2,Tom Christie,Tom Christie,2019-05-17 12:49:24+00:00,2019-05-17T13:49:24+01:00,Tweak test naming,False,1,test_cookie_handling.py,tests/client/test_cookie_handling.py,0,126,126,0,0
a284d0b2ea1867f9fe7fbd985d8ff4b00c9afdc2,Tom Christie,Tom Christie,2019-05-17 12:49:24+00:00,2019-05-17T13:49:24+01:00,Tweak test naming,False,1,__init__.py,tests/client/__init__.py,0,0,0,0,0
2116d447775815d5747fdf3b81a78bb41bfbf16e,Tom Christie,Tom Christie,2019-05-17 13:29:36+00:00,2019-05-17T14:29:36+01:00,Add response.json(),False,1,test_redirects.py,tests/client/test_redirects.py,3,6,9,0,0
2116d447775815d5747fdf3b81a78bb41bfbf16e,Tom Christie,Tom Christie,2019-05-17 13:29:36+00:00,2019-05-17T14:29:36+01:00,Add response.json(),False,1,test_cookies.py,tests/client/test_cookies.py,5,5,10,0,0
2116d447775815d5747fdf3b81a78bb41bfbf16e,Tom Christie,Tom Christie,2019-05-17 13:29:36+00:00,2019-05-17T14:29:36+01:00,Add response.json(),False,1,test_auth.py,tests/client/test_auth.py,4,10,14,0,0
2116d447775815d5747fdf3b81a78bb41bfbf16e,Tom Christie,Tom Christie,2019-05-17 13:29:36+00:00,2019-05-17T14:29:36+01:00,Add response.json(),False,1,models.py,httpcore/models.py,7,0,7,0,0
5a63d313f0838f81be28f04a2cdf63daadb039c5,Tom Christie,Tom Christie,2019-05-17 13:43:22+00:00,2019-05-17T14:43:22+01:00,Add json interfaces,False,1,client.py,httpcore/client.py,20,0,20,0,0
5a63d313f0838f81be28f04a2cdf63daadb039c5,Tom Christie,Tom Christie,2019-05-17 13:43:22+00:00,2019-05-17T14:43:22+01:00,Add json interfaces,False,1,models.py,httpcore/models.py,7,2,9,0,0
5a63d313f0838f81be28f04a2cdf63daadb039c5,Tom Christie,Tom Christie,2019-05-17 13:43:22+00:00,2019-05-17T14:43:22+01:00,Add json interfaces,False,1,test_async_client.py,tests/client/test_async_client.py,8,0,8,0,0
5a63d313f0838f81be28f04a2cdf63daadb039c5,Tom Christie,Tom Christie,2019-05-17 13:43:22+00:00,2019-05-17T14:43:22+01:00,Add json interfaces,False,1,test_client.py,tests/client/test_client.py,8,0,8,0,0
fc627f33875d2572c5953c0fb4b32348cf9fddf4,Tom Christie,GitHub,2019-05-20 13:30:52+00:00,2019-05-20T14:30:52+01:00,Add top-level API (#75),False,1,test_api.py,tests/test_api.py,73,0,73,0,1
fc627f33875d2572c5953c0fb4b32348cf9fddf4,Tom Christie,GitHub,2019-05-20 13:30:52+00:00,2019-05-20T14:30:52+01:00,Add top-level API (#75),False,1,api.py,httpcore/api.py,236,0,236,0,0
fc627f33875d2572c5953c0fb4b32348cf9fddf4,Tom Christie,GitHub,2019-05-20 13:30:52+00:00,2019-05-20T14:30:52+01:00,Add top-level API (#75),False,1,__init__.py,httpcore/__init__.py,1,0,1,0,0
95740415db889e68255bf4839ab158dc54e02785,Tom Christie,GitHub,2019-05-23 15:21:00+00:00,2019-05-23T16:21:00+01:00,Work on bringing API into parity with `requests`. (#76),False,1,__init__.py,httpcore/__init__.py,8,1,9,0,0
95740415db889e68255bf4839ab158dc54e02785,Tom Christie,GitHub,2019-05-23 15:21:00+00:00,2019-05-23T16:21:00+01:00,Work on bringing API into parity with `requests`. (#76),False,1,client.py,httpcore/client.py,113,68,181,0,0
95740415db889e68255bf4839ab158dc54e02785,Tom Christie,GitHub,2019-05-23 15:21:00+00:00,2019-05-23T16:21:00+01:00,Work on bringing API into parity with `requests`. (#76),False,1,concurrency.py,httpcore/concurrency.py,2,5,7,0,1
95740415db889e68255bf4839ab158dc54e02785,Tom Christie,GitHub,2019-05-23 15:21:00+00:00,2019-05-23T16:21:00+01:00,Work on bringing API into parity with `requests`. (#76),False,1,config.py,httpcore/config.py,34,18,52,0,0
95740415db889e68255bf4839ab158dc54e02785,Tom Christie,GitHub,2019-05-23 15:21:00+00:00,2019-05-23T16:21:00+01:00,Work on bringing API into parity with `requests`. (#76),False,1,connection_pool.py,httpcore/dispatch/connection_pool.py,14,10,24,0,1
95740415db889e68255bf4839ab158dc54e02785,Tom Christie,GitHub,2019-05-23 15:21:00+00:00,2019-05-23T16:21:00+01:00,Work on bringing API into parity with `requests`. (#76),False,1,http11.py,httpcore/dispatch/http11.py,9,12,21,0,0
95740415db889e68255bf4839ab158dc54e02785,Tom Christie,GitHub,2019-05-23 15:21:00+00:00,2019-05-23T16:21:00+01:00,Work on bringing API into parity with `requests`. (#76),False,1,api.py,httpcore/api.py,45,27,72,0,1
95740415db889e68255bf4839ab158dc54e02785,Tom Christie,GitHub,2019-05-23 15:21:00+00:00,2019-05-23T16:21:00+01:00,Work on bringing API into parity with `requests`. (#76),False,1,interfaces.py,httpcore/interfaces.py,12,10,22,0,0
95740415db889e68255bf4839ab158dc54e02785,Tom Christie,GitHub,2019-05-23 15:21:00+00:00,2019-05-23T16:21:00+01:00,Work on bringing API into parity with `requests`. (#76),False,1,http2.py,httpcore/dispatch/http2.py,11,14,25,0,1
95740415db889e68255bf4839ab158dc54e02785,Tom Christie,GitHub,2019-05-23 15:21:00+00:00,2019-05-23T16:21:00+01:00,Work on bringing API into parity with `requests`. (#76),False,1,test_config.py,tests/test_config.py,10,0,10,0,0
95740415db889e68255bf4839ab158dc54e02785,Tom Christie,GitHub,2019-05-23 15:21:00+00:00,2019-05-23T16:21:00+01:00,Work on bringing API into parity with `requests`. (#76),False,1,test_connections.py,tests/dispatch/test_connections.py,21,11,32,0,0
95740415db889e68255bf4839ab158dc54e02785,Tom Christie,GitHub,2019-05-23 15:21:00+00:00,2019-05-23T16:21:00+01:00,Work on bringing API into parity with `requests`. (#76),False,1,connection.py,httpcore/dispatch/connection.py,18,12,30,0,1
95740415db889e68255bf4839ab158dc54e02785,Tom Christie,GitHub,2019-05-23 15:21:00+00:00,2019-05-23T16:21:00+01:00,Work on bringing API into parity with `requests`. (#76),False,1,test_cookies.py,tests/client/test_cookies.py,6,4,10,0,1
95740415db889e68255bf4839ab158dc54e02785,Tom Christie,GitHub,2019-05-23 15:21:00+00:00,2019-05-23T16:21:00+01:00,Work on bringing API into parity with `requests`. (#76),False,1,test_auth.py,tests/client/test_auth.py,6,4,10,0,1
95740415db889e68255bf4839ab158dc54e02785,Tom Christie,GitHub,2019-05-23 15:21:00+00:00,2019-05-23T16:21:00+01:00,Work on bringing API into parity with `requests`. (#76),False,1,test_redirects.py,tests/client/test_redirects.py,6,4,10,0,1
c12c27127605574c68f480060b4f58b69fc37e41,Tom Christie,GitHub,2019-05-24 09:27:35+00:00,2019-05-24T10:27:35+01:00,Status code tweaks (#77),False,1,models.py,httpcore/models.py,7,26,33,0,0
c12c27127605574c68f480060b4f58b69fc37e41,Tom Christie,GitHub,2019-05-24 09:27:35+00:00,2019-05-24T10:27:35+01:00,Status code tweaks (#77),False,1,status_codes.py,httpcore/status_codes.py,128,2,130,0,0
c12c27127605574c68f480060b4f58b69fc37e41,Tom Christie,GitHub,2019-05-24 09:27:35+00:00,2019-05-24T10:27:35+01:00,Status code tweaks (#77),False,1,__init__.py,httpcore/__init__.py,1,1,2,0,0
c12c27127605574c68f480060b4f58b69fc37e41,Tom Christie,GitHub,2019-05-24 09:27:35+00:00,2019-05-24T10:27:35+01:00,Status code tweaks (#77),False,1,test_connections.py,tests/dispatch/test_connections.py,3,1,4,0,1
c12c27127605574c68f480060b4f58b69fc37e41,Tom Christie,GitHub,2019-05-24 09:27:35+00:00,2019-05-24T10:27:35+01:00,Status code tweaks (#77),False,1,utils.py,tests/dispatch/utils.py,1,1,2,0,0
c12c27127605574c68f480060b4f58b69fc37e41,Tom Christie,GitHub,2019-05-24 09:27:35+00:00,2019-05-24T10:27:35+01:00,Status code tweaks (#77),False,1,utils.py,httpcore/utils.py,0,11,11,0,0
c12c27127605574c68f480060b4f58b69fc37e41,Tom Christie,GitHub,2019-05-24 09:27:35+00:00,2019-05-24T10:27:35+01:00,Status code tweaks (#77),False,1,test_parallel.py,tests/test_parallel.py,0,0,0,0,0
1970912c41577aefac377d94286120a429c3ddcd,Tom Christie,Tom Christie,2019-05-24 11:10:06+00:00,2019-05-24T12:10:06+01:00,Drop unintended test module,False,1,test_parallel.py,tests/test_parallel.py,0,0,0,0,0
37da9ed26aebca9a05cfd10ed8946d0f27397cc3,Tom Christie,Tom Christie,2019-05-24 12:40:04+00:00,2019-05-24T13:40:04+01:00,Drop prepare_request,False,1,client.py,httpcore/client.py,0,8,8,0,1
37da9ed26aebca9a05cfd10ed8946d0f27397cc3,Tom Christie,Tom Christie,2019-05-24 12:40:04+00:00,2019-05-24T13:40:04+01:00,Drop prepare_request,False,1,interfaces.py,httpcore/interfaces.py,0,4,4,0,1
37da9ed26aebca9a05cfd10ed8946d0f27397cc3,Tom Christie,Tom Christie,2019-05-24 12:40:04+00:00,2019-05-24T13:40:04+01:00,Drop prepare_request,False,1,models.py,httpcore/models.py,2,7,9,0,0
9d19adba30ddd50b05296678d70aa181efa78389,Tom Christie,GitHub,2019-05-25 19:25:44+00:00,2019-05-25T20:25:44+01:00,"Handle StreamReset, and acknowledge received data (#81)",False,1,http2.py,httpcore/dispatch/http2.py,3,1,4,1,1
76bc6c6dea6e93587213bc49d175b8011ef644ff,Tom Christie,GitHub,2019-05-28 13:39:57+00:00,2019-05-28T14:39:57+01:00,Drop Host header for HTTP/2 (#82),False,1,models.py,httpcore/models.py,0,3,3,0,1
76bc6c6dea6e93587213bc49d175b8011ef644ff,Tom Christie,GitHub,2019-05-28 13:39:57+00:00,2019-05-28T14:39:57+01:00,Drop Host header for HTTP/2 (#82),False,1,http11.py,httpcore/dispatch/http11.py,3,0,3,0,1
76bc6c6dea6e93587213bc49d175b8011ef644ff,Tom Christie,GitHub,2019-05-28 13:39:57+00:00,2019-05-28T14:39:57+01:00,Drop Host header for HTTP/2 (#82),False,1,test_requests.py,tests/models/test_requests.py,3,7,10,0,1
f4591f08ae0a8009789ff23a68cb1830ea7100f5,Tom Christie,Tom Christie,2019-06-06 13:44:32+00:00,2019-06-06T14:44:32+01:00,Version 0.3.1,False,1,__init__.py,httpcore/__init__.py,1,1,2,0,0
ba033c549f5c2834e7ebc79739a86d84dad86d62,Tom Christie,Tom Christie,2019-06-06 14:24:01+00:00,2019-06-06T15:24:01+01:00,Version 0.4.0,False,1,__init__.py,httpcore/__init__.py,1,1,2,0,1
0cbf3c75819a176bf2812e72eee4829bf387cc96,Tom Christie,GitHub,2019-06-10 11:26:03+00:00,2019-06-10T12:26:03+01:00,Sync or Async dispatch (#83),False,1,connection_pool.py,httpcore/dispatch/connection_pool.py,6,7,13,1,0
0cbf3c75819a176bf2812e72eee4829bf387cc96,Tom Christie,GitHub,2019-06-10 11:26:03+00:00,2019-06-10T12:26:03+01:00,Sync or Async dispatch (#83),False,1,http2.py,httpcore/dispatch/http2.py,6,14,20,1,0
0cbf3c75819a176bf2812e72eee4829bf387cc96,Tom Christie,GitHub,2019-06-10 11:26:03+00:00,2019-06-10T12:26:03+01:00,Sync or Async dispatch (#83),False,1,http11.py,httpcore/dispatch/http11.py,6,14,20,1,0
0cbf3c75819a176bf2812e72eee4829bf387cc96,Tom Christie,GitHub,2019-06-10 11:26:03+00:00,2019-06-10T12:26:03+01:00,Sync or Async dispatch (#83),False,1,threaded.py,httpcore/dispatch/threaded.py,97,0,97,1,0
0cbf3c75819a176bf2812e72eee4829bf387cc96,Tom Christie,GitHub,2019-06-10 11:26:03+00:00,2019-06-10T12:26:03+01:00,Sync or Async dispatch (#83),False,1,client.py,httpcore/client.py,279,255,534,1,0
0cbf3c75819a176bf2812e72eee4829bf387cc96,Tom Christie,GitHub,2019-06-10 11:26:03+00:00,2019-06-10T12:26:03+01:00,Sync or Async dispatch (#83),False,1,auth.py,httpcore/auth.py,3,3,6,1,0
0cbf3c75819a176bf2812e72eee4829bf387cc96,Tom Christie,GitHub,2019-06-10 11:26:03+00:00,2019-06-10T12:26:03+01:00,Sync or Async dispatch (#83),False,1,api.py,httpcore/api.py,9,9,18,1,0
0cbf3c75819a176bf2812e72eee4829bf387cc96,Tom Christie,GitHub,2019-06-10 11:26:03+00:00,2019-06-10T12:26:03+01:00,Sync or Async dispatch (#83),False,1,__init__.py,httpcore/__init__.py,19,2,21,1,0
0cbf3c75819a176bf2812e72eee4829bf387cc96,Tom Christie,GitHub,2019-06-10 11:26:03+00:00,2019-06-10T12:26:03+01:00,Sync or Async dispatch (#83),False,1,concurrency.py,httpcore/concurrency.py,29,0,29,1,0
0cbf3c75819a176bf2812e72eee4829bf387cc96,Tom Christie,GitHub,2019-06-10 11:26:03+00:00,2019-06-10T12:26:03+01:00,Sync or Async dispatch (#83),False,1,interfaces.py,httpcore/interfaces.py,92,13,105,1,0
0cbf3c75819a176bf2812e72eee4829bf387cc96,Tom Christie,GitHub,2019-06-10 11:26:03+00:00,2019-06-10T12:26:03+01:00,Sync or Async dispatch (#83),False,1,connection.py,httpcore/dispatch/connection.py,7,12,19,1,0
0cbf3c75819a176bf2812e72eee4829bf387cc96,Tom Christie,GitHub,2019-06-10 11:26:03+00:00,2019-06-10T12:26:03+01:00,Sync or Async dispatch (#83),False,1,test_auth.py,tests/client/test_auth.py,7,8,15,1,0
0cbf3c75819a176bf2812e72eee4829bf387cc96,Tom Christie,GitHub,2019-06-10 11:26:03+00:00,2019-06-10T12:26:03+01:00,Sync or Async dispatch (#83),False,1,models.py,httpcore/models.py,264,165,429,1,0
0cbf3c75819a176bf2812e72eee4829bf387cc96,Tom Christie,GitHub,2019-06-10 11:26:03+00:00,2019-06-10T12:26:03+01:00,Sync or Async dispatch (#83),False,1,test_decoders.py,tests/test_decoders.py,3,4,7,1,0
0cbf3c75819a176bf2812e72eee4829bf387cc96,Tom Christie,GitHub,2019-06-10 11:26:03+00:00,2019-06-10T12:26:03+01:00,Sync or Async dispatch (#83),False,1,test_responses.py,tests/models/test_responses.py,73,17,90,1,0
0cbf3c75819a176bf2812e72eee4829bf387cc96,Tom Christie,GitHub,2019-06-10 11:26:03+00:00,2019-06-10T12:26:03+01:00,Sync or Async dispatch (#83),False,1,test_requests.py,tests/models/test_requests.py,23,48,71,1,0
0cbf3c75819a176bf2812e72eee4829bf387cc96,Tom Christie,GitHub,2019-06-10 11:26:03+00:00,2019-06-10T12:26:03+01:00,Sync or Async dispatch (#83),False,1,test_api.py,tests/test_api.py,12,0,12,1,0
0cbf3c75819a176bf2812e72eee4829bf387cc96,Tom Christie,GitHub,2019-06-10 11:26:03+00:00,2019-06-10T12:26:03+01:00,Sync or Async dispatch (#83),False,1,test_connections.py,tests/dispatch/test_connections.py,3,0,3,1,0
0cbf3c75819a176bf2812e72eee4829bf387cc96,Tom Christie,GitHub,2019-06-10 11:26:03+00:00,2019-06-10T12:26:03+01:00,Sync or Async dispatch (#83),False,1,test_connection_pools.py,tests/dispatch/test_connection_pools.py,12,5,17,1,0
0cbf3c75819a176bf2812e72eee4829bf387cc96,Tom Christie,GitHub,2019-06-10 11:26:03+00:00,2019-06-10T12:26:03+01:00,Sync or Async dispatch (#83),False,1,test_redirects.py,tests/client/test_redirects.py,20,17,37,1,0
0cbf3c75819a176bf2812e72eee4829bf387cc96,Tom Christie,GitHub,2019-06-10 11:26:03+00:00,2019-06-10T12:26:03+01:00,Sync or Async dispatch (#83),False,1,test_cookies.py,tests/client/test_cookies.py,8,9,17,1,0
0cbf3c75819a176bf2812e72eee4829bf387cc96,Tom Christie,GitHub,2019-06-10 11:26:03+00:00,2019-06-10T12:26:03+01:00,Sync or Async dispatch (#83),False,1,test_threaded.py,tests/dispatch/test_threaded.py,100,0,100,1,0
77c37259ae374bcec0a613d8f4172de45bb037c1,Tom Christie,GitHub,2019-06-10 17:45:15+00:00,2019-06-10T18:45:15+01:00,Add params keyword argument throughout (#85),False,1,client.py,httpcore/client.py,7,0,7,0,0
77c37259ae374bcec0a613d8f4172de45bb037c1,Tom Christie,GitHub,2019-06-10 17:45:15+00:00,2019-06-10T18:45:15+01:00,Add params keyword argument throughout (#85),False,1,api.py,httpcore/api.py,7,0,7,0,0
c9747aa35731991de2965f23cc047b7d4ea33af9,Tom Christie,GitHub,2019-06-12 14:02:16+00:00,2019-06-12T15:02:16+01:00,http3 (#86),False,1,auth.py,httpcore/auth.py,0,38,38,0,0
c9747aa35731991de2965f23cc047b7d4ea33af9,Tom Christie,GitHub,2019-06-12 14:02:16+00:00,2019-06-12T15:02:16+01:00,http3 (#86),False,1,utils.py,http3/utils.py,31,0,31,0,0
c9747aa35731991de2965f23cc047b7d4ea33af9,Tom Christie,GitHub,2019-06-12 14:02:16+00:00,2019-06-12T15:02:16+01:00,http3 (#86),False,1,__init__.py,httpcore/__init__.py,0,52,52,0,0
c9747aa35731991de2965f23cc047b7d4ea33af9,Tom Christie,GitHub,2019-06-12 14:02:16+00:00,2019-06-12T15:02:16+01:00,http3 (#86),False,1,api.py,httpcore/api.py,0,261,261,0,0
c9747aa35731991de2965f23cc047b7d4ea33af9,Tom Christie,GitHub,2019-06-12 14:02:16+00:00,2019-06-12T15:02:16+01:00,http3 (#86),False,1,client.py,httpcore/client.py,0,831,831,0,0
c9747aa35731991de2965f23cc047b7d4ea33af9,Tom Christie,GitHub,2019-06-12 14:02:16+00:00,2019-06-12T15:02:16+01:00,http3 (#86),False,1,connection_pool.py,httpcore/dispatch/connection_pool.py,0,164,164,0,0
c9747aa35731991de2965f23cc047b7d4ea33af9,Tom Christie,GitHub,2019-06-12 14:02:16+00:00,2019-06-12T15:02:16+01:00,http3 (#86),False,1,config.py,httpcore/config.py,0,196,196,0,0
c9747aa35731991de2965f23cc047b7d4ea33af9,Tom Christie,GitHub,2019-06-12 14:02:16+00:00,2019-06-12T15:02:16+01:00,http3 (#86),False,1,decoders.py,httpcore/decoders.py,0,149,149,0,0
c9747aa35731991de2965f23cc047b7d4ea33af9,Tom Christie,GitHub,2019-06-12 14:02:16+00:00,2019-06-12T15:02:16+01:00,http3 (#86),False,1,__init__.py,httpcore/dispatch/__init__.py,0,4,4,0,0
c9747aa35731991de2965f23cc047b7d4ea33af9,Tom Christie,GitHub,2019-06-12 14:02:16+00:00,2019-06-12T15:02:16+01:00,http3 (#86),False,1,connection.py,httpcore/dispatch/connection.py,0,107,107,0,0
c9747aa35731991de2965f23cc047b7d4ea33af9,Tom Christie,GitHub,2019-06-12 14:02:16+00:00,2019-06-12T15:02:16+01:00,http3 (#86),False,1,status_codes.py,http3/status_codes.py,133,0,133,0,0
c9747aa35731991de2965f23cc047b7d4ea33af9,Tom Christie,GitHub,2019-06-12 14:02:16+00:00,2019-06-12T15:02:16+01:00,http3 (#86),False,1,concurrency.py,httpcore/concurrency.py,0,195,195,0,0
c9747aa35731991de2965f23cc047b7d4ea33af9,Tom Christie,GitHub,2019-06-12 14:02:16+00:00,2019-06-12T15:02:16+01:00,http3 (#86),False,1,models.py,http3/models.py,1127,0,1127,0,0
c9747aa35731991de2965f23cc047b7d4ea33af9,Tom Christie,GitHub,2019-06-12 14:02:16+00:00,2019-06-12T15:02:16+01:00,http3 (#86),False,1,connection.py,http3/dispatch/connection.py,107,0,107,0,1
c9747aa35731991de2965f23cc047b7d4ea33af9,Tom Christie,GitHub,2019-06-12 14:02:16+00:00,2019-06-12T15:02:16+01:00,http3 (#86),False,1,exceptions.py,http3/exceptions.py,128,0,128,0,0
c9747aa35731991de2965f23cc047b7d4ea33af9,Tom Christie,GitHub,2019-06-12 14:02:16+00:00,2019-06-12T15:02:16+01:00,http3 (#86),False,1,threaded.py,http3/dispatch/threaded.py,97,0,97,0,0
c9747aa35731991de2965f23cc047b7d4ea33af9,Tom Christie,GitHub,2019-06-12 14:02:16+00:00,2019-06-12T15:02:16+01:00,http3 (#86),False,1,http2.py,http3/dispatch/http2.py,141,0,141,0,0
c9747aa35731991de2965f23cc047b7d4ea33af9,Tom Christie,GitHub,2019-06-12 14:02:16+00:00,2019-06-12T15:02:16+01:00,http3 (#86),False,1,connection_pool.py,http3/dispatch/connection_pool.py,164,0,164,0,0
c9747aa35731991de2965f23cc047b7d4ea33af9,Tom Christie,GitHub,2019-06-12 14:02:16+00:00,2019-06-12T15:02:16+01:00,http3 (#86),False,1,http11.py,httpcore/dispatch/http11.py,0,127,127,0,0
c9747aa35731991de2965f23cc047b7d4ea33af9,Tom Christie,GitHub,2019-06-12 14:02:16+00:00,2019-06-12T15:02:16+01:00,http3 (#86),False,1,__init__.py,http3/dispatch/__init__.py,4,0,4,0,0
c9747aa35731991de2965f23cc047b7d4ea33af9,Tom Christie,GitHub,2019-06-12 14:02:16+00:00,2019-06-12T15:02:16+01:00,http3 (#86),False,1,decoders.py,http3/decoders.py,149,0,149,0,0
c9747aa35731991de2965f23cc047b7d4ea33af9,Tom Christie,GitHub,2019-06-12 14:02:16+00:00,2019-06-12T15:02:16+01:00,http3 (#86),False,1,config.py,http3/config.py,196,0,196,0,1
c9747aa35731991de2965f23cc047b7d4ea33af9,Tom Christie,GitHub,2019-06-12 14:02:16+00:00,2019-06-12T15:02:16+01:00,http3 (#86),False,1,concurrency.py,http3/concurrency.py,195,0,195,0,1
c9747aa35731991de2965f23cc047b7d4ea33af9,Tom Christie,GitHub,2019-06-12 14:02:16+00:00,2019-06-12T15:02:16+01:00,http3 (#86),False,1,client.py,http3/client.py,831,0,831,0,0
c9747aa35731991de2965f23cc047b7d4ea33af9,Tom Christie,GitHub,2019-06-12 14:02:16+00:00,2019-06-12T15:02:16+01:00,http3 (#86),False,1,auth.py,http3/auth.py,38,0,38,0,0
c9747aa35731991de2965f23cc047b7d4ea33af9,Tom Christie,GitHub,2019-06-12 14:02:16+00:00,2019-06-12T15:02:16+01:00,http3 (#86),False,1,api.py,http3/api.py,261,0,261,0,0
c9747aa35731991de2965f23cc047b7d4ea33af9,Tom Christie,GitHub,2019-06-12 14:02:16+00:00,2019-06-12T15:02:16+01:00,http3 (#86),False,1,__init__.py,http3/__init__.py,52,0,52,0,0
c9747aa35731991de2965f23cc047b7d4ea33af9,Tom Christie,GitHub,2019-06-12 14:02:16+00:00,2019-06-12T15:02:16+01:00,http3 (#86),False,1,interfaces.py,http3/interfaces.py,209,0,209,0,1
c9747aa35731991de2965f23cc047b7d4ea33af9,Tom Christie,GitHub,2019-06-12 14:02:16+00:00,2019-06-12T15:02:16+01:00,http3 (#86),False,1,http2.py,httpcore/dispatch/http2.py,0,141,141,0,0
c9747aa35731991de2965f23cc047b7d4ea33af9,Tom Christie,GitHub,2019-06-12 14:02:16+00:00,2019-06-12T15:02:16+01:00,http3 (#86),False,1,http11.py,http3/dispatch/http11.py,127,0,127,0,0
c9747aa35731991de2965f23cc047b7d4ea33af9,Tom Christie,GitHub,2019-06-12 14:02:16+00:00,2019-06-12T15:02:16+01:00,http3 (#86),False,1,exceptions.py,httpcore/exceptions.py,0,128,128,0,0
c9747aa35731991de2965f23cc047b7d4ea33af9,Tom Christie,GitHub,2019-06-12 14:02:16+00:00,2019-06-12T15:02:16+01:00,http3 (#86),False,1,threaded.py,httpcore/dispatch/threaded.py,0,97,97,0,0
c9747aa35731991de2965f23cc047b7d4ea33af9,Tom Christie,GitHub,2019-06-12 14:02:16+00:00,2019-06-12T15:02:16+01:00,http3 (#86),False,1,test_timeouts.py,tests/test_timeouts.py,1,1,2,0,0
c9747aa35731991de2965f23cc047b7d4ea33af9,Tom Christie,GitHub,2019-06-12 14:02:16+00:00,2019-06-12T15:02:16+01:00,http3 (#86),False,1,test_decoders.py,tests/test_decoders.py,10,10,20,0,0
c9747aa35731991de2965f23cc047b7d4ea33af9,Tom Christie,GitHub,2019-06-12 14:02:16+00:00,2019-06-12T15:02:16+01:00,http3 (#86),False,1,test_config.py,tests/test_config.py,23,23,46,0,0
c9747aa35731991de2965f23cc047b7d4ea33af9,Tom Christie,GitHub,2019-06-12 14:02:16+00:00,2019-06-12T15:02:16+01:00,http3 (#86),False,1,test_api.py,tests/test_api.py,9,9,18,0,0
c9747aa35731991de2965f23cc047b7d4ea33af9,Tom Christie,GitHub,2019-06-12 14:02:16+00:00,2019-06-12T15:02:16+01:00,http3 (#86),False,1,test_url.py,tests/models/test_url.py,1,1,2,0,0
c9747aa35731991de2965f23cc047b7d4ea33af9,Tom Christie,GitHub,2019-06-12 14:02:16+00:00,2019-06-12T15:02:16+01:00,http3 (#86),False,1,test_responses.py,tests/models/test_responses.py,28,28,56,0,0
c9747aa35731991de2965f23cc047b7d4ea33af9,Tom Christie,GitHub,2019-06-12 14:02:16+00:00,2019-06-12T15:02:16+01:00,http3 (#86),False,1,test_requests.py,tests/models/test_requests.py,18,18,36,0,0
c9747aa35731991de2965f23cc047b7d4ea33af9,Tom Christie,GitHub,2019-06-12 14:02:16+00:00,2019-06-12T15:02:16+01:00,http3 (#86),False,1,test_queryparams.py,tests/models/test_queryparams.py,1,1,2,0,0
c9747aa35731991de2965f23cc047b7d4ea33af9,Tom Christie,GitHub,2019-06-12 14:02:16+00:00,2019-06-12T15:02:16+01:00,http3 (#86),False,1,test_headers.py,tests/models/test_headers.py,20,20,40,0,0
c9747aa35731991de2965f23cc047b7d4ea33af9,Tom Christie,GitHub,2019-06-12 14:02:16+00:00,2019-06-12T15:02:16+01:00,http3 (#86),False,1,test_cookies.py,tests/models/test_cookies.py,1,1,2,0,0
c9747aa35731991de2965f23cc047b7d4ea33af9,Tom Christie,GitHub,2019-06-12 14:02:16+00:00,2019-06-12T15:02:16+01:00,http3 (#86),False,1,utils.py,tests/dispatch/utils.py,1,1,2,0,1
c9747aa35731991de2965f23cc047b7d4ea33af9,Tom Christie,GitHub,2019-06-12 14:02:16+00:00,2019-06-12T15:02:16+01:00,http3 (#86),False,1,test_http2.py,tests/dispatch/test_http2.py,1,1,2,0,0
c9747aa35731991de2965f23cc047b7d4ea33af9,Tom Christie,GitHub,2019-06-12 14:02:16+00:00,2019-06-12T15:02:16+01:00,http3 (#86),False,1,test_connections.py,tests/dispatch/test_connections.py,1,1,2,0,0
c9747aa35731991de2965f23cc047b7d4ea33af9,Tom Christie,GitHub,2019-06-12 14:02:16+00:00,2019-06-12T15:02:16+01:00,http3 (#86),False,1,test_threaded.py,tests/dispatch/test_threaded.py,1,1,2,0,0
c9747aa35731991de2965f23cc047b7d4ea33af9,Tom Christie,GitHub,2019-06-12 14:02:16+00:00,2019-06-12T15:02:16+01:00,http3 (#86),False,1,test_redirects.py,tests/client/test_redirects.py,1,1,2,0,0
c9747aa35731991de2965f23cc047b7d4ea33af9,Tom Christie,GitHub,2019-06-12 14:02:16+00:00,2019-06-12T15:02:16+01:00,http3 (#86),False,1,interfaces.py,httpcore/interfaces.py,0,209,209,0,0
c9747aa35731991de2965f23cc047b7d4ea33af9,Tom Christie,GitHub,2019-06-12 14:02:16+00:00,2019-06-12T15:02:16+01:00,http3 (#86),False,1,models.py,httpcore/models.py,0,1127,1127,0,0
c9747aa35731991de2965f23cc047b7d4ea33af9,Tom Christie,GitHub,2019-06-12 14:02:16+00:00,2019-06-12T15:02:16+01:00,http3 (#86),False,1,status_codes.py,httpcore/status_codes.py,0,129,129,0,0
c9747aa35731991de2965f23cc047b7d4ea33af9,Tom Christie,GitHub,2019-06-12 14:02:16+00:00,2019-06-12T15:02:16+01:00,http3 (#86),False,1,utils.py,httpcore/utils.py,0,31,31,0,0
c9747aa35731991de2965f23cc047b7d4ea33af9,Tom Christie,GitHub,2019-06-12 14:02:16+00:00,2019-06-12T15:02:16+01:00,http3 (#86),False,1,test_connection_pools.py,tests/dispatch/test_connection_pools.py,10,10,20,0,0
c9747aa35731991de2965f23cc047b7d4ea33af9,Tom Christie,GitHub,2019-06-12 14:02:16+00:00,2019-06-12T15:02:16+01:00,http3 (#86),False,1,lint,scripts/lint,4,4,8,0,0
c9747aa35731991de2965f23cc047b7d4ea33af9,Tom Christie,GitHub,2019-06-12 14:02:16+00:00,2019-06-12T15:02:16+01:00,http3 (#86),False,1,publish,scripts/publish,1,1,2,0,0
c9747aa35731991de2965f23cc047b7d4ea33af9,Tom Christie,GitHub,2019-06-12 14:02:16+00:00,2019-06-12T15:02:16+01:00,http3 (#86),False,1,clean,scripts/clean,2,2,4,0,0
c9747aa35731991de2965f23cc047b7d4ea33af9,Tom Christie,GitHub,2019-06-12 14:02:16+00:00,2019-06-12T15:02:16+01:00,http3 (#86),False,1,setup.py,setup.py,5,5,10,0,0
c9747aa35731991de2965f23cc047b7d4ea33af9,Tom Christie,GitHub,2019-06-12 14:02:16+00:00,2019-06-12T15:02:16+01:00,http3 (#86),False,1,test_async_client.py,tests/client/test_async_client.py,16,16,32,0,0
c9747aa35731991de2965f23cc047b7d4ea33af9,Tom Christie,GitHub,2019-06-12 14:02:16+00:00,2019-06-12T15:02:16+01:00,http3 (#86),False,1,test_auth.py,tests/client/test_auth.py,1,1,2,0,0
c9747aa35731991de2965f23cc047b7d4ea33af9,Tom Christie,GitHub,2019-06-12 14:02:16+00:00,2019-06-12T15:02:16+01:00,http3 (#86),False,1,test_client.py,tests/client/test_client.py,16,16,32,0,0
c9747aa35731991de2965f23cc047b7d4ea33af9,Tom Christie,GitHub,2019-06-12 14:02:16+00:00,2019-06-12T15:02:16+01:00,http3 (#86),False,1,test_cookies.py,tests/client/test_cookies.py,1,1,2,0,0
c9747aa35731991de2965f23cc047b7d4ea33af9,Tom Christie,GitHub,2019-06-12 14:02:16+00:00,2019-06-12T15:02:16+01:00,http3 (#86),False,1,test,scripts/test,1,1,2,0,0
a6aa8d949e439ba78aaefa59284ad3083fe3183f,Tom Christie,Tom Christie,2019-06-12 14:28:39+00:00,2019-06-12T15:28:39+01:00,Create CNAME,False,1,CNAME,CNAME,1,0,1,0,0
66a2afaaee0a5e88433310b0c8909ad57c2d28c2,Tom Christie,GitHub,2019-06-12 14:35:02+00:00,2019-06-12T15:35:02+01:00,Delete CNAME,False,1,CNAME,CNAME,0,1,1,0,0
3ca9a748134f3bdb980d444209d17d7d2a246113,Tom Christie,GitHub,2019-06-13 13:38:56+00:00,2019-06-13T14:38:56+01:00,Close redirect responses (#88),False,1,client.py,http3/client.py,29,24,53,0,0
7c6fb5c6ca44b69fd221d626c9e2fb60530fa1bc,Tom Christie,GitHub,2019-06-13 15:19:39+00:00,2019-06-13T16:19:39+01:00,Tweaks (#89),False,1,test_redirects.py,tests/client/test_redirects.py,4,0,4,0,0
7c6fb5c6ca44b69fd221d626c9e2fb60530fa1bc,Tom Christie,GitHub,2019-06-13 15:19:39+00:00,2019-06-13T16:19:39+01:00,Tweaks (#89),False,1,client.py,http3/client.py,1,1,2,0,0
6a44b05e4dd062b1ee318ff472122d095b2565f9,Tom Christie,GitHub,2019-06-17 13:38:24+00:00,2019-06-17T14:38:24+01:00,Multipart support (#90),False,1,client.py,http3/client.py,36,12,48,0,0
6a44b05e4dd062b1ee318ff472122d095b2565f9,Tom Christie,GitHub,2019-06-17 13:38:24+00:00,2019-06-17T14:38:24+01:00,Multipart support (#90),False,1,models.py,http3/models.py,47,27,74,0,0
6a44b05e4dd062b1ee318ff472122d095b2565f9,Tom Christie,GitHub,2019-06-17 13:38:24+00:00,2019-06-17T14:38:24+01:00,Multipart support (#90),False,1,api.py,http3/api.py,16,5,21,0,0
6a44b05e4dd062b1ee318ff472122d095b2565f9,Tom Christie,GitHub,2019-06-17 13:38:24+00:00,2019-06-17T14:38:24+01:00,Multipart support (#90),False,1,status_codes.py,http3/status_codes.py,1,1,2,0,0
6a44b05e4dd062b1ee318ff472122d095b2565f9,Tom Christie,GitHub,2019-06-17 13:38:24+00:00,2019-06-17T14:38:24+01:00,Multipart support (#90),False,1,test_multipart.py,tests/test_multipart.py,67,0,67,0,0
6a44b05e4dd062b1ee318ff472122d095b2565f9,Tom Christie,GitHub,2019-06-17 13:38:24+00:00,2019-06-17T14:38:24+01:00,Multipart support (#90),False,1,multipart.py,http3/multipart.py,100,0,100,0,0
6a44b05e4dd062b1ee318ff472122d095b2565f9,Tom Christie,GitHub,2019-06-17 13:38:24+00:00,2019-06-17T14:38:24+01:00,Multipart support (#90),False,1,test_redirects.py,tests/client/test_redirects.py,6,2,8,0,0
920925ca00f5337a8ab66aeddf342d390b3eeb52,Tom Christie,Tom Christie,2019-06-17 13:52:44+00:00,2019-06-17T14:52:44+01:00,Version 0.1,False,1,__init__.py,http3/__init__.py,1,1,2,0,0
56a79432065f2c9052dd0dd7ddbcf63a24f915b1,Tom Christie,GitHub,2019-06-17 15:53:39+00:00,2019-06-17T16:53:39+01:00,Int status codes (#92),False,1,http11.py,http3/dispatch/http11.py,0,2,2,0,1
56a79432065f2c9052dd0dd7ddbcf63a24f915b1,Tom Christie,GitHub,2019-06-17 15:53:39+00:00,2019-06-17T16:53:39+01:00,Int status codes (#92),False,1,models.py,http3/models.py,6,8,14,0,0
56a79432065f2c9052dd0dd7ddbcf63a24f915b1,Tom Christie,GitHub,2019-06-17 15:53:39+00:00,2019-06-17T16:53:39+01:00,Int status codes (#92),False,1,status_codes.py,http3/status_codes.py,0,7,7,0,0
56a79432065f2c9052dd0dd7ddbcf63a24f915b1,Tom Christie,GitHub,2019-06-17 15:53:39+00:00,2019-06-17T16:53:39+01:00,Int status codes (#92),False,1,client.py,http3/client.py,0,1,1,0,0
56a79432065f2c9052dd0dd7ddbcf63a24f915b1,Tom Christie,GitHub,2019-06-17 15:53:39+00:00,2019-06-17T16:53:39+01:00,Int status codes (#92),False,1,test_client.py,tests/client/test_client.py,1,1,2,0,0
56a79432065f2c9052dd0dd7ddbcf63a24f915b1,Tom Christie,GitHub,2019-06-17 15:53:39+00:00,2019-06-17T16:53:39+01:00,Int status codes (#92),False,1,test_responses.py,tests/models/test_responses.py,1,1,2,0,1
56a79432065f2c9052dd0dd7ddbcf63a24f915b1,Tom Christie,GitHub,2019-06-17 15:53:39+00:00,2019-06-17T16:53:39+01:00,Int status codes (#92),False,1,test_status_codes.py,tests/test_status_codes.py,18,0,18,0,0
56a79432065f2c9052dd0dd7ddbcf63a24f915b1,Tom Christie,GitHub,2019-06-17 15:53:39+00:00,2019-06-17T16:53:39+01:00,Int status codes (#92),False,1,test_async_client.py,tests/client/test_async_client.py,1,1,2,0,1
56a79432065f2c9052dd0dd7ddbcf63a24f915b1,Tom Christie,GitHub,2019-06-17 15:53:39+00:00,2019-06-17T16:53:39+01:00,Int status codes (#92),False,1,threaded.py,http3/dispatch/threaded.py,0,1,1,0,0
606e7f0b8dfbcb739f5478c89cdcd57f06a10072,Tom Christie,Tom Christie,2019-06-17 15:55:24+00:00,2019-06-17T16:55:24+01:00,Version 0.1.1,False,1,__init__.py,http3/__init__.py,1,1,2,0,0
bb8697011d1b7f525131e11226818fef399c0f78,Tom Christie,GitHub,2019-06-18 14:53:33+00:00,2019-06-18T15:53:33+01:00,Support WSGI and ASGI apps. (#94),False,1,test_wsgi.py,tests/test_wsgi.py,95,0,95,0,0
bb8697011d1b7f525131e11226818fef399c0f78,Tom Christie,GitHub,2019-06-18 14:53:33+00:00,2019-06-18T15:53:33+01:00,Support WSGI and ASGI apps. (#94),False,1,test_asgi.py,tests/test_asgi.py,65,0,65,0,0
bb8697011d1b7f525131e11226818fef399c0f78,Tom Christie,GitHub,2019-06-18 14:53:33+00:00,2019-06-18T15:53:33+01:00,Support WSGI and ASGI apps. (#94),False,1,wsgi.py,http3/dispatch/wsgi.py,152,0,152,0,0
bb8697011d1b7f525131e11226818fef399c0f78,Tom Christie,GitHub,2019-06-18 14:53:33+00:00,2019-06-18T15:53:33+01:00,Support WSGI and ASGI apps. (#94),False,1,asgi.py,http3/dispatch/asgi.py,176,0,176,0,0
bb8697011d1b7f525131e11226818fef399c0f78,Tom Christie,GitHub,2019-06-18 14:53:33+00:00,2019-06-18T15:53:33+01:00,Support WSGI and ASGI apps. (#94),False,1,client.py,http3/client.py,12,0,12,0,0
9f192bbf0bb62d801bfe9a78d01f7ba1580c3469,Tom Christie,Tom Christie,2019-06-18 14:54:41+00:00,2019-06-18T15:54:41+01:00,Version 0.5.0,False,1,__init__.py,http3/__init__.py,1,1,2,0,0
444c6b8870d5d4df99bd64f41b4d10585750bb05,Tom Christie,GitHub,2019-06-21 12:49:25+00:00,2019-06-21T13:49:25+01:00,Honour 'local_flow_control_window' (#98),False,1,http2.py,http3/dispatch/http2.py,7,3,10,0,1
2af17c8d7ab5c7cbecd1096f5eade683a41088cd,Tom Christie,Tom Christie,2019-06-21 12:50:19+00:00,2019-06-21T13:50:19+01:00,Version 0.6.0,False,1,__init__.py,http3/__init__.py,1,1,2,0,0
9d5aaff5bc57698c111dcf990a4918fe961d1584,Tom Christie,Tom Christie,2019-06-21 14:03:01+00:00,2019-06-21T15:03:01+01:00,Support Client(base_url=...),False,1,models.py,http3/models.py,8,4,12,0,1
9d5aaff5bc57698c111dcf990a4918fe961d1584,Tom Christie,Tom Christie,2019-06-21 14:03:01+00:00,2019-06-21T15:03:01+01:00,Support Client(base_url=...),False,1,client.py,http3/client.py,13,3,16,0,1
9d5aaff5bc57698c111dcf990a4918fe961d1584,Tom Christie,Tom Christie,2019-06-21 14:03:01+00:00,2019-06-21T15:03:01+01:00,Support Client(base_url=...),False,1,test_client.py,tests/client/test_client.py,9,0,9,0,1
7ff8483fc83df2ec637c25e5db2e4151f8172d9b,Tom Christie,Tom Christie,2019-06-21 15:44:40+00:00,2019-06-21T16:44:40+01:00,Version 0.6.1,False,1,__init__.py,http3/__init__.py,1,1,2,0,1
9930de80910655ac44c3b10e5f0a1f5425730e30,Tom Christie,GitHub,2019-06-23 10:24:17+00:00,2019-06-23T11:24:17+01:00,Use urllib3's DEFAULT_CIPHERS for ssl config (#100),False,1,config.py,http3/config.py,21,5,26,1,0
9930de80910655ac44c3b10e5f0a1f5425730e30,Tom Christie,GitHub,2019-06-23 10:24:17+00:00,2019-06-23T11:24:17+01:00,Use urllib3's DEFAULT_CIPHERS for ssl config (#100),False,1,__init__.py,http3/__init__.py,1,1,2,1,0
f9e3ad4c162945a04ecc0f96a2156eca5ab39886,updatatoday,Tom Christie,2019-06-23 10:37:00+00:00,2019-06-23T11:37:00+01:00,Fixed response repr. (#101),False,1,test_responses.py,tests/models/test_responses.py,1,1,2,1,0
f9e3ad4c162945a04ecc0f96a2156eca5ab39886,updatatoday,Tom Christie,2019-06-23 10:37:00+00:00,2019-06-23T11:37:00+01:00,Fixed response repr. (#101),False,1,test_client.py,tests/client/test_client.py,1,1,2,1,1
f9e3ad4c162945a04ecc0f96a2156eca5ab39886,updatatoday,Tom Christie,2019-06-23 10:37:00+00:00,2019-06-23T11:37:00+01:00,Fixed response repr. (#101),False,1,test_async_client.py,tests/client/test_async_client.py,1,1,2,1,0
f9e3ad4c162945a04ecc0f96a2156eca5ab39886,updatatoday,Tom Christie,2019-06-23 10:37:00+00:00,2019-06-23T11:37:00+01:00,Fixed response repr. (#101),False,1,models.py,http3/models.py,1,1,2,1,0
b9c8a1505e3ffadf0e212a482c5051f098a32ca0,Tom Christie,GitHub,2019-06-24 15:53:42+00:00,2019-06-24T16:53:42+01:00,Handle early connection closes (#103),False,1,client.py,http3/client.py,1,1,2,1,0
b9c8a1505e3ffadf0e212a482c5051f098a32ca0,Tom Christie,GitHub,2019-06-24 15:53:42+00:00,2019-06-24T16:53:42+01:00,Handle early connection closes (#103),False,1,concurrency.py,http3/concurrency.py,29,1,30,1,0
b9c8a1505e3ffadf0e212a482c5051f098a32ca0,Tom Christie,GitHub,2019-06-24 15:53:42+00:00,2019-06-24T16:53:42+01:00,Handle early connection closes (#103),False,1,connection.py,http3/dispatch/connection.py,4,2,6,1,0
b9c8a1505e3ffadf0e212a482c5051f098a32ca0,Tom Christie,GitHub,2019-06-24 15:53:42+00:00,2019-06-24T16:53:42+01:00,Handle early connection closes (#103),False,1,test_client.py,tests/client/test_client.py,1,1,2,1,0
b9c8a1505e3ffadf0e212a482c5051f098a32ca0,Tom Christie,GitHub,2019-06-24 15:53:42+00:00,2019-06-24T16:53:42+01:00,Handle early connection closes (#103),False,1,http2.py,http3/dispatch/http2.py,41,24,65,1,0
b9c8a1505e3ffadf0e212a482c5051f098a32ca0,Tom Christie,GitHub,2019-06-24 15:53:42+00:00,2019-06-24T16:53:42+01:00,Handle early connection closes (#103),False,1,interfaces.py,http3/interfaces.py,18,0,18,1,0
b9c8a1505e3ffadf0e212a482c5051f098a32ca0,Tom Christie,GitHub,2019-06-24 15:53:42+00:00,2019-06-24T16:53:42+01:00,Handle early connection closes (#103),False,1,utils.py,tests/dispatch/utils.py,2,0,2,1,0
b9c8a1505e3ffadf0e212a482c5051f098a32ca0,Tom Christie,GitHub,2019-06-24 15:53:42+00:00,2019-06-24T16:53:42+01:00,Handle early connection closes (#103),False,1,http11.py,http3/dispatch/http11.py,94,45,139,1,0
d3a12e73c0ce96dad34795859da8a9d9d75b1802,Tom Christie,Tom Christie,2019-06-24 15:54:24+00:00,2019-06-24T16:54:24+01:00,Version 0.6.3,False,1,__init__.py,http3/__init__.py,1,1,2,0,0
f4f05e343ceef86042cb4f6991ee6b924e434493,Tom Christie,GitHub,2019-06-25 11:54:14+00:00,2019-06-25T12:54:14+01:00,Read/Write timeout modes (#104),False,1,concurrency.py,http3/concurrency.py,58,14,72,0,0
f4f05e343ceef86042cb4f6991ee6b924e434493,Tom Christie,GitHub,2019-06-25 11:54:14+00:00,2019-06-25T12:54:14+01:00,Read/Write timeout modes (#104),False,1,http11.py,http3/dispatch/http11.py,13,1,14,0,0
f4f05e343ceef86042cb4f6991ee6b924e434493,Tom Christie,GitHub,2019-06-25 11:54:14+00:00,2019-06-25T12:54:14+01:00,Read/Write timeout modes (#104),False,1,interfaces.py,http3/interfaces.py,3,1,4,0,0
f4f05e343ceef86042cb4f6991ee6b924e434493,Tom Christie,GitHub,2019-06-25 11:54:14+00:00,2019-06-25T12:54:14+01:00,Read/Write timeout modes (#104),False,1,utils.py,tests/dispatch/utils.py,1,1,2,0,0
f4f05e343ceef86042cb4f6991ee6b924e434493,Tom Christie,GitHub,2019-06-25 11:54:14+00:00,2019-06-25T12:54:14+01:00,Read/Write timeout modes (#104),False,1,http2.py,http3/dispatch/http2.py,16,4,20,0,0
5326cd1a20a5264afe5b1b89178d0a7feb23ccb7,Tom Christie,GitHub,2019-06-25 12:24:12+00:00,2019-06-25T13:24:12+01:00,Version 0.6.4 (#105),False,1,conftest.py,tests/conftest.py,1,1,2,0,0
5326cd1a20a5264afe5b1b89178d0a7feb23ccb7,Tom Christie,GitHub,2019-06-25 12:24:12+00:00,2019-06-25T13:24:12+01:00,Version 0.6.4 (#105),False,1,concurrency.py,http3/concurrency.py,9,5,14,0,0
5326cd1a20a5264afe5b1b89178d0a7feb23ccb7,Tom Christie,GitHub,2019-06-25 12:24:12+00:00,2019-06-25T13:24:12+01:00,Version 0.6.4 (#105),False,1,__init__.py,http3/__init__.py,1,1,2,0,0
04cb3a6d98872b62a68f3c1218f55844949c9346,Tom Christie,GitHub,2019-06-25 16:13:16+00:00,2019-06-25T17:13:16+01:00,Improve HTTP protocol detection (#107),False,1,http11.py,http3/dispatch/http11.py,5,4,9,0,0
5539b69ac26309bbb755bfb4c766d1e86c80ea1f,Tom Christie,GitHub,2019-06-27 15:46:13+00:00,2019-06-27T16:46:13+01:00,Include host header directly (#109),False,1,decoders.py,http3/decoders.py,1,1,2,0,0
5539b69ac26309bbb755bfb4c766d1e86c80ea1f,Tom Christie,GitHub,2019-06-27 15:46:13+00:00,2019-06-27T16:46:13+01:00,Include host header directly (#109),False,1,asgi.py,http3/dispatch/asgi.py,19,8,27,0,0
5539b69ac26309bbb755bfb4c766d1e86c80ea1f,Tom Christie,GitHub,2019-06-27 15:46:13+00:00,2019-06-27T16:46:13+01:00,Include host header directly (#109),False,1,http11.py,http3/dispatch/http11.py,0,3,3,0,0
5539b69ac26309bbb755bfb4c766d1e86c80ea1f,Tom Christie,GitHub,2019-06-27 15:46:13+00:00,2019-06-27T16:46:13+01:00,Include host header directly (#109),False,1,client.py,http3/client.py,8,3,11,0,0
5539b69ac26309bbb755bfb4c766d1e86c80ea1f,Tom Christie,GitHub,2019-06-27 15:46:13+00:00,2019-06-27T16:46:13+01:00,Include host header directly (#109),False,1,wsgi.py,http3/dispatch/wsgi.py,3,1,4,0,0
5539b69ac26309bbb755bfb4c766d1e86c80ea1f,Tom Christie,GitHub,2019-06-27 15:46:13+00:00,2019-06-27T16:46:13+01:00,Include host header directly (#109),False,1,models.py,http3/models.py,9,4,13,0,0
5539b69ac26309bbb755bfb4c766d1e86c80ea1f,Tom Christie,GitHub,2019-06-27 15:46:13+00:00,2019-06-27T16:46:13+01:00,Include host header directly (#109),False,1,multipart.py,http3/multipart.py,5,5,10,0,0
5539b69ac26309bbb755bfb4c766d1e86c80ea1f,Tom Christie,GitHub,2019-06-27 15:46:13+00:00,2019-06-27T16:46:13+01:00,Include host header directly (#109),False,1,http2.py,http3/dispatch/http2.py,1,1,2,0,0
fe71e939c399f708887058ebe26224e5aba9dbe8,Tom Christie,Tom Christie,2019-06-27 15:46:58+00:00,2019-06-27T16:46:58+01:00,Version 0.6.5,False,1,__init__.py,http3/__init__.py,1,1,2,0,0
fe1f9ed1193e8824c9f1041117758741dd34600e,Tom Christie,GitHub,2019-07-03 09:33:38+00:00,2019-07-03T10:33:38+01:00,Minor tweaks in line with requests behavior (#110),False,1,test_api.py,tests/test_api.py,6,0,6,0,0
fe1f9ed1193e8824c9f1041117758741dd34600e,Tom Christie,GitHub,2019-07-03 09:33:38+00:00,2019-07-03T10:33:38+01:00,Minor tweaks in line with requests behavior (#110),False,1,test_requests.py,tests/models/test_requests.py,0,3,3,0,0
fe1f9ed1193e8824c9f1041117758741dd34600e,Tom Christie,GitHub,2019-07-03 09:33:38+00:00,2019-07-03T10:33:38+01:00,Minor tweaks in line with requests behavior (#110),False,1,publish,scripts/publish,1,1,2,0,0
fe1f9ed1193e8824c9f1041117758741dd34600e,Tom Christie,GitHub,2019-07-03 09:33:38+00:00,2019-07-03T10:33:38+01:00,Minor tweaks in line with requests behavior (#110),False,1,models.py,http3/models.py,5,3,8,0,0
fe1f9ed1193e8824c9f1041117758741dd34600e,Tom Christie,GitHub,2019-07-03 09:33:38+00:00,2019-07-03T10:33:38+01:00,Minor tweaks in line with requests behavior (#110),False,1,config.py,http3/config.py,4,0,4,0,0
fe1f9ed1193e8824c9f1041117758741dd34600e,Tom Christie,GitHub,2019-07-03 09:33:38+00:00,2019-07-03T10:33:38+01:00,Minor tweaks in line with requests behavior (#110),False,1,client.py,http3/client.py,10,1,11,0,0
fe1f9ed1193e8824c9f1041117758741dd34600e,Tom Christie,GitHub,2019-07-03 09:33:38+00:00,2019-07-03T10:33:38+01:00,Minor tweaks in line with requests behavior (#110),False,1,__version__.py,http3/__version__.py,3,0,3,0,0
fe1f9ed1193e8824c9f1041117758741dd34600e,Tom Christie,GitHub,2019-07-03 09:33:38+00:00,2019-07-03T10:33:38+01:00,Minor tweaks in line with requests behavior (#110),False,1,__init__.py,http3/__init__.py,12,2,14,0,0
025240c3b3e77f4295f8061431fa3b0665ad996c,Tom Christie,GitHub,2019-07-08 14:57:29+00:00,2019-07-08T15:57:29+01:00,Check for connection aliveness on pool re-acquiry (#111),False,1,http11.py,http3/dispatch/http11.py,8,2,10,0,0
025240c3b3e77f4295f8061431fa3b0665ad996c,Tom Christie,GitHub,2019-07-08 14:57:29+00:00,2019-07-08T15:57:29+01:00,Check for connection aliveness on pool re-acquiry (#111),False,1,connection_pool.py,http3/dispatch/connection_pool.py,27,13,40,0,0
025240c3b3e77f4295f8061431fa3b0665ad996c,Tom Christie,GitHub,2019-07-08 14:57:29+00:00,2019-07-08T15:57:29+01:00,Check for connection aliveness on pool re-acquiry (#111),False,1,http2.py,http3/dispatch/http2.py,6,2,8,0,0
025240c3b3e77f4295f8061431fa3b0665ad996c,Tom Christie,GitHub,2019-07-08 14:57:29+00:00,2019-07-08T15:57:29+01:00,Check for connection aliveness on pool re-acquiry (#111),False,1,test_http2.py,tests/dispatch/test_http2.py,19,0,19,0,0
025240c3b3e77f4295f8061431fa3b0665ad996c,Tom Christie,GitHub,2019-07-08 14:57:29+00:00,2019-07-08T15:57:29+01:00,Check for connection aliveness on pool re-acquiry (#111),False,1,setup.py,setup.py,1,1,2,0,0
025240c3b3e77f4295f8061431fa3b0665ad996c,Tom Christie,GitHub,2019-07-08 14:57:29+00:00,2019-07-08T15:57:29+01:00,Check for connection aliveness on pool re-acquiry (#111),False,1,exceptions.py,http3/exceptions.py,8,1,9,0,0
025240c3b3e77f4295f8061431fa3b0665ad996c,Tom Christie,GitHub,2019-07-08 14:57:29+00:00,2019-07-08T15:57:29+01:00,Check for connection aliveness on pool re-acquiry (#111),False,1,utils.py,tests/dispatch/utils.py,7,2,9,0,0
561fb842489e52831daf91621f821b745be748eb,Tom Christie,Tom Christie,2019-07-08 14:58:44+00:00,2019-07-08T15:58:44+01:00,Version 0.6.7,False,1,__version__.py,http3/__version__.py,1,1,2,0,0
5442006a41f94a3e41186910d7a6e8546adf0f89,Yeray Diaz Diaz,Tom Christie,2019-07-11 16:14:58+00:00,2019-07-11T17:14:58+01:00,Encoding detection in Response.json (#116),False,1,test_utils.py,tests/test_utils.py,39,0,39,0,0
5442006a41f94a3e41186910d7a6e8546adf0f89,Yeray Diaz Diaz,Tom Christie,2019-07-11 16:14:58+00:00,2019-07-11T17:14:58+01:00,Encoding detection in Response.json (#116),False,1,test_responses.py,tests/models/test_responses.py,38,0,38,0,0
5442006a41f94a3e41186910d7a6e8546adf0f89,Yeray Diaz Diaz,Tom Christie,2019-07-11 16:14:58+00:00,2019-07-11T17:14:58+01:00,Encoding detection in Response.json (#116),False,1,utils.py,http3/utils.py,35,0,35,0,0
5442006a41f94a3e41186910d7a6e8546adf0f89,Yeray Diaz Diaz,Tom Christie,2019-07-11 16:14:58+00:00,2019-07-11T17:14:58+01:00,Encoding detection in Response.json (#116),False,1,models.py,http3/models.py,15,3,18,0,0
ba83e29aee162c16b3ba8e4ee0629e88bf4ecaeb,Seth Michael Larson,Tom Christie,2019-07-16 09:08:57+00:00,2019-07-16T10:08:57+01:00,"Support client cert passwords, new TLS options (#118)",False,1,test_config.py,tests/test_config.py,36,8,44,0,0
ba83e29aee162c16b3ba8e4ee0629e88bf4ecaeb,Seth Michael Larson,Tom Christie,2019-07-16 09:08:57+00:00,2019-07-16T10:08:57+01:00,"Support client cert passwords, new TLS options (#118)",False,1,conftest.py,tests/conftest.py,48,7,55,0,0
ba83e29aee162c16b3ba8e4ee0629e88bf4ecaeb,Seth Michael Larson,Tom Christie,2019-07-16 09:08:57+00:00,2019-07-16T10:08:57+01:00,"Support client cert passwords, new TLS options (#118)",False,1,config.py,http3/config.py,47,22,69,0,0
c1044cab84124072c15a17332216d3e5ae440f7f,Seth Michael Larson,Tom Christie,2019-07-18 10:41:50+00:00,2019-07-18T11:41:50+01:00,"Start using flake8, fix lint issues (#126)",False,1,http2.py,http3/dispatch/http2.py,2,2,4,0,0
c1044cab84124072c15a17332216d3e5ae440f7f,Seth Michael Larson,Tom Christie,2019-07-18 10:41:50+00:00,2019-07-18T11:41:50+01:00,"Start using flake8, fix lint issues (#126)",False,1,http11.py,http3/dispatch/http11.py,3,3,6,0,0
c1044cab84124072c15a17332216d3e5ae440f7f,Seth Michael Larson,Tom Christie,2019-07-18 10:41:50+00:00,2019-07-18T11:41:50+01:00,"Start using flake8, fix lint issues (#126)",False,1,connection_pool.py,http3/dispatch/connection_pool.py,1,3,4,0,0
c1044cab84124072c15a17332216d3e5ae440f7f,Seth Michael Larson,Tom Christie,2019-07-18 10:41:50+00:00,2019-07-18T11:41:50+01:00,"Start using flake8, fix lint issues (#126)",False,1,connection.py,http3/dispatch/connection.py,0,5,5,0,0
c1044cab84124072c15a17332216d3e5ae440f7f,Seth Michael Larson,Tom Christie,2019-07-18 10:41:50+00:00,2019-07-18T11:41:50+01:00,"Start using flake8, fix lint issues (#126)",False,1,__init__.py,http3/__init__.py,69,0,69,0,0
c1044cab84124072c15a17332216d3e5ae440f7f,Seth Michael Larson,Tom Christie,2019-07-18 10:41:50+00:00,2019-07-18T11:41:50+01:00,"Start using flake8, fix lint issues (#126)",False,1,concurrency.py,http3/concurrency.py,1,1,2,0,0
c1044cab84124072c15a17332216d3e5ae440f7f,Seth Michael Larson,Tom Christie,2019-07-18 10:41:50+00:00,2019-07-18T11:41:50+01:00,"Start using flake8, fix lint issues (#126)",False,1,client.py,http3/client.py,2,2,4,0,0
c1044cab84124072c15a17332216d3e5ae440f7f,Seth Michael Larson,Tom Christie,2019-07-18 10:41:50+00:00,2019-07-18T11:41:50+01:00,"Start using flake8, fix lint issues (#126)",False,1,interfaces.py,http3/interfaces.py,0,2,2,0,0
c1044cab84124072c15a17332216d3e5ae440f7f,Seth Michael Larson,Tom Christie,2019-07-18 10:41:50+00:00,2019-07-18T11:41:50+01:00,"Start using flake8, fix lint issues (#126)",False,1,config.py,http3/config.py,17,8,25,0,0
c1044cab84124072c15a17332216d3e5ae440f7f,Seth Michael Larson,Tom Christie,2019-07-18 10:41:50+00:00,2019-07-18T11:41:50+01:00,"Start using flake8, fix lint issues (#126)",False,1,status_codes.py,http3/status_codes.py,10,5,15,0,0
c1044cab84124072c15a17332216d3e5ae440f7f,Seth Michael Larson,Tom Christie,2019-07-18 10:41:50+00:00,2019-07-18T11:41:50+01:00,"Start using flake8, fix lint issues (#126)",False,1,lint,scripts/lint,4,3,7,0,0
c1044cab84124072c15a17332216d3e5ae440f7f,Seth Michael Larson,Tom Christie,2019-07-18 10:41:50+00:00,2019-07-18T11:41:50+01:00,"Start using flake8, fix lint issues (#126)",False,1,setup.py,setup.py,1,1,2,0,0
c1044cab84124072c15a17332216d3e5ae440f7f,Seth Michael Larson,Tom Christie,2019-07-18 10:41:50+00:00,2019-07-18T11:41:50+01:00,"Start using flake8, fix lint issues (#126)",False,1,test_wsgi.py,tests/test_wsgi.py,2,2,4,0,0
c1044cab84124072c15a17332216d3e5ae440f7f,Seth Michael Larson,Tom Christie,2019-07-18 10:41:50+00:00,2019-07-18T11:41:50+01:00,"Start using flake8, fix lint issues (#126)",False,1,test_asgi.py,tests/test_asgi.py,2,2,4,0,0
c1044cab84124072c15a17332216d3e5ae440f7f,Seth Michael Larson,Tom Christie,2019-07-18 10:41:50+00:00,2019-07-18T11:41:50+01:00,"Start using flake8, fix lint issues (#126)",False,1,test_threaded.py,tests/dispatch/test_threaded.py,0,2,2,0,0
c1044cab84124072c15a17332216d3e5ae440f7f,Seth Michael Larson,Tom Christie,2019-07-18 10:41:50+00:00,2019-07-18T11:41:50+01:00,"Start using flake8, fix lint issues (#126)",False,1,test_http2.py,tests/dispatch/test_http2.py,0,2,2,0,0
c1044cab84124072c15a17332216d3e5ae440f7f,Seth Michael Larson,Tom Christie,2019-07-18 10:41:50+00:00,2019-07-18T11:41:50+01:00,"Start using flake8, fix lint issues (#126)",False,1,test_multipart.py,tests/test_multipart.py,4,4,8,0,0
c1044cab84124072c15a17332216d3e5ae440f7f,Seth Michael Larson,Tom Christie,2019-07-18 10:41:50+00:00,2019-07-18T11:41:50+01:00,"Start using flake8, fix lint issues (#126)",False,1,test_redirects.py,tests/client/test_redirects.py,0,2,2,0,0
c1044cab84124072c15a17332216d3e5ae440f7f,Seth Michael Larson,Tom Christie,2019-07-18 10:41:50+00:00,2019-07-18T11:41:50+01:00,"Start using flake8, fix lint issues (#126)",False,1,test_cookies.py,tests/client/test_cookies.py,0,3,3,0,0
c1044cab84124072c15a17332216d3e5ae440f7f,Seth Michael Larson,Tom Christie,2019-07-18 10:41:50+00:00,2019-07-18T11:41:50+01:00,"Start using flake8, fix lint issues (#126)",False,1,test_auth.py,tests/client/test_auth.py,0,3,3,0,0
c1044cab84124072c15a17332216d3e5ae440f7f,Seth Michael Larson,Tom Christie,2019-07-18 10:41:50+00:00,2019-07-18T11:41:50+01:00,"Start using flake8, fix lint issues (#126)",False,1,test_connections.py,tests/dispatch/test_connections.py,1,1,2,0,0
0e8dae4815327462345e36326f218a36dc6aa3aa,ambrozic,Tom Christie,2019-07-18 11:00:02+00:00,2019-07-18T12:00:02+01:00,Multipart data values encoding (#121),False,1,test_multipart.py,tests/test_multipart.py,60,3,63,0,0
0e8dae4815327462345e36326f218a36dc6aa3aa,ambrozic,Tom Christie,2019-07-18 11:00:02+00:00,2019-07-18T12:00:02+01:00,Multipart data values encoding (#121),False,1,multipart.py,http3/multipart.py,9,3,12,0,0
2d09d5b36c108f7d669c13e87e0958a1833a6422,Tom Christie,GitHub,2019-07-19 14:15:16+00:00,2019-07-19T15:15:16+01:00,Renaming -> httpx (#129),False,1,api.py,httpx/api.py,272,0,272,0,0
2d09d5b36c108f7d669c13e87e0958a1833a6422,Tom Christie,GitHub,2019-07-19 14:15:16+00:00,2019-07-19T15:15:16+01:00,Renaming -> httpx (#129),False,1,status_codes.py,http3/status_codes.py,0,131,131,0,0
2d09d5b36c108f7d669c13e87e0958a1833a6422,Tom Christie,GitHub,2019-07-19 14:15:16+00:00,2019-07-19T15:15:16+01:00,Renaming -> httpx (#129),False,1,utils.py,http3/utils.py,0,66,66,0,0
2d09d5b36c108f7d669c13e87e0958a1833a6422,Tom Christie,GitHub,2019-07-19 14:15:16+00:00,2019-07-19T15:15:16+01:00,Renaming -> httpx (#129),False,1,__init__.py,httpx/__init__.py,131,0,131,0,0
2d09d5b36c108f7d669c13e87e0958a1833a6422,Tom Christie,GitHub,2019-07-19 14:15:16+00:00,2019-07-19T15:15:16+01:00,Renaming -> httpx (#129),False,1,__version__.py,httpx/__version__.py,3,0,3,0,0
2d09d5b36c108f7d669c13e87e0958a1833a6422,Tom Christie,GitHub,2019-07-19 14:15:16+00:00,2019-07-19T15:15:16+01:00,Renaming -> httpx (#129),False,1,auth.py,httpx/auth.py,38,0,38,0,0
2d09d5b36c108f7d669c13e87e0958a1833a6422,Tom Christie,GitHub,2019-07-19 14:15:16+00:00,2019-07-19T15:15:16+01:00,Renaming -> httpx (#129),False,1,asgi.py,httpx/dispatch/asgi.py,187,0,187,0,0
2d09d5b36c108f7d669c13e87e0958a1833a6422,Tom Christie,GitHub,2019-07-19 14:15:16+00:00,2019-07-19T15:15:16+01:00,Renaming -> httpx (#129),False,1,concurrency.py,httpx/concurrency.py,271,0,271,0,0
2d09d5b36c108f7d669c13e87e0958a1833a6422,Tom Christie,GitHub,2019-07-19 14:15:16+00:00,2019-07-19T15:15:16+01:00,Renaming -> httpx (#129),False,1,config.py,httpx/config.py,250,0,250,0,0
2d09d5b36c108f7d669c13e87e0958a1833a6422,Tom Christie,GitHub,2019-07-19 14:15:16+00:00,2019-07-19T15:15:16+01:00,Renaming -> httpx (#129),False,1,decoders.py,httpx/decoders.py,149,0,149,0,0
2d09d5b36c108f7d669c13e87e0958a1833a6422,Tom Christie,GitHub,2019-07-19 14:15:16+00:00,2019-07-19T15:15:16+01:00,Renaming -> httpx (#129),False,1,__init__.py,httpx/dispatch/__init__.py,4,0,4,0,1
2d09d5b36c108f7d669c13e87e0958a1833a6422,Tom Christie,GitHub,2019-07-19 14:15:16+00:00,2019-07-19T15:15:16+01:00,Renaming -> httpx (#129),False,1,multipart.py,http3/multipart.py,0,106,106,0,0
2d09d5b36c108f7d669c13e87e0958a1833a6422,Tom Christie,GitHub,2019-07-19 14:15:16+00:00,2019-07-19T15:15:16+01:00,Renaming -> httpx (#129),False,1,connection.py,httpx/dispatch/connection.py,104,0,104,0,0
2d09d5b36c108f7d669c13e87e0958a1833a6422,Tom Christie,GitHub,2019-07-19 14:15:16+00:00,2019-07-19T15:15:16+01:00,Renaming -> httpx (#129),False,1,connection_pool.py,httpx/dispatch/connection_pool.py,176,0,176,0,0
2d09d5b36c108f7d669c13e87e0958a1833a6422,Tom Christie,GitHub,2019-07-19 14:15:16+00:00,2019-07-19T15:15:16+01:00,Renaming -> httpx (#129),False,1,client.py,httpx/client.py,895,0,895,0,0
2d09d5b36c108f7d669c13e87e0958a1833a6422,Tom Christie,GitHub,2019-07-19 14:15:16+00:00,2019-07-19T15:15:16+01:00,Renaming -> httpx (#129),False,1,models.py,http3/models.py,0,1168,1168,0,0
2d09d5b36c108f7d669c13e87e0958a1833a6422,Tom Christie,GitHub,2019-07-19 14:15:16+00:00,2019-07-19T15:15:16+01:00,Renaming -> httpx (#129),False,1,http11.py,http3/dispatch/http11.py,0,190,190,0,0
2d09d5b36c108f7d669c13e87e0958a1833a6422,Tom Christie,GitHub,2019-07-19 14:15:16+00:00,2019-07-19T15:15:16+01:00,Renaming -> httpx (#129),False,1,exceptions.py,http3/exceptions.py,0,135,135,0,0
2d09d5b36c108f7d669c13e87e0958a1833a6422,Tom Christie,GitHub,2019-07-19 14:15:16+00:00,2019-07-19T15:15:16+01:00,Renaming -> httpx (#129),False,1,__init__.py,http3/__init__.py,0,131,131,0,0
2d09d5b36c108f7d669c13e87e0958a1833a6422,Tom Christie,GitHub,2019-07-19 14:15:16+00:00,2019-07-19T15:15:16+01:00,Renaming -> httpx (#129),False,1,__version__.py,http3/__version__.py,0,3,3,0,0
2d09d5b36c108f7d669c13e87e0958a1833a6422,Tom Christie,GitHub,2019-07-19 14:15:16+00:00,2019-07-19T15:15:16+01:00,Renaming -> httpx (#129),False,1,api.py,http3/api.py,0,272,272,0,0
2d09d5b36c108f7d669c13e87e0958a1833a6422,Tom Christie,GitHub,2019-07-19 14:15:16+00:00,2019-07-19T15:15:16+01:00,Renaming -> httpx (#129),False,1,auth.py,http3/auth.py,0,38,38,0,0
2d09d5b36c108f7d669c13e87e0958a1833a6422,Tom Christie,GitHub,2019-07-19 14:15:16+00:00,2019-07-19T15:15:16+01:00,Renaming -> httpx (#129),False,1,client.py,http3/client.py,0,895,895,0,0
2d09d5b36c108f7d669c13e87e0958a1833a6422,Tom Christie,GitHub,2019-07-19 14:15:16+00:00,2019-07-19T15:15:16+01:00,Renaming -> httpx (#129),False,1,concurrency.py,http3/concurrency.py,0,271,271,0,0
2d09d5b36c108f7d669c13e87e0958a1833a6422,Tom Christie,GitHub,2019-07-19 14:15:16+00:00,2019-07-19T15:15:16+01:00,Renaming -> httpx (#129),False,1,config.py,http3/config.py,0,250,250,0,0
2d09d5b36c108f7d669c13e87e0958a1833a6422,Tom Christie,GitHub,2019-07-19 14:15:16+00:00,2019-07-19T15:15:16+01:00,Renaming -> httpx (#129),False,1,decoders.py,http3/decoders.py,0,149,149,0,0
2d09d5b36c108f7d669c13e87e0958a1833a6422,Tom Christie,GitHub,2019-07-19 14:15:16+00:00,2019-07-19T15:15:16+01:00,Renaming -> httpx (#129),False,1,__init__.py,http3/dispatch/__init__.py,0,4,4,0,0
2d09d5b36c108f7d669c13e87e0958a1833a6422,Tom Christie,GitHub,2019-07-19 14:15:16+00:00,2019-07-19T15:15:16+01:00,Renaming -> httpx (#129),False,1,asgi.py,http3/dispatch/asgi.py,0,187,187,0,0
2d09d5b36c108f7d669c13e87e0958a1833a6422,Tom Christie,GitHub,2019-07-19 14:15:16+00:00,2019-07-19T15:15:16+01:00,Renaming -> httpx (#129),False,1,connection.py,http3/dispatch/connection.py,0,104,104,0,0
2d09d5b36c108f7d669c13e87e0958a1833a6422,Tom Christie,GitHub,2019-07-19 14:15:16+00:00,2019-07-19T15:15:16+01:00,Renaming -> httpx (#129),False,1,connection_pool.py,http3/dispatch/connection_pool.py,0,176,176,0,0
2d09d5b36c108f7d669c13e87e0958a1833a6422,Tom Christie,GitHub,2019-07-19 14:15:16+00:00,2019-07-19T15:15:16+01:00,Renaming -> httpx (#129),False,1,http11.py,httpx/dispatch/http11.py,190,0,190,0,0
2d09d5b36c108f7d669c13e87e0958a1833a6422,Tom Christie,GitHub,2019-07-19 14:15:16+00:00,2019-07-19T15:15:16+01:00,Renaming -> httpx (#129),False,1,threaded.py,http3/dispatch/threaded.py,0,96,96,0,0
2d09d5b36c108f7d669c13e87e0958a1833a6422,Tom Christie,GitHub,2019-07-19 14:15:16+00:00,2019-07-19T15:15:16+01:00,Renaming -> httpx (#129),False,1,wsgi.py,http3/dispatch/wsgi.py,0,154,154,0,0
2d09d5b36c108f7d669c13e87e0958a1833a6422,Tom Christie,GitHub,2019-07-19 14:15:16+00:00,2019-07-19T15:15:16+01:00,Renaming -> httpx (#129),False,1,interfaces.py,http3/interfaces.py,0,227,227,0,0
2d09d5b36c108f7d669c13e87e0958a1833a6422,Tom Christie,GitHub,2019-07-19 14:15:16+00:00,2019-07-19T15:15:16+01:00,Renaming -> httpx (#129),False,1,http2.py,httpx/dispatch/http2.py,178,0,178,0,0
2d09d5b36c108f7d669c13e87e0958a1833a6422,Tom Christie,GitHub,2019-07-19 14:15:16+00:00,2019-07-19T15:15:16+01:00,Renaming -> httpx (#129),False,1,http2.py,http3/dispatch/http2.py,0,178,178,0,0
2d09d5b36c108f7d669c13e87e0958a1833a6422,Tom Christie,GitHub,2019-07-19 14:15:16+00:00,2019-07-19T15:15:16+01:00,Renaming -> httpx (#129),False,1,wsgi.py,httpx/dispatch/wsgi.py,154,0,154,0,0
2d09d5b36c108f7d669c13e87e0958a1833a6422,Tom Christie,GitHub,2019-07-19 14:15:16+00:00,2019-07-19T15:15:16+01:00,Renaming -> httpx (#129),False,1,utils.py,tests/dispatch/utils.py,1,1,2,0,0
2d09d5b36c108f7d669c13e87e0958a1833a6422,Tom Christie,GitHub,2019-07-19 14:15:16+00:00,2019-07-19T15:15:16+01:00,Renaming -> httpx (#129),False,1,test_cookies.py,tests/models/test_cookies.py,1,1,2,0,1
2d09d5b36c108f7d669c13e87e0958a1833a6422,Tom Christie,GitHub,2019-07-19 14:15:16+00:00,2019-07-19T15:15:16+01:00,Renaming -> httpx (#129),False,1,test_headers.py,tests/models/test_headers.py,20,20,40,0,1
2d09d5b36c108f7d669c13e87e0958a1833a6422,Tom Christie,GitHub,2019-07-19 14:15:16+00:00,2019-07-19T15:15:16+01:00,Renaming -> httpx (#129),False,1,test_queryparams.py,tests/models/test_queryparams.py,1,1,2,0,0
2d09d5b36c108f7d669c13e87e0958a1833a6422,Tom Christie,GitHub,2019-07-19 14:15:16+00:00,2019-07-19T15:15:16+01:00,Renaming -> httpx (#129),False,1,test_requests.py,tests/models/test_requests.py,16,16,32,0,0
2d09d5b36c108f7d669c13e87e0958a1833a6422,Tom Christie,GitHub,2019-07-19 14:15:16+00:00,2019-07-19T15:15:16+01:00,Renaming -> httpx (#129),False,1,test_responses.py,tests/models/test_responses.py,33,33,66,0,0
2d09d5b36c108f7d669c13e87e0958a1833a6422,Tom Christie,GitHub,2019-07-19 14:15:16+00:00,2019-07-19T15:15:16+01:00,Renaming -> httpx (#129),False,1,test_url.py,tests/models/test_url.py,1,1,2,0,0
2d09d5b36c108f7d669c13e87e0958a1833a6422,Tom Christie,GitHub,2019-07-19 14:15:16+00:00,2019-07-19T15:15:16+01:00,Renaming -> httpx (#129),False,1,test_api.py,tests/test_api.py,11,11,22,0,0
2d09d5b36c108f7d669c13e87e0958a1833a6422,Tom Christie,GitHub,2019-07-19 14:15:16+00:00,2019-07-19T15:15:16+01:00,Renaming -> httpx (#129),False,1,test_asgi.py,tests/test_asgi.py,5,5,10,0,0
2d09d5b36c108f7d669c13e87e0958a1833a6422,Tom Christie,GitHub,2019-07-19 14:15:16+00:00,2019-07-19T15:15:16+01:00,Renaming -> httpx (#129),False,1,test_config.py,tests/test_config.py,25,25,50,0,0
2d09d5b36c108f7d669c13e87e0958a1833a6422,Tom Christie,GitHub,2019-07-19 14:15:16+00:00,2019-07-19T15:15:16+01:00,Renaming -> httpx (#129),False,1,test_decoders.py,tests/test_decoders.py,10,10,20,0,0
2d09d5b36c108f7d669c13e87e0958a1833a6422,Tom Christie,GitHub,2019-07-19 14:15:16+00:00,2019-07-19T15:15:16+01:00,Renaming -> httpx (#129),False,1,test_multipart.py,tests/test_multipart.py,1,1,2,0,0
2d09d5b36c108f7d669c13e87e0958a1833a6422,Tom Christie,GitHub,2019-07-19 14:15:16+00:00,2019-07-19T15:15:16+01:00,Renaming -> httpx (#129),False,1,test_status_codes.py,tests/test_status_codes.py,6,6,12,0,0
2d09d5b36c108f7d669c13e87e0958a1833a6422,Tom Christie,GitHub,2019-07-19 14:15:16+00:00,2019-07-19T15:15:16+01:00,Renaming -> httpx (#129),False,1,test_timeouts.py,tests/test_timeouts.py,1,1,2,0,0
2d09d5b36c108f7d669c13e87e0958a1833a6422,Tom Christie,GitHub,2019-07-19 14:15:16+00:00,2019-07-19T15:15:16+01:00,Renaming -> httpx (#129),False,1,test_wsgi.py,tests/test_wsgi.py,5,5,10,0,0
2d09d5b36c108f7d669c13e87e0958a1833a6422,Tom Christie,GitHub,2019-07-19 14:15:16+00:00,2019-07-19T15:15:16+01:00,Renaming -> httpx (#129),False,1,test_threaded.py,tests/dispatch/test_threaded.py,1,1,2,0,1
2d09d5b36c108f7d669c13e87e0958a1833a6422,Tom Christie,GitHub,2019-07-19 14:15:16+00:00,2019-07-19T15:15:16+01:00,Renaming -> httpx (#129),False,1,test_http2.py,tests/dispatch/test_http2.py,1,1,2,0,0
2d09d5b36c108f7d669c13e87e0958a1833a6422,Tom Christie,GitHub,2019-07-19 14:15:16+00:00,2019-07-19T15:15:16+01:00,Renaming -> httpx (#129),False,1,test_utils.py,tests/test_utils.py,1,1,2,0,0
2d09d5b36c108f7d669c13e87e0958a1833a6422,Tom Christie,GitHub,2019-07-19 14:15:16+00:00,2019-07-19T15:15:16+01:00,Renaming -> httpx (#129),False,1,test_connection_pools.py,tests/dispatch/test_connection_pools.py,10,10,20,0,0
2d09d5b36c108f7d669c13e87e0958a1833a6422,Tom Christie,GitHub,2019-07-19 14:15:16+00:00,2019-07-19T15:15:16+01:00,Renaming -> httpx (#129),False,1,test_connections.py,tests/dispatch/test_connections.py,1,1,2,0,0
2d09d5b36c108f7d669c13e87e0958a1833a6422,Tom Christie,GitHub,2019-07-19 14:15:16+00:00,2019-07-19T15:15:16+01:00,Renaming -> httpx (#129),False,1,exceptions.py,httpx/exceptions.py,135,0,135,0,0
2d09d5b36c108f7d669c13e87e0958a1833a6422,Tom Christie,GitHub,2019-07-19 14:15:16+00:00,2019-07-19T15:15:16+01:00,Renaming -> httpx (#129),False,1,interfaces.py,httpx/interfaces.py,227,0,227,0,0
2d09d5b36c108f7d669c13e87e0958a1833a6422,Tom Christie,GitHub,2019-07-19 14:15:16+00:00,2019-07-19T15:15:16+01:00,Renaming -> httpx (#129),False,1,models.py,httpx/models.py,1168,0,1168,0,0
2d09d5b36c108f7d669c13e87e0958a1833a6422,Tom Christie,GitHub,2019-07-19 14:15:16+00:00,2019-07-19T15:15:16+01:00,Renaming -> httpx (#129),False,1,multipart.py,httpx/multipart.py,106,0,106,0,1
2d09d5b36c108f7d669c13e87e0958a1833a6422,Tom Christie,GitHub,2019-07-19 14:15:16+00:00,2019-07-19T15:15:16+01:00,Renaming -> httpx (#129),False,1,status_codes.py,httpx/status_codes.py,131,0,131,0,0
2d09d5b36c108f7d669c13e87e0958a1833a6422,Tom Christie,GitHub,2019-07-19 14:15:16+00:00,2019-07-19T15:15:16+01:00,Renaming -> httpx (#129),False,1,utils.py,httpx/utils.py,66,0,66,0,0
2d09d5b36c108f7d669c13e87e0958a1833a6422,Tom Christie,GitHub,2019-07-19 14:15:16+00:00,2019-07-19T15:15:16+01:00,Renaming -> httpx (#129),False,1,clean,scripts/clean,2,2,4,0,0
2d09d5b36c108f7d669c13e87e0958a1833a6422,Tom Christie,GitHub,2019-07-19 14:15:16+00:00,2019-07-19T15:15:16+01:00,Renaming -> httpx (#129),False,1,threaded.py,httpx/dispatch/threaded.py,96,0,96,0,1
2d09d5b36c108f7d669c13e87e0958a1833a6422,Tom Christie,GitHub,2019-07-19 14:15:16+00:00,2019-07-19T15:15:16+01:00,Renaming -> httpx (#129),False,1,publish,scripts/publish,1,1,2,0,0
2d09d5b36c108f7d669c13e87e0958a1833a6422,Tom Christie,GitHub,2019-07-19 14:15:16+00:00,2019-07-19T15:15:16+01:00,Renaming -> httpx (#129),False,1,test,scripts/test,1,1,2,0,0
2d09d5b36c108f7d669c13e87e0958a1833a6422,Tom Christie,GitHub,2019-07-19 14:15:16+00:00,2019-07-19T15:15:16+01:00,Renaming -> httpx (#129),False,1,test_async_client.py,tests/client/test_async_client.py,16,16,32,0,1
2d09d5b36c108f7d669c13e87e0958a1833a6422,Tom Christie,GitHub,2019-07-19 14:15:16+00:00,2019-07-19T15:15:16+01:00,Renaming -> httpx (#129),False,1,test_auth.py,tests/client/test_auth.py,1,1,2,0,0
2d09d5b36c108f7d669c13e87e0958a1833a6422,Tom Christie,GitHub,2019-07-19 14:15:16+00:00,2019-07-19T15:15:16+01:00,Renaming -> httpx (#129),False,1,test_client.py,tests/client/test_client.py,17,17,34,0,0
2d09d5b36c108f7d669c13e87e0958a1833a6422,Tom Christie,GitHub,2019-07-19 14:15:16+00:00,2019-07-19T15:15:16+01:00,Renaming -> httpx (#129),False,1,test_cookies.py,tests/client/test_cookies.py,1,1,2,0,1
2d09d5b36c108f7d669c13e87e0958a1833a6422,Tom Christie,GitHub,2019-07-19 14:15:16+00:00,2019-07-19T15:15:16+01:00,Renaming -> httpx (#129),False,1,lint,scripts/lint,5,5,10,0,0
2d09d5b36c108f7d669c13e87e0958a1833a6422,Tom Christie,GitHub,2019-07-19 14:15:16+00:00,2019-07-19T15:15:16+01:00,Renaming -> httpx (#129),False,1,test_redirects.py,tests/client/test_redirects.py,1,1,2,0,0
219ece023af5a16f0bc854d1ca298ef823e73c7d,Tom Christie,Tom Christie,2019-07-19 14:20:15+00:00,2019-07-19T15:20:15+01:00,Rename -> httpx,False,1,setup.py,setup.py,4,5,9,0,0
37df46a83b93a0f40f2b8e10282f6f038dd908f6,Stephen Brown II,Seth Michael Larson,2019-07-22 20:13:00+00:00,2019-07-22T15:13:00-05:00,"Additional HTTP Status Codes 418, 451 (#135)",False,1,status_codes.py,httpx/status_codes.py,4,0,4,0,1
8db36ed6a537fb2efaf6e5da07102ec0065c498c,Stephen Brown II,Tom Christie,2019-07-24 15:28:16+00:00,2019-07-24T16:28:16+01:00,Allow string comparison for URL().__eq__ (#139),False,1,test_url.py,tests/models/test_url.py,6,0,6,0,1
8db36ed6a537fb2efaf6e5da07102ec0065c498c,Stephen Brown II,Tom Christie,2019-07-24 15:28:16+00:00,2019-07-24T16:28:16+01:00,Allow string comparison for URL().__eq__ (#139),False,1,models.py,httpx/models.py,1,1,2,0,1
ec365c0e8e0c81279dc7a482e038aa5b547261e8,Tom Christie,GitHub,2019-07-25 21:52:41+00:00,2019-07-25T22:52:41+01:00,Check disconnections on connection reacquiry (#145),False,1,concurrency.py,httpx/concurrency.py,3,0,3,0,1
ec365c0e8e0c81279dc7a482e038aa5b547261e8,Tom Christie,GitHub,2019-07-25 21:52:41+00:00,2019-07-25T22:52:41+01:00,Check disconnections on connection reacquiry (#145),False,1,connection_pool.py,httpx/dispatch/connection_pool.py,15,26,41,0,0
ec365c0e8e0c81279dc7a482e038aa5b547261e8,Tom Christie,GitHub,2019-07-25 21:52:41+00:00,2019-07-25T22:52:41+01:00,Check disconnections on connection reacquiry (#145),False,1,http11.py,httpx/dispatch/http11.py,4,7,11,0,0
ec365c0e8e0c81279dc7a482e038aa5b547261e8,Tom Christie,GitHub,2019-07-25 21:52:41+00:00,2019-07-25T22:52:41+01:00,Check disconnections on connection reacquiry (#145),False,1,http2.py,httpx/dispatch/http2.py,4,5,9,0,1
ec365c0e8e0c81279dc7a482e038aa5b547261e8,Tom Christie,GitHub,2019-07-25 21:52:41+00:00,2019-07-25T22:52:41+01:00,Check disconnections on connection reacquiry (#145),False,1,connection.py,httpx/dispatch/connection.py,7,0,7,0,0
ec365c0e8e0c81279dc7a482e038aa5b547261e8,Tom Christie,GitHub,2019-07-25 21:52:41+00:00,2019-07-25T22:52:41+01:00,Check disconnections on connection reacquiry (#145),False,1,test_connection_pools.py,tests/dispatch/test_connection_pools.py,36,0,36,0,0
ec365c0e8e0c81279dc7a482e038aa5b547261e8,Tom Christie,GitHub,2019-07-25 21:52:41+00:00,2019-07-25T22:52:41+01:00,Check disconnections on connection reacquiry (#145),False,1,exceptions.py,httpx/exceptions.py,0,7,7,0,1
ec365c0e8e0c81279dc7a482e038aa5b547261e8,Tom Christie,GitHub,2019-07-25 21:52:41+00:00,2019-07-25T22:52:41+01:00,Check disconnections on connection reacquiry (#145),False,1,test_multipart.py,tests/test_multipart.py,1,1,2,0,0
ec365c0e8e0c81279dc7a482e038aa5b547261e8,Tom Christie,GitHub,2019-07-25 21:52:41+00:00,2019-07-25T22:52:41+01:00,Check disconnections on connection reacquiry (#145),False,1,interfaces.py,httpx/interfaces.py,3,0,3,0,1
ec365c0e8e0c81279dc7a482e038aa5b547261e8,Tom Christie,GitHub,2019-07-25 21:52:41+00:00,2019-07-25T22:52:41+01:00,Check disconnections on connection reacquiry (#145),False,1,test_http2.py,tests/dispatch/test_http2.py,1,1,2,0,0
ec365c0e8e0c81279dc7a482e038aa5b547261e8,Tom Christie,GitHub,2019-07-25 21:52:41+00:00,2019-07-25T22:52:41+01:00,Check disconnections on connection reacquiry (#145),False,1,utils.py,tests/dispatch/utils.py,4,4,8,0,1
77cf336eabcd53fbbda0c69dc692b5df820f578c,Tom Christie,Tom Christie,2019-07-25 21:53:31+00:00,2019-07-25T22:53:31+01:00,Version 0.6.8,False,1,__version__.py,httpx/__version__.py,1,1,2,0,0
00e4fdb05d9ac4a00bbc3713398cc7eba1b45dc4,Tom Christie,Seth Michael Larson,2019-07-25 22:01:03+00:00,2019-07-25T17:01:03-05:00,Fix `URL.join(...)` (#144),False,1,test_url.py,tests/models/test_url.py,72,1,73,1,0
00e4fdb05d9ac4a00bbc3713398cc7eba1b45dc4,Tom Christie,Seth Michael Larson,2019-07-25 22:01:03+00:00,2019-07-25T17:01:03-05:00,Fix `URL.join(...)` (#144),False,1,models.py,httpx/models.py,3,2,5,1,0
f974ebd93e0e8a368b4a3a9f1d9155fe071f0905,halbow,Seth Michael Larson,2019-07-27 05:03:12+00:00,2019-07-27T00:03:12-05:00,Removed deprecated TLS versions (#155),False,1,config.py,httpx/config.py,2,0,2,0,0
2cc8beabfc905da8209d43f8e8ceb0b2e173a893,halbow,Seth Michael Larson,2019-07-27 16:32:01+00:00,2019-07-27T11:32:01-05:00,Added support for Google's Brotli library (#156),False,1,decoders.py,httpx/decoders.py,11,5,16,0,0
7e9110b9784a085899ad7f6516c8666561007b1f,Can Sarıgöl,Seth Michael Larson,2019-07-28 16:40:05+00:00,2019-07-28T11:40:05-05:00,Add additional flake8 plugins (#157),False,1,test_connection_pools.py,tests/dispatch/test_connection_pools.py,8,4,12,0,0
7e9110b9784a085899ad7f6516c8666561007b1f,Can Sarıgöl,Seth Michael Larson,2019-07-28 16:40:05+00:00,2019-07-28T11:40:05-05:00,Add additional flake8 plugins (#157),False,1,client.py,httpx/client.py,8,8,16,0,0
7e9110b9784a085899ad7f6516c8666561007b1f,Can Sarıgöl,Seth Michael Larson,2019-07-28 16:40:05+00:00,2019-07-28T11:40:05-05:00,Add additional flake8 plugins (#157),False,1,models.py,httpx/models.py,24,24,48,0,0
7e9110b9784a085899ad7f6516c8666561007b1f,Can Sarıgöl,Seth Michael Larson,2019-07-28 16:40:05+00:00,2019-07-28T11:40:05-05:00,Add additional flake8 plugins (#157),False,1,test_url.py,tests/models/test_url.py,10,5,15,0,0
7e9110b9784a085899ad7f6516c8666561007b1f,Can Sarıgöl,Seth Michael Larson,2019-07-28 16:40:05+00:00,2019-07-28T11:40:05-05:00,Add additional flake8 plugins (#157),False,1,test_responses.py,tests/models/test_responses.py,4,4,8,0,0
7e9110b9784a085899ad7f6516c8666561007b1f,Can Sarıgöl,Seth Michael Larson,2019-07-28 16:40:05+00:00,2019-07-28T11:40:05-05:00,Add additional flake8 plugins (#157),False,1,test_multipart.py,tests/test_multipart.py,2,1,3,0,1
7e9110b9784a085899ad7f6516c8666561007b1f,Can Sarıgöl,Seth Michael Larson,2019-07-28 16:40:05+00:00,2019-07-28T11:40:05-05:00,Add additional flake8 plugins (#157),False,1,lint,scripts/lint,1,1,2,0,0
3ba2e8c328f05b07ee06ae40f99dce7fe1e8292c,Seth Michael Larson,GitHub,2019-07-28 17:02:21+00:00,2019-07-28T12:02:21-05:00,Switch hosts on HSTS preload to HTTPS (#151),False,1,test_url.py,tests/models/test_url.py,8,0,8,0,0
3ba2e8c328f05b07ee06ae40f99dce7fe1e8292c,Seth Michael Larson,GitHub,2019-07-28 17:02:21+00:00,2019-07-28T12:02:21-05:00,Switch hosts on HSTS preload to HTTPS (#151),False,1,setup.py,setup.py,1,0,1,0,0
3ba2e8c328f05b07ee06ae40f99dce7fe1e8292c,Seth Michael Larson,GitHub,2019-07-28 17:02:21+00:00,2019-07-28T12:02:21-05:00,Switch hosts on HSTS preload to HTTPS (#151),False,1,models.py,httpx/models.py,9,0,9,0,0
72e6f478970cf2c51d3fd23d5f3aa3150bf0e82a,Stephen Brown II,Seth Michael Larson,2019-07-29 01:39:35+00:00,2019-07-28T20:39:35-05:00,Allow setting headers at the Client level (#159),False,1,test_headers.py,tests/client/test_headers.py,123,0,123,0,0
72e6f478970cf2c51d3fd23d5f3aa3150bf0e82a,Stephen Brown II,Seth Michael Larson,2019-07-29 01:39:35+00:00,2019-07-28T20:39:35-05:00,Allow setting headers at the Client level (#159),False,1,models.py,httpx/models.py,5,0,5,0,0
72e6f478970cf2c51d3fd23d5f3aa3150bf0e82a,Stephen Brown II,Seth Michael Larson,2019-07-29 01:39:35+00:00,2019-07-28T20:39:35-05:00,Allow setting headers at the Client level (#159),False,1,client.py,httpx/client.py,13,0,13,0,0
44beaa1c8fd2e2882dc6565c026c2fc1385c8d40,Stephen Brown II,Seth Michael Larson,2019-07-29 02:43:06+00:00,2019-07-28T21:43:06-05:00,"Make Origin use scheme, not is_ssl (#168)",False,1,connection_pool.py,httpx/dispatch/connection_pool.py,2,4,6,0,0
44beaa1c8fd2e2882dc6565c026c2fc1385c8d40,Stephen Brown II,Seth Michael Larson,2019-07-29 02:43:06+00:00,2019-07-28T21:43:06-05:00,"Make Origin use scheme, not is_ssl (#168)",False,1,models.py,httpx/models.py,3,2,5,0,0
fb17459335b7e703f1895c4186a4fe421a54d815,Nik,Seth Michael Larson,2019-07-29 03:16:37+00:00,2019-07-28T22:16:37-05:00,Fixed multipart header params encoding (#167),False,1,test_multipart.py,tests/test_multipart.py,18,0,18,1,1
fb17459335b7e703f1895c4186a4fe421a54d815,Nik,Seth Michael Larson,2019-07-29 03:16:37+00:00,2019-07-28T22:16:37-05:00,Fixed multipart header params encoding (#167),False,1,multipart.py,httpx/multipart.py,29,14,43,1,0
db6731a3d2dc882fc9bd9b9791544a2fba2cb559,Tom Christie,Seth Michael Larson,2019-07-30 00:46:15+00:00,2019-07-29T19:46:15-05:00,Remove 'URIReference' from public interfaces (#170),False,1,models.py,httpx/models.py,25,27,52,0,0
33822973c3aacf9e395e276fe3448c4f9ace2be2,Seth Michael Larson,GitHub,2019-07-30 22:47:44+00:00,2019-07-30T17:47:44-05:00,Expose base classes for alternate backends (#178),False,1,__init__.py,httpx/__init__.py,2,0,2,0,0
66754ad0c58d61d34489294530351aa4b17e217f,Tom Christie,GitHub,2019-07-30 23:27:20+00:00,2019-07-31T00:27:20+01:00,Tweak query param types (#175),False,1,test_queryparams.py,tests/models/test_queryparams.py,20,0,20,0,0
66754ad0c58d61d34489294530351aa4b17e217f,Tom Christie,GitHub,2019-07-30 23:27:20+00:00,2019-07-31T00:27:20+01:00,Tweak query param types (#175),False,1,utils.py,httpx/utils.py,15,0,15,0,0
66754ad0c58d61d34489294530351aa4b17e217f,Tom Christie,GitHub,2019-07-30 23:27:20+00:00,2019-07-31T00:27:20+01:00,Tweak query param types (#175),False,1,models.py,httpx/models.py,7,4,11,0,0
40849bffcb1bf9b68fd6d503bfb6b27eaae9d736,Stephen Brown II,Tom Christie,2019-07-31 13:41:40+00:00,2019-07-31T14:41:40+01:00,Update IDNA encoding to 2008 spec (#161),False,1,models.py,httpx/models.py,1,7,8,0,0
40849bffcb1bf9b68fd6d503bfb6b27eaae9d736,Stephen Brown II,Tom Christie,2019-07-31 13:41:40+00:00,2019-07-31T14:41:40+01:00,Update IDNA encoding to 2008 spec (#161),False,1,test_url.py,tests/models/test_url.py,56,4,60,0,0
d1b1d35b5b2d5c368dd0d22c4db0c362579a3e11,Seth Michael Larson,GitHub,2019-07-31 23:27:10+00:00,2019-07-31T18:27:10-05:00,Convert DataEvent.data from bytearray to bytes (#182),False,1,http11.py,httpx/dispatch/http11.py,1,1,2,0,1
919e8d3f9b634f61c2abdf786610df36d6cd3a82,Can Sarıgöl,Tom Christie,2019-08-01 08:32:00+00:00,2019-08-01T09:32:00+01:00,added netrc support (#177),False,1,test_utils.py,tests/test_utils.py,22,1,23,0,0
919e8d3f9b634f61c2abdf786610df36d6cd3a82,Can Sarıgöl,Tom Christie,2019-08-01 08:32:00+00:00,2019-08-01T09:32:00+01:00,added netrc support (#177),False,1,test_auth.py,tests/client/test_auth.py,25,0,25,0,0
919e8d3f9b634f61c2abdf786610df36d6cd3a82,Can Sarıgöl,Tom Christie,2019-08-01 08:32:00+00:00,2019-08-01T09:32:00+01:00,added netrc support (#177),False,1,.netrc,tests/.netrc,3,0,3,0,0
919e8d3f9b634f61c2abdf786610df36d6cd3a82,Can Sarıgöl,Tom Christie,2019-08-01 08:32:00+00:00,2019-08-01T09:32:00+01:00,added netrc support (#177),False,1,utils.py,httpx/utils.py,11,0,11,0,1
919e8d3f9b634f61c2abdf786610df36d6cd3a82,Can Sarıgöl,Tom Christie,2019-08-01 08:32:00+00:00,2019-08-01T09:32:00+01:00,added netrc support (#177),False,1,client.py,httpx/client.py,46,2,48,0,0
919e8d3f9b634f61c2abdf786610df36d6cd3a82,Can Sarıgöl,Tom Christie,2019-08-01 08:32:00+00:00,2019-08-01T09:32:00+01:00,added netrc support (#177),False,1,api.py,httpx/api.py,16,0,16,0,0
9142a893ffa2d399add134a42cf72915fa92d0d2,Seth Michael Larson,Tom Christie,2019-08-01 09:26:45+00:00,2019-08-01T10:26:45+01:00,Move HSTS preload checking to client (#184),False,1,client.py,httpx/client.py,10,2,12,0,1
9142a893ffa2d399add134a42cf72915fa92d0d2,Seth Michael Larson,Tom Christie,2019-08-01 09:26:45+00:00,2019-08-01T10:26:45+01:00,Move HSTS preload checking to client (#184),False,1,models.py,httpx/models.py,0,9,9,0,1
9142a893ffa2d399add134a42cf72915fa92d0d2,Seth Michael Larson,Tom Christie,2019-08-01 09:26:45+00:00,2019-08-01T10:26:45+01:00,Move HSTS preload checking to client (#184),False,1,test_client.py,tests/client/test_client.py,8,0,8,0,1
9142a893ffa2d399add134a42cf72915fa92d0d2,Seth Michael Larson,Tom Christie,2019-08-01 09:26:45+00:00,2019-08-01T10:26:45+01:00,Move HSTS preload checking to client (#184),False,1,test_url.py,tests/models/test_url.py,0,8,8,0,0
92fbe5fd87143e67cc22a54d69a5d3b3e75abea3,halbow,Seth Michael Larson,2019-08-06 13:20:48+00:00,2019-08-06T08:20:48-05:00,Added base class HTTPError with request/response attribute (#162),False,1,client.py,httpx/client.py,24,15,39,1,0
92fbe5fd87143e67cc22a54d69a5d3b3e75abea3,halbow,Seth Michael Larson,2019-08-06 13:20:48+00:00,2019-08-06T08:20:48-05:00,Added base class HTTPError with request/response attribute (#162),False,1,http11.py,httpx/dispatch/http11.py,1,1,2,1,0
92fbe5fd87143e67cc22a54d69a5d3b3e75abea3,halbow,Seth Michael Larson,2019-08-06 13:20:48+00:00,2019-08-06T08:20:48-05:00,Added base class HTTPError with request/response attribute (#162),False,1,http2.py,httpx/dispatch/http2.py,1,1,2,1,0
92fbe5fd87143e67cc22a54d69a5d3b3e75abea3,halbow,Seth Michael Larson,2019-08-06 13:20:48+00:00,2019-08-06T08:20:48-05:00,Added base class HTTPError with request/response attribute (#162),False,1,exceptions.py,httpx/exceptions.py,27,16,43,1,0
92fbe5fd87143e67cc22a54d69a5d3b3e75abea3,halbow,Seth Michael Larson,2019-08-06 13:20:48+00:00,2019-08-06T08:20:48-05:00,Added base class HTTPError with request/response attribute (#162),False,1,concurrency.py,httpx/concurrency.py,1,1,2,1,0
92fbe5fd87143e67cc22a54d69a5d3b3e75abea3,halbow,Seth Michael Larson,2019-08-06 13:20:48+00:00,2019-08-06T08:20:48-05:00,Added base class HTTPError with request/response attribute (#162),False,1,models.py,httpx/models.py,6,7,13,1,0
92fbe5fd87143e67cc22a54d69a5d3b3e75abea3,halbow,Seth Michael Larson,2019-08-06 13:20:48+00:00,2019-08-06T08:20:48-05:00,Added base class HTTPError with request/response attribute (#162),False,1,test_async_client.py,tests/client/test_async_client.py,2,1,3,1,0
92fbe5fd87143e67cc22a54d69a5d3b3e75abea3,halbow,Seth Michael Larson,2019-08-06 13:20:48+00:00,2019-08-06T08:20:48-05:00,Added base class HTTPError with request/response attribute (#162),False,1,test_client.py,tests/client/test_client.py,2,2,4,1,0
92fbe5fd87143e67cc22a54d69a5d3b3e75abea3,halbow,Seth Michael Larson,2019-08-06 13:20:48+00:00,2019-08-06T08:20:48-05:00,Added base class HTTPError with request/response attribute (#162),False,1,utils.py,tests/dispatch/utils.py,1,1,2,1,0
92fbe5fd87143e67cc22a54d69a5d3b3e75abea3,halbow,Seth Michael Larson,2019-08-06 13:20:48+00:00,2019-08-06T08:20:48-05:00,Added base class HTTPError with request/response attribute (#162),False,1,interfaces.py,httpx/interfaces.py,5,5,10,1,0
625ad127cc9f5b8338481f8fc2b0b851bac2324f,Can Sarıgöl,Seth Michael Larson,2019-08-06 13:31:04+00:00,2019-08-06T08:31:04-05:00,Check `~/.netrc` and `~/_netrc` files by default (#189),False,1,utils.py,httpx/utils.py,17,3,20,1,0
c7a5ce7dff1cbb64b6f9485de2bb4a384526304a,Andrew M. White,Seth Michael Larson,2019-08-06 17:18:34+00:00,2019-08-06T12:18:34-05:00,Enable mypy to discover type hints as specified in PEP 561 (#194),False,1,setup.py,setup.py,1,0,1,0,0
c7a5ce7dff1cbb64b6f9485de2bb4a384526304a,Andrew M. White,Seth Michael Larson,2019-08-06 17:18:34+00:00,2019-08-06T12:18:34-05:00,Enable mypy to discover type hints as specified in PEP 561 (#194),False,1,py.typed,httpx/py.typed,0,0,0,0,0
de91fdfa16aa4b38b4b73cbeb45b70c13a0347ae,Andreas Bernacca,Seth Michael Larson,2019-08-09 02:33:55+00:00,2019-08-08T21:33:55-05:00,Ignore Content-Encoding headers that are invalid (#196),False,1,test_decoders.py,tests/test_decoders.py,9,0,9,0,1
de91fdfa16aa4b38b4b73cbeb45b70c13a0347ae,Andreas Bernacca,Seth Michael Larson,2019-08-09 02:33:55+00:00,2019-08-08T21:33:55-05:00,Ignore Content-Encoding headers that are invalid (#196),False,1,models.py,httpx/models.py,5,2,7,0,0
fde30b8d1494679becc8399621644ddbc2f51c54,Stephen Brown II,Seth Michael Larson,2019-08-09 02:42:26+00:00,2019-08-08T21:42:25-05:00,Use pathlib.Path instead of os.path functions (#188),False,1,config.py,httpx/config.py,8,8,16,0,0
fde30b8d1494679becc8399621644ddbc2f51c54,Stephen Brown II,Seth Michael Larson,2019-08-09 02:42:26+00:00,2019-08-08T21:42:25-05:00,Use pathlib.Path instead of os.path functions (#188),False,1,multipart.py,httpx/multipart.py,3,2,5,0,0
fde30b8d1494679becc8399621644ddbc2f51c54,Stephen Brown II,Seth Michael Larson,2019-08-09 02:42:26+00:00,2019-08-08T21:42:25-05:00,Use pathlib.Path instead of os.path functions (#188),False,1,test_config.py,tests/test_config.py,1,2,3,0,0
fde30b8d1494679becc8399621644ddbc2f51c54,Stephen Brown II,Seth Michael Larson,2019-08-09 02:42:26+00:00,2019-08-08T21:42:25-05:00,Use pathlib.Path instead of os.path functions (#188),False,1,setup.py,setup.py,4,8,12,0,0
fde30b8d1494679becc8399621644ddbc2f51c54,Stephen Brown II,Seth Michael Larson,2019-08-09 02:42:26+00:00,2019-08-08T21:42:25-05:00,Use pathlib.Path instead of os.path functions (#188),False,1,utils.py,httpx/utils.py,6,8,14,0,0
ebbc003c55c5a0280208c4d7502bd6038520f29b,Quentin Pradet,Seth Michael Larson,2019-08-09 13:10:59+00:00,2019-08-09T08:10:59-05:00,Fix invalid Content-Encoding header test (#197),False,1,test_decoders.py,tests/test_decoders.py,2,2,4,1,0
95dad247b531489f4cf18ac6d8daacf9c4906d18,Yeray Diaz Diaz,Seth Michael Larson,2019-08-13 11:44:23+00:00,2019-08-13T06:44:23-05:00,"Remove ""Host"" header on redirects if URL origin has changed (#199)",False,1,test_redirects.py,tests/client/test_redirects.py,19,0,19,0,0
95dad247b531489f4cf18ac6d8daacf9c4906d18,Yeray Diaz Diaz,Seth Michael Larson,2019-08-13 11:44:23+00:00,2019-08-13T06:44:23-05:00,"Remove ""Host"" header on redirects if URL origin has changed (#199)",False,1,test_headers.py,tests/client/test_headers.py,5,4,9,0,1
95dad247b531489f4cf18ac6d8daacf9c4906d18,Yeray Diaz Diaz,Seth Michael Larson,2019-08-13 11:44:23+00:00,2019-08-13T06:44:23-05:00,"Remove ""Host"" header on redirects if URL origin has changed (#199)",False,1,models.py,httpx/models.py,1,1,2,0,0
95dad247b531489f4cf18ac6d8daacf9c4906d18,Yeray Diaz Diaz,Seth Michael Larson,2019-08-13 11:44:23+00:00,2019-08-13T06:44:23-05:00,"Remove ""Host"" header on redirects if URL origin has changed (#199)",False,1,exceptions.py,httpx/exceptions.py,3,1,4,0,0
95dad247b531489f4cf18ac6d8daacf9c4906d18,Yeray Diaz Diaz,Seth Michael Larson,2019-08-13 11:44:23+00:00,2019-08-13T06:44:23-05:00,"Remove ""Host"" header on redirects if URL origin has changed (#199)",False,1,client.py,httpx/client.py,2,1,3,0,0
95dad247b531489f4cf18ac6d8daacf9c4906d18,Yeray Diaz Diaz,Seth Michael Larson,2019-08-13 11:44:23+00:00,2019-08-13T06:44:23-05:00,"Remove ""Host"" header on redirects if URL origin has changed (#199)",False,1,__init__.py,httpx/__init__.py,2,2,4,0,0
80dc3e274e8a797b305baa5005128c6d47cf8f3f,Seth Michael Larson,GitHub,2019-08-13 13:39:35+00:00,2019-08-13T08:39:35-05:00,Use nox for automation and CI (#128),False,1,.gitignore,.gitignore,1,0,1,0,0
80dc3e274e8a797b305baa5005128c6d47cf8f3f,Seth Michael Larson,GitHub,2019-08-13 13:39:35+00:00,2019-08-13T08:39:35-05:00,Use nox for automation and CI (#128),False,1,__init__.py,httpx/__init__.py,2,0,2,0,0
80dc3e274e8a797b305baa5005128c6d47cf8f3f,Seth Michael Larson,GitHub,2019-08-13 13:39:35+00:00,2019-08-13T08:39:35-05:00,Use nox for automation and CI (#128),False,1,exceptions.py,httpx/exceptions.py,6,3,9,0,0
80dc3e274e8a797b305baa5005128c6d47cf8f3f,Seth Michael Larson,GitHub,2019-08-13 13:39:35+00:00,2019-08-13T08:39:35-05:00,Use nox for automation and CI (#128),False,1,interfaces.py,httpx/interfaces.py,2,2,4,0,0
80dc3e274e8a797b305baa5005128c6d47cf8f3f,Seth Michael Larson,GitHub,2019-08-13 13:39:35+00:00,2019-08-13T08:39:35-05:00,Use nox for automation and CI (#128),False,1,utils.py,httpx/utils.py,2,2,4,0,0
80dc3e274e8a797b305baa5005128c6d47cf8f3f,Seth Michael Larson,GitHub,2019-08-13 13:39:35+00:00,2019-08-13T08:39:35-05:00,Use nox for automation and CI (#128),False,1,models.py,httpx/models.py,13,3,16,0,0
80dc3e274e8a797b305baa5005128c6d47cf8f3f,Seth Michael Larson,GitHub,2019-08-13 13:39:35+00:00,2019-08-13T08:39:35-05:00,Use nox for automation and CI (#128),False,1,install,scripts/install,0,24,24,0,0
80dc3e274e8a797b305baa5005128c6d47cf8f3f,Seth Michael Larson,GitHub,2019-08-13 13:39:35+00:00,2019-08-13T08:39:35-05:00,Use nox for automation and CI (#128),False,1,lint,scripts/lint,0,16,16,0,0
80dc3e274e8a797b305baa5005128c6d47cf8f3f,Seth Michael Larson,GitHub,2019-08-13 13:39:35+00:00,2019-08-13T08:39:35-05:00,Use nox for automation and CI (#128),False,1,test,scripts/test,0,12,12,0,0
80dc3e274e8a797b305baa5005128c6d47cf8f3f,Seth Michael Larson,GitHub,2019-08-13 13:39:35+00:00,2019-08-13T08:39:35-05:00,Use nox for automation and CI (#128),False,1,test_url.py,tests/models/test_url.py,0,1,1,0,0
80dc3e274e8a797b305baa5005128c6d47cf8f3f,Seth Michael Larson,GitHub,2019-08-13 13:39:35+00:00,2019-08-13T08:39:35-05:00,Use nox for automation and CI (#128),False,1,test_utils.py,tests/test_utils.py,1,1,2,0,0
80dc3e274e8a797b305baa5005128c6d47cf8f3f,Seth Michael Larson,GitHub,2019-08-13 13:39:35+00:00,2019-08-13T08:39:35-05:00,Use nox for automation and CI (#128),False,1,noxfile.py,noxfile.py,60,0,60,0,0
1b82d6373b6f8575a7fa3a6f5d18a8351fbb96bf,Can Sarıgöl,Seth Michael Larson,2019-08-13 14:22:18+00:00,2019-08-13T09:22:18-05:00,Add flake8-comprehensions to nox check task (#200),False,1,noxfile.py,noxfile.py,3,1,4,0,0
1b82d6373b6f8575a7fa3a6f5d18a8351fbb96bf,Can Sarıgöl,Seth Michael Larson,2019-08-13 14:22:18+00:00,2019-08-13T09:22:18-05:00,Add flake8-comprehensions to nox check task (#200),False,1,client.py,httpx/client.py,1,1,2,0,0
1b82d6373b6f8575a7fa3a6f5d18a8351fbb96bf,Can Sarıgöl,Seth Michael Larson,2019-08-13 14:22:18+00:00,2019-08-13T09:22:18-05:00,Add flake8-comprehensions to nox check task (#200),False,1,.gitignore,.gitignore,1,0,1,0,1
e51b2125c913038ce2a39ab5e5ebbc713a5ae27a,Humberto Rocha,Seth Michael Larson,2019-08-13 21:27:00+00:00,2019-08-13T16:27:00-05:00,Move all tooling configuration to setup.cfg (#204),False,1,noxfile.py,noxfile.py,4,26,30,0,1
bebedcbd5d8d8bcb1d047f3796f2a21d3ebca065,Tammo Behrends,Seth Michael Larson,2019-08-14 11:22:12+00:00,2019-08-14T06:22:12-05:00,Explicitly check is_redirect in simple test case (#208),False,1,test_redirects.py,tests/client/test_redirects.py,2,0,2,0,1
c5248e6c20650730f6d26d3255d11d713f9f7507,Can Sarıgöl,Seth Michael Larson,2019-08-15 02:30:01+00:00,2019-08-14T21:30:01-05:00,Run SSLConfig cert loading in threadpool (#209),False,1,test_config.py,tests/test_config.py,18,27,45,0,0
c5248e6c20650730f6d26d3255d11d713f9f7507,Can Sarıgöl,Seth Michael Larson,2019-08-15 02:30:01+00:00,2019-08-14T21:30:01-05:00,Run SSLConfig cert loading in threadpool (#209),False,1,connection.py,httpx/dispatch/connection.py,6,1,7,0,0
c5248e6c20650730f6d26d3255d11d713f9f7507,Can Sarıgöl,Seth Michael Larson,2019-08-15 02:30:01+00:00,2019-08-14T21:30:01-05:00,Run SSLConfig cert loading in threadpool (#209),False,1,config.py,httpx/config.py,6,10,16,0,0
45177d2cd80ec5f797f566082ff58c08e0c3ed6e,Can Sarıgöl,Seth Michael Larson,2019-08-15 02:38:43+00:00,2019-08-14T21:38:43-05:00,Rely on IRIReference.encode() for IDNA encoding (#210),False,1,models.py,httpx/models.py,0,10,10,0,0
9536b76f5c8e4de6f748258dec9873177caf4b46,Can Sarıgöl,Seth Michael Larson,2019-08-15 02:45:28+00:00,2019-08-14T21:45:28-05:00,Fail unit tests without 100% coverage (#206),False,1,test_utils.py,tests/test_utils.py,6,0,6,0,0
af907e85e175541289768e61ad21511cfa3ec1b7,Seth Michael Larson,GitHub,2019-08-15 02:56:17+00:00,2019-08-14T21:56:17-05:00,Implement Response.stream_text() (#183),False,1,models.py,httpx/models.py,23,0,23,0,0
af907e85e175541289768e61ad21511cfa3ec1b7,Seth Michael Larson,GitHub,2019-08-15 02:56:17+00:00,2019-08-14T21:56:17-05:00,Implement Response.stream_text() (#183),False,1,decoders.py,httpx/decoders.py,67,0,67,0,0
af907e85e175541289768e61ad21511cfa3ec1b7,Seth Michael Larson,GitHub,2019-08-15 02:56:17+00:00,2019-08-14T21:56:17-05:00,Implement Response.stream_text() (#183),False,1,test_responses.py,tests/models/test_responses.py,15,0,15,0,0
af907e85e175541289768e61ad21511cfa3ec1b7,Seth Michael Larson,GitHub,2019-08-15 02:56:17+00:00,2019-08-14T21:56:17-05:00,Implement Response.stream_text() (#183),False,1,test_decoders.py,tests/test_decoders.py,52,0,52,0,0
df8874b7339c9dcb7963689b304ce0179fc0d862,Seth Michael Larson,GitHub,2019-08-15 03:30:02+00:00,2019-08-14T22:30:02-05:00,Accept SSLContext into SSLConfig(verify=...) (#215),False,1,test_config.py,tests/test_config.py,9,0,9,0,0
df8874b7339c9dcb7963689b304ce0179fc0d862,Seth Michael Larson,GitHub,2019-08-15 03:30:02+00:00,2019-08-14T22:30:02-05:00,Accept SSLContext into SSLConfig(verify=...) (#215),False,1,config.py,httpx/config.py,28,14,42,0,0
cad9c035008bafd32cb47c50b07c5bfe7868f0f3,euri10,Seth Michael Larson,2019-08-16 14:07:52+00:00,2019-08-16T09:07:52-05:00,Added links property to BaseResponse (#211),False,1,test_utils.py,tests/test_utils.py,24,1,25,0,1
cad9c035008bafd32cb47c50b07c5bfe7868f0f3,euri10,Seth Michael Larson,2019-08-16 14:07:52+00:00,2019-08-16T09:07:52-05:00,Added links property to BaseResponse (#211),False,1,test_responses.py,tests/models/test_responses.py,21,0,21,0,0
cad9c035008bafd32cb47c50b07c5bfe7868f0f3,euri10,Seth Michael Larson,2019-08-16 14:07:52+00:00,2019-08-16T09:07:52-05:00,Added links property to BaseResponse (#211),False,1,utils.py,httpx/utils.py,38,0,38,0,1
cad9c035008bafd32cb47c50b07c5bfe7868f0f3,euri10,Seth Michael Larson,2019-08-16 14:07:52+00:00,2019-08-16T09:07:52-05:00,Added links property to BaseResponse (#211),False,1,models.py,httpx/models.py,15,0,15,0,1
e64fcad3b479b7e34dc5e6168015b1642f216bcc,euri10,Seth Michael Larson,2019-08-16 14:18:52+00:00,2019-08-16T09:18:52-05:00,Add --diff flag to Black for easier debugging (#219),False,1,noxfile.py,noxfile.py,1,1,2,1,1
3451028251db9518d485c89f5ccf1e2635e902a4,Saugat Pachhai,Seth Michael Larson,2019-08-17 08:37:01+00:00,2019-08-17T09:07:57-05:00,Fix typos in docstrings,False,1,test_connection_pools.py,tests/dispatch/test_connection_pools.py,1,1,2,0,0
3451028251db9518d485c89f5ccf1e2635e902a4,Saugat Pachhai,Seth Michael Larson,2019-08-17 08:37:01+00:00,2019-08-17T09:07:57-05:00,Fix typos in docstrings,False,1,interfaces.py,httpx/interfaces.py,1,1,2,0,0
3451028251db9518d485c89f5ccf1e2635e902a4,Saugat Pachhai,Seth Michael Larson,2019-08-17 08:37:01+00:00,2019-08-17T09:07:57-05:00,Fix typos in docstrings,False,1,concurrency.py,httpx/concurrency.py,1,1,2,0,0
3451028251db9518d485c89f5ccf1e2635e902a4,Saugat Pachhai,Seth Michael Larson,2019-08-17 08:37:01+00:00,2019-08-17T09:07:57-05:00,Fix typos in docstrings,False,1,test_api.py,tests/test_api.py,1,1,2,0,0
23f11aaa8db466fd78eea2a812e35b008017d617,Saugat Pachhai,Seth Michael Larson,2019-08-17 08:40:34+00:00,2019-08-17T09:07:57-05:00,Use chained comparison in status codes for error and success,False,1,status_codes.py,httpx/status_codes.py,2,2,4,1,0
04d5ffb01b99397a5b0185db0515e8f7b4131cff,Can Sarıgöl,Seth Michael Larson,2019-08-17 15:09:49+00:00,2019-08-17T10:09:49-05:00,Add trust_env property to BaseClient (#187),False,1,api.py,httpx/api.py,8,8,16,0,0
04d5ffb01b99397a5b0185db0515e8f7b4131cff,Can Sarıgöl,Seth Michael Larson,2019-08-17 15:09:49+00:00,2019-08-17T10:09:49-05:00,Add trust_env property to BaseClient (#187),False,1,test_auth.py,tests/client/test_auth.py,8,0,8,0,1
04d5ffb01b99397a5b0185db0515e8f7b4131cff,Can Sarıgöl,Seth Michael Larson,2019-08-17 15:09:49+00:00,2019-08-17T10:09:49-05:00,Add trust_env property to BaseClient (#187),False,1,client.py,httpx/client.py,20,20,40,0,0
43f66d575619d61caeb44ba7fe1bd7598ea6e7fd,Seth Michael Larson,GitHub,2019-08-17 18:19:08+00:00,2019-08-17T13:19:08-05:00,Skip coverage on breaks right before returns for Python 3.8 (#226),False,1,config.py,httpx/config.py,1,1,2,0,0
43f66d575619d61caeb44ba7fe1bd7598ea6e7fd,Seth Michael Larson,GitHub,2019-08-17 18:19:08+00:00,2019-08-17T13:19:08-05:00,Skip coverage on breaks right before returns for Python 3.8 (#226),False,1,http11.py,httpx/dispatch/http11.py,4,3,7,0,0
345a46d6aaf774545f8a68162110a23e98c5b0af,Seth Michael Larson,GitHub,2019-08-17 20:03:50+00:00,2019-08-17T15:03:50-05:00,Add CHANGELOG.md for tracking releases (#227),False,1,setup.py,setup.py,6,1,7,0,0
c35dbce543974f2814e4f6a106079265bf34a38c,Seth Michael Larson,GitHub,2019-08-17 20:11:30+00:00,2019-08-17T15:11:30-05:00,Release 0.7.0 (#228),False,1,__version__.py,httpx/__version__.py,1,1,2,0,0
caba78568e2c786591ea8ef72f0c217ab6fcb592,Seth Michael Larson,GitHub,2019-08-18 10:19:14+00:00,2019-08-18T05:19:14-05:00,Release 0.7.1 (#234),False,1,setup.py,setup.py,1,0,1,0,0
caba78568e2c786591ea8ef72f0c217ab6fcb592,Seth Michael Larson,GitHub,2019-08-18 10:19:14+00:00,2019-08-18T05:19:14-05:00,Release 0.7.1 (#234),False,1,__version__.py,httpx/__version__.py,1,1,2,0,0
caba78568e2c786591ea8ef72f0c217ab6fcb592,Seth Michael Larson,GitHub,2019-08-18 10:19:14+00:00,2019-08-18T05:19:14-05:00,Release 0.7.1 (#234),False,1,MANIFEST.in,MANIFEST.in,3,0,3,0,0
9c7d23ce2964a17ce72af52d48fd4faa45cbf7e9,Florimond Manca,Seth Michael Larson,2019-08-18 14:41:37+00:00,2019-08-18T09:41:37-05:00,Enforce that sync client uses asyncio-based backend (#232),False,1,test_client.py,tests/client/test_client.py,16,0,16,0,0
9c7d23ce2964a17ce72af52d48fd4faa45cbf7e9,Florimond Manca,Seth Michael Larson,2019-08-18 14:41:37+00:00,2019-08-18T09:41:37-05:00,Enforce that sync client uses asyncio-based backend (#232),False,1,client.py,httpx/client.py,18,0,18,0,0
a960a2a8fd273960993551f88617f22bfeb85035,Ordanis Sanchez,Seth Michael Larson,2019-08-18 19:44:24+00:00,2019-08-18T14:44:24-05:00,Release semaphore if connection is dropped (#230),False,1,connection_pool.py,httpx/dispatch/connection_pool.py,1,0,1,0,0
a960a2a8fd273960993551f88617f22bfeb85035,Ordanis Sanchez,Seth Michael Larson,2019-08-18 19:44:24+00:00,2019-08-18T14:44:24-05:00,Release semaphore if connection is dropped (#230),False,1,test_connection_pools.py,tests/dispatch/test_connection_pools.py,18,0,18,0,0
ef9fc0f3a70b35aa98fdc3756ecc87af94f884bc,Tom Christie,GitHub,2019-08-19 15:09:11+00:00,2019-08-19T16:09:11+01:00,Drop `raise_app_exceptions` Client argument. (#238),False,1,wsgi.py,httpx/dispatch/wsgi.py,10,0,10,0,1
ef9fc0f3a70b35aa98fdc3756ecc87af94f884bc,Tom Christie,GitHub,2019-08-19 15:09:11+00:00,2019-08-19T16:09:11+01:00,Drop `raise_app_exceptions` Client argument. (#238),False,1,asgi.py,httpx/dispatch/asgi.py,9,0,9,0,0
ef9fc0f3a70b35aa98fdc3756ecc87af94f884bc,Tom Christie,GitHub,2019-08-19 15:09:11+00:00,2019-08-19T16:09:11+01:00,Drop `raise_app_exceptions` Client argument. (#238),False,1,client.py,httpx/client.py,2,7,9,0,0
79425b28d092a0e9d2577539a571467395b768c4,Can Sarıgöl,Tom Christie,2019-08-19 15:12:01+00:00,2019-08-19T16:12:00+01:00,added control to calling decode for empty contents (#237),False,1,test_decoders.py,tests/test_decoders.py,23,1,24,0,0
79425b28d092a0e9d2577539a571467395b768c4,Can Sarıgöl,Tom Christie,2019-08-19 15:12:01+00:00,2019-08-19T16:12:00+01:00,added control to calling decode for empty contents (#237),False,1,decoders.py,httpx/decoders.py,6,0,6,0,0
0e49f23b7537bd8fef2917a739c522aea166a918,Tom Christie,Tom Christie,2019-08-19 19:13:37+00:00,2019-08-19T20:13:37+01:00,Initial pass at configuring supported protocol versions,False,1,__init__.py,httpx/__init__.py,2,0,2,0,0
0e49f23b7537bd8fef2917a739c522aea166a918,Tom Christie,Tom Christie,2019-08-19 19:13:37+00:00,2019-08-19T20:13:37+01:00,Initial pass at configuring supported protocol versions,False,1,concurrency.py,httpx/concurrency.py,2,1,3,0,0
0e49f23b7537bd8fef2917a739c522aea166a918,Tom Christie,Tom Christie,2019-08-19 19:13:37+00:00,2019-08-19T20:13:37+01:00,Initial pass at configuring supported protocol versions,False,1,utils.py,tests/dispatch/utils.py,2,0,2,0,0
0e49f23b7537bd8fef2917a739c522aea166a918,Tom Christie,Tom Christie,2019-08-19 19:13:37+00:00,2019-08-19T20:13:37+01:00,Initial pass at configuring supported protocol versions,False,1,connection.py,httpx/dispatch/connection.py,9,2,11,0,1
0e49f23b7537bd8fef2917a739c522aea166a918,Tom Christie,Tom Christie,2019-08-19 19:13:37+00:00,2019-08-19T20:13:37+01:00,Initial pass at configuring supported protocol versions,False,1,interfaces.py,httpx/interfaces.py,2,1,3,0,0
0e49f23b7537bd8fef2917a739c522aea166a918,Tom Christie,Tom Christie,2019-08-19 19:13:37+00:00,2019-08-19T20:13:37+01:00,Initial pass at configuring supported protocol versions,False,1,config.py,httpx/config.py,47,10,57,0,0
7fea0723e2e6256472b12c12b2e95f2fa49c8a83,Tom Christie,Tom Christie,2019-08-19 19:19:40+00:00,2019-08-19T20:19:40+01:00,Use correct protocol idents when loading ssl context,False,1,connection.py,httpx/dispatch/connection.py,9,6,15,1,0
2ed70ebc2a93b4e6c0f8cab0cd94241ace5ba0b5,Tom Christie,GitHub,2019-08-20 10:37:37+00:00,2019-08-20T11:37:37+01:00,Simplify ASGI concurrency (#248),False,1,asgi.py,httpx/dispatch/asgi.py,10,12,22,0,1
a0aff8d169d32650191bb41da3c90260c3b7fdb8,Can Sarıgöl,Tom Christie,2019-08-20 10:48:28+00:00,2019-08-20T11:48:28+01:00,fixed __repr__ function of Headers and Url classes (#222),False,1,test_auth.py,tests/client/test_auth.py,18,0,18,1,1
a0aff8d169d32650191bb41da3c90260c3b7fdb8,Can Sarıgöl,Tom Christie,2019-08-20 10:48:28+00:00,2019-08-20T11:48:28+01:00,fixed __repr__ function of Headers and Url classes (#222),False,1,models.py,httpx/models.py,13,3,16,1,0
f72fa688027ca3312d52ffd809eb2312778633a6,Tom Christie,Tom Christie,2019-08-20 11:21:07+00:00,2019-08-20T12:21:07+01:00,'Protocols' -> 'HTTPVersions',False,1,__init__.py,httpx/__init__.py,2,2,4,0,0
f72fa688027ca3312d52ffd809eb2312778633a6,Tom Christie,Tom Christie,2019-08-20 11:21:07+00:00,2019-08-20T12:21:07+01:00,'Protocols' -> 'HTTPVersions',False,1,concurrency.py,httpx/concurrency.py,1,2,3,0,0
f72fa688027ca3312d52ffd809eb2312778633a6,Tom Christie,Tom Christie,2019-08-20 11:21:07+00:00,2019-08-20T12:21:07+01:00,'Protocols' -> 'HTTPVersions',False,1,connection.py,httpx/dispatch/connection.py,12,12,24,0,0
f72fa688027ca3312d52ffd809eb2312778633a6,Tom Christie,Tom Christie,2019-08-20 11:21:07+00:00,2019-08-20T12:21:07+01:00,'Protocols' -> 'HTTPVersions',False,1,interfaces.py,httpx/interfaces.py,2,3,5,0,1
f72fa688027ca3312d52ffd809eb2312778633a6,Tom Christie,Tom Christie,2019-08-20 11:21:07+00:00,2019-08-20T12:21:07+01:00,'Protocols' -> 'HTTPVersions',False,1,utils.py,tests/dispatch/utils.py,2,3,5,0,1
f72fa688027ca3312d52ffd809eb2312778633a6,Tom Christie,Tom Christie,2019-08-20 11:21:07+00:00,2019-08-20T12:21:07+01:00,'Protocols' -> 'HTTPVersions',False,1,config.py,httpx/config.py,30,30,60,0,0
b2397ff39d136ed84d07fa9b37e23603c6ea2b09,Florimond Manca,Seth Michael Larson,2019-08-20 11:27:58+00:00,2019-08-20T06:27:58-05:00,Turn concurrency.py into its own sub-package (#244),False,1,concurrency.py,httpx/concurrency.py,0,274,274,0,0
b2397ff39d136ed84d07fa9b37e23603c6ea2b09,Florimond Manca,Seth Michael Larson,2019-08-20 11:27:58+00:00,2019-08-20T06:27:58-05:00,Turn concurrency.py into its own sub-package (#244),False,1,__init__.py,httpx/__init__.py,1,1,2,0,0
b2397ff39d136ed84d07fa9b37e23603c6ea2b09,Florimond Manca,Seth Michael Larson,2019-08-20 11:27:58+00:00,2019-08-20T06:27:58-05:00,Turn concurrency.py into its own sub-package (#244),False,1,client.py,httpx/client.py,1,1,2,0,0
b2397ff39d136ed84d07fa9b37e23603c6ea2b09,Florimond Manca,Seth Michael Larson,2019-08-20 11:27:58+00:00,2019-08-20T06:27:58-05:00,Turn concurrency.py into its own sub-package (#244),False,1,__init__.py,httpx/concurrency/__init__.py,0,0,0,0,0
b2397ff39d136ed84d07fa9b37e23603c6ea2b09,Florimond Manca,Seth Michael Larson,2019-08-20 11:27:58+00:00,2019-08-20T06:27:58-05:00,Turn concurrency.py into its own sub-package (#244),False,1,connection_pool.py,httpx/dispatch/connection_pool.py,1,1,2,0,1
b2397ff39d136ed84d07fa9b37e23603c6ea2b09,Florimond Manca,Seth Michael Larson,2019-08-20 11:27:58+00:00,2019-08-20T06:27:58-05:00,Turn concurrency.py into its own sub-package (#244),False,1,connection.py,httpx/dispatch/connection.py,1,1,2,0,1
b2397ff39d136ed84d07fa9b37e23603c6ea2b09,Florimond Manca,Seth Michael Larson,2019-08-20 11:27:58+00:00,2019-08-20T06:27:58-05:00,Turn concurrency.py into its own sub-package (#244),False,1,http11.py,httpx/dispatch/http11.py,1,1,2,0,0
b2397ff39d136ed84d07fa9b37e23603c6ea2b09,Florimond Manca,Seth Michael Larson,2019-08-20 11:27:58+00:00,2019-08-20T06:27:58-05:00,Turn concurrency.py into its own sub-package (#244),False,1,http2.py,httpx/dispatch/http2.py,1,1,2,0,0
b2397ff39d136ed84d07fa9b37e23603c6ea2b09,Florimond Manca,Seth Michael Larson,2019-08-20 11:27:58+00:00,2019-08-20T06:27:58-05:00,Turn concurrency.py into its own sub-package (#244),False,1,asyncio.py,httpx/concurrency/asyncio.py,274,0,274,0,0
fc27fd253063fa54647823d78e9ea26fad3ba8e9,Tom Christie,Tom Christie,2019-08-20 11:33:28+00:00,2019-08-20T12:33:28+01:00,Test coverage for HTTPVersionConfig,False,1,test_config.py,tests/test_config.py,30,0,30,0,1
fc27fd253063fa54647823d78e9ea26fad3ba8e9,Tom Christie,Tom Christie,2019-08-20 11:33:28+00:00,2019-08-20T12:33:28+01:00,Test coverage for HTTPVersionConfig,False,1,config.py,httpx/config.py,7,4,11,0,1
a770102fd2d6c2410c028522ab04fe34c2662a66,Tom Christie,Tom Christie,2019-08-20 11:56:19+00:00,2019-08-20T12:56:19+01:00,Added http_versions to dispatch interface,False,1,threaded.py,httpx/dispatch/threaded.py,3,1,4,1,0
a770102fd2d6c2410c028522ab04fe34c2662a66,Tom Christie,Tom Christie,2019-08-20 11:56:19+00:00,2019-08-20T12:56:19+01:00,Added http_versions to dispatch interface,False,1,config.py,httpx/config.py,20,8,28,1,0
a770102fd2d6c2410c028522ab04fe34c2662a66,Tom Christie,Tom Christie,2019-08-20 11:56:19+00:00,2019-08-20T12:56:19+01:00,Added http_versions to dispatch interface,False,1,asgi.py,httpx/dispatch/asgi.py,2,1,3,1,0
a770102fd2d6c2410c028522ab04fe34c2662a66,Tom Christie,Tom Christie,2019-08-20 11:56:19+00:00,2019-08-20T12:56:19+01:00,Added http_versions to dispatch interface,False,1,connection.py,httpx/dispatch/connection.py,12,4,16,1,0
a770102fd2d6c2410c028522ab04fe34c2662a66,Tom Christie,Tom Christie,2019-08-20 11:56:19+00:00,2019-08-20T12:56:19+01:00,Added http_versions to dispatch interface,False,1,connection_pool.py,httpx/dispatch/connection_pool.py,10,1,11,1,0
a770102fd2d6c2410c028522ab04fe34c2662a66,Tom Christie,Tom Christie,2019-08-20 11:56:19+00:00,2019-08-20T12:56:19+01:00,Added http_versions to dispatch interface,False,1,wsgi.py,httpx/dispatch/wsgi.py,2,1,3,1,0
a770102fd2d6c2410c028522ab04fe34c2662a66,Tom Christie,Tom Christie,2019-08-20 11:56:19+00:00,2019-08-20T12:56:19+01:00,Added http_versions to dispatch interface,False,1,test_threaded.py,tests/dispatch/test_threaded.py,2,0,2,1,0
a770102fd2d6c2410c028522ab04fe34c2662a66,Tom Christie,Tom Christie,2019-08-20 11:56:19+00:00,2019-08-20T12:56:19+01:00,Added http_versions to dispatch interface,False,1,test_auth.py,tests/client/test_auth.py,2,0,2,1,0
a770102fd2d6c2410c028522ab04fe34c2662a66,Tom Christie,Tom Christie,2019-08-20 11:56:19+00:00,2019-08-20T12:56:19+01:00,Added http_versions to dispatch interface,False,1,utils.py,tests/dispatch/utils.py,2,2,4,1,0
a770102fd2d6c2410c028522ab04fe34c2662a66,Tom Christie,Tom Christie,2019-08-20 11:56:19+00:00,2019-08-20T12:56:19+01:00,Added http_versions to dispatch interface,False,1,test_multipart.py,tests/test_multipart.py,2,0,2,1,0
a770102fd2d6c2410c028522ab04fe34c2662a66,Tom Christie,Tom Christie,2019-08-20 11:56:19+00:00,2019-08-20T12:56:19+01:00,Added http_versions to dispatch interface,False,1,interfaces.py,httpx/interfaces.py,28,4,32,1,0
a770102fd2d6c2410c028522ab04fe34c2662a66,Tom Christie,Tom Christie,2019-08-20 11:56:19+00:00,2019-08-20T12:56:19+01:00,Added http_versions to dispatch interface,False,1,test_headers.py,tests/client/test_headers.py,2,0,2,1,0
a770102fd2d6c2410c028522ab04fe34c2662a66,Tom Christie,Tom Christie,2019-08-20 11:56:19+00:00,2019-08-20T12:56:19+01:00,Added http_versions to dispatch interface,False,1,test_cookies.py,tests/client/test_cookies.py,2,0,2,1,0
a770102fd2d6c2410c028522ab04fe34c2662a66,Tom Christie,Tom Christie,2019-08-20 11:56:19+00:00,2019-08-20T12:56:19+01:00,Added http_versions to dispatch interface,False,1,test_redirects.py,tests/client/test_redirects.py,2,0,2,1,0
4bfe54d6104dbffa3ebd1e0bb9f88dd9c693e7e3,Tom Christie,Tom Christie,2019-08-20 11:58:03+00:00,2019-08-20T12:58:03+01:00,Drop unneccessary 'sorted',False,1,config.py,httpx/config.py,1,3,4,0,0
b343ee4a70f24937f21ee7a4667c7d9bc48b6753,Tom Christie,Tom Christie,2019-08-20 12:30:54+00:00,2019-08-20T13:30:54+01:00,Add Client(http_versions=...) support,False,1,__init__.py,httpx/__init__.py,3,1,4,0,0
b343ee4a70f24937f21ee7a4667c7d9bc48b6753,Tom Christie,Tom Christie,2019-08-20 12:30:54+00:00,2019-08-20T13:30:54+01:00,Add Client(http_versions=...) support,False,1,api.py,httpx/api.py,0,1,1,0,0
b343ee4a70f24937f21ee7a4667c7d9bc48b6753,Tom Christie,Tom Christie,2019-08-20 12:30:54+00:00,2019-08-20T13:30:54+01:00,Add Client(http_versions=...) support,False,1,client.py,httpx/client.py,3,0,3,0,0
b343ee4a70f24937f21ee7a4667c7d9bc48b6753,Tom Christie,Tom Christie,2019-08-20 12:30:54+00:00,2019-08-20T13:30:54+01:00,Add Client(http_versions=...) support,False,1,asyncio.py,httpx/concurrency/asyncio.py,1,1,2,0,0
b343ee4a70f24937f21ee7a4667c7d9bc48b6753,Tom Christie,Tom Christie,2019-08-20 12:30:54+00:00,2019-08-20T13:30:54+01:00,Add Client(http_versions=...) support,False,1,config.py,httpx/config.py,2,2,4,0,1
b343ee4a70f24937f21ee7a4667c7d9bc48b6753,Tom Christie,Tom Christie,2019-08-20 12:30:54+00:00,2019-08-20T13:30:54+01:00,Add Client(http_versions=...) support,False,1,asgi.py,httpx/dispatch/asgi.py,1,2,3,0,0
b343ee4a70f24937f21ee7a4667c7d9bc48b6753,Tom Christie,Tom Christie,2019-08-20 12:30:54+00:00,2019-08-20T13:30:54+01:00,Add Client(http_versions=...) support,False,1,connection.py,httpx/dispatch/connection.py,8,17,25,0,0
b343ee4a70f24937f21ee7a4667c7d9bc48b6753,Tom Christie,Tom Christie,2019-08-20 12:30:54+00:00,2019-08-20T13:30:54+01:00,Add Client(http_versions=...) support,False,1,connection_pool.py,httpx/dispatch/connection_pool.py,1,6,7,0,0
b343ee4a70f24937f21ee7a4667c7d9bc48b6753,Tom Christie,Tom Christie,2019-08-20 12:30:54+00:00,2019-08-20T13:30:54+01:00,Add Client(http_versions=...) support,False,1,wsgi.py,httpx/dispatch/wsgi.py,1,2,3,0,0
b343ee4a70f24937f21ee7a4667c7d9bc48b6753,Tom Christie,Tom Christie,2019-08-20 12:30:54+00:00,2019-08-20T13:30:54+01:00,Add Client(http_versions=...) support,False,1,interfaces.py,httpx/interfaces.py,3,27,30,0,0
b343ee4a70f24937f21ee7a4667c7d9bc48b6753,Tom Christie,Tom Christie,2019-08-20 12:30:54+00:00,2019-08-20T13:30:54+01:00,Add Client(http_versions=...) support,False,1,test_cookies.py,tests/client/test_cookies.py,0,2,2,0,0
b343ee4a70f24937f21ee7a4667c7d9bc48b6753,Tom Christie,Tom Christie,2019-08-20 12:30:54+00:00,2019-08-20T13:30:54+01:00,Add Client(http_versions=...) support,False,1,test_headers.py,tests/client/test_headers.py,0,2,2,0,1
b343ee4a70f24937f21ee7a4667c7d9bc48b6753,Tom Christie,Tom Christie,2019-08-20 12:30:54+00:00,2019-08-20T13:30:54+01:00,Add Client(http_versions=...) support,False,1,test_redirects.py,tests/client/test_redirects.py,0,2,2,0,0
b343ee4a70f24937f21ee7a4667c7d9bc48b6753,Tom Christie,Tom Christie,2019-08-20 12:30:54+00:00,2019-08-20T13:30:54+01:00,Add Client(http_versions=...) support,False,1,test_threaded.py,tests/dispatch/test_threaded.py,0,2,2,0,0
b343ee4a70f24937f21ee7a4667c7d9bc48b6753,Tom Christie,Tom Christie,2019-08-20 12:30:54+00:00,2019-08-20T13:30:54+01:00,Add Client(http_versions=...) support,False,1,utils.py,tests/dispatch/utils.py,0,1,1,0,0
b343ee4a70f24937f21ee7a4667c7d9bc48b6753,Tom Christie,Tom Christie,2019-08-20 12:30:54+00:00,2019-08-20T13:30:54+01:00,Add Client(http_versions=...) support,False,1,test_multipart.py,tests/test_multipart.py,1,1,2,0,0
b343ee4a70f24937f21ee7a4667c7d9bc48b6753,Tom Christie,Tom Christie,2019-08-20 12:30:54+00:00,2019-08-20T13:30:54+01:00,Add Client(http_versions=...) support,False,1,threaded.py,httpx/dispatch/threaded.py,1,3,4,0,0
b343ee4a70f24937f21ee7a4667c7d9bc48b6753,Tom Christie,Tom Christie,2019-08-20 12:30:54+00:00,2019-08-20T13:30:54+01:00,Add Client(http_versions=...) support,False,1,test_auth.py,tests/client/test_auth.py,0,2,2,0,0
dfbfa7c7ec21763518a5f63e3b22c35c27bec64f,Tom Christie,Tom Christie,2019-08-20 13:17:26+00:00,2019-08-20T14:17:26+01:00,Drop Protocol str enum class in favor of plain old strings,False,1,asyncio.py,httpx/concurrency/asyncio.py,3,4,7,0,0
dfbfa7c7ec21763518a5f63e3b22c35c27bec64f,Tom Christie,Tom Christie,2019-08-20 13:17:26+00:00,2019-08-20T14:17:26+01:00,Drop Protocol str enum class in favor of plain old strings,False,1,__init__.py,httpx/__init__.py,0,2,2,0,0
dfbfa7c7ec21763518a5f63e3b22c35c27bec64f,Tom Christie,Tom Christie,2019-08-20 13:17:26+00:00,2019-08-20T14:17:26+01:00,Drop Protocol str enum class in favor of plain old strings,False,1,connection.py,httpx/dispatch/connection.py,4,3,7,0,0
dfbfa7c7ec21763518a5f63e3b22c35c27bec64f,Tom Christie,Tom Christie,2019-08-20 13:17:26+00:00,2019-08-20T14:17:26+01:00,Drop Protocol str enum class in favor of plain old strings,False,1,utils.py,tests/dispatch/utils.py,3,10,13,0,0
dfbfa7c7ec21763518a5f63e3b22c35c27bec64f,Tom Christie,Tom Christie,2019-08-20 13:17:26+00:00,2019-08-20T14:17:26+01:00,Drop Protocol str enum class in favor of plain old strings,False,1,interfaces.py,httpx/interfaces.py,1,6,7,0,0
180050020e712d38d98c8fee49ac119b147ebd06,Tom Christie,Tom Christie,2019-08-20 13:26:43+00:00,2019-08-20T14:26:43+01:00,Address review comments,False,1,config.py,httpx/config.py,8,5,13,1,1
7408c443f5985ce0b15b71fc27f36e1f1f88ac16,Tom Christie,Tom Christie,2019-08-20 13:30:23+00:00,2019-08-20T14:30:23+01:00,Drop unused import,False,1,interfaces.py,httpx/interfaces.py,0,1,1,0,0
c1ec1c33cddc683101ffb046dfb418a9a62cf12b,Tom Christie,GitHub,2019-08-20 14:15:38+00:00,2019-08-20T15:15:38+01:00,Response.protocol -> Response.http_version (#250),False,1,client.py,httpx/client.py,1,1,2,0,0
c1ec1c33cddc683101ffb046dfb418a9a62cf12b,Tom Christie,GitHub,2019-08-20 14:15:38+00:00,2019-08-20T15:15:38+01:00,Response.protocol -> Response.http_version (#250),False,1,asgi.py,httpx/dispatch/asgi.py,1,1,2,0,0
c1ec1c33cddc683101ffb046dfb418a9a62cf12b,Tom Christie,GitHub,2019-08-20 14:15:38+00:00,2019-08-20T15:15:38+01:00,Response.protocol -> Response.http_version (#250),False,1,http2.py,httpx/dispatch/http2.py,1,1,2,0,0
c1ec1c33cddc683101ffb046dfb418a9a62cf12b,Tom Christie,GitHub,2019-08-20 14:15:38+00:00,2019-08-20T15:15:38+01:00,Response.protocol -> Response.http_version (#250),False,1,http11.py,httpx/dispatch/http11.py,1,1,2,0,0
c1ec1c33cddc683101ffb046dfb418a9a62cf12b,Tom Christie,GitHub,2019-08-20 14:15:38+00:00,2019-08-20T15:15:38+01:00,Response.protocol -> Response.http_version (#250),False,1,wsgi.py,httpx/dispatch/wsgi.py,1,1,2,0,0
c1ec1c33cddc683101ffb046dfb418a9a62cf12b,Tom Christie,GitHub,2019-08-20 14:15:38+00:00,2019-08-20T15:15:38+01:00,Response.protocol -> Response.http_version (#250),False,1,models.py,httpx/models.py,6,6,12,0,1
c1ec1c33cddc683101ffb046dfb418a9a62cf12b,Tom Christie,GitHub,2019-08-20 14:15:38+00:00,2019-08-20T15:15:38+01:00,Response.protocol -> Response.http_version (#250),False,1,test_async_client.py,tests/client/test_async_client.py,1,1,2,0,0
c1ec1c33cddc683101ffb046dfb418a9a62cf12b,Tom Christie,GitHub,2019-08-20 14:15:38+00:00,2019-08-20T15:15:38+01:00,Response.protocol -> Response.http_version (#250),False,1,test_client.py,tests/client/test_client.py,1,1,2,0,0
c1ec1c33cddc683101ffb046dfb418a9a62cf12b,Tom Christie,GitHub,2019-08-20 14:15:38+00:00,2019-08-20T15:15:38+01:00,Response.protocol -> Response.http_version (#250),False,1,threaded.py,httpx/dispatch/threaded.py,1,1,2,0,0
14eb81f72d4d744d14cff76c9b30471464587cfd,florimondmanca,florimondmanca,2019-08-20 20:53:47+00:00,2019-08-21T09:02:54+02:00,Unify BaseReader and BaseWriter as BaseStream,False,1,asyncio.py,httpx/concurrency/asyncio.py,19,21,40,0,0
14eb81f72d4d744d14cff76c9b30471464587cfd,florimondmanca,florimondmanca,2019-08-20 20:53:47+00:00,2019-08-21T09:02:54+02:00,Unify BaseReader and BaseWriter as BaseStream,False,1,utils.py,tests/dispatch/utils.py,5,11,16,0,0
14eb81f72d4d744d14cff76c9b30471464587cfd,florimondmanca,florimondmanca,2019-08-20 20:53:47+00:00,2019-08-21T09:02:54+02:00,Unify BaseReader and BaseWriter as BaseStream,False,1,http2.py,httpx/dispatch/http2.py,11,13,24,0,0
14eb81f72d4d744d14cff76c9b30471464587cfd,florimondmanca,florimondmanca,2019-08-20 20:53:47+00:00,2019-08-21T09:02:54+02:00,Unify BaseReader and BaseWriter as BaseStream,False,1,http11.py,httpx/dispatch/http11.py,7,9,16,0,0
14eb81f72d4d744d14cff76c9b30471464587cfd,florimondmanca,florimondmanca,2019-08-20 20:53:47+00:00,2019-08-21T09:02:54+02:00,Unify BaseReader and BaseWriter as BaseStream,False,1,connection.py,httpx/dispatch/connection.py,3,3,6,0,0
14eb81f72d4d744d14cff76c9b30471464587cfd,florimondmanca,florimondmanca,2019-08-20 20:53:47+00:00,2019-08-21T09:02:54+02:00,Unify BaseReader and BaseWriter as BaseStream,False,1,__init__.py,httpx/__init__.py,2,4,6,0,0
14eb81f72d4d744d14cff76c9b30471464587cfd,florimondmanca,florimondmanca,2019-08-20 20:53:47+00:00,2019-08-21T09:02:54+02:00,Unify BaseReader and BaseWriter as BaseStream,False,1,base.py,httpx/concurrency/base.py,8,16,24,0,0
fc261e814990fd1fddd673dd0cbef51bf549e6e1,Florimond Manca,GitHub,2019-08-20 22:25:46+00:00,2019-08-21T00:25:46+02:00,Add BaseQueue interface (#257),False,1,asgi.py,httpx/dispatch/asgi.py,7,6,13,0,0
fc261e814990fd1fddd673dd0cbef51bf549e6e1,Florimond Manca,GitHub,2019-08-20 22:25:46+00:00,2019-08-21T00:25:46+02:00,Add BaseQueue interface (#257),False,1,asyncio.py,httpx/concurrency/asyncio.py,4,0,4,0,0
fc261e814990fd1fddd673dd0cbef51bf549e6e1,Florimond Manca,GitHub,2019-08-20 22:25:46+00:00,2019-08-21T00:25:46+02:00,Add BaseQueue interface (#257),False,1,interfaces.py,httpx/interfaces.py,15,0,15,0,0
4ea4af661d2b41feb3b2d602b297bc8784df3822,Can Sarıgöl,Seth Michael Larson,2019-08-20 22:39:05+00:00,2019-08-20T17:39:05-05:00,Raise TypeError if invalid parameter for HTTPVersionConfig (#253),False,1,test_config.py,tests/test_config.py,10,0,10,1,0
4ea4af661d2b41feb3b2d602b297bc8784df3822,Can Sarıgöl,Seth Michael Larson,2019-08-20 22:39:05+00:00,2019-08-20T17:39:05-05:00,Raise TypeError if invalid parameter for HTTPVersionConfig (#253),False,1,config.py,httpx/config.py,9,1,10,1,0
c0554e96d912944c51eb5d717944d37d884f4763,Tom Christie,Florimond Manca,2019-08-21 06:35:01+00:00,2019-08-21T08:35:01+02:00,Refactor interfaces (#252),False,1,client.py,httpx/client.py,2,1,3,0,0
c0554e96d912944c51eb5d717944d37d884f4763,Tom Christie,Florimond Manca,2019-08-21 06:35:01+00:00,2019-08-21T08:35:01+02:00,Refactor interfaces (#252),False,1,asyncio.py,httpx/concurrency/asyncio.py,4,35,39,0,0
c0554e96d912944c51eb5d717944d37d884f4763,Tom Christie,Florimond Manca,2019-08-21 06:35:01+00:00,2019-08-21T08:35:01+02:00,Refactor interfaces (#252),False,1,__init__.py,httpx/__init__.py,8,9,17,0,0
c0554e96d912944c51eb5d717944d37d884f4763,Tom Christie,Florimond Manca,2019-08-21 06:35:01+00:00,2019-08-21T08:35:01+02:00,Refactor interfaces (#252),False,1,asgi.py,httpx/dispatch/asgi.py,2,1,3,0,0
c0554e96d912944c51eb5d717944d37d884f4763,Tom Christie,Florimond Manca,2019-08-21 06:35:01+00:00,2019-08-21T08:35:01+02:00,Refactor interfaces (#252),False,1,interfaces.py,httpx/interfaces.py,0,239,239,0,0
c0554e96d912944c51eb5d717944d37d884f4763,Tom Christie,Florimond Manca,2019-08-21 06:35:01+00:00,2019-08-21T08:35:01+02:00,Refactor interfaces (#252),False,1,wsgi.py,httpx/dispatch/wsgi.py,1,1,2,0,0
c0554e96d912944c51eb5d717944d37d884f4763,Tom Christie,Florimond Manca,2019-08-21 06:35:01+00:00,2019-08-21T08:35:01+02:00,Refactor interfaces (#252),False,1,threaded.py,httpx/dispatch/threaded.py,2,1,3,0,0
c0554e96d912944c51eb5d717944d37d884f4763,Tom Christie,Florimond Manca,2019-08-21 06:35:01+00:00,2019-08-21T08:35:01+02:00,Refactor interfaces (#252),False,1,http2.py,httpx/dispatch/http2.py,1,2,3,0,1
c0554e96d912944c51eb5d717944d37d884f4763,Tom Christie,Florimond Manca,2019-08-21 06:35:01+00:00,2019-08-21T08:35:01+02:00,Refactor interfaces (#252),False,1,http11.py,httpx/dispatch/http11.py,1,2,3,0,1
c0554e96d912944c51eb5d717944d37d884f4763,Tom Christie,Florimond Manca,2019-08-21 06:35:01+00:00,2019-08-21T08:35:01+02:00,Refactor interfaces (#252),False,1,base.py,httpx/concurrency/base.py,164,0,164,0,0
c0554e96d912944c51eb5d717944d37d884f4763,Tom Christie,Florimond Manca,2019-08-21 06:35:01+00:00,2019-08-21T08:35:01+02:00,Refactor interfaces (#252),False,1,connection.py,httpx/dispatch/connection.py,2,1,3,0,0
c0554e96d912944c51eb5d717944d37d884f4763,Tom Christie,Florimond Manca,2019-08-21 06:35:01+00:00,2019-08-21T08:35:01+02:00,Refactor interfaces (#252),False,1,base.py,httpx/dispatch/base.py,111,0,111,0,0
c0554e96d912944c51eb5d717944d37d884f4763,Tom Christie,Florimond Manca,2019-08-21 06:35:01+00:00,2019-08-21T08:35:01+02:00,Refactor interfaces (#252),False,1,connection_pool.py,httpx/dispatch/connection_pool.py,2,1,3,0,0
2e91d8ccddcb7306412916d6731585cd510b4c73,Florimond Manca,GitHub,2019-08-21 07:02:04+00:00,2019-08-21T09:02:04+02:00,Add BaseEvent interface (#260),False,1,asyncio.py,httpx/concurrency/asyncio.py,4,0,4,0,0
2e91d8ccddcb7306412916d6731585cd510b4c73,Florimond Manca,GitHub,2019-08-21 07:02:04+00:00,2019-08-21T09:02:04+02:00,Add BaseEvent interface (#260),False,1,base.py,httpx/concurrency/base.py,18,0,18,0,0
2e91d8ccddcb7306412916d6731585cd510b4c73,Florimond Manca,GitHub,2019-08-21 07:02:04+00:00,2019-08-21T09:02:04+02:00,Add BaseEvent interface (#260),False,1,asgi.py,httpx/dispatch/asgi.py,1,1,2,0,1
fdb13592c9a5f2ec9fa6b6196f6ed64f5dbb25ac,florimondmanca,florimondmanca,2019-08-21 07:12:01+00:00,2019-08-21T09:12:01+02:00,Encapsulate http_version into BaseStream,False,1,utils.py,tests/dispatch/utils.py,5,2,7,0,0
fdb13592c9a5f2ec9fa6b6196f6ed64f5dbb25ac,florimondmanca,florimondmanca,2019-08-21 07:12:01+00:00,2019-08-21T09:12:01+02:00,Encapsulate http_version into BaseStream,False,1,connection.py,httpx/dispatch/connection.py,4,4,8,0,0
fdb13592c9a5f2ec9fa6b6196f6ed64f5dbb25ac,florimondmanca,florimondmanca,2019-08-21 07:12:01+00:00,2019-08-21T09:12:01+02:00,Encapsulate http_version into BaseStream,False,1,base.py,httpx/concurrency/base.py,4,1,5,0,1
fdb13592c9a5f2ec9fa6b6196f6ed64f5dbb25ac,florimondmanca,florimondmanca,2019-08-21 07:12:01+00:00,2019-08-21T09:12:01+02:00,Encapsulate http_version into BaseStream,False,1,asyncio.py,httpx/concurrency/asyncio.py,14,13,27,0,1
80eafe89c2c3377e9f0702952c96044c69909155,Florimond Manca,GitHub,2019-08-21 21:11:12+00:00,2019-08-21T23:11:12+02:00,Remove usage of loop.create_task in ASGIDispatch (#261),False,1,asyncio.py,httpx/concurrency/asyncio.py,1,1,2,1,0
80eafe89c2c3377e9f0702952c96044c69909155,Florimond Manca,GitHub,2019-08-21 21:11:12+00:00,2019-08-21T23:11:12+02:00,Remove usage of loop.create_task in ASGIDispatch (#261),False,1,base.py,httpx/concurrency/base.py,1,1,2,1,0
80eafe89c2c3377e9f0702952c96044c69909155,Florimond Manca,GitHub,2019-08-21 21:11:12+00:00,2019-08-21T23:11:12+02:00,Remove usage of loop.create_task in ASGIDispatch (#261),False,1,http11.py,httpx/dispatch/http11.py,1,1,2,1,1
80eafe89c2c3377e9f0702952c96044c69909155,Florimond Manca,GitHub,2019-08-21 21:11:12+00:00,2019-08-21T23:11:12+02:00,Remove usage of loop.create_task in ASGIDispatch (#261),False,1,http2.py,httpx/dispatch/http2.py,1,1,2,1,1
80eafe89c2c3377e9f0702952c96044c69909155,Florimond Manca,GitHub,2019-08-21 21:11:12+00:00,2019-08-21T23:11:12+02:00,Remove usage of loop.create_task in ASGIDispatch (#261),False,1,asgi.py,httpx/dispatch/asgi.py,8,10,18,1,1
31748a30255f809e7947cf03631e3c93ae6e665c,Florimond Manca,Seth Michael Larson,2019-08-23 00:26:09+00:00,2019-08-22T19:26:09-05:00,Add backend param to ASGIDispatcher (#270),False,1,asgi.py,httpx/dispatch/asgi.py,2,2,4,1,0
a4b93b91c03239738f6c118570fdfa155e7fe11e,Florimond Manca,Seth Michael Larson,2019-08-23 12:04:21+00:00,2019-08-23T07:04:21-05:00,Add missing async test cases (#269),False,1,test_asgi.py,tests/test_asgi.py,30,0,30,0,0
a4b93b91c03239738f6c118570fdfa155e7fe11e,Florimond Manca,Seth Michael Larson,2019-08-23 12:04:21+00:00,2019-08-23T07:04:21-05:00,Add missing async test cases (#269),False,1,test_threaded.py,tests/dispatch/test_threaded.py,18,1,19,0,0
a4b93b91c03239738f6c118570fdfa155e7fe11e,Florimond Manca,Seth Michael Larson,2019-08-23 12:04:21+00:00,2019-08-23T07:04:21-05:00,Add missing async test cases (#269),False,1,test_http2.py,tests/dispatch/test_http2.py,68,1,69,0,0
1872ae873bcf3dd168089902c6809e433e4bd89d,Seth Michael Larson,GitHub,2019-08-24 15:04:14+00:00,2019-08-24T10:04:14-05:00,Add ConcurrencyBackend.start_tls() (#263),False,1,asgi.py,httpx/dispatch/asgi.py,2,2,4,0,0
1872ae873bcf3dd168089902c6809e433e4bd89d,Seth Michael Larson,GitHub,2019-08-24 15:04:14+00:00,2019-08-24T10:04:14-05:00,Add ConcurrencyBackend.start_tls() (#263),False,1,asyncio.py,httpx/concurrency/asyncio.py,39,1,40,0,0
1872ae873bcf3dd168089902c6809e433e4bd89d,Seth Michael Larson,GitHub,2019-08-24 15:04:14+00:00,2019-08-24T10:04:14-05:00,Add ConcurrencyBackend.start_tls() (#263),False,1,connection.py,httpx/dispatch/connection.py,1,1,2,0,1
1872ae873bcf3dd168089902c6809e433e4bd89d,Seth Michael Larson,GitHub,2019-08-24 15:04:14+00:00,2019-08-24T10:04:14-05:00,Add ConcurrencyBackend.start_tls() (#263),False,1,base.py,httpx/concurrency/base.py,9,0,9,0,1
1872ae873bcf3dd168089902c6809e433e4bd89d,Seth Michael Larson,GitHub,2019-08-24 15:04:14+00:00,2019-08-24T10:04:14-05:00,Add ConcurrencyBackend.start_tls() (#263),False,1,threaded.py,httpx/dispatch/threaded.py,1,1,2,0,0
1872ae873bcf3dd168089902c6809e433e4bd89d,Seth Michael Larson,GitHub,2019-08-24 15:04:14+00:00,2019-08-24T10:04:14-05:00,Add ConcurrencyBackend.start_tls() (#263),False,1,connection_pool.py,httpx/dispatch/connection_pool.py,1,1,2,0,1
1872ae873bcf3dd168089902c6809e433e4bd89d,Seth Michael Larson,GitHub,2019-08-24 15:04:14+00:00,2019-08-24T10:04:14-05:00,Add ConcurrencyBackend.start_tls() (#263),False,1,wsgi.py,httpx/dispatch/wsgi.py,1,1,2,0,0
1872ae873bcf3dd168089902c6809e433e4bd89d,Seth Michael Larson,GitHub,2019-08-24 15:04:14+00:00,2019-08-24T10:04:14-05:00,Add ConcurrencyBackend.start_tls() (#263),False,1,test_concurrency.py,tests/test_concurrency.py,31,0,31,0,0
3674058ff74f43b127b97900a9f0b93a5a4b7953,Florimond Manca,GitHub,2019-08-25 18:25:18+00:00,2019-08-25T20:25:18+02:00,Parametrize tests with concurrency backend (#273),False,1,client.py,httpx/client.py,11,6,17,0,0
3674058ff74f43b127b97900a9f0b93a5a4b7953,Florimond Manca,GitHub,2019-08-25 18:25:18+00:00,2019-08-25T20:25:18+02:00,Parametrize tests with concurrency backend (#273),False,1,test_async_client.py,tests/client/test_async_client.py,39,37,76,0,0
3674058ff74f43b127b97900a9f0b93a5a4b7953,Florimond Manca,GitHub,2019-08-25 18:25:18+00:00,2019-08-25T20:25:18+02:00,Parametrize tests with concurrency backend (#273),False,1,test_redirects.py,tests/client/test_redirects.py,34,51,85,0,0
3674058ff74f43b127b97900a9f0b93a5a4b7953,Florimond Manca,GitHub,2019-08-25 18:25:18+00:00,2019-08-25T20:25:18+02:00,Parametrize tests with concurrency backend (#273),False,1,concurrency.py,tests/concurrency.py,19,0,19,0,0
3674058ff74f43b127b97900a9f0b93a5a4b7953,Florimond Manca,GitHub,2019-08-25 18:25:18+00:00,2019-08-25T20:25:18+02:00,Parametrize tests with concurrency backend (#273),False,1,conftest.py,tests/conftest.py,24,0,24,0,0
3674058ff74f43b127b97900a9f0b93a5a4b7953,Florimond Manca,GitHub,2019-08-25 18:25:18+00:00,2019-08-25T20:25:18+02:00,Parametrize tests with concurrency backend (#273),False,1,test_asgi.py,tests/test_asgi.py,8,12,20,0,0
3674058ff74f43b127b97900a9f0b93a5a4b7953,Florimond Manca,GitHub,2019-08-25 18:25:18+00:00,2019-08-25T20:25:18+02:00,Parametrize tests with concurrency backend (#273),False,1,test_connections.py,tests/dispatch/test_connections.py,10,14,24,0,0
3674058ff74f43b127b97900a9f0b93a5a4b7953,Florimond Manca,GitHub,2019-08-25 18:25:18+00:00,2019-08-25T20:25:18+02:00,Parametrize tests with concurrency backend (#273),False,1,test_http2.py,tests/dispatch/test_http2.py,8,14,22,0,1
3674058ff74f43b127b97900a9f0b93a5a4b7953,Florimond Manca,GitHub,2019-08-25 18:25:18+00:00,2019-08-25T20:25:18+02:00,Parametrize tests with concurrency backend (#273),False,1,test_threaded.py,tests/dispatch/test_threaded.py,2,5,7,0,0
3674058ff74f43b127b97900a9f0b93a5a4b7953,Florimond Manca,GitHub,2019-08-25 18:25:18+00:00,2019-08-25T20:25:18+02:00,Parametrize tests with concurrency backend (#273),False,1,utils.py,tests/dispatch/utils.py,12,6,18,0,1
3674058ff74f43b127b97900a9f0b93a5a4b7953,Florimond Manca,GitHub,2019-08-25 18:25:18+00:00,2019-08-25T20:25:18+02:00,Parametrize tests with concurrency backend (#273),False,1,test_timeouts.py,tests/test_timeouts.py,12,16,28,0,0
3674058ff74f43b127b97900a9f0b93a5a4b7953,Florimond Manca,GitHub,2019-08-25 18:25:18+00:00,2019-08-25T20:25:18+02:00,Parametrize tests with concurrency backend (#273),False,1,test_connection_pools.py,tests/dispatch/test_connection_pools.py,28,40,68,0,0
e7aa6d67109b33eab5d3fbac0dead4c74c26167e,Seth Michael Larson,GitHub,2019-08-27 12:54:11+00:00,2019-08-27T07:54:11-05:00,Force HTTP/1.1 on short-lived connections (#284),False,1,api.py,httpx/api.py,1,1,2,0,1
e7aa6d67109b33eab5d3fbac0dead4c74c26167e,Seth Michael Larson,GitHub,2019-08-27 12:54:11+00:00,2019-08-27T07:54:11-05:00,Force HTTP/1.1 on short-lived connections (#284),False,1,test_api.py,tests/test_api.py,1,0,1,0,0
33032df0b03e885f1cb6215bb093389481c8a3dc,Jt Miclat,Seth Michael Larson,2019-08-27 16:08:50+00:00,2019-08-27T11:08:50-05:00,Stop running nox on first error (#286),False,1,noxfile.py,noxfile.py,2,0,2,1,0
6f4f18652266a9c138bf31c3dc3638055fc24be7,Seth Michael Larson,GitHub,2019-08-27 16:43:13+00:00,2019-08-27T11:43:13-05:00,Add easier debug logging for users (#277),False,1,test_utils.py,tests/test_utils.py,24,0,24,1,0
6f4f18652266a9c138bf31c3dc3638055fc24be7,Seth Michael Larson,GitHub,2019-08-27 16:43:13+00:00,2019-08-27T11:43:13-05:00,Add easier debug logging for users (#277),False,1,utils.py,httpx/utils.py,29,0,29,1,0
6f4f18652266a9c138bf31c3dc3638055fc24be7,Seth Michael Larson,GitHub,2019-08-27 16:43:13+00:00,2019-08-27T11:43:13-05:00,Add easier debug logging for users (#277),False,1,models.py,httpx/models.py,6,0,6,1,0
6f4f18652266a9c138bf31c3dc3638055fc24be7,Seth Michael Larson,GitHub,2019-08-27 16:43:13+00:00,2019-08-27T11:43:13-05:00,Add easier debug logging for users (#277),False,1,http11.py,httpx/dispatch/http11.py,23,0,23,1,1
6f4f18652266a9c138bf31c3dc3638055fc24be7,Seth Michael Larson,GitHub,2019-08-27 16:43:13+00:00,2019-08-27T11:43:13-05:00,Add easier debug logging for users (#277),False,1,connection_pool.py,httpx/dispatch/connection_pool.py,9,0,9,1,0
6f4f18652266a9c138bf31c3dc3638055fc24be7,Seth Michael Larson,GitHub,2019-08-27 16:43:13+00:00,2019-08-27T11:43:13-05:00,Add easier debug logging for users (#277),False,1,connection.py,httpx/dispatch/connection.py,11,0,11,1,0
6f4f18652266a9c138bf31c3dc3638055fc24be7,Seth Michael Larson,GitHub,2019-08-27 16:43:13+00:00,2019-08-27T11:43:13-05:00,Add easier debug logging for users (#277),False,1,http2.py,httpx/dispatch/http2.py,23,1,24,1,1
1f4b8dd054009f43a5a2c2fd7e38cbf7a539bb2f,Jt Miclat,Seth Michael Larson,2019-08-27 16:51:36+00:00,2019-08-27T11:51:36-05:00,Allow per file running of tests (#287),False,1,noxfile.py,noxfile.py,1,2,3,0,0
9e420a5c348f8f05124a0918e229acb8bf88acec,toppk,Seth Michael Larson,2019-08-28 00:25:30+00:00,2019-08-27T19:25:30-05:00,Automatically convert Client.cookies and Client.headers on set (#274),False,1,test_properties.py,tests/client/test_properties.py,17,0,17,0,0
9e420a5c348f8f05124a0918e229acb8bf88acec,toppk,Seth Michael Larson,2019-08-28 00:25:30+00:00,2019-08-27T19:25:30-05:00,Automatically convert Client.cookies and Client.headers on set (#274),False,1,test_cookies.py,tests/client/test_cookies.py,36,0,36,0,0
9e420a5c348f8f05124a0918e229acb8bf88acec,toppk,Seth Michael Larson,2019-08-28 00:25:30+00:00,2019-08-27T19:25:30-05:00,Automatically convert Client.cookies and Client.headers on set (#274),False,1,client.py,httpx/client.py,18,2,20,0,0
8c456e48e9a4d99b5fc0fae45dbdf8941ee7f8d7,Seth Michael Larson,GitHub,2019-08-29 12:19:02+00:00,2019-08-29T07:19:02-05:00,Release 0.7.2 (#291),False,1,setup.py,setup.py,1,1,2,0,0
8c456e48e9a4d99b5fc0fae45dbdf8941ee7f8d7,Seth Michael Larson,GitHub,2019-08-29 12:19:02+00:00,2019-08-29T07:19:02-05:00,Release 0.7.2 (#291),False,1,__version__.py,httpx/__version__.py,1,1,2,0,0
e9b20995f7a9ba8a0ab46b61469f368141f16f55,Min ho Kim,Florimond Manca,2019-08-29 17:14:15+00:00,2019-08-29T19:14:15+02:00,Fix typos in comments (#294),False,1,models.py,httpx/models.py,2,2,4,0,0
e9b20995f7a9ba8a0ab46b61469f368141f16f55,Min ho Kim,Florimond Manca,2019-08-29 17:14:15+00:00,2019-08-29T19:14:15+02:00,Fix typos in comments (#294),False,1,status_codes.py,httpx/status_codes.py,1,1,2,0,1
e9b20995f7a9ba8a0ab46b61469f368141f16f55,Min ho Kim,Florimond Manca,2019-08-29 17:14:15+00:00,2019-08-29T19:14:15+02:00,Fix typos in comments (#294),False,1,test_threaded.py,tests/dispatch/test_threaded.py,1,1,2,0,0
e9b20995f7a9ba8a0ab46b61469f368141f16f55,Min ho Kim,Florimond Manca,2019-08-29 17:14:15+00:00,2019-08-29T19:14:15+02:00,Fix typos in comments (#294),False,1,test_client.py,tests/client/test_client.py,1,1,2,0,0
994403bec920c923a6c3970215e75d6a99385e0c,Florimond Manca,GitHub,2019-08-29 21:17:14+00:00,2019-08-29T23:17:14+02:00,Serve test server in thread (#292),False,1,test_concurrency.py,tests/test_concurrency.py,12,7,19,0,0
994403bec920c923a6c3970215e75d6a99385e0c,Florimond Manca,GitHub,2019-08-29 21:17:14+00:00,2019-08-29T23:17:14+02:00,Serve test server in thread (#292),False,1,test_api.py,tests/test_api.py,0,29,29,0,0
994403bec920c923a6c3970215e75d6a99385e0c,Florimond Manca,GitHub,2019-08-29 21:17:14+00:00,2019-08-29T23:17:14+02:00,Serve test server in thread (#292),False,1,test_connections.py,tests/dispatch/test_connections.py,23,21,44,0,0
994403bec920c923a6c3970215e75d6a99385e0c,Florimond Manca,GitHub,2019-08-29 21:17:14+00:00,2019-08-29T23:17:14+02:00,Serve test server in thread (#292),False,1,test_connection_pools.py,tests/dispatch/test_connection_pools.py,2,2,4,0,0
994403bec920c923a6c3970215e75d6a99385e0c,Florimond Manca,GitHub,2019-08-29 21:17:14+00:00,2019-08-29T23:17:14+02:00,Serve test server in thread (#292),False,1,conftest.py,tests/conftest.py,82,37,119,0,0
994403bec920c923a6c3970215e75d6a99385e0c,Florimond Manca,GitHub,2019-08-29 21:17:14+00:00,2019-08-29T23:17:14+02:00,Serve test server in thread (#292),False,1,test_client.py,tests/client/test_client.py,0,33,33,0,0
994403bec920c923a6c3970215e75d6a99385e0c,Florimond Manca,GitHub,2019-08-29 21:17:14+00:00,2019-08-29T23:17:14+02:00,Serve test server in thread (#292),False,1,asyncio.py,httpx/concurrency/asyncio.py,1,1,2,0,0
a46462764e89bbcf2ac9587e11296a171cef8306,Florimond Manca,Seth Michael Larson,2019-08-31 14:09:35+00:00,2019-08-31T09:09:35-05:00,Tighten up response.next() (#297),False,1,__init__.py,httpx/__init__.py,2,0,2,0,0
a46462764e89bbcf2ac9587e11296a171cef8306,Florimond Manca,Seth Michael Larson,2019-08-31 14:09:35+00:00,2019-08-31T09:09:35-05:00,Tighten up response.next() (#297),False,1,client.py,httpx/client.py,2,2,4,0,0
a46462764e89bbcf2ac9587e11296a171cef8306,Florimond Manca,Seth Michael Larson,2019-08-31 14:09:35+00:00,2019-08-31T09:09:35-05:00,Tighten up response.next() (#297),False,1,test_redirects.py,tests/client/test_redirects.py,14,1,15,0,0
a46462764e89bbcf2ac9587e11296a171cef8306,Florimond Manca,Seth Michael Larson,2019-08-31 14:09:35+00:00,2019-08-31T09:09:35-05:00,Tighten up response.next() (#297),False,1,models.py,httpx/models.py,11,1,12,0,1
a46462764e89bbcf2ac9587e11296a171cef8306,Florimond Manca,Seth Michael Larson,2019-08-31 14:09:35+00:00,2019-08-31T09:09:35-05:00,Tighten up response.next() (#297),False,1,exceptions.py,httpx/exceptions.py,6,0,6,0,1
e34d2806731f918fd6f7230f80fd4301e4c05419,Bakhtiyor Ruziev,Florimond Manca,2019-09-01 07:07:22+00:00,2019-09-01T09:07:22+02:00,Add server.url property in tests (#300),False,1,test_async_client.py,tests/client/test_async_client.py,16,22,38,0,0
e34d2806731f918fd6f7230f80fd4301e4c05419,Bakhtiyor Ruziev,Florimond Manca,2019-09-01 07:07:22+00:00,2019-09-01T09:07:22+02:00,Add server.url property in tests (#300),False,1,conftest.py,tests/conftest.py,6,2,8,0,1
e34d2806731f918fd6f7230f80fd4301e4c05419,Bakhtiyor Ruziev,Florimond Manca,2019-09-01 07:07:22+00:00,2019-09-01T09:07:22+02:00,Add server.url property in tests (#300),False,1,test_client.py,tests/client/test_client.py,16,16,32,0,0
e34d2806731f918fd6f7230f80fd4301e4c05419,Bakhtiyor Ruziev,Florimond Manca,2019-09-01 07:07:22+00:00,2019-09-01T09:07:22+02:00,Add server.url property in tests (#300),False,1,test_connection_pools.py,tests/dispatch/test_connection_pools.py,16,16,32,0,0
e34d2806731f918fd6f7230f80fd4301e4c05419,Bakhtiyor Ruziev,Florimond Manca,2019-09-01 07:07:22+00:00,2019-09-01T09:07:22+02:00,Add server.url property in tests (#300),False,1,test_timeouts.py,tests/test_timeouts.py,3,3,6,0,0
e34d2806731f918fd6f7230f80fd4301e4c05419,Bakhtiyor Ruziev,Florimond Manca,2019-09-01 07:07:22+00:00,2019-09-01T09:07:22+02:00,Add server.url property in tests (#300),False,1,test_api.py,tests/test_api.py,8,8,16,0,0
e34d2806731f918fd6f7230f80fd4301e4c05419,Bakhtiyor Ruziev,Florimond Manca,2019-09-01 07:07:22+00:00,2019-09-01T09:07:22+02:00,Add server.url property in tests (#300),False,1,test_concurrency.py,tests/test_concurrency.py,4,2,6,0,0
e34d2806731f918fd6f7230f80fd4301e4c05419,Bakhtiyor Ruziev,Florimond Manca,2019-09-01 07:07:22+00:00,2019-09-01T09:07:22+02:00,Add server.url property in tests (#300),False,1,test_utils.py,tests/test_utils.py,1,1,2,0,0
e34d2806731f918fd6f7230f80fd4301e4c05419,Bakhtiyor Ruziev,Florimond Manca,2019-09-01 07:07:22+00:00,2019-09-01T09:07:22+02:00,Add server.url property in tests (#300),False,1,test_connections.py,tests/dispatch/test_connections.py,8,12,20,0,1
db7f2d0df365daafbcc4e60fd7e96e8abc1a466e,Tomás Farías,Seth Michael Larson,2019-09-01 13:01:11+00:00,2019-09-01T08:01:11-05:00,Add support for SSLKEYLOGFILE (#301),False,1,test_config.py,tests/test_config.py,31,0,31,0,0
db7f2d0df365daafbcc4e60fd7e96e8abc1a466e,Tomás Farías,Seth Michael Larson,2019-09-01 13:01:11+00:00,2019-09-01T08:01:11-05:00,Add support for SSLKEYLOGFILE (#301),False,1,connection_pool.py,httpx/dispatch/connection_pool.py,3,0,3,0,1
db7f2d0df365daafbcc4e60fd7e96e8abc1a466e,Tomás Farías,Seth Michael Larson,2019-09-01 13:01:11+00:00,2019-09-01T08:01:11-05:00,Add support for SSLKEYLOGFILE (#301),False,1,connection.py,httpx/dispatch/connection.py,2,1,3,0,0
db7f2d0df365daafbcc4e60fd7e96e8abc1a466e,Tomás Farías,Seth Michael Larson,2019-09-01 13:01:11+00:00,2019-09-01T08:01:11-05:00,Add support for SSLKEYLOGFILE (#301),False,1,config.py,httpx/config.py,14,1,15,0,0
db7f2d0df365daafbcc4e60fd7e96e8abc1a466e,Tomás Farías,Seth Michael Larson,2019-09-01 13:01:11+00:00,2019-09-01T08:01:11-05:00,Add support for SSLKEYLOGFILE (#301),False,1,client.py,httpx/client.py,3,1,4,0,0
40e6e8c99da395ccfa338b89ae412695397728b2,Florimond Manca,GitHub,2019-09-01 21:01:14+00:00,2019-09-01T23:01:14+02:00,Refactor client functionality into middleware (#268),False,1,client.py,httpx/client.py,62,174,236,0,0
40e6e8c99da395ccfa338b89ae412695397728b2,Florimond Manca,GitHub,2019-09-01 21:01:14+00:00,2019-09-01T23:01:14+02:00,Refactor client functionality into middleware (#268),False,1,auth.py,httpx/auth.py,0,38,38,0,1
40e6e8c99da395ccfa338b89ae412695397728b2,Florimond Manca,GitHub,2019-09-01 21:01:14+00:00,2019-09-01T23:01:14+02:00,Refactor client functionality into middleware (#268),False,1,test_auth.py,tests/client/test_auth.py,9,0,9,0,0
40e6e8c99da395ccfa338b89ae412695397728b2,Florimond Manca,GitHub,2019-09-01 21:01:14+00:00,2019-09-01T23:01:14+02:00,Refactor client functionality into middleware (#268),False,1,middleware.py,httpx/middleware.py,160,0,160,0,0
40e6e8c99da395ccfa338b89ae412695397728b2,Florimond Manca,GitHub,2019-09-01 21:01:14+00:00,2019-09-01T23:01:14+02:00,Refactor client functionality into middleware (#268),False,1,test_redirects.py,tests/client/test_redirects.py,1,1,2,0,0
b8c5e7a8528978e646c28a5837df5085ea3803fc,Seth Michael Larson,Florimond Manca,2019-09-02 21:12:52+00:00,2019-09-02T23:12:52+02:00,Add os.environ fixture (#308),False,1,conftest.py,tests/conftest.py,24,0,24,1,0
0276ff9880066789994aa2299576c8b67172fcd9,Tom Christie,Tom Christie,2019-09-03 13:36:03+00:00,2019-09-03T14:36:03+01:00,Drop Content-Length headers on GET redirects,False,1,middleware.py,httpx/middleware.py,12,5,17,0,1
0a2d58b8f13818ef02776d6a2f6d9386c9bc5543,Tom Christie,Tom Christie,2019-09-03 14:01:37+00:00,2019-09-03T15:01:37+01:00,Apply black formatting (Tho it looks like a broken case to me?),False,1,middleware.py,httpx/middleware.py,1,1,2,1,0
0a2d58b8f13818ef02776d6a2f6d9386c9bc5543,Tom Christie,Tom Christie,2019-09-03 14:01:37+00:00,2019-09-03T15:01:37+01:00,Apply black formatting (Tho it looks like a broken case to me?),False,1,example.py,example.py,17,0,17,1,0
e5964b31f11dbd6d4f5d366ffe582afa9bdd345b,Tom Christie,Tom Christie,2019-09-03 14:02:40+00:00,2019-09-03T15:02:40+01:00,White whitespacing,False,1,middleware.py,httpx/middleware.py,1,1,2,0,0
c2eeb662dfcc267a85be7624c957822cf5e168fe,florimondmanca,florimondmanca,2019-09-03 17:22:03+00:00,2019-09-03T19:22:03+02:00,Remove example script,False,1,example.py,example.py,0,17,17,0,0
fa74aaa6dbd9578b094d2dffb2c9f409e2bd8f34,Yeray Diaz Diaz,Florimond Manca,2019-09-04 11:43:24+00:00,2019-09-04T13:43:24+02:00,Add test for origin from URL string (#312),False,1,test_url.py,tests/models/test_url.py,9,1,10,0,1
d0953d1d863a8bde628b0d9739b56ee6f98e0972,Dobrovolsky Bogdan,Dobrovolsky Bogdan,2019-09-04 13:01:29+00:00,2019-09-04T16:01:29+03:00,Remove NPN support,False,1,config.py,httpx/config.py,0,2,2,0,1
d0953d1d863a8bde628b0d9739b56ee6f98e0972,Dobrovolsky Bogdan,Dobrovolsky Bogdan,2019-09-04 13:01:29+00:00,2019-09-04T16:01:29+03:00,Remove NPN support,False,1,asyncio.py,httpx/concurrency/asyncio.py,2,1,3,0,0
4336550d227411b2b2029a4ef57e7587ea633eaf,Tom Christie,Tom Christie,2019-09-04 14:06:14+00:00,2019-09-04T15:06:14+01:00,Add tests for dropping Content-Length headers,False,1,test_redirects.py,tests/client/test_redirects.py,27,2,29,0,0
69982ed46c2ceee3837d8e26c0fd48c9ec32ca95,Tom Christie,Tom Christie,2019-09-04 14:10:55+00:00,2019-09-04T15:10:55+01:00,Strip Transfer-Encoding when a switch-to-GET redirect is made,False,1,middleware.py,httpx/middleware.py,3,1,4,0,0
5961bd8ba3e1fbb8bcae739dc6ab8fc390f79d8e,Tom Christie,Tom Christie,2019-09-04 14:11:40+00:00,2019-09-04T15:11:40+01:00,Apply black formatting,False,1,test_redirects.py,tests/client/test_redirects.py,1,3,4,0,1
3065dd6b6ca347f182cfe1fb26195f6c90c631ca,Gaurav Dhameeja,Seth Michael Larson,2019-09-06 01:30:19+00:00,2019-09-05T20:30:19-05:00,Set Host header when redirecting cross-origin (#321),False,1,middleware.py,httpx/middleware.py,1,1,2,0,1
ab9cd0ea112c703c91cf5a57b61ba2376ab39dac,IsaacBenghiat,Seth Michael Larson,2019-09-06 18:06:20+00:00,2019-09-06T13:06:20-05:00,Fix bug in calculating maximum frame size (#153),False,1,base.py,httpx/concurrency/base.py,3,0,3,1,0
ab9cd0ea112c703c91cf5a57b61ba2376ab39dac,IsaacBenghiat,Seth Michael Larson,2019-09-06 18:06:20+00:00,2019-09-06T13:06:20-05:00,Fix bug in calculating maximum frame size (#153),False,1,test_http2.py,tests/dispatch/test_http2.py,28,0,28,1,0
ab9cd0ea112c703c91cf5a57b61ba2376ab39dac,IsaacBenghiat,Seth Michael Larson,2019-09-06 18:06:20+00:00,2019-09-06T13:06:20-05:00,Fix bug in calculating maximum frame size (#153),False,1,utils.py,tests/dispatch/utils.py,45,1,46,1,1
ab9cd0ea112c703c91cf5a57b61ba2376ab39dac,IsaacBenghiat,Seth Michael Larson,2019-09-06 18:06:20+00:00,2019-09-06T13:06:20-05:00,Fix bug in calculating maximum frame size (#153),False,1,http2.py,httpx/dispatch/http2.py,42,14,56,1,1
6b97b2ed00a03d7528abcb45d59e111bebdf0c1a,Florimond Manca,Seth Michael Larson,2019-09-07 04:32:38+00:00,2019-09-06T23:32:38-05:00,Pin uvloop to fix 3.8-dev compilation issue (#323),False,1,.gitignore,.gitignore,2,1,3,1,0
0f34f3b60f9461fa686f5fa10c2a636a09cbaeff,Gaurav Dhameeja,Seth Michael Larson,2019-09-07 21:12:37+00:00,2019-09-07T16:12:37-05:00,Raise KeyError if header isn't found in Headers (#324),False,1,test_headers.py,tests/client/test_headers.py,9,0,9,1,0
0f34f3b60f9461fa686f5fa10c2a636a09cbaeff,Gaurav Dhameeja,Seth Michael Larson,2019-09-07 21:12:37+00:00,2019-09-07T16:12:37-05:00,Raise KeyError if header isn't found in Headers (#324),False,1,models.py,httpx/models.py,2,1,3,1,0
0f34f3b60f9461fa686f5fa10c2a636a09cbaeff,Gaurav Dhameeja,Seth Michael Larson,2019-09-07 21:12:37+00:00,2019-09-07T16:12:37-05:00,Raise KeyError if header isn't found in Headers (#324),False,1,middleware.py,httpx/middleware.py,3,4,7,1,0
0f34f3b60f9461fa686f5fa10c2a636a09cbaeff,Gaurav Dhameeja,Seth Michael Larson,2019-09-07 21:12:37+00:00,2019-09-07T16:12:37-05:00,Raise KeyError if header isn't found in Headers (#324),False,1,http2.py,httpx/dispatch/http2.py,1,1,2,1,1
71648ece09c5507f401b91e9502083a34078036c,Florimond Manca,GitHub,2019-09-07 21:22:11+00:00,2019-09-07T23:22:11+02:00,Refactor middleware (#325),False,1,utils.py,httpx/utils.py,4,0,4,0,0
71648ece09c5507f401b91e9502083a34078036c,Florimond Manca,GitHub,2019-09-07 21:22:11+00:00,2019-09-07T23:22:11+02:00,Refactor middleware (#325),False,1,redirect.py,httpx/middleware/redirect.py,128,0,128,0,1
71648ece09c5507f401b91e9502083a34078036c,Florimond Manca,GitHub,2019-09-07 21:22:11+00:00,2019-09-07T23:22:11+02:00,Refactor middleware (#325),False,1,custom_auth.py,httpx/middleware/custom_auth.py,15,0,15,0,0
71648ece09c5507f401b91e9502083a34078036c,Florimond Manca,GitHub,2019-09-07 21:22:11+00:00,2019-09-07T23:22:11+02:00,Refactor middleware (#325),False,1,basic_auth.py,httpx/middleware/basic_auth.py,27,0,27,0,0
71648ece09c5507f401b91e9502083a34078036c,Florimond Manca,GitHub,2019-09-07 21:22:11+00:00,2019-09-07T23:22:11+02:00,Refactor middleware (#325),False,1,base.py,httpx/middleware/base.py,10,0,10,0,0
71648ece09c5507f401b91e9502083a34078036c,Florimond Manca,GitHub,2019-09-07 21:22:11+00:00,2019-09-07T23:22:11+02:00,Refactor middleware (#325),False,1,__init__.py,httpx/middleware/__init__.py,0,0,0,0,1
71648ece09c5507f401b91e9502083a34078036c,Florimond Manca,GitHub,2019-09-07 21:22:11+00:00,2019-09-07T23:22:11+02:00,Refactor middleware (#325),False,1,middleware.py,httpx/middleware.py,0,168,168,0,1
71648ece09c5507f401b91e9502083a34078036c,Florimond Manca,GitHub,2019-09-07 21:22:11+00:00,2019-09-07T23:22:11+02:00,Refactor middleware (#325),False,1,client.py,httpx/client.py,4,6,10,0,0
08edfac37dbe94faf5b99f09d62cadf608d010e0,Dobrovolsky Bogdan,Seth Michael Larson,2019-09-08 13:03:59+00:00,2019-09-08T08:03:59-05:00,Add `build_request` to `Client` (#319),False,1,client.py,httpx/client.py,82,14,96,0,0
08edfac37dbe94faf5b99f09d62cadf608d010e0,Dobrovolsky Bogdan,Seth Michael Larson,2019-09-08 13:03:59+00:00,2019-09-08T08:03:59-05:00,Add `build_request` to `Client` (#319),False,1,conftest.py,tests/conftest.py,18,0,18,0,1
08edfac37dbe94faf5b99f09d62cadf608d010e0,Dobrovolsky Bogdan,Seth Michael Larson,2019-09-08 13:03:59+00:00,2019-09-08T08:03:59-05:00,Add `build_request` to `Client` (#319),False,1,test_client.py,tests/client/test_client.py,15,0,15,0,0
08edfac37dbe94faf5b99f09d62cadf608d010e0,Dobrovolsky Bogdan,Seth Michael Larson,2019-09-08 13:03:59+00:00,2019-09-08T08:03:59-05:00,Add `build_request` to `Client` (#319),False,1,test_async_client.py,tests/client/test_async_client.py,14,0,14,0,0
fd3b69d2aac4f3625405ad87664fc9a93dc9af45,Yeray Diaz Diaz,Seth Michael Larson,2019-09-10 19:53:39+00:00,2019-09-10T14:53:39-05:00,Add DigestAuth middleware (#332),False,1,utils.py,httpx/utils.py,10,0,10,0,0
fd3b69d2aac4f3625405ad87664fc9a93dc9af45,Yeray Diaz Diaz,Seth Michael Larson,2019-09-10 19:53:39+00:00,2019-09-10T14:53:39-05:00,Add DigestAuth middleware (#332),False,1,models.py,httpx/models.py,4,0,4,0,1
fd3b69d2aac4f3625405ad87664fc9a93dc9af45,Yeray Diaz Diaz,Seth Michael Larson,2019-09-10 19:53:39+00:00,2019-09-10T14:53:39-05:00,Add DigestAuth middleware (#332),False,1,digest_auth.py,httpx/middleware/digest_auth.py,181,0,181,0,0
fd3b69d2aac4f3625405ad87664fc9a93dc9af45,Yeray Diaz Diaz,Seth Michael Larson,2019-09-10 19:53:39+00:00,2019-09-10T14:53:39-05:00,Add DigestAuth middleware (#332),False,1,client.py,httpx/client.py,3,2,5,0,1
fd3b69d2aac4f3625405ad87664fc9a93dc9af45,Yeray Diaz Diaz,Seth Michael Larson,2019-09-10 19:53:39+00:00,2019-09-10T14:53:39-05:00,Add DigestAuth middleware (#332),False,1,__init__.py,httpx/__init__.py,2,0,2,0,1
fd3b69d2aac4f3625405ad87664fc9a93dc9af45,Yeray Diaz Diaz,Seth Michael Larson,2019-09-10 19:53:39+00:00,2019-09-10T14:53:39-05:00,Add DigestAuth middleware (#332),False,1,test_auth.py,tests/client/test_auth.py,209,0,209,0,0
1cd9156d5d6939f4d9e02f5df0cbcb31a2816822,Yeray Diaz Diaz,Seth Michael Larson,2019-09-11 12:25:11+00:00,2019-09-11T07:25:11-05:00,Additional DigestAuth tests (#334),False,1,test_auth.py,tests/client/test_auth.py,39,19,58,0,0
f1dde95d358a5a707d75e6d61f912224ed65ee8e,Florimond Manca,GitHub,2019-09-12 21:24:33+00:00,2019-09-12T23:24:33+02:00,Test Requests entrypoints (#330),False,1,test_api.py,tests/requests_compat/test_api.py,30,0,30,0,0
f1dde95d358a5a707d75e6d61f912224ed65ee8e,Florimond Manca,GitHub,2019-09-12 21:24:33+00:00,2019-09-12T23:24:33+02:00,Test Requests entrypoints (#330),False,1,conftest.py,tests/requests_compat/conftest.py,17,0,17,0,0
f1dde95d358a5a707d75e6d61f912224ed65ee8e,Florimond Manca,GitHub,2019-09-12 21:24:33+00:00,2019-09-12T23:24:33+02:00,Test Requests entrypoints (#330),False,1,__init__.py,tests/requests_compat/__init__.py,0,0,0,0,0
57c27cac36f9ca28201e26e35ae4f79be2051a8e,Seth Michael Larson,GitHub,2019-09-15 15:47:35+00:00,2019-09-15T10:47:35-05:00,Implement HTTPProxy dispatcher (#259),False,1,__init__.py,httpx/__init__.py,5,0,5,1,0
57c27cac36f9ca28201e26e35ae4f79be2051a8e,Seth Michael Larson,GitHub,2019-09-15 15:47:35+00:00,2019-09-15T10:47:35-05:00,Implement HTTPProxy dispatcher (#259),False,1,api.py,httpx/api.py,0,1,1,1,0
57c27cac36f9ca28201e26e35ae4f79be2051a8e,Seth Michael Larson,GitHub,2019-09-15 15:47:35+00:00,2019-09-15T10:47:35-05:00,Implement HTTPProxy dispatcher (#259),False,1,client.py,httpx/client.py,2,2,4,1,0
57c27cac36f9ca28201e26e35ae4f79be2051a8e,Seth Michael Larson,GitHub,2019-09-15 15:47:35+00:00,2019-09-15T10:47:35-05:00,Implement HTTPProxy dispatcher (#259),False,1,connection_pool.py,httpx/dispatch/connection_pool.py,13,8,21,1,0
57c27cac36f9ca28201e26e35ae4f79be2051a8e,Seth Michael Larson,GitHub,2019-09-15 15:47:35+00:00,2019-09-15T10:47:35-05:00,Implement HTTPProxy dispatcher (#259),False,1,http11.py,httpx/dispatch/http11.py,1,1,2,1,0
57c27cac36f9ca28201e26e35ae4f79be2051a8e,Seth Michael Larson,GitHub,2019-09-15 15:47:35+00:00,2019-09-15T10:47:35-05:00,Implement HTTPProxy dispatcher (#259),False,1,http2.py,httpx/dispatch/http2.py,1,1,2,1,0
57c27cac36f9ca28201e26e35ae4f79be2051a8e,Seth Michael Larson,GitHub,2019-09-15 15:47:35+00:00,2019-09-15T10:47:35-05:00,Implement HTTPProxy dispatcher (#259),False,1,conftest.py,tests/conftest.py,11,6,17,1,0
57c27cac36f9ca28201e26e35ae4f79be2051a8e,Seth Michael Larson,GitHub,2019-09-15 15:47:35+00:00,2019-09-15T10:47:35-05:00,Implement HTTPProxy dispatcher (#259),False,1,exceptions.py,httpx/exceptions.py,6,0,6,1,1
57c27cac36f9ca28201e26e35ae4f79be2051a8e,Seth Michael Larson,GitHub,2019-09-15 15:47:35+00:00,2019-09-15T10:47:35-05:00,Implement HTTPProxy dispatcher (#259),False,1,models.py,httpx/models.py,13,0,13,1,0
57c27cac36f9ca28201e26e35ae4f79be2051a8e,Seth Michael Larson,GitHub,2019-09-15 15:47:35+00:00,2019-09-15T10:47:35-05:00,Implement HTTPProxy dispatcher (#259),False,1,test_proxy_http.py,tests/dispatch/test_proxy_http.py,181,0,181,1,0
57c27cac36f9ca28201e26e35ae4f79be2051a8e,Seth Michael Larson,GitHub,2019-09-15 15:47:35+00:00,2019-09-15T10:47:35-05:00,Implement HTTPProxy dispatcher (#259),False,1,utils.py,tests/dispatch/utils.py,58,0,58,1,0
57c27cac36f9ca28201e26e35ae4f79be2051a8e,Seth Michael Larson,GitHub,2019-09-15 15:47:35+00:00,2019-09-15T10:47:35-05:00,Implement HTTPProxy dispatcher (#259),False,1,test_url.py,tests/models/test_url.py,7,0,7,1,0
57c27cac36f9ca28201e26e35ae4f79be2051a8e,Seth Michael Larson,GitHub,2019-09-15 15:47:35+00:00,2019-09-15T10:47:35-05:00,Implement HTTPProxy dispatcher (#259),False,1,proxy_http.py,httpx/dispatch/proxy_http.py,251,0,251,1,0
315a18b4cf81f95683e6afdc10dba3c75eb512b7,Florimond Manca,Seth Michael Larson,2019-09-15 21:14:48+00:00,2019-09-15T16:14:48-05:00,Stream -> TCPStream (#339),False,1,base.py,httpx/concurrency/base.py,6,6,12,0,0
315a18b4cf81f95683e6afdc10dba3c75eb512b7,Florimond Manca,Seth Michael Larson,2019-09-15 21:14:48+00:00,2019-09-15T16:14:48-05:00,Stream -> TCPStream (#339),False,1,asyncio.py,httpx/concurrency/asyncio.py,8,18,26,0,0
315a18b4cf81f95683e6afdc10dba3c75eb512b7,Florimond Manca,Seth Michael Larson,2019-09-15 21:14:48+00:00,2019-09-15T16:14:48-05:00,Stream -> TCPStream (#339),False,1,connection.py,httpx/dispatch/connection.py,1,1,2,0,1
315a18b4cf81f95683e6afdc10dba3c75eb512b7,Florimond Manca,Seth Michael Larson,2019-09-15 21:14:48+00:00,2019-09-15T16:14:48-05:00,Stream -> TCPStream (#339),False,1,__init__.py,httpx/__init__.py,2,2,4,0,1
315a18b4cf81f95683e6afdc10dba3c75eb512b7,Florimond Manca,Seth Michael Larson,2019-09-15 21:14:48+00:00,2019-09-15T16:14:48-05:00,Stream -> TCPStream (#339),False,1,http2.py,httpx/dispatch/http2.py,2,2,4,0,0
315a18b4cf81f95683e6afdc10dba3c75eb512b7,Florimond Manca,Seth Michael Larson,2019-09-15 21:14:48+00:00,2019-09-15T16:14:48-05:00,Stream -> TCPStream (#339),False,1,utils.py,tests/dispatch/utils.py,5,5,10,0,1
315a18b4cf81f95683e6afdc10dba3c75eb512b7,Florimond Manca,Seth Michael Larson,2019-09-15 21:14:48+00:00,2019-09-15T16:14:48-05:00,Stream -> TCPStream (#339),False,1,http11.py,httpx/dispatch/http11.py,2,2,4,0,1
315a18b4cf81f95683e6afdc10dba3c75eb512b7,Florimond Manca,Seth Michael Larson,2019-09-15 21:14:48+00:00,2019-09-15T16:14:48-05:00,Stream -> TCPStream (#339),False,1,test_concurrency.py,tests/test_concurrency.py,1,1,2,0,0
6c6148ec5c3fc4c32238664d4d8feb3f90c7d88a,Florimond Manca,GitHub,2019-09-16 06:34:26+00:00,2019-09-16T08:34:26+02:00,Fix remaining references to BaseStream in tests (#347),False,1,utils.py,tests/dispatch/utils.py,5,5,10,1,0
8155352d2028b7f74ccd53acdf5a8d74b84e6d15,Yeray Diaz Diaz,GitHub,2019-09-16 11:50:00+00:00,2019-09-16T12:50:00+01:00,Document digest auth (#348),False,1,test_api.py,tests/requests_compat/test_api.py,0,1,1,0,0
05ac1176791b5bd4b76cc82a2c23a89b9fed5dbf,Roy Williams,Florimond Manca,2019-09-18 18:29:01+00:00,2019-09-18T20:29:01+02:00,Add `.elapsed` onto Response objects tracking how long a request took. (#351),False,1,test_utils.py,tests/test_utils.py,18,1,19,0,0
05ac1176791b5bd4b76cc82a2c23a89b9fed5dbf,Roy Williams,Florimond Manca,2019-09-18 18:29:01+00:00,2019-09-18T20:29:01+02:00,Add `.elapsed` onto Response objects tracking how long a request took. (#351),False,1,test_responses.py,tests/models/test_responses.py,2,0,2,0,0
05ac1176791b5bd4b76cc82a2c23a89b9fed5dbf,Roy Williams,Florimond Manca,2019-09-18 18:29:01+00:00,2019-09-18T20:29:01+02:00,Add `.elapsed` onto Response objects tracking how long a request took. (#351),False,1,conftest.py,tests/conftest.py,7,2,9,0,1
05ac1176791b5bd4b76cc82a2c23a89b9fed5dbf,Roy Williams,Florimond Manca,2019-09-18 18:29:01+00:00,2019-09-18T20:29:01+02:00,Add `.elapsed` onto Response objects tracking how long a request took. (#351),False,1,test_client.py,tests/client/test_client.py,18,0,18,0,1
05ac1176791b5bd4b76cc82a2c23a89b9fed5dbf,Roy Williams,Florimond Manca,2019-09-18 18:29:01+00:00,2019-09-18T20:29:01+02:00,Add `.elapsed` onto Response objects tracking how long a request took. (#351),False,1,test_async_client.py,tests/client/test_async_client.py,3,0,3,0,1
05ac1176791b5bd4b76cc82a2c23a89b9fed5dbf,Roy Williams,Florimond Manca,2019-09-18 18:29:01+00:00,2019-09-18T20:29:01+02:00,Add `.elapsed` onto Response objects tracking how long a request took. (#351),False,1,utils.py,httpx/utils.py,27,0,27,0,0
05ac1176791b5bd4b76cc82a2c23a89b9fed5dbf,Roy Williams,Florimond Manca,2019-09-18 18:29:01+00:00,2019-09-18T20:29:01+02:00,Add `.elapsed` onto Response objects tracking how long a request took. (#351),False,1,models.py,httpx/models.py,7,0,7,0,0
05ac1176791b5bd4b76cc82a2c23a89b9fed5dbf,Roy Williams,Florimond Manca,2019-09-18 18:29:01+00:00,2019-09-18T20:29:01+02:00,Add `.elapsed` onto Response objects tracking how long a request took. (#351),False,1,client.py,httpx/client.py,7,4,11,0,0
338a3607852634200b880bbb361c0e2d6dd20f90,Jamie Hewland,Seth Michael Larson,2019-09-18 23:59:27+00:00,2019-09-18T18:59:27-05:00,Use a certificate issued from the trustme CA in tests (#357),False,1,test_connections.py,tests/dispatch/test_connections.py,4,4,8,1,1
338a3607852634200b880bbb361c0e2d6dd20f90,Jamie Hewland,Seth Michael Larson,2019-09-18 23:59:27+00:00,2019-09-18T18:59:27-05:00,Use a certificate issued from the trustme CA in tests (#357),False,1,conftest.py,tests/conftest.py,31,24,55,1,0
061d943b78e76a410124f01e5bbf487376d986eb,Florimond Manca,Seth Michael Larson,2019-09-19 16:13:20+00:00,2019-09-19T11:13:20-05:00,Add zip_safe=False to setup() (#361),False,1,setup.py,setup.py,1,0,1,0,0
b0fa0859a8954edf7aaa5e4d64d85bd16765cd23,Seth Michael Larson,GitHub,2019-09-20 17:33:06+00:00,2019-09-20T12:33:06-05:00,Configure Proxy from Client (#353),False,1,api.py,httpx/api.py,9,0,9,0,0
b0fa0859a8954edf7aaa5e4d64d85bd16765cd23,Seth Michael Larson,GitHub,2019-09-20 17:33:06+00:00,2019-09-20T12:33:06-05:00,Configure Proxy from Client (#353),False,1,client.py,httpx/client.py,112,4,116,0,0
b0fa0859a8954edf7aaa5e4d64d85bd16765cd23,Seth Michael Larson,GitHub,2019-09-20 17:33:06+00:00,2019-09-20T12:33:06-05:00,Configure Proxy from Client (#353),False,1,connection_pool.py,httpx/dispatch/connection_pool.py,1,1,2,0,1
b0fa0859a8954edf7aaa5e4d64d85bd16765cd23,Seth Michael Larson,GitHub,2019-09-20 17:33:06+00:00,2019-09-20T12:33:06-05:00,Configure Proxy from Client (#353),False,1,models.py,httpx/models.py,7,0,7,0,0
b0fa0859a8954edf7aaa5e4d64d85bd16765cd23,Seth Michael Larson,GitHub,2019-09-20 17:33:06+00:00,2019-09-20T12:33:06-05:00,Configure Proxy from Client (#353),False,1,conftest.py,tests/conftest.py,1,1,2,0,0
b0fa0859a8954edf7aaa5e4d64d85bd16765cd23,Seth Michael Larson,GitHub,2019-09-20 17:33:06+00:00,2019-09-20T12:33:06-05:00,Configure Proxy from Client (#353),False,1,test_proxies.py,tests/client/test_proxies.py,29,0,29,0,0
b0fa0859a8954edf7aaa5e4d64d85bd16765cd23,Seth Michael Larson,GitHub,2019-09-20 17:33:06+00:00,2019-09-20T12:33:06-05:00,Configure Proxy from Client (#353),False,1,test_proxy_http.py,tests/dispatch/test_proxy_http.py,33,7,40,0,0
b0fa0859a8954edf7aaa5e4d64d85bd16765cd23,Seth Michael Larson,GitHub,2019-09-20 17:33:06+00:00,2019-09-20T12:33:06-05:00,Configure Proxy from Client (#353),False,1,utils.py,tests/dispatch/utils.py,3,0,3,0,0
b0fa0859a8954edf7aaa5e4d64d85bd16765cd23,Seth Michael Larson,GitHub,2019-09-20 17:33:06+00:00,2019-09-20T12:33:06-05:00,Configure Proxy from Client (#353),False,1,utils.py,httpx/utils.py,35,4,39,0,0
b0fa0859a8954edf7aaa5e4d64d85bd16765cd23,Seth Michael Larson,GitHub,2019-09-20 17:33:06+00:00,2019-09-20T12:33:06-05:00,Configure Proxy from Client (#353),False,1,test_utils.py,tests/test_utils.py,27,0,27,0,0
7a08aaa5360cad8b36f38fe24e166342524a4c7b,Florimond Manca,GitHub,2019-09-20 19:05:02+00:00,2019-09-20T21:05:02+02:00,Release 0.7.3 (#362),False,1,__version__.py,httpx/__version__.py,1,1,2,0,0
12752466ae9f4dec2e4788ae25af6ebd407f6795,Florimond Manca,GitHub,2019-09-21 07:12:53+00:00,2019-09-21T09:12:53+02:00,Document the release process (#363),False,1,publish,scripts/publish,7,0,7,0,0
08355c62f56b899af15967906aa45392cd45dbdd,Florimond Manca,Seth Michael Larson,2019-09-21 16:10:20+00:00,2019-09-21T11:10:20-05:00,Add trio concurrency backend (#276),False,1,asgi.py,httpx/dispatch/asgi.py,2,1,3,0,1
08355c62f56b899af15967906aa45392cd45dbdd,Florimond Manca,Seth Michael Larson,2019-09-21 16:10:20+00:00,2019-09-21T11:10:20-05:00,Add trio concurrency backend (#276),False,1,client.py,httpx/client.py,1,1,2,0,0
08355c62f56b899af15967906aa45392cd45dbdd,Florimond Manca,Seth Michael Larson,2019-09-21 16:10:20+00:00,2019-09-21T11:10:20-05:00,Add trio concurrency backend (#276),False,1,asyncio.py,httpx/concurrency/asyncio.py,14,0,14,0,1
08355c62f56b899af15967906aa45392cd45dbdd,Florimond Manca,Seth Michael Larson,2019-09-21 16:10:20+00:00,2019-09-21T11:10:20-05:00,Add trio concurrency backend (#276),False,1,base.py,httpx/concurrency/base.py,7,0,7,0,0
08355c62f56b899af15967906aa45392cd45dbdd,Florimond Manca,Seth Michael Larson,2019-09-21 16:10:20+00:00,2019-09-21T11:10:20-05:00,Add trio concurrency backend (#276),False,1,trio.py,httpx/concurrency/trio.py,255,0,255,0,0
08355c62f56b899af15967906aa45392cd45dbdd,Florimond Manca,Seth Michael Larson,2019-09-21 16:10:20+00:00,2019-09-21T11:10:20-05:00,Add trio concurrency backend (#276),False,1,http2.py,httpx/dispatch/http2.py,5,0,5,0,0
08355c62f56b899af15967906aa45392cd45dbdd,Florimond Manca,Seth Michael Larson,2019-09-21 16:10:20+00:00,2019-09-21T11:10:20-05:00,Add trio concurrency backend (#276),False,1,concurrency.py,tests/concurrency.py,12,0,12,0,1
08355c62f56b899af15967906aa45392cd45dbdd,Florimond Manca,Seth Michael Larson,2019-09-21 16:10:20+00:00,2019-09-21T11:10:20-05:00,Add trio concurrency backend (#276),False,1,conftest.py,tests/conftest.py,11,1,12,0,1
08355c62f56b899af15967906aa45392cd45dbdd,Florimond Manca,Seth Michael Larson,2019-09-21 16:10:20+00:00,2019-09-21T11:10:20-05:00,Add trio concurrency backend (#276),False,1,test_connection_pools.py,tests/dispatch/test_connection_pools.py,3,1,4,0,0
08355c62f56b899af15967906aa45392cd45dbdd,Florimond Manca,Seth Michael Larson,2019-09-21 16:10:20+00:00,2019-09-21T11:10:20-05:00,Add trio concurrency backend (#276),False,1,test_timeouts.py,tests/test_timeouts.py,1,1,2,0,1
08355c62f56b899af15967906aa45392cd45dbdd,Florimond Manca,Seth Michael Larson,2019-09-21 16:10:20+00:00,2019-09-21T11:10:20-05:00,Add trio concurrency backend (#276),False,1,setup.py,setup.py,1,0,1,0,0
e1da6b91947f3106cc6bfce2e10c8bfe4b3808ee,Florimond Manca,Seth Michael Larson,2019-09-21 17:02:02+00:00,2019-09-21T12:02:02-05:00,Add tool for profiling (#364),False,1,noxfile.py,noxfile.py,1,1,2,0,0
e1da6b91947f3106cc6bfce2e10c8bfe4b3808ee,Florimond Manca,Seth Michael Larson,2019-09-21 17:02:02+00:00,2019-09-21T12:02:02-05:00,Add tool for profiling (#364),False,1,__init__.py,tools/httpxprof/httpxprof/__init__.py,0,0,0,0,0
e1da6b91947f3106cc6bfce2e10c8bfe4b3808ee,Florimond Manca,Seth Michael Larson,2019-09-21 17:02:02+00:00,2019-09-21T12:02:02-05:00,Add tool for profiling (#364),False,1,__main__.py,tools/httpxprof/httpxprof/__main__.py,5,0,5,0,0
e1da6b91947f3106cc6bfce2e10c8bfe4b3808ee,Florimond Manca,Seth Michael Larson,2019-09-21 17:02:02+00:00,2019-09-21T12:02:02-05:00,Add tool for profiling (#364),False,1,config.py,tools/httpxprof/httpxprof/config.py,9,0,9,0,0
e1da6b91947f3106cc6bfce2e10c8bfe4b3808ee,Florimond Manca,Seth Michael Larson,2019-09-21 17:02:02+00:00,2019-09-21T12:02:02-05:00,Add tool for profiling (#364),False,1,.gitignore,tools/httpxprof/.gitignore,1,0,1,0,0
e1da6b91947f3106cc6bfce2e10c8bfe4b3808ee,Florimond Manca,Seth Michael Larson,2019-09-21 17:02:02+00:00,2019-09-21T12:02:02-05:00,Add tool for profiling (#364),False,1,__init__.py,tools/httpxprof/httpxprof/scripts/__init__.py,0,0,0,0,0
e1da6b91947f3106cc6bfce2e10c8bfe4b3808ee,Florimond Manca,Seth Michael Larson,2019-09-21 17:02:02+00:00,2019-09-21T12:02:02-05:00,Add tool for profiling (#364),False,1,async.py,tools/httpxprof/httpxprof/scripts/async.py,15,0,15,0,0
e1da6b91947f3106cc6bfce2e10c8bfe4b3808ee,Florimond Manca,Seth Michael Larson,2019-09-21 17:02:02+00:00,2019-09-21T12:02:02-05:00,Add tool for profiling (#364),False,1,sync.py,tools/httpxprof/httpxprof/scripts/sync.py,13,0,13,0,0
e1da6b91947f3106cc6bfce2e10c8bfe4b3808ee,Florimond Manca,Seth Michael Larson,2019-09-21 17:02:02+00:00,2019-09-21T12:02:02-05:00,Add tool for profiling (#364),False,1,utils.py,tools/httpxprof/httpxprof/utils.py,49,0,49,0,0
e1da6b91947f3106cc6bfce2e10c8bfe4b3808ee,Florimond Manca,Seth Michael Larson,2019-09-21 17:02:02+00:00,2019-09-21T12:02:02-05:00,Add tool for profiling (#364),False,1,setup.py,tools/httpxprof/setup.py,20,0,20,0,0
e1da6b91947f3106cc6bfce2e10c8bfe4b3808ee,Florimond Manca,Seth Michael Larson,2019-09-21 17:02:02+00:00,2019-09-21T12:02:02-05:00,Add tool for profiling (#364),False,1,main.py,tools/httpxprof/httpxprof/main.py,45,0,45,0,0
b574230f90f23e49369df442ba374c235d2067b5,Seth Michael Larson,GitHub,2019-09-22 22:37:57+00:00,2019-09-22T17:37:57-05:00,Remove ENABLE_CONNECT_PROTOCOL from HTTP/2 Settings (#373),False,1,utils.py,tests/dispatch/utils.py,3,0,3,0,0
b574230f90f23e49369df442ba374c235d2067b5,Seth Michael Larson,GitHub,2019-09-22 22:37:57+00:00,2019-09-22T17:37:57-05:00,Remove ENABLE_CONNECT_PROTOCOL from HTTP/2 Settings (#373),False,1,test_http2.py,tests/dispatch/test_http2.py,39,0,39,0,0
b574230f90f23e49369df442ba374c235d2067b5,Seth Michael Larson,GitHub,2019-09-22 22:37:57+00:00,2019-09-22T17:37:57-05:00,Remove ENABLE_CONNECT_PROTOCOL from HTTP/2 Settings (#373),False,1,http2.py,httpx/dispatch/http2.py,23,1,24,0,0
5dc646fb9fb4185669299fd14c06ba23c2b8782f,Tyrel Souza,Seth Michael Larson,2019-09-23 14:22:21+00:00,2019-09-23T09:22:21-05:00,Adding params to Client (#372),False,1,client.py,httpx/client.py,24,0,24,0,0
5dc646fb9fb4185669299fd14c06ba23c2b8782f,Tyrel Souza,Seth Michael Larson,2019-09-23 14:22:21+00:00,2019-09-23T09:22:21-05:00,Adding params to Client (#372),False,1,test_queryparams.py,tests/client/test_queryparams.py,51,0,51,0,0
5dc646fb9fb4185669299fd14c06ba23c2b8782f,Tyrel Souza,Seth Michael Larson,2019-09-23 14:22:21+00:00,2019-09-23T09:22:21-05:00,Adding params to Client (#372),False,1,models.py,httpx/models.py,25,0,25,0,1
1b82a2a7160650a23706d8cfa410b92f1743f4db,秋葉,Seth Michael Larson,2019-09-23 14:53:50+00:00,2019-09-23T09:53:50-05:00,Fix invalid f-string (#375),False,1,config.py,httpx/config.py,3,3,6,1,0
c9810a79d9c61583165e9aa237d1ac039086f3a8,Can Sarıgöl,Seth Michael Larson,2019-09-23 15:24:53+00:00,2019-09-23T10:24:53-05:00,Add support for SSL_CERT_FILE and SSL_CERT_DIR (#307),False,1,test_utils.py,tests/test_utils.py,37,0,37,0,1
c9810a79d9c61583165e9aa237d1ac039086f3a8,Can Sarıgöl,Seth Michael Larson,2019-09-23 15:24:53+00:00,2019-09-23T10:24:53-05:00,Add support for SSL_CERT_FILE and SSL_CERT_DIR (#307),False,1,test_config.py,tests/test_config.py,27,0,27,0,0
c9810a79d9c61583165e9aa237d1ac039086f3a8,Can Sarıgöl,Seth Michael Larson,2019-09-23 15:24:53+00:00,2019-09-23T10:24:53-05:00,Add support for SSL_CERT_FILE and SSL_CERT_DIR (#307),False,1,utils.py,httpx/utils.py,12,0,12,0,1
c9810a79d9c61583165e9aa237d1ac039086f3a8,Can Sarıgöl,Seth Michael Larson,2019-09-23 15:24:53+00:00,2019-09-23T10:24:53-05:00,Add support for SSL_CERT_FILE and SSL_CERT_DIR (#307),False,1,config.py,httpx/config.py,6,0,6,0,1
e62e5c3758b10a8830c751acbe588d7b572a9957,Florimond Manca,GitHub,2019-09-23 20:49:24+00:00,2019-09-23T22:49:24+02:00,Add debug logs to ASGIDispatch (#371),False,1,models.py,httpx/models.py,5,6,11,1,0
e62e5c3758b10a8830c751acbe588d7b572a9957,Florimond Manca,GitHub,2019-09-23 20:49:24+00:00,2019-09-23T22:49:24+02:00,Add debug logs to ASGIDispatch (#371),False,1,asgi.py,httpx/dispatch/asgi.py,11,8,19,1,0
e62e5c3758b10a8830c751acbe588d7b572a9957,Florimond Manca,GitHub,2019-09-23 20:49:24+00:00,2019-09-23T22:49:24+02:00,Add debug logs to ASGIDispatch (#371),False,1,test_headers.py,tests/models/test_headers.py,12,0,12,1,0
e62e5c3758b10a8830c751acbe588d7b572a9957,Florimond Manca,GitHub,2019-09-23 20:49:24+00:00,2019-09-23T22:49:24+02:00,Add debug logs to ASGIDispatch (#371),False,1,test_utils.py,tests/test_utils.py,16,0,16,1,0
e62e5c3758b10a8830c751acbe588d7b572a9957,Florimond Manca,GitHub,2019-09-23 20:49:24+00:00,2019-09-23T22:49:24+02:00,Add debug logs to ASGIDispatch (#371),False,1,utils.py,httpx/utils.py,86,0,86,1,0
0fa55bb6d4d5eeb4b56112ebb00974de0662644b,Seth Michael Larson,Florimond Manca,2019-09-24 15:02:46+00:00,2019-09-24T17:02:46+02:00,Add debug logging to SSLConfig (#378),False,1,config.py,httpx/config.py,14,1,15,1,1
276ee737ba42d889ca4fbe01fcde34b8ea81be2c,Jamie Hewland,Florimond Manca,2019-09-24 19:43:21+00:00,2019-09-24T21:43:21+02:00,Run isort in the nox check session (#379),False,1,noxfile.py,noxfile.py,4,1,5,0,0
cadb9a4d4c405de19324da3b8f192e887e0f36ac,Florimond Manca,Seth Michael Larson,2019-09-25 11:31:50+00:00,2019-09-25T06:31:50-05:00,Fix bug when using client without timeouts in Python 3.6 (#383),False,1,test_timeouts.py,tests/test_timeouts.py,11,0,11,1,0
cadb9a4d4c405de19324da3b8f192e887e0f36ac,Florimond Manca,Seth Michael Larson,2019-09-25 11:31:50+00:00,2019-09-25T06:31:50-05:00,Fix bug when using client without timeouts in Python 3.6 (#383),False,1,asyncio.py,httpx/concurrency/asyncio.py,6,0,6,1,0
336d22d73a31fc701d05209f7ef29c1ad5cf78fe,Seth Michael Larson,GitHub,2019-09-25 12:17:20+00:00,2019-09-25T07:17:20-05:00,Propogate HTTPProxy config from Client(#377),False,1,test_proxies.py,tests/client/test_proxies.py,19,0,19,0,0
336d22d73a31fc701d05209f7ef29c1ad5cf78fe,Seth Michael Larson,GitHub,2019-09-25 12:17:20+00:00,2019-09-25T07:17:20-05:00,Propogate HTTPProxy config from Client(#377),False,1,proxy_http.py,httpx/dispatch/proxy_http.py,5,0,5,0,0
336d22d73a31fc701d05209f7ef29c1ad5cf78fe,Seth Michael Larson,GitHub,2019-09-25 12:17:20+00:00,2019-09-25T07:17:20-05:00,Propogate HTTPProxy config from Client(#377),False,1,client.py,httpx/client.py,39,57,96,0,0
f0e56c8f2d84b55aab7a1cce974b7eabfc8aabf4,Florimond Manca,Seth Michael Larson,2019-09-26 11:02:25+00:00,2019-09-26T06:02:25-05:00,Remove trio redundant extra (#390),False,1,setup.py,setup.py,0,1,1,0,0
640667d81d4bbf0d6f5e319d061353cad083f068,Florimond Manca,GitHub,2019-09-26 11:45:38+00:00,2019-09-26T13:45:38+02:00,Release 0.7.4 (#388),False,1,__version__.py,httpx/__version__.py,1,1,2,0,0
6752f7d6f6edfc244fb4718b3360b82f2d87fd76,Jt Miclat,Seth Michael Larson,2019-09-28 17:18:40+00:00,2019-09-28T12:18:40-05:00,"Remove data, json and files parameters in delete() function (#408)",False,1,client.py,httpx/client.py,0,12,12,0,0
6752f7d6f6edfc244fb4718b3360b82f2d87fd76,Jt Miclat,Seth Michael Larson,2019-09-28 17:18:40+00:00,2019-09-28T12:18:40-05:00,"Remove data, json and files parameters in delete() function (#408)",False,1,api.py,httpx/api.py,0,6,6,0,1
71cbde8ba4cab32dd96ccb91e9db20216587fae9,Jamie Hewland,Seth Michael Larson,2019-09-28 17:23:14+00:00,2019-09-28T12:23:14-05:00,Use Python 3.8 asyncio.Stream where possible (#369),False,1,asyncio.py,httpx/concurrency/asyncio.py,0,298,298,0,0
71cbde8ba4cab32dd96ccb91e9db20216587fae9,Jamie Hewland,Seth Michael Larson,2019-09-28 17:23:14+00:00,2019-09-28T12:23:14-05:00,Use Python 3.8 asyncio.Stream where possible (#369),False,1,__init__.py,httpx/concurrency/asyncio/__init__.py,3,0,3,0,0
71cbde8ba4cab32dd96ccb91e9db20216587fae9,Jamie Hewland,Seth Michael Larson,2019-09-28 17:23:14+00:00,2019-09-28T12:23:14-05:00,Use Python 3.8 asyncio.Stream where possible (#369),False,1,compat.py,httpx/concurrency/asyncio/compat.py,137,0,137,0,0
71cbde8ba4cab32dd96ccb91e9db20216587fae9,Jamie Hewland,Seth Michael Larson,2019-09-28 17:23:14+00:00,2019-09-28T12:23:14-05:00,Use Python 3.8 asyncio.Stream where possible (#369),False,1,test_concurrency.py,tests/test_concurrency.py,2,2,4,0,0
71cbde8ba4cab32dd96ccb91e9db20216587fae9,Jamie Hewland,Seth Michael Larson,2019-09-28 17:23:14+00:00,2019-09-28T12:23:14-05:00,Use Python 3.8 asyncio.Stream where possible (#369),False,1,backend.py,httpx/concurrency/asyncio/backend.py,271,0,271,0,0
ea137a96d904bdf1ea5a9eff1342b4d3a9ac5b30,Jt Miclat,Florimond Manca,2019-09-28 17:47:26+00:00,2019-09-28T19:47:26+02:00,Fix wrongly deleted params introduced #408 (#410),False,1,api.py,httpx/api.py,2,2,4,1,0
5ced56b5b55813bc38d571fdba6176842c0ec716,Ahmed Maher,Seth Michael Larson,2019-09-28 19:55:19+00:00,2019-09-28T14:55:19-05:00,Expose ASGIDispatch & WSGIDispatch in the 'dispatch' namespace. (#407),False,1,__init__.py,httpx/dispatch/__init__.py,4,0,4,1,0
05f5dc26de7ed2c1b3ceeba0f2b873fcefc5907a,Seth Michael Larson,GitHub,2019-09-29 18:58:22+00:00,2019-09-29T13:58:22-05:00,Get test suite back to ~100% line coverage (#406),False,1,backend.py,httpx/concurrency/asyncio/backend.py,0,4,4,0,0
05f5dc26de7ed2c1b3ceeba0f2b873fcefc5907a,Seth Michael Larson,GitHub,2019-09-29 18:58:22+00:00,2019-09-29T13:58:22-05:00,Get test suite back to ~100% line coverage (#406),False,1,trio.py,httpx/concurrency/trio.py,1,4,5,0,0
05f5dc26de7ed2c1b3ceeba0f2b873fcefc5907a,Seth Michael Larson,GitHub,2019-09-29 18:58:22+00:00,2019-09-29T13:58:22-05:00,Get test suite back to ~100% line coverage (#406),False,1,http2.py,httpx/dispatch/http2.py,1,1,2,0,1
05f5dc26de7ed2c1b3ceeba0f2b873fcefc5907a,Seth Michael Larson,GitHub,2019-09-29 18:58:22+00:00,2019-09-29T13:58:22-05:00,Get test suite back to ~100% line coverage (#406),False,1,models.py,httpx/models.py,1,1,2,0,0
05f5dc26de7ed2c1b3ceeba0f2b873fcefc5907a,Seth Michael Larson,GitHub,2019-09-29 18:58:22+00:00,2019-09-29T13:58:22-05:00,Get test suite back to ~100% line coverage (#406),False,1,test_proxies.py,tests/client/test_proxies.py,71,1,72,0,0
05f5dc26de7ed2c1b3ceeba0f2b873fcefc5907a,Seth Michael Larson,GitHub,2019-09-29 18:58:22+00:00,2019-09-29T13:58:22-05:00,Get test suite back to ~100% line coverage (#406),False,1,test_queryparams.py,tests/client/test_queryparams.py,5,0,5,0,0
05f5dc26de7ed2c1b3ceeba0f2b873fcefc5907a,Seth Michael Larson,GitHub,2019-09-29 18:58:22+00:00,2019-09-29T13:58:22-05:00,Get test suite back to ~100% line coverage (#406),False,1,test_http2.py,tests/dispatch/test_http2.py,8,0,8,0,0
05f5dc26de7ed2c1b3ceeba0f2b873fcefc5907a,Seth Michael Larson,GitHub,2019-09-29 18:58:22+00:00,2019-09-29T13:58:22-05:00,Get test suite back to ~100% line coverage (#406),False,1,test_proxy_http.py,tests/dispatch/test_proxy_http.py,9,2,11,0,0
05f5dc26de7ed2c1b3ceeba0f2b873fcefc5907a,Seth Michael Larson,GitHub,2019-09-29 18:58:22+00:00,2019-09-29T13:58:22-05:00,Get test suite back to ~100% line coverage (#406),False,1,test_queryparams.py,tests/models/test_queryparams.py,11,0,11,0,0
05f5dc26de7ed2c1b3ceeba0f2b873fcefc5907a,Seth Michael Larson,GitHub,2019-09-29 18:58:22+00:00,2019-09-29T13:58:22-05:00,Get test suite back to ~100% line coverage (#406),False,1,test_auth.py,tests/client/test_auth.py,0,3,3,0,0
7f76a642a8e41bfdca5362105d28808548812fb0,Quentin Pradet,Florimond Manca,2019-10-01 07:30:20+00:00,2019-10-01T09:30:20+02:00,Add AsyncIO and Trio trove classifiers (#416),False,1,setup.py,setup.py,2,0,2,0,0
db3e3a0231538cfd4ebcec8a93906c05fc5b68a3,Stephen Brown II,Seth Michael Larson,2019-10-01 17:02:29+00:00,2019-10-01T12:02:29-05:00,Add flake8-pie plugin (#419),False,1,client.py,httpx/client.py,2,4,6,0,0
db3e3a0231538cfd4ebcec8a93906c05fc5b68a3,Stephen Brown II,Seth Michael Larson,2019-10-01 17:02:29+00:00,2019-10-01T12:02:29-05:00,Add flake8-pie plugin (#419),False,1,test_proxy_http.py,tests/dispatch/test_proxy_http.py,5,5,10,0,0
db3e3a0231538cfd4ebcec8a93906c05fc5b68a3,Stephen Brown II,Seth Michael Larson,2019-10-01 17:02:29+00:00,2019-10-01T12:02:29-05:00,Add flake8-pie plugin (#419),False,1,noxfile.py,noxfile.py,7,1,8,0,1
a0282569d5f74bb6ef7a8f5e88ac37257acbe6f2,Josep Cugat,Seth Michael Larson,2019-10-01 18:37:05+00:00,2019-10-01T13:37:05-05:00,Make HTTPError importable from the top-level (#421),False,1,__init__.py,httpx/__init__.py,2,0,2,1,0
a0282569d5f74bb6ef7a8f5e88ac37257acbe6f2,Josep Cugat,Seth Michael Larson,2019-10-01 18:37:05+00:00,2019-10-01T13:37:05-05:00,Make HTTPError importable from the top-level (#421),False,1,test_client.py,tests/client/test_client.py,1,1,2,1,1
a0282569d5f74bb6ef7a8f5e88ac37257acbe6f2,Josep Cugat,Seth Michael Larson,2019-10-01 18:37:05+00:00,2019-10-01T13:37:05-05:00,Make HTTPError importable from the top-level (#421),False,1,test_async_client.py,tests/client/test_async_client.py,1,1,2,1,0
86a0eb0268bdc4beeb90d8136546233cd8401b0e,Josep Cugat,Tom Christie,2019-10-03 08:18:10+00:00,2019-10-03T09:18:10+01:00,"Revert ""Use Python 3.8 asyncio.Stream where possible (#369)"" (#423)",False,1,asyncio.py,httpx/concurrency/asyncio.py,294,0,294,0,0
86a0eb0268bdc4beeb90d8136546233cd8401b0e,Josep Cugat,Tom Christie,2019-10-03 08:18:10+00:00,2019-10-03T09:18:10+01:00,"Revert ""Use Python 3.8 asyncio.Stream where possible (#369)"" (#423)",False,1,__init__.py,httpx/concurrency/asyncio/__init__.py,0,3,3,0,0
86a0eb0268bdc4beeb90d8136546233cd8401b0e,Josep Cugat,Tom Christie,2019-10-03 08:18:10+00:00,2019-10-03T09:18:10+01:00,"Revert ""Use Python 3.8 asyncio.Stream where possible (#369)"" (#423)",False,1,test_concurrency.py,tests/test_concurrency.py,2,2,4,0,0
86a0eb0268bdc4beeb90d8136546233cd8401b0e,Josep Cugat,Tom Christie,2019-10-03 08:18:10+00:00,2019-10-03T09:18:10+01:00,"Revert ""Use Python 3.8 asyncio.Stream where possible (#369)"" (#423)",False,1,compat.py,httpx/concurrency/asyncio/compat.py,0,137,137,0,0
86a0eb0268bdc4beeb90d8136546233cd8401b0e,Josep Cugat,Tom Christie,2019-10-03 08:18:10+00:00,2019-10-03T09:18:10+01:00,"Revert ""Use Python 3.8 asyncio.Stream where possible (#369)"" (#423)",False,1,backend.py,httpx/concurrency/asyncio/backend.py,0,267,267,0,0
9e1cc26f8af9d7c042e45ce7e3aa1f6762c19078,Josep Cugat,Seth Michael Larson,2019-10-03 21:35:38+00:00,2019-10-03T16:35:38-05:00,Build and upload universal wheels to PyPI (#439),False,1,publish,scripts/publish,1,1,2,0,0
e6da325e8be4a7194571adea67053446c75d9aa3,Can Sarıgöl,Tom Christie,2019-10-04 08:17:25+00:00,2019-10-04T09:17:25+01:00,added authority copy feature in URL.copy_with (#436),False,1,test_url.py,tests/models/test_url.py,14,0,14,0,0
e6da325e8be4a7194571adea67053446c75d9aa3,Can Sarıgöl,Tom Christie,2019-10-04 08:17:25+00:00,2019-10-04T09:17:25+01:00,added authority copy feature in URL.copy_with (#436),False,1,models.py,httpx/models.py,22,0,22,0,0
dd3fbcc8d744b1eeed8676ce29c31253caa6c4ac,Can Sarıgöl,Tom Christie,2019-10-04 09:33:18+00:00,2019-10-04T10:33:18+01:00,Don't include username/password components in `Host` header (#417),False,1,test_headers.py,tests/client/test_headers.py,19,0,19,0,0
dd3fbcc8d744b1eeed8676ce29c31253caa6c4ac,Can Sarıgöl,Tom Christie,2019-10-04 09:33:18+00:00,2019-10-04T10:33:18+01:00,Don't include username/password components in `Host` header (#417),False,1,models.py,httpx/models.py,8,1,9,0,0
b479ceb24fc37e64b2d87e7842099cdd9dde4033,Andrew M. White,Seth Michael Larson,2019-10-04 19:46:58+00:00,2019-10-04T14:46:57-05:00,Ensure py.typed makes it into source distributions. (#441),False,1,MANIFEST.in,MANIFEST.in,1,0,1,0,0
24346e20396ee0aba976d8056f21a4182e683b13,Florimond Manca,Seth Michael Larson,2019-10-04 20:36:06+00:00,2019-10-04T15:36:06-05:00,Fix flaky Response.elapsed tests (#446),False,1,test_client.py,tests/client/test_client.py,6,4,10,1,0
a1179e55e1818261bc928a3284fe18b424e9202a,Josep Cugat,Seth Michael Larson,2019-10-05 13:26:34+00:00,2019-10-05T08:26:34-05:00,Remove wheels package from test-requirements.txt (#448),False,1,publish,scripts/publish,6,0,6,0,0
fc3df514e81de8ff14d9ef43ee53caab408a50ee,Florimond Manca,Seth Michael Larson,2019-10-06 00:12:06+00:00,2019-10-05T19:12:06-05:00,Don't check trio import in definition of backend fixture params (#447),False,1,conftest.py,tests/conftest.py,7,11,18,1,1
57ae7ea22b0a091ad9dbd01c327b80e8bc67e265,Florimond Manca,Seth Michael Larson,2019-10-08 20:12:04+00:00,2019-10-08T15:12:04-05:00,Allow lists in query params (#386),False,1,utils.py,httpx/utils.py,30,1,31,0,0
57ae7ea22b0a091ad9dbd01c327b80e8bc67e265,Florimond Manca,Seth Michael Larson,2019-10-08 20:12:04+00:00,2019-10-08T15:12:04-05:00,Allow lists in query params (#386),False,1,models.py,httpx/models.py,5,3,8,0,0
57ae7ea22b0a091ad9dbd01c327b80e8bc67e265,Florimond Manca,Seth Michael Larson,2019-10-08 20:12:04+00:00,2019-10-08T15:12:04-05:00,Allow lists in query params (#386),False,1,test_queryparams.py,tests/models/test_queryparams.py,12,2,14,0,0
7361d609433fb15a8868b5322136250b16ed5636,Florimond Manca,GitHub,2019-10-09 18:22:32+00:00,2019-10-09T20:22:32+02:00,Make nox always reuse virtualenvs by default (#460),False,1,noxfile.py,noxfile.py,10,6,16,1,0
38a136833f7c7f3a17f362b1223ef7cc7e38253d,Florimond Manca,Seth Michael Larson,2019-10-10 12:01:23+00:00,2019-10-10T07:01:23-05:00,Add start_tls to Trio backend (#467),False,1,test_concurrency.py,tests/test_concurrency.py,29,11,40,0,0
38a136833f7c7f3a17f362b1223ef7cc7e38253d,Florimond Manca,Seth Michael Larson,2019-10-10 12:01:23+00:00,2019-10-10T07:01:23-05:00,Add start_tls to Trio backend (#467),False,1,trio.py,httpx/concurrency/trio.py,24,0,24,0,0
65b8593c7c389b06c5f38fb24caec52c6b157999,Florimond Manca,Seth Michael Larson,2019-10-10 12:02:17+00:00,2019-10-10T07:02:17-05:00,Allow serving docs via nox (#450),False,1,noxfile.py,noxfile.py,8,0,8,0,0
c1f51277d3df8b4ec956c77e0e87e84c9da49fb9,Seth Michael Larson,GitHub,2019-10-10 14:18:22+00:00,2019-10-10T09:18:22-05:00,Release 0.7.5 (#468),False,1,__version__.py,httpx/__version__.py,1,1,2,0,0
49ed77a706028e387dad8b053ffea758e809186f,camellia256,Seth Michael Larson,2019-10-12 15:34:50+00:00,2019-10-12T10:34:50-05:00,Rely on getproxies for all proxy environment variables (#470),False,1,test_utils.py,tests/test_utils.py,1,8,9,0,0
49ed77a706028e387dad8b053ffea758e809186f,camellia256,Seth Michael Larson,2019-10-12 15:34:50+00:00,2019-10-12T10:34:50-05:00,Rely on getproxies for all proxy environment variables (#470),False,1,utils.py,httpx/utils.py,3,20,23,0,0
5e4f54d6435208ea2164aaf3e5c2792bbd1ee4e9,Florimond Manca,GitHub,2019-10-12 16:14:44+00:00,2019-10-12T18:14:44+02:00,Add test script (#451),False,1,test,scripts/test,6,0,6,0,0
84731c8be5ba682b04f9456a177430b8315f3188,Can Sarıgöl,Seth Michael Larson,2019-10-16 13:31:47+00:00,2019-10-16T08:31:47-05:00,Cache netrc authentication per-client (#400),False,1,client.py,httpx/client.py,13,5,18,0,0
84731c8be5ba682b04f9456a177430b8315f3188,Can Sarıgöl,Seth Michael Larson,2019-10-16 13:31:47+00:00,2019-10-16T08:31:47-05:00,Cache netrc authentication per-client (#400),False,1,test_utils.py,tests/test_utils.py,9,9,18,0,0
84731c8be5ba682b04f9456a177430b8315f3188,Can Sarıgöl,Seth Michael Larson,2019-10-16 13:31:47+00:00,2019-10-16T08:31:47-05:00,Cache netrc authentication per-client (#400),False,1,utils.py,httpx/utils.py,2,4,6,0,0
7200717e82e6b4ed16f264883e5e541e254ebef5,mariaS210,Seth Michael Larson,2019-10-17 15:58:11+00:00,2019-10-17T10:58:11-05:00,Add logic for determining if a URL should be proxied (#472),False,1,test_utils.py,tests/test_utils.py,77,0,77,0,1
7200717e82e6b4ed16f264883e5e541e254ebef5,mariaS210,Seth Michael Larson,2019-10-17 15:58:11+00:00,2019-10-17T10:58:11-05:00,Add logic for determining if a URL should be proxied (#472),False,1,utils.py,httpx/utils.py,23,0,23,0,1
09db6ec935226519b5d4143414209f4478a74a14,Yeray Diaz Diaz,Florimond Manca,2019-10-19 12:51:27+00:00,2019-10-19T14:51:27+02:00,Drop proxies parameter from the high level API (#485),False,1,api.py,httpx/api.py,0,9,9,0,0
644e8fc5b6c5678fc1c1916293c1afab56d60bad,Jamie Hewland,Florimond Manca,2019-10-20 10:59:16+00:00,2019-10-20T12:59:16+02:00,Make start_tls a method on streams & return a new stream (#484),False,1,asyncio.py,httpx/concurrency/asyncio.py,38,38,76,0,0
644e8fc5b6c5678fc1c1916293c1afab56d60bad,Jamie Hewland,Florimond Manca,2019-10-20 10:59:16+00:00,2019-10-20T12:59:16+02:00,Make start_tls a method on streams & return a new stream (#484),False,1,trio.py,httpx/concurrency/trio.py,20,24,44,0,0
644e8fc5b6c5678fc1c1916293c1afab56d60bad,Jamie Hewland,Florimond Manca,2019-10-20 10:59:16+00:00,2019-10-20T12:59:16+02:00,Make start_tls a method on streams & return a new stream (#484),False,1,base.py,httpx/concurrency/base.py,5,9,14,0,0
644e8fc5b6c5678fc1c1916293c1afab56d60bad,Jamie Hewland,Florimond Manca,2019-10-20 10:59:16+00:00,2019-10-20T12:59:16+02:00,Make start_tls a method on streams & return a new stream (#484),False,1,utils.py,tests/dispatch/utils.py,6,10,16,0,0
644e8fc5b6c5678fc1c1916293c1afab56d60bad,Jamie Hewland,Florimond Manca,2019-10-20 10:59:16+00:00,2019-10-20T12:59:16+02:00,Make start_tls a method on streams & return a new stream (#484),False,1,test_concurrency.py,tests/test_concurrency.py,1,1,2,0,0
644e8fc5b6c5678fc1c1916293c1afab56d60bad,Jamie Hewland,Florimond Manca,2019-10-20 10:59:16+00:00,2019-10-20T12:59:16+02:00,Make start_tls a method on streams & return a new stream (#484),False,1,proxy_http.py,httpx/dispatch/proxy_http.py,2,5,7,0,1
9ec2cfc5dc64e1a11f31feed8f1f819c4fa1052d,Yeray Diaz Diaz,GitHub,2019-10-20 12:25:00+00:00,2019-10-20T13:25:00+01:00,Multipart files tweaks (#482),False,1,test_multipart.py,tests/test_multipart.py,33,0,33,0,0
9ec2cfc5dc64e1a11f31feed8f1f819c4fa1052d,Yeray Diaz Diaz,GitHub,2019-10-20 12:25:00+00:00,2019-10-20T13:25:00+01:00,Multipart files tweaks (#482),False,1,multipart.py,httpx/multipart.py,14,15,29,0,0
88d73de7527e1e4a6d5e7cca1926e201db0b955d,Jamie Hewland,Florimond Manca,2019-10-22 20:01:40+00:00,2019-10-22T22:01:40+02:00,asyncio: Wait for the stream to close when closing (#494),False,1,test_concurrency.py,tests/test_concurrency.py,15,1,16,0,0
88d73de7527e1e4a6d5e7cca1926e201db0b955d,Jamie Hewland,Florimond Manca,2019-10-22 20:01:40+00:00,2019-10-22T22:01:40+02:00,asyncio: Wait for the stream to close when closing (#494),False,1,asyncio.py,httpx/concurrency/asyncio.py,3,0,3,0,0
e3140a0803e91f81c37c4dc3ee8896be111fd621,Florimond Manca,GitHub,2019-10-22 20:04:42+00:00,2019-10-22T22:04:42+02:00,Reorganize timeout config tests (#491),False,1,test_config.py,tests/test_config.py,31,14,45,0,0
1ce3cc3269eb73d28a8371906baa80a70cdc8aba,Tom Christie,Florimond Manca,2019-10-30 15:21:39+00:00,2019-10-30T16:21:39+01:00,First pass at autodoc support (#464),False,1,api.py,httpx/api.py,94,0,94,0,0
1ce3cc3269eb73d28a8371906baa80a70cdc8aba,Tom Christie,Florimond Manca,2019-10-30 15:21:39+00:00,2019-10-30T16:21:39+01:00,First pass at autodoc support (#464),False,1,noxfile.py,noxfile.py,2,2,4,0,1
1ce3cc3269eb73d28a8371906baa80a70cdc8aba,Tom Christie,Florimond Manca,2019-10-30 15:21:39+00:00,2019-10-30T16:21:39+01:00,First pass at autodoc support (#464),False,1,client.py,httpx/client.py,155,0,155,0,1
a62947826fa337e6e8176aae27ec627a9def25af,Florimond Manca,GitHub,2019-11-02 11:09:26+00:00,2019-11-02T12:09:26+01:00,Release 0.7.6 (#499),False,1,__version__.py,httpx/__version__.py,1,1,2,0,0
07586f97e85e1cdff1280016f1ee2a1e2ae764b5,Florimond Manca,GitHub,2019-11-02 21:40:15+00:00,2019-11-02T22:40:15+01:00,Convert debug logs to trace logs (#500),False,1,test_utils.py,tests/test_utils.py,4,4,8,1,1
07586f97e85e1cdff1280016f1ee2a1e2ae764b5,Florimond Manca,GitHub,2019-11-02 21:40:15+00:00,2019-11-02T22:40:15+01:00,Convert debug logs to trace logs (#500),False,1,utils.py,httpx/utils.py,29,13,42,1,1
07586f97e85e1cdff1280016f1ee2a1e2ae764b5,Florimond Manca,GitHub,2019-11-02 21:40:15+00:00,2019-11-02T22:40:15+01:00,Convert debug logs to trace logs (#500),False,1,proxy_http.py,httpx/dispatch/proxy_http.py,5,5,10,1,0
07586f97e85e1cdff1280016f1ee2a1e2ae764b5,Florimond Manca,GitHub,2019-11-02 21:40:15+00:00,2019-11-02T22:40:15+01:00,Convert debug logs to trace logs (#500),False,1,http2.py,httpx/dispatch/http2.py,3,3,6,1,0
07586f97e85e1cdff1280016f1ee2a1e2ae764b5,Florimond Manca,GitHub,2019-11-02 21:40:15+00:00,2019-11-02T22:40:15+01:00,Convert debug logs to trace logs (#500),False,1,http11.py,httpx/dispatch/http11.py,6,6,12,1,0
07586f97e85e1cdff1280016f1ee2a1e2ae764b5,Florimond Manca,GitHub,2019-11-02 21:40:15+00:00,2019-11-02T22:40:15+01:00,Convert debug logs to trace logs (#500),False,1,connection_pool.py,httpx/dispatch/connection_pool.py,4,4,8,1,0
07586f97e85e1cdff1280016f1ee2a1e2ae764b5,Florimond Manca,GitHub,2019-11-02 21:40:15+00:00,2019-11-02T22:40:15+01:00,Convert debug logs to trace logs (#500),False,1,connection.py,httpx/dispatch/connection.py,3,3,6,1,0
07586f97e85e1cdff1280016f1ee2a1e2ae764b5,Florimond Manca,GitHub,2019-11-02 21:40:15+00:00,2019-11-02T22:40:15+01:00,Convert debug logs to trace logs (#500),False,1,config.py,httpx/config.py,3,3,6,1,0
2fcf23bbfe41c5526cb35a65d32dd98dde786988,Florimond Manca,GitHub,2019-11-06 11:04:20+00:00,2019-11-06T12:04:20+01:00,Refactor debug and trace log tests (#506),False,1,utils.py,tests/utils.py,20,0,20,1,0
2fcf23bbfe41c5526cb35a65d32dd98dde786988,Florimond Manca,GitHub,2019-11-06 11:04:20+00:00,2019-11-06T12:04:20+01:00,Refactor debug and trace log tests (#506),False,1,test_utils.py,tests/test_utils.py,16,18,34,1,1
08069e9368e1da5088173bde65c083ecbec92b96,Florimond Manca,GitHub,2019-11-06 21:56:25+00:00,2019-11-06T22:56:25+01:00,Add DEBUG logs of HTTP requests (#502),False,1,client.py,httpx/client.py,9,1,10,1,0
08069e9368e1da5088173bde65c083ecbec92b96,Florimond Manca,GitHub,2019-11-06 21:56:25+00:00,2019-11-06T22:56:25+01:00,Add DEBUG logs of HTTP requests (#502),False,1,conftest.py,tests/conftest.py,13,0,13,1,0
08069e9368e1da5088173bde65c083ecbec92b96,Florimond Manca,GitHub,2019-11-06 21:56:25+00:00,2019-11-06T22:56:25+01:00,Add DEBUG logs of HTTP requests (#502),False,1,test_utils.py,tests/test_utils.py,20,0,20,1,0
08069e9368e1da5088173bde65c083ecbec92b96,Florimond Manca,GitHub,2019-11-06 21:56:25+00:00,2019-11-06T22:56:25+01:00,Add DEBUG logs of HTTP requests (#502),False,1,utils.py,httpx/utils.py,3,2,5,1,0
95b2b2430249c95e77c78789da598f810680a0df,Florimond Manca,GitHub,2019-11-07 09:46:36+00:00,2019-11-07T10:46:36+01:00,Add docs on SSL certificates (#510),False,1,client.py,httpx/client.py,11,5,16,0,0
95b2b2430249c95e77c78789da598f810680a0df,Florimond Manca,GitHub,2019-11-07 09:46:36+00:00,2019-11-07T10:46:36+01:00,Add docs on SSL certificates (#510),False,1,api.py,httpx/api.py,6,3,9,0,0
586acddd1a72e69e61d02af084a86cb51168e8cb,Florimond Manca,GitHub,2019-11-07 23:35:34+00:00,2019-11-08T00:35:34+01:00,Improve robustness of live HTTP/2 test (#512),False,1,test_http2.py,tests/dispatch/test_http2.py,9,3,12,0,0
1a32cf036a825f6eb35395af5388a3b23180a82e,Jonas Lundberg,Florimond Manca,2019-11-08 16:09:38+00:00,2019-11-08T17:09:38+01:00,Rename BaseTCPStream/TCPStream to BaseSocketStream/SocketStream (#517),False,1,utils.py,tests/dispatch/utils.py,7,7,14,0,0
1a32cf036a825f6eb35395af5388a3b23180a82e,Jonas Lundberg,Florimond Manca,2019-11-08 16:09:38+00:00,2019-11-08T17:09:38+01:00,Rename BaseTCPStream/TCPStream to BaseSocketStream/SocketStream (#517),False,1,proxy_http.py,httpx/dispatch/proxy_http.py,1,1,2,0,0
1a32cf036a825f6eb35395af5388a3b23180a82e,Jonas Lundberg,Florimond Manca,2019-11-08 16:09:38+00:00,2019-11-08T17:09:38+01:00,Rename BaseTCPStream/TCPStream to BaseSocketStream/SocketStream (#517),False,1,http2.py,httpx/dispatch/http2.py,7,2,9,0,0
1a32cf036a825f6eb35395af5388a3b23180a82e,Jonas Lundberg,Florimond Manca,2019-11-08 16:09:38+00:00,2019-11-08T17:09:38+01:00,Rename BaseTCPStream/TCPStream to BaseSocketStream/SocketStream (#517),False,1,http11.py,httpx/dispatch/http11.py,2,2,4,0,1
1a32cf036a825f6eb35395af5388a3b23180a82e,Jonas Lundberg,Florimond Manca,2019-11-08 16:09:38+00:00,2019-11-08T17:09:38+01:00,Rename BaseTCPStream/TCPStream to BaseSocketStream/SocketStream (#517),False,1,trio.py,httpx/concurrency/trio.py,6,6,12,0,0
1a32cf036a825f6eb35395af5388a3b23180a82e,Jonas Lundberg,Florimond Manca,2019-11-08 16:09:38+00:00,2019-11-08T17:09:38+01:00,Rename BaseTCPStream/TCPStream to BaseSocketStream/SocketStream (#517),False,1,base.py,httpx/concurrency/base.py,4,4,8,0,0
1a32cf036a825f6eb35395af5388a3b23180a82e,Jonas Lundberg,Florimond Manca,2019-11-08 16:09:38+00:00,2019-11-08T17:09:38+01:00,Rename BaseTCPStream/TCPStream to BaseSocketStream/SocketStream (#517),False,1,asyncio.py,httpx/concurrency/asyncio.py,8,8,16,0,0
1a32cf036a825f6eb35395af5388a3b23180a82e,Jonas Lundberg,Florimond Manca,2019-11-08 16:09:38+00:00,2019-11-08T17:09:38+01:00,Rename BaseTCPStream/TCPStream to BaseSocketStream/SocketStream (#517),False,1,__init__.py,httpx/__init__.py,2,2,4,0,0
5aca0c0172c9cabc07cf6a342fd18e58f0265fa0,Tom Christie,GitHub,2019-11-15 21:31:15+00:00,2019-11-15T21:31:15Z,Fix redirect cookie behavior (#529),False,1,test_redirects.py,tests/client/test_redirects.py,68,0,68,1,0
5aca0c0172c9cabc07cf6a342fd18e58f0265fa0,Tom Christie,GitHub,2019-11-15 21:31:15+00:00,2019-11-15T21:31:15Z,Fix redirect cookie behavior (#529),False,1,noxfile.py,noxfile.py,1,8,9,1,0
5aca0c0172c9cabc07cf6a342fd18e58f0265fa0,Tom Christie,GitHub,2019-11-15 21:31:15+00:00,2019-11-15T21:31:15Z,Fix redirect cookie behavior (#529),False,1,redirect.py,httpx/middleware/redirect.py,5,1,6,1,0
6045ee242fbe0308ce9d5faf654f5de68e1a3dd8,Tom Christie,GitHub,2019-11-15 21:56:02+00:00,2019-11-15T21:56:02Z,Version 0.7.7 (#532),False,1,__version__.py,httpx/__version__.py,1,1,2,0,0
331be99cbfcd5a65ece060def2114da537061e9d,Seth Michael Larson,Florimond Manca,2019-11-17 11:50:54+00:00,2019-11-17T12:50:54+01:00,Add support for proxy tunnels for Python 3.6 + asyncio. (#521),False,1,asyncio.py,httpx/concurrency/asyncio.py,38,5,43,0,0
331be99cbfcd5a65ece060def2114da537061e9d,Seth Michael Larson,Florimond Manca,2019-11-17 11:50:54+00:00,2019-11-17T12:50:54+01:00,Add support for proxy tunnels for Python 3.6 + asyncio. (#521),False,1,test_concurrency.py,tests/test_concurrency.py,0,5,5,0,0
a5f99830376ead8d7a1357169f49d9c76f085622,Florimond Manca,GitHub,2019-11-19 21:06:04+00:00,2019-11-19T22:06:04+01:00,Release 0.7.8 (#536),False,1,__version__.py,httpx/__version__.py,1,1,2,0,0
7a96a2c896a6561b4571aa2fd79a1b0ba0d296a0,Jonas Lundberg,Florimond Manca,2019-11-19 22:02:08+00:00,2019-11-19T23:02:08+01:00,Add support for unix domain sockets (#511),False,1,test_concurrency.py,tests/test_concurrency.py,13,4,17,0,1
7a96a2c896a6561b4571aa2fd79a1b0ba0d296a0,Jonas Lundberg,Florimond Manca,2019-11-19 22:02:08+00:00,2019-11-19T23:02:08+01:00,Add support for unix domain sockets (#511),False,1,conftest.py,tests/conftest.py,25,0,25,0,1
7a96a2c896a6561b4571aa2fd79a1b0ba0d296a0,Jonas Lundberg,Florimond Manca,2019-11-19 22:02:08+00:00,2019-11-19T23:02:08+01:00,Add support for unix domain sockets (#511),False,1,test_client.py,tests/client/test_client.py,11,0,11,0,0
7a96a2c896a6561b4571aa2fd79a1b0ba0d296a0,Jonas Lundberg,Florimond Manca,2019-11-19 22:02:08+00:00,2019-11-19T23:02:08+01:00,Add support for unix domain sockets (#511),False,1,test_async_client.py,tests/client/test_async_client.py,11,0,11,0,0
7a96a2c896a6561b4571aa2fd79a1b0ba0d296a0,Jonas Lundberg,Florimond Manca,2019-11-19 22:02:08+00:00,2019-11-19T23:02:08+01:00,Add support for unix domain sockets (#511),False,1,connection_pool.py,httpx/dispatch/connection_pool.py,3,0,3,0,0
7a96a2c896a6561b4571aa2fd79a1b0ba0d296a0,Jonas Lundberg,Florimond Manca,2019-11-19 22:02:08+00:00,2019-11-19T23:02:08+01:00,Add support for unix domain sockets (#511),False,1,connection.py,httpx/dispatch/connection.py,17,2,19,0,0
7a96a2c896a6561b4571aa2fd79a1b0ba0d296a0,Jonas Lundberg,Florimond Manca,2019-11-19 22:02:08+00:00,2019-11-19T23:02:08+01:00,Add support for unix domain sockets (#511),False,1,trio.py,httpx/concurrency/trio.py,20,0,20,0,1
7a96a2c896a6561b4571aa2fd79a1b0ba0d296a0,Jonas Lundberg,Florimond Manca,2019-11-19 22:02:08+00:00,2019-11-19T23:02:08+01:00,Add support for unix domain sockets (#511),False,1,base.py,httpx/concurrency/base.py,9,0,9,0,0
7a96a2c896a6561b4571aa2fd79a1b0ba0d296a0,Jonas Lundberg,Florimond Manca,2019-11-19 22:02:08+00:00,2019-11-19T23:02:08+01:00,Add support for unix domain sockets (#511),False,1,asyncio.py,httpx/concurrency/asyncio.py,23,0,23,0,1
7a96a2c896a6561b4571aa2fd79a1b0ba0d296a0,Jonas Lundberg,Florimond Manca,2019-11-19 22:02:08+00:00,2019-11-19T23:02:08+01:00,Add support for unix domain sockets (#511),False,1,client.py,httpx/client.py,3,0,3,0,0
f06ca87f9728346ba6b8550315b25a2c15ab8fb8,toppk,Florimond Manca,2019-11-22 08:33:40+00:00,2019-11-22T09:33:40+01:00,Handle h11.Connection.next_event() RemoteProtocolError (#524),False,1,http11.py,httpx/dispatch/http11.py,12,1,13,1,0
f06ca87f9728346ba6b8550315b25a2c15ab8fb8,toppk,Florimond Manca,2019-11-22 08:33:40+00:00,2019-11-22T09:33:40+01:00,Handle h11.Connection.next_event() RemoteProtocolError (#524),False,1,test_connections.py,tests/dispatch/test_connections.py,12,1,13,1,0
f06ca87f9728346ba6b8550315b25a2c15ab8fb8,toppk,Florimond Manca,2019-11-22 08:33:40+00:00,2019-11-22T09:33:40+01:00,Handle h11.Connection.next_event() RemoteProtocolError (#524),False,1,conftest.py,tests/conftest.py,12,0,12,1,0
f06ca87f9728346ba6b8550315b25a2c15ab8fb8,toppk,Florimond Manca,2019-11-22 08:33:40+00:00,2019-11-22T09:33:40+01:00,Handle h11.Connection.next_event() RemoteProtocolError (#524),False,1,exceptions.py,httpx/exceptions.py,6,0,6,1,0
a05ba2e9148c3f74c80c68a727b7e52b3d751c8c,Florimond Manca,GitHub,2019-11-22 08:34:09+00:00,2019-11-22T09:34:09+01:00,Fix race condition on stream.read (#535),False,1,test_concurrency.py,tests/test_concurrency.py,17,0,17,1,0
a05ba2e9148c3f74c80c68a727b7e52b3d751c8c,Florimond Manca,GitHub,2019-11-22 08:34:09+00:00,2019-11-22T09:34:09+01:00,Fix race condition on stream.read (#535),False,1,concurrency.py,tests/concurrency.py,24,9,33,1,0
a05ba2e9148c3f74c80c68a727b7e52b3d751c8c,Florimond Manca,GitHub,2019-11-22 08:34:09+00:00,2019-11-22T09:34:09+01:00,Fix race condition on stream.read (#535),False,1,trio.py,httpx/concurrency/trio.py,3,1,4,1,0
a05ba2e9148c3f74c80c68a727b7e52b3d751c8c,Florimond Manca,GitHub,2019-11-22 08:34:09+00:00,2019-11-22T09:34:09+01:00,Fix race condition on stream.read (#535),False,1,asyncio.py,httpx/concurrency/asyncio.py,7,2,9,1,0
1c326d53c62671c9a8f4711a3dbf2f1686263277,Taoufik,Tom Christie,2019-11-26 09:05:19+00:00,2019-11-26T09:05:19Z,Stringify the given file name (#545),False,1,multipart.py,httpx/multipart.py,1,1,2,0,0
206c5372a60cb2511cf5ac39c963ff76953c569f,Tom Christie,GitHub,2019-11-27 10:43:42+00:00,2019-11-27T10:43:42Z,Drop sync (#544),False,1,redirect.py,httpx/middleware/redirect.py,10,12,22,0,1
206c5372a60cb2511cf5ac39c963ff76953c569f,Tom Christie,GitHub,2019-11-27 10:43:42+00:00,2019-11-27T10:43:42Z,Drop sync (#544),False,1,digest_auth.py,httpx/middleware/digest_auth.py,4,4,8,0,1
206c5372a60cb2511cf5ac39c963ff76953c569f,Tom Christie,GitHub,2019-11-27 10:43:42+00:00,2019-11-27T10:43:42Z,Drop sync (#544),False,1,custom_auth.py,httpx/middleware/custom_auth.py,4,4,8,0,1
206c5372a60cb2511cf5ac39c963ff76953c569f,Tom Christie,GitHub,2019-11-27 10:43:42+00:00,2019-11-27T10:43:42Z,Drop sync (#544),False,1,basic_auth.py,httpx/middleware/basic_auth.py,3,3,6,0,1
206c5372a60cb2511cf5ac39c963ff76953c569f,Tom Christie,GitHub,2019-11-27 10:43:42+00:00,2019-11-27T10:43:42Z,Drop sync (#544),False,1,base.py,httpx/middleware/base.py,3,3,6,0,1
206c5372a60cb2511cf5ac39c963ff76953c569f,Tom Christie,GitHub,2019-11-27 10:43:42+00:00,2019-11-27T10:43:42Z,Drop sync (#544),False,1,exceptions.py,httpx/exceptions.py,2,5,7,0,0
206c5372a60cb2511cf5ac39c963ff76953c569f,Tom Christie,GitHub,2019-11-27 10:43:42+00:00,2019-11-27T10:43:42Z,Drop sync (#544),False,1,wsgi.py,httpx/dispatch/wsgi.py,0,164,164,0,0
206c5372a60cb2511cf5ac39c963ff76953c569f,Tom Christie,GitHub,2019-11-27 10:43:42+00:00,2019-11-27T10:43:42Z,Drop sync (#544),False,1,threaded.py,httpx/dispatch/threaded.py,0,97,97,0,0
206c5372a60cb2511cf5ac39c963ff76953c569f,Tom Christie,GitHub,2019-11-27 10:43:42+00:00,2019-11-27T10:43:42Z,Drop sync (#544),False,1,proxy_http.py,httpx/dispatch/proxy_http.py,4,12,16,0,1
206c5372a60cb2511cf5ac39c963ff76953c569f,Tom Christie,GitHub,2019-11-27 10:43:42+00:00,2019-11-27T10:43:42Z,Drop sync (#544),False,1,models.py,httpx/models.py,44,226,270,0,0
206c5372a60cb2511cf5ac39c963ff76953c569f,Tom Christie,GitHub,2019-11-27 10:43:42+00:00,2019-11-27T10:43:42Z,Drop sync (#544),False,1,http11.py,httpx/dispatch/http11.py,4,6,10,0,1
206c5372a60cb2511cf5ac39c963ff76953c569f,Tom Christie,GitHub,2019-11-27 10:43:42+00:00,2019-11-27T10:43:42Z,Drop sync (#544),False,1,connection_pool.py,httpx/dispatch/connection_pool.py,5,5,10,0,0
206c5372a60cb2511cf5ac39c963ff76953c569f,Tom Christie,GitHub,2019-11-27 10:43:42+00:00,2019-11-27T10:43:42Z,Drop sync (#544),False,1,connection.py,httpx/dispatch/connection.py,5,5,10,0,1
206c5372a60cb2511cf5ac39c963ff76953c569f,Tom Christie,GitHub,2019-11-27 10:43:42+00:00,2019-11-27T10:43:42Z,Drop sync (#544),False,1,base.py,httpx/dispatch/base.py,8,59,67,0,0
206c5372a60cb2511cf5ac39c963ff76953c569f,Tom Christie,GitHub,2019-11-27 10:43:42+00:00,2019-11-27T10:43:42Z,Drop sync (#544),False,1,asgi.py,httpx/dispatch/asgi.py,6,6,12,0,1
206c5372a60cb2511cf5ac39c963ff76953c569f,Tom Christie,GitHub,2019-11-27 10:43:42+00:00,2019-11-27T10:43:42Z,Drop sync (#544),False,1,__init__.py,httpx/dispatch/__init__.py,1,2,3,0,0
206c5372a60cb2511cf5ac39c963ff76953c569f,Tom Christie,GitHub,2019-11-27 10:43:42+00:00,2019-11-27T10:43:42Z,Drop sync (#544),False,1,client.py,httpx/client.py,88,591,679,0,1
206c5372a60cb2511cf5ac39c963ff76953c569f,Tom Christie,GitHub,2019-11-27 10:43:42+00:00,2019-11-27T10:43:42Z,Drop sync (#544),False,1,api.py,httpx/api.py,42,40,82,0,1
206c5372a60cb2511cf5ac39c963ff76953c569f,Tom Christie,GitHub,2019-11-27 10:43:42+00:00,2019-11-27T10:43:42Z,Drop sync (#544),False,1,__init__.py,httpx/__init__.py,2,12,14,0,1
206c5372a60cb2511cf5ac39c963ff76953c569f,Tom Christie,GitHub,2019-11-27 10:43:42+00:00,2019-11-27T10:43:42Z,Drop sync (#544),False,1,http2.py,httpx/dispatch/http2.py,4,6,10,0,0
206c5372a60cb2511cf5ac39c963ff76953c569f,Tom Christie,GitHub,2019-11-27 10:43:42+00:00,2019-11-27T10:43:42Z,Drop sync (#544),False,1,test_async_client.py,tests/client/test_async_client.py,16,16,32,0,0
206c5372a60cb2511cf5ac39c963ff76953c569f,Tom Christie,GitHub,2019-11-27 10:43:42+00:00,2019-11-27T10:43:42Z,Drop sync (#544),False,1,test_api.py,tests/requests_compat/test_api.py,0,29,29,0,0
206c5372a60cb2511cf5ac39c963ff76953c569f,Tom Christie,GitHub,2019-11-27 10:43:42+00:00,2019-11-27T10:43:42Z,Drop sync (#544),False,1,test_client.py,tests/client/test_client.py,74,73,147,0,0
206c5372a60cb2511cf5ac39c963ff76953c569f,Tom Christie,GitHub,2019-11-27 10:43:42+00:00,2019-11-27T10:43:42Z,Drop sync (#544),False,1,test_wsgi.py,tests/test_wsgi.py,0,95,95,0,0
206c5372a60cb2511cf5ac39c963ff76953c569f,Tom Christie,GitHub,2019-11-27 10:43:42+00:00,2019-11-27T10:43:42Z,Drop sync (#544),False,1,test_utils.py,tests/test_utils.py,3,3,6,0,0
206c5372a60cb2511cf5ac39c963ff76953c569f,Tom Christie,GitHub,2019-11-27 10:43:42+00:00,2019-11-27T10:43:42Z,Drop sync (#544),False,1,test_timeouts.py,tests/test_timeouts.py,4,15,19,0,0
206c5372a60cb2511cf5ac39c963ff76953c569f,Tom Christie,GitHub,2019-11-27 10:43:42+00:00,2019-11-27T10:43:42Z,Drop sync (#544),False,1,test_multipart.py,tests/test_multipart.py,15,10,25,0,0
206c5372a60cb2511cf5ac39c963ff76953c569f,Tom Christie,GitHub,2019-11-27 10:43:42+00:00,2019-11-27T10:43:42Z,Drop sync (#544),False,1,test_decoders.py,tests/test_decoders.py,15,11,26,0,0
206c5372a60cb2511cf5ac39c963ff76953c569f,Tom Christie,GitHub,2019-11-27 10:43:42+00:00,2019-11-27T10:43:42Z,Drop sync (#544),False,1,test_asgi.py,tests/test_asgi.py,8,30,38,0,0
206c5372a60cb2511cf5ac39c963ff76953c569f,Tom Christie,GitHub,2019-11-27 10:43:42+00:00,2019-11-27T10:43:42Z,Drop sync (#544),False,1,test_api.py,tests/test_api.py,28,19,47,0,0
206c5372a60cb2511cf5ac39c963ff76953c569f,Tom Christie,GitHub,2019-11-27 10:43:42+00:00,2019-11-27T10:43:42Z,Drop sync (#544),False,1,conftest.py,tests/requests_compat/conftest.py,0,17,17,0,0
206c5372a60cb2511cf5ac39c963ff76953c569f,Tom Christie,GitHub,2019-11-27 10:43:42+00:00,2019-11-27T10:43:42Z,Drop sync (#544),False,1,__init__.py,tests/requests_compat/__init__.py,0,0,0,0,0
206c5372a60cb2511cf5ac39c963ff76953c569f,Tom Christie,GitHub,2019-11-27 10:43:42+00:00,2019-11-27T10:43:42Z,Drop sync (#544),False,1,test_auth.py,tests/client/test_auth.py,88,76,164,0,0
206c5372a60cb2511cf5ac39c963ff76953c569f,Tom Christie,GitHub,2019-11-27 10:43:42+00:00,2019-11-27T10:43:42Z,Drop sync (#544),False,1,test_requests.py,tests/models/test_requests.py,8,10,18,0,0
206c5372a60cb2511cf5ac39c963ff76953c569f,Tom Christie,GitHub,2019-11-27 10:43:42+00:00,2019-11-27T10:43:42Z,Drop sync (#544),False,1,test_cookies.py,tests/client/test_cookies.py,47,38,85,0,0
206c5372a60cb2511cf5ac39c963ff76953c569f,Tom Christie,GitHub,2019-11-27 10:43:42+00:00,2019-11-27T10:43:42Z,Drop sync (#544),False,1,test_headers.py,tests/client/test_headers.py,31,26,57,0,0
206c5372a60cb2511cf5ac39c963ff76953c569f,Tom Christie,GitHub,2019-11-27 10:43:42+00:00,2019-11-27T10:43:42Z,Drop sync (#544),False,1,test_proxies.py,tests/client/test_proxies.py,4,4,8,0,1
206c5372a60cb2511cf5ac39c963ff76953c569f,Tom Christie,GitHub,2019-11-27 10:43:42+00:00,2019-11-27T10:43:42Z,Drop sync (#544),False,1,test_queryparams.py,tests/client/test_queryparams.py,13,10,23,0,0
206c5372a60cb2511cf5ac39c963ff76953c569f,Tom Christie,GitHub,2019-11-27 10:43:42+00:00,2019-11-27T10:43:42Z,Drop sync (#544),False,1,test_responses.py,tests/models/test_responses.py,22,76,98,0,1
206c5372a60cb2511cf5ac39c963ff76953c569f,Tom Christie,GitHub,2019-11-27 10:43:42+00:00,2019-11-27T10:43:42Z,Drop sync (#544),False,1,conftest.py,tests/conftest.py,1,5,6,0,0
206c5372a60cb2511cf5ac39c963ff76953c569f,Tom Christie,GitHub,2019-11-27 10:43:42+00:00,2019-11-27T10:43:42Z,Drop sync (#544),False,1,test_threaded.py,tests/dispatch/test_threaded.py,0,112,112,0,0
206c5372a60cb2511cf5ac39c963ff76953c569f,Tom Christie,GitHub,2019-11-27 10:43:42+00:00,2019-11-27T10:43:42Z,Drop sync (#544),False,1,test_redirects.py,tests/client/test_redirects.py,49,53,102,0,0
206c5372a60cb2511cf5ac39c963ff76953c569f,Tom Christie,GitHub,2019-11-27 10:43:42+00:00,2019-11-27T10:43:42Z,Drop sync (#544),False,1,test_http2.py,tests/dispatch/test_http2.py,18,88,106,0,1
00e150f6a5f8d295faeadc34cfe53de254b3f264,Tom Christie,GitHub,2019-11-27 12:10:10+00:00,2019-11-27T12:10:10Z,Client handles redirect + auth (#552),False,1,redirect.py,httpx/middleware/redirect.py,0,130,130,1,0
00e150f6a5f8d295faeadc34cfe53de254b3f264,Tom Christie,GitHub,2019-11-27 12:10:10+00:00,2019-11-27T12:10:10Z,Client handles redirect + auth (#552),False,1,__init__.py,httpx/__init__.py,3,1,4,1,1
00e150f6a5f8d295faeadc34cfe53de254b3f264,Tom Christie,GitHub,2019-11-27 12:10:10+00:00,2019-11-27T12:10:10Z,Client handles redirect + auth (#552),False,1,auth.py,httpx/auth.py,198,0,198,1,0
00e150f6a5f8d295faeadc34cfe53de254b3f264,Tom Christie,GitHub,2019-11-27 12:10:10+00:00,2019-11-27T12:10:10Z,Client handles redirect + auth (#552),False,1,proxy_http.py,httpx/dispatch/proxy_http.py,7,2,9,1,0
00e150f6a5f8d295faeadc34cfe53de254b3f264,Tom Christie,GitHub,2019-11-27 12:10:10+00:00,2019-11-27T12:10:10Z,Client handles redirect + auth (#552),False,1,client.py,httpx/client.py,307,175,482,1,0
00e150f6a5f8d295faeadc34cfe53de254b3f264,Tom Christie,GitHub,2019-11-27 12:10:10+00:00,2019-11-27T12:10:10Z,Client handles redirect + auth (#552),False,1,base.py,httpx/middleware/base.py,0,10,10,1,0
00e150f6a5f8d295faeadc34cfe53de254b3f264,Tom Christie,GitHub,2019-11-27 12:10:10+00:00,2019-11-27T12:10:10Z,Client handles redirect + auth (#552),False,1,basic_auth.py,httpx/middleware/basic_auth.py,0,27,27,1,0
00e150f6a5f8d295faeadc34cfe53de254b3f264,Tom Christie,GitHub,2019-11-27 12:10:10+00:00,2019-11-27T12:10:10Z,Client handles redirect + auth (#552),False,1,custom_auth.py,httpx/middleware/custom_auth.py,0,15,15,1,0
00e150f6a5f8d295faeadc34cfe53de254b3f264,Tom Christie,GitHub,2019-11-27 12:10:10+00:00,2019-11-27T12:10:10Z,Client handles redirect + auth (#552),False,1,digest_auth.py,httpx/middleware/digest_auth.py,0,181,181,1,0
00e150f6a5f8d295faeadc34cfe53de254b3f264,Tom Christie,GitHub,2019-11-27 12:10:10+00:00,2019-11-27T12:10:10Z,Client handles redirect + auth (#552),False,1,__init__.py,httpx/middleware/__init__.py,0,0,0,1,0
00e150f6a5f8d295faeadc34cfe53de254b3f264,Tom Christie,GitHub,2019-11-27 12:10:10+00:00,2019-11-27T12:10:10Z,Client handles redirect + auth (#552),False,1,middleware.py,httpx/middleware.py,10,0,10,1,0
831e79f50a59cb7c2af549fc186951703497fe08,Tom Christie,Tom Christie,2019-11-27 13:35:02+00:00,2019-11-27T13:35:02Z,Version 0.8.0,False,1,__version__.py,httpx/__version__.py,1,1,2,0,0
99ee84e20d2a48df3f0980bad42c04c5c7d36951,Tom Christie,GitHub,2019-11-27 14:35:37+00:00,2019-11-27T14:35:37Z,Update client.py,False,1,client.py,httpx/client.py,1,1,2,0,0
abe0799d70b5c31341d28a23c7ff0d796a792854,Tom Christie,GitHub,2019-11-28 12:31:15+00:00,2019-11-28T12:31:15Z,Refactor netrc handling (#558),False,1,client.py,httpx/client.py,6,13,19,0,1
abe0799d70b5c31341d28a23c7ff0d796a792854,Tom Christie,GitHub,2019-11-28 12:31:15+00:00,2019-11-28T12:31:15Z,Refactor netrc handling (#558),False,1,test_utils.py,tests/test_utils.py,6,17,23,0,0
abe0799d70b5c31341d28a23c7ff0d796a792854,Tom Christie,GitHub,2019-11-28 12:31:15+00:00,2019-11-28T12:31:15Z,Refactor netrc handling (#558),False,1,utils.py,httpx/utils.py,27,16,43,0,0
44ad295572f7569f6b02c9868ee22fda594c21a4,Tom Christie,GitHub,2019-11-29 09:07:53+00:00,2019-11-29T09:07:53Z,Simplify ASGI dispatch (#560),False,1,asgi.py,httpx/dispatch/asgi.py,20,81,101,1,0
e045b86d7f9bb201ac79ea0e660957a1df1aa7a4,Tom Christie,GitHub,2019-11-29 11:21:40+00:00,2019-11-29T11:21:40Z,Clean up '_dispatcher_for_request' into 'dispatcher_for_url' (#561),False,1,client.py,httpx/client.py,9,9,18,1,0
e045b86d7f9bb201ac79ea0e660957a1df1aa7a4,Tom Christie,GitHub,2019-11-29 11:21:40+00:00,2019-11-29T11:21:40Z,Clean up '_dispatcher_for_request' into 'dispatcher_for_url' (#561),False,1,test_proxies.py,tests/client/test_proxies.py,1,2,3,1,1
5fccc04da4b9490d2d1ff99600f374aa8800176b,Tom Christie,GitHub,2019-11-29 11:21:46+00:00,2019-11-29T11:21:46Z,"Drop Queue from concurrency backends, since it's no longer required (#562)",False,1,asyncio.py,httpx/concurrency/asyncio.py,0,4,4,0,0
5fccc04da4b9490d2d1ff99600f374aa8800176b,Tom Christie,GitHub,2019-11-29 11:21:46+00:00,2019-11-29T11:21:46Z,"Drop Queue from concurrency backends, since it's no longer required (#562)",False,1,trio.py,httpx/concurrency/trio.py,0,16,16,0,0
5fccc04da4b9490d2d1ff99600f374aa8800176b,Tom Christie,GitHub,2019-11-29 11:21:46+00:00,2019-11-29T11:21:46Z,"Drop Queue from concurrency backends, since it's no longer required (#562)",False,1,base.py,httpx/concurrency/base.py,0,15,15,0,0
b1393ec2f1c23bec061d77523b121eba42087c86,Tom Christie,GitHub,2019-11-29 11:45:40+00:00,2019-11-29T11:45:40Z,Drop `iterate_in_threadpool` and `iterate` (#564),False,1,base.py,httpx/concurrency/base.py,0,23,23,0,0
364378a814981044484ea68960be7860e75740f0,Tom Christie,GitHub,2019-11-29 12:01:51+00:00,2019-11-29T12:01:51Z,"Pool timeouts should be on the TimeoutConfig, not PoolLimits (#563)",False,1,base.py,httpx/concurrency/base.py,1,1,2,0,0
364378a814981044484ea68960be7860e75740f0,Tom Christie,GitHub,2019-11-29 12:01:51+00:00,2019-11-29T12:01:51Z,"Pool timeouts should be on the TimeoutConfig, not PoolLimits (#563)",False,1,trio.py,httpx/concurrency/trio.py,2,2,4,0,0
364378a814981044484ea68960be7860e75740f0,Tom Christie,GitHub,2019-11-29 12:01:51+00:00,2019-11-29T12:01:51Z,"Pool timeouts should be on the TimeoutConfig, not PoolLimits (#563)",False,1,config.py,httpx/config.py,27,14,41,0,1
364378a814981044484ea68960be7860e75740f0,Tom Christie,GitHub,2019-11-29 12:01:51+00:00,2019-11-29T12:01:51Z,"Pool timeouts should be on the TimeoutConfig, not PoolLimits (#563)",False,1,asyncio.py,httpx/concurrency/asyncio.py,1,2,3,0,0
364378a814981044484ea68960be7860e75740f0,Tom Christie,GitHub,2019-11-29 12:01:51+00:00,2019-11-29T12:01:51Z,"Pool timeouts should be on the TimeoutConfig, not PoolLimits (#563)",False,1,proxy_http.py,httpx/dispatch/proxy_http.py,4,2,6,0,1
364378a814981044484ea68960be7860e75740f0,Tom Christie,GitHub,2019-11-29 12:01:51+00:00,2019-11-29T12:01:51Z,"Pool timeouts should be on the TimeoutConfig, not PoolLimits (#563)",False,1,test_config.py,tests/test_config.py,6,7,13,0,1
364378a814981044484ea68960be7860e75740f0,Tom Christie,GitHub,2019-11-29 12:01:51+00:00,2019-11-29T12:01:51Z,"Pool timeouts should be on the TimeoutConfig, not PoolLimits (#563)",False,1,test_timeouts.py,tests/test_timeouts.py,5,2,7,0,0
364378a814981044484ea68960be7860e75740f0,Tom Christie,GitHub,2019-11-29 12:01:51+00:00,2019-11-29T12:01:51Z,"Pool timeouts should be on the TimeoutConfig, not PoolLimits (#563)",False,1,connection_pool.py,httpx/dispatch/connection_pool.py,14,4,18,0,1
3218c35341c0fa46b33f02a5109000365f612dd2,Florimond Manca,GitHub,2019-11-29 21:16:32+00:00,2019-11-29T22:16:32+01:00,Refactor start_tls tests (#567),False,1,test_concurrency.py,tests/test_concurrency.py,66,45,111,0,1
8d55d78574cf3fc5f7e91aa8b6a957ce432c2680,Florimond Manca,Tom Christie,2019-11-30 11:50:13+00:00,2019-11-30T11:50:13Z,Drop nox in favor of vanilla scripts (#566),False,1,lint,scripts/lint,14,0,14,0,0
8d55d78574cf3fc5f7e91aa8b6a957ce432c2680,Florimond Manca,Tom Christie,2019-11-30 11:50:13+00:00,2019-11-30T11:50:13Z,Drop nox in favor of vanilla scripts (#566),False,1,install,scripts/install,15,0,15,0,0
8d55d78574cf3fc5f7e91aa8b6a957ce432c2680,Florimond Manca,Tom Christie,2019-11-30 11:50:13+00:00,2019-11-30T11:50:13Z,Drop nox in favor of vanilla scripts (#566),False,1,docs-serve,scripts/docs-serve,10,0,10,0,0
8d55d78574cf3fc5f7e91aa8b6a957ce432c2680,Florimond Manca,Tom Christie,2019-11-30 11:50:13+00:00,2019-11-30T11:50:13Z,Drop nox in favor of vanilla scripts (#566),False,1,docs-build,scripts/docs-build,10,0,10,0,0
8d55d78574cf3fc5f7e91aa8b6a957ce432c2680,Florimond Manca,Tom Christie,2019-11-30 11:50:13+00:00,2019-11-30T11:50:13Z,Drop nox in favor of vanilla scripts (#566),False,1,check,scripts/check,14,0,14,0,0
8d55d78574cf3fc5f7e91aa8b6a957ce432c2680,Florimond Manca,Tom Christie,2019-11-30 11:50:13+00:00,2019-11-30T11:50:13Z,Drop nox in favor of vanilla scripts (#566),False,1,noxfile.py,noxfile.py,0,55,55,0,0
8d55d78574cf3fc5f7e91aa8b6a957ce432c2680,Florimond Manca,Tom Christie,2019-11-30 11:50:13+00:00,2019-11-30T11:50:13Z,Drop nox in favor of vanilla scripts (#566),False,1,.gitignore,.gitignore,0,1,1,0,0
8d55d78574cf3fc5f7e91aa8b6a957ce432c2680,Florimond Manca,Tom Christie,2019-11-30 11:50:13+00:00,2019-11-30T11:50:13Z,Drop nox in favor of vanilla scripts (#566),False,1,test,scripts/test,10,2,12,0,0
43331cfb3d3d97c9886125b821a04891951eea81,Tom Christie,Tom Christie,2019-11-30 12:06:16+00:00,2019-11-30T12:06:16Z,Ensure Authorization header has priority over .netrc,False,1,client.py,httpx/client.py,1,1,2,0,1
43331cfb3d3d97c9886125b821a04891951eea81,Tom Christie,Tom Christie,2019-11-30 12:06:16+00:00,2019-11-30T12:06:16Z,Ensure Authorization header has priority over .netrc,False,1,test_auth.py,tests/client/test_auth.py,12,0,12,0,0
095b69184ab9ba63eacf6272780bd2a89d1bec94,Tom Christie,GitHub,2019-11-30 14:28:39+00:00,2019-11-30T14:28:39Z,Drop MessageLoggerASGIMiddleware. (#573),False,1,asgi.py,httpx/dispatch/asgi.py,1,5,6,0,0
095b69184ab9ba63eacf6272780bd2a89d1bec94,Tom Christie,GitHub,2019-11-30 14:28:39+00:00,2019-11-30T14:28:39Z,Drop MessageLoggerASGIMiddleware. (#573),False,1,utils.py,httpx/utils.py,0,61,61,0,0
9df76ccfe97d4df57a5dad832ef137d68282b432,Casey,Tom Christie,2019-11-30 15:35:10+00:00,2019-11-30T15:35:09Z,Preserve list type query paramaters when merging QueryParams objects (#546) (#547),False,1,test_queryparams.py,tests/models/test_queryparams.py,10,0,10,0,0
9df76ccfe97d4df57a5dad832ef137d68282b432,Casey,Tom Christie,2019-11-30 15:35:10+00:00,2019-11-30T15:35:09Z,Preserve list type query paramaters when merging QueryParams objects (#546) (#547),False,1,models.py,httpx/models.py,6,1,7,0,1
fdaa01275a1b80e54be4423e579f9a19f7c63d8f,Tom Christie,GitHub,2019-11-30 17:43:48+00:00,2019-11-30T17:43:48Z,Add Response.is_error (#574),False,1,test_responses.py,tests/models/test_responses.py,1,0,1,1,0
fdaa01275a1b80e54be4423e579f9a19f7c63d8f,Tom Christie,GitHub,2019-11-30 17:43:48+00:00,2019-11-30T17:43:48Z,Add Response.is_error (#574),False,1,status_codes.py,httpx/status_codes.py,4,0,4,1,0
fdaa01275a1b80e54be4423e579f9a19f7c63d8f,Tom Christie,GitHub,2019-11-30 17:43:48+00:00,2019-11-30T17:43:48Z,Add Response.is_error (#574),False,1,models.py,httpx/models.py,5,3,8,1,0
248aa580a1931840acb1dfc22524f2ad71d63b61,Tom Christie,GitHub,2019-11-30 18:02:46+00:00,2019-11-30T18:02:46Z,Add Response.stream_lines (#575),False,1,test_decoders.py,tests/test_decoders.py,43,0,43,0,0
248aa580a1931840acb1dfc22524f2ad71d63b61,Tom Christie,GitHub,2019-11-30 18:02:46+00:00,2019-11-30T18:02:46Z,Add Response.stream_lines (#575),False,1,test_responses.py,tests/models/test_responses.py,12,0,12,0,0
248aa580a1931840acb1dfc22524f2ad71d63b61,Tom Christie,GitHub,2019-11-30 18:02:46+00:00,2019-11-30T18:02:46Z,Add Response.stream_lines (#575),False,1,models.py,httpx/models.py,9,0,9,0,0
248aa580a1931840acb1dfc22524f2ad71d63b61,Tom Christie,GitHub,2019-11-30 18:02:46+00:00,2019-11-30T18:02:46Z,Add Response.stream_lines (#575),False,1,decoders.py,httpx/decoders.py,61,0,61,0,0
ed949508a685d84d658b06807e2a9aeb5e3bedfa,Mattwmaster58,Tom Christie,2019-11-30 19:46:44+00:00,2019-11-30T19:46:44Z,Files without a filename should not set a Content-Type in multipart data. (#520),False,1,models.py,httpx/models.py,11,4,15,0,0
ed949508a685d84d658b06807e2a9aeb5e3bedfa,Mattwmaster58,Tom Christie,2019-11-30 19:46:44+00:00,2019-11-30T19:46:44Z,Files without a filename should not set a Content-Type in multipart data. (#520),False,1,multipart.py,httpx/multipart.py,6,4,10,0,0
ed949508a685d84d658b06807e2a9aeb5e3bedfa,Mattwmaster58,Tom Christie,2019-11-30 19:46:44+00:00,2019-11-30T19:46:44Z,Files without a filename should not set a Content-Type in multipart data. (#520),False,1,test_multipart.py,tests/test_multipart.py,24,3,27,0,1
3f686012222ea34597c53d41d6b7e84d7b782038,Florimond Manca,Tom Christie,2019-12-01 10:16:28+00:00,2019-12-01T10:16:28Z,Don't use background task in HTTP/1.1 dispatcher (#569),False,1,http11.py,httpx/dispatch/http11.py,5,7,12,1,0
12d00b238e837a96271d7b07b8c3b456bd82fe0c,Tom Christie,GitHub,2019-12-02 12:11:15+00:00,2019-12-02T12:11:15Z,Minor test fixes (#583),False,1,test_multipart.py,tests/test_multipart.py,5,1,6,1,1
12d00b238e837a96271d7b07b8c3b456bd82fe0c,Tom Christie,GitHub,2019-12-02 12:11:15+00:00,2019-12-02T12:11:15Z,Minor test fixes (#583),False,1,test_config.py,tests/test_config.py,1,1,2,1,1
30229f16527882305d75ff2877c5b8831f6dc638,Tom Christie,GitHub,2019-12-02 17:07:04+00:00,2019-12-02T17:07:04Z,Better HTTP/2 defaults. (#584),False,1,__init__.py,httpx/__init__.py,0,4,4,1,0
30229f16527882305d75ff2877c5b8831f6dc638,Tom Christie,GitHub,2019-12-02 17:07:04+00:00,2019-12-02T17:07:04Z,Better HTTP/2 defaults. (#584),False,1,client.py,httpx/client.py,8,9,17,1,0
30229f16527882305d75ff2877c5b8831f6dc638,Tom Christie,GitHub,2019-12-02 17:07:04+00:00,2019-12-02T17:07:04Z,Better HTTP/2 defaults. (#584),False,1,config.py,httpx/config.py,11,71,82,1,0
30229f16527882305d75ff2877c5b8831f6dc638,Tom Christie,GitHub,2019-12-02 17:07:04+00:00,2019-12-02T17:07:04Z,Better HTTP/2 defaults. (#584),False,1,connection.py,httpx/dispatch/connection.py,3,7,10,1,0
30229f16527882305d75ff2877c5b8831f6dc638,Tom Christie,GitHub,2019-12-02 17:07:04+00:00,2019-12-02T17:07:04Z,Better HTTP/2 defaults. (#584),False,1,connection_pool.py,httpx/dispatch/connection_pool.py,3,4,7,1,0
30229f16527882305d75ff2877c5b8831f6dc638,Tom Christie,GitHub,2019-12-02 17:07:04+00:00,2019-12-02T17:07:04Z,Better HTTP/2 defaults. (#584),False,1,api.py,httpx/api.py,1,5,6,1,0
30229f16527882305d75ff2877c5b8831f6dc638,Tom Christie,GitHub,2019-12-02 17:07:04+00:00,2019-12-02T17:07:04Z,Better HTTP/2 defaults. (#584),False,1,test_proxies.py,tests/client/test_proxies.py,0,2,2,1,0
30229f16527882305d75ff2877c5b8831f6dc638,Tom Christie,GitHub,2019-12-02 17:07:04+00:00,2019-12-02T17:07:04Z,Better HTTP/2 defaults. (#584),False,1,test_http2.py,tests/dispatch/test_http2.py,7,7,14,1,0
30229f16527882305d75ff2877c5b8831f6dc638,Tom Christie,GitHub,2019-12-02 17:07:04+00:00,2019-12-02T17:07:04Z,Better HTTP/2 defaults. (#584),False,1,test_concurrency.py,tests/test_concurrency.py,3,3,6,1,0
30229f16527882305d75ff2877c5b8831f6dc638,Tom Christie,GitHub,2019-12-02 17:07:04+00:00,2019-12-02T17:07:04Z,Better HTTP/2 defaults. (#584),False,1,test_multipart.py,tests/test_multipart.py,0,2,2,1,0
30229f16527882305d75ff2877c5b8831f6dc638,Tom Christie,GitHub,2019-12-02 17:07:04+00:00,2019-12-02T17:07:04Z,Better HTTP/2 defaults. (#584),False,1,test_config.py,tests/test_config.py,0,40,40,1,0
30229f16527882305d75ff2877c5b8831f6dc638,Tom Christie,GitHub,2019-12-02 17:07:04+00:00,2019-12-02T17:07:04Z,Better HTTP/2 defaults. (#584),False,1,proxy_http.py,httpx/dispatch/proxy_http.py,3,4,7,1,0
3cbe7315e8e768371eff398ebb15a73a31fe601d,Tom Christie,GitHub,2019-12-02 19:26:16+00:00,2019-12-02T19:26:16Z,Concurrency autodetection (#585),False,1,client.py,httpx/client.py,5,9,14,0,0
3cbe7315e8e768371eff398ebb15a73a31fe601d,Tom Christie,GitHub,2019-12-02 19:26:16+00:00,2019-12-02T19:26:16Z,Concurrency autodetection (#585),False,1,base.py,httpx/concurrency/base.py,22,0,22,0,0
3cbe7315e8e768371eff398ebb15a73a31fe601d,Tom Christie,GitHub,2019-12-02 19:26:16+00:00,2019-12-02T19:26:16Z,Concurrency autodetection (#585),False,1,asgi.py,httpx/dispatch/asgi.py,0,4,4,0,0
3cbe7315e8e768371eff398ebb15a73a31fe601d,Tom Christie,GitHub,2019-12-02 19:26:16+00:00,2019-12-02T19:26:16Z,Concurrency autodetection (#585),False,1,connection.py,httpx/dispatch/connection.py,5,8,13,0,0
3cbe7315e8e768371eff398ebb15a73a31fe601d,Tom Christie,GitHub,2019-12-02 19:26:16+00:00,2019-12-02T19:26:16Z,Concurrency autodetection (#585),False,1,auto.py,httpx/concurrency/auto.py,59,0,59,0,0
3cbe7315e8e768371eff398ebb15a73a31fe601d,Tom Christie,GitHub,2019-12-02 19:26:16+00:00,2019-12-02T19:26:16Z,Concurrency autodetection (#585),False,1,http11.py,httpx/dispatch/http11.py,1,3,4,0,0
3cbe7315e8e768371eff398ebb15a73a31fe601d,Tom Christie,GitHub,2019-12-02 19:26:16+00:00,2019-12-02T19:26:16Z,Concurrency autodetection (#585),False,1,http2.py,httpx/dispatch/http2.py,3,2,5,0,0
3cbe7315e8e768371eff398ebb15a73a31fe601d,Tom Christie,GitHub,2019-12-02 19:26:16+00:00,2019-12-02T19:26:16Z,Concurrency autodetection (#585),False,1,proxy_http.py,httpx/dispatch/proxy_http.py,3,4,7,0,0
3cbe7315e8e768371eff398ebb15a73a31fe601d,Tom Christie,GitHub,2019-12-02 19:26:16+00:00,2019-12-02T19:26:16Z,Concurrency autodetection (#585),False,1,setup.py,setup.py,2,1,3,0,1
3cbe7315e8e768371eff398ebb15a73a31fe601d,Tom Christie,GitHub,2019-12-02 19:26:16+00:00,2019-12-02T19:26:16Z,Concurrency autodetection (#585),False,1,test_proxies.py,tests/client/test_proxies.py,0,1,1,0,0
3cbe7315e8e768371eff398ebb15a73a31fe601d,Tom Christie,GitHub,2019-12-02 19:26:16+00:00,2019-12-02T19:26:16Z,Concurrency autodetection (#585),False,1,connection_pool.py,httpx/dispatch/connection_pool.py,11,5,16,0,0
507695220236626152758f2b2d5ffe25a95ef98a,Tom Christie,GitHub,2019-12-02 19:52:29+00:00,2019-12-02T19:52:29Z,Rename http2 switch (#586),False,1,client.py,httpx/client.py,7,7,14,0,0
507695220236626152758f2b2d5ffe25a95ef98a,Tom Christie,GitHub,2019-12-02 19:52:29+00:00,2019-12-02T19:52:29Z,Rename http2 switch (#586),False,1,connection.py,httpx/dispatch/connection.py,3,3,6,0,0
507695220236626152758f2b2d5ffe25a95ef98a,Tom Christie,GitHub,2019-12-02 19:52:29+00:00,2019-12-02T19:52:29Z,Rename http2 switch (#586),False,1,config.py,httpx/config.py,10,10,20,0,0
507695220236626152758f2b2d5ffe25a95ef98a,Tom Christie,GitHub,2019-12-02 19:52:29+00:00,2019-12-02T19:52:29Z,Rename http2 switch (#586),False,1,proxy_http.py,httpx/dispatch/proxy_http.py,3,3,6,0,0
507695220236626152758f2b2d5ffe25a95ef98a,Tom Christie,GitHub,2019-12-02 19:52:29+00:00,2019-12-02T19:52:29Z,Rename http2 switch (#586),False,1,test_http2.py,tests/dispatch/test_http2.py,7,7,14,0,1
507695220236626152758f2b2d5ffe25a95ef98a,Tom Christie,GitHub,2019-12-02 19:52:29+00:00,2019-12-02T19:52:29Z,Rename http2 switch (#586),False,1,connection_pool.py,httpx/dispatch/connection_pool.py,3,3,6,0,0
d223de8ff3c482d97a94867bdfe9418da37c8f4f,han-solo,Tom Christie,2019-12-04 10:05:33+00:00,2019-12-04T10:05:33Z,Fixed version requirement for rfc3986. Issue reference #504 (#589),False,1,setup.py,setup.py,1,1,2,1,0
c033ed1b6513759de0c473962f1f597af4be04b3,Tom Christie,GitHub,2019-12-04 11:39:45+00:00,2019-12-04T11:39:45Z,TimeoutConfig -> Timeout (#591),False,1,__init__.py,httpx/__init__.py,4,2,6,0,1
c033ed1b6513759de0c473962f1f597af4be04b3,Tom Christie,GitHub,2019-12-04 11:39:45+00:00,2019-12-04T11:39:45Z,TimeoutConfig -> Timeout (#591),False,1,config.py,httpx/config.py,7,6,13,0,1
c033ed1b6513759de0c473962f1f597af4be04b3,Tom Christie,GitHub,2019-12-04 11:39:45+00:00,2019-12-04T11:39:45Z,TimeoutConfig -> Timeout (#591),False,1,auto.py,httpx/concurrency/auto.py,3,3,6,0,0
c033ed1b6513759de0c473962f1f597af4be04b3,Tom Christie,GitHub,2019-12-04 11:39:45+00:00,2019-12-04T11:39:45Z,TimeoutConfig -> Timeout (#591),False,1,base.py,httpx/concurrency/base.py,6,6,12,0,0
c033ed1b6513759de0c473962f1f597af4be04b3,Tom Christie,GitHub,2019-12-04 11:39:45+00:00,2019-12-04T11:39:45Z,TimeoutConfig -> Timeout (#591),False,1,trio.py,httpx/concurrency/trio.py,7,9,16,0,0
c033ed1b6513759de0c473962f1f597af4be04b3,Tom Christie,GitHub,2019-12-04 11:39:45+00:00,2019-12-04T11:39:45Z,TimeoutConfig -> Timeout (#591),False,1,connection_pool.py,httpx/dispatch/connection_pool.py,3,3,6,0,0
c033ed1b6513759de0c473962f1f597af4be04b3,Tom Christie,GitHub,2019-12-04 11:39:45+00:00,2019-12-04T11:39:45Z,TimeoutConfig -> Timeout (#591),False,1,asyncio.py,httpx/concurrency/asyncio.py,7,7,14,0,0
c033ed1b6513759de0c473962f1f597af4be04b3,Tom Christie,GitHub,2019-12-04 11:39:45+00:00,2019-12-04T11:39:45Z,TimeoutConfig -> Timeout (#591),False,1,connection.py,httpx/dispatch/connection.py,3,3,6,0,0
c033ed1b6513759de0c473962f1f597af4be04b3,Tom Christie,GitHub,2019-12-04 11:39:45+00:00,2019-12-04T11:39:45Z,TimeoutConfig -> Timeout (#591),False,1,http2.py,httpx/dispatch/http2.py,9,11,20,0,0
c033ed1b6513759de0c473962f1f597af4be04b3,Tom Christie,GitHub,2019-12-04 11:39:45+00:00,2019-12-04T11:39:45Z,TimeoutConfig -> Timeout (#591),False,1,exceptions.py,httpx/exceptions.py,5,5,10,0,1
c033ed1b6513759de0c473962f1f597af4be04b3,Tom Christie,GitHub,2019-12-04 11:39:45+00:00,2019-12-04T11:39:45Z,TimeoutConfig -> Timeout (#591),False,1,utils.py,tests/dispatch/utils.py,5,5,10,0,0
c033ed1b6513759de0c473962f1f597af4be04b3,Tom Christie,GitHub,2019-12-04 11:39:45+00:00,2019-12-04T11:39:45Z,TimeoutConfig -> Timeout (#591),False,1,test_concurrency.py,tests/test_concurrency.py,4,4,8,0,0
c033ed1b6513759de0c473962f1f597af4be04b3,Tom Christie,GitHub,2019-12-04 11:39:45+00:00,2019-12-04T11:39:45Z,TimeoutConfig -> Timeout (#591),False,1,test_config.py,tests/test_config.py,15,15,30,0,1
c033ed1b6513759de0c473962f1f597af4be04b3,Tom Christie,GitHub,2019-12-04 11:39:45+00:00,2019-12-04T11:39:45Z,TimeoutConfig -> Timeout (#591),False,1,test_timeouts.py,tests/test_timeouts.py,5,5,10,0,0
c033ed1b6513759de0c473962f1f597af4be04b3,Tom Christie,GitHub,2019-12-04 11:39:45+00:00,2019-12-04T11:39:45Z,TimeoutConfig -> Timeout (#591),False,1,http11.py,httpx/dispatch/http11.py,8,10,18,0,0
eb7c6b0342cc998a9a305c97f8d95b886a533f14,Tom Christie,GitHub,2019-12-04 11:54:39+00:00,2019-12-04T11:54:39Z,Differentiate between `timeout=None` and `timeout=UNSET`. (#592),False,1,client.py,httpx/client.py,22,16,38,0,1
eb7c6b0342cc998a9a305c97f8d95b886a533f14,Tom Christie,GitHub,2019-12-04 11:54:39+00:00,2019-12-04T11:54:39Z,Differentiate between `timeout=None` and `timeout=UNSET`. (#592),False,1,base.py,httpx/concurrency/base.py,2,4,6,0,0
eb7c6b0342cc998a9a305c97f8d95b886a533f14,Tom Christie,GitHub,2019-12-04 11:54:39+00:00,2019-12-04T11:54:39Z,Differentiate between `timeout=None` and `timeout=UNSET`. (#592),False,1,base.py,httpx/dispatch/base.py,3,3,6,0,0
eb7c6b0342cc998a9a305c97f8d95b886a533f14,Tom Christie,GitHub,2019-12-04 11:54:39+00:00,2019-12-04T11:54:39Z,Differentiate between `timeout=None` and `timeout=UNSET`. (#592),False,1,connection.py,httpx/dispatch/connection.py,5,16,21,0,0
eb7c6b0342cc998a9a305c97f8d95b886a533f14,Tom Christie,GitHub,2019-12-04 11:54:39+00:00,2019-12-04T11:54:39Z,Differentiate between `timeout=None` and `timeout=UNSET`. (#592),False,1,http2.py,httpx/dispatch/http2.py,10,17,27,0,0
eb7c6b0342cc998a9a305c97f8d95b886a533f14,Tom Christie,GitHub,2019-12-04 11:54:39+00:00,2019-12-04T11:54:39Z,Differentiate between `timeout=None` and `timeout=UNSET`. (#592),False,1,http11.py,httpx/dispatch/http11.py,9,11,20,0,0
eb7c6b0342cc998a9a305c97f8d95b886a533f14,Tom Christie,GitHub,2019-12-04 11:54:39+00:00,2019-12-04T11:54:39Z,Differentiate between `timeout=None` and `timeout=UNSET`. (#592),False,1,proxy_http.py,httpx/dispatch/proxy_http.py,11,12,23,0,0
eb7c6b0342cc998a9a305c97f8d95b886a533f14,Tom Christie,GitHub,2019-12-04 11:54:39+00:00,2019-12-04T11:54:39Z,Differentiate between `timeout=None` and `timeout=UNSET`. (#592),False,1,test_proxies.py,tests/client/test_proxies.py,0,1,1,0,0
eb7c6b0342cc998a9a305c97f8d95b886a533f14,Tom Christie,GitHub,2019-12-04 11:54:39+00:00,2019-12-04T11:54:39Z,Differentiate between `timeout=None` and `timeout=UNSET`. (#592),False,1,connection_pool.py,httpx/dispatch/connection_pool.py,4,18,22,0,0
2f54b200deda274fe71ca678419142329111d6f7,Tom Christie,GitHub,2019-12-05 09:38:48+00:00,2019-12-05T09:38:48Z,Allow default+override timeout style (#593),False,1,__init__.py,httpx/__init__.py,2,2,4,1,0
2f54b200deda274fe71ca678419142329111d6f7,Tom Christie,GitHub,2019-12-05 09:38:48+00:00,2019-12-05T09:38:48Z,Allow default+override timeout style (#593),False,1,client.py,httpx/client.py,2,7,9,1,0
2f54b200deda274fe71ca678419142329111d6f7,Tom Christie,GitHub,2019-12-05 09:38:48+00:00,2019-12-05T09:38:48Z,Allow default+override timeout style (#593),False,1,test_config.py,tests/test_config.py,10,0,10,1,0
2f54b200deda274fe71ca678419142329111d6f7,Tom Christie,GitHub,2019-12-05 09:38:48+00:00,2019-12-05T09:38:48Z,Allow default+override timeout style (#593),False,1,exceptions.py,httpx/exceptions.py,5,5,10,1,0
2f54b200deda274fe71ca678419142329111d6f7,Tom Christie,GitHub,2019-12-05 09:38:48+00:00,2019-12-05T09:38:48Z,Allow default+override timeout style (#593),False,1,config.py,httpx/config.py,51,30,81,1,0
a738327678357455f4b3b6a9203d0de5d389652c,Tom Christie,GitHub,2019-12-05 09:40:24+00:00,2019-12-05T09:40:24Z,Tweak docstring,False,1,exceptions.py,httpx/exceptions.py,1,1,2,0,0
dad379736df5b0bf8ae2ce038830e9bb289f3ddb,Tom Christie,GitHub,2019-12-05 11:03:27+00:00,2019-12-05T11:03:27Z,Fix Timeout -> TimeoutException in test case (#598),False,1,test_http2.py,tests/dispatch/test_http2.py,2,2,4,1,0
fc95c7e71e87b0e53f6ad3744458df9c9ff62ac7,Tom Christie,GitHub,2019-12-05 11:39:28+00:00,2019-12-05T11:39:28Z,"stream -> stream_bytes, raw -> stream_raw (#599)",False,1,test_responses.py,tests/models/test_responses.py,4,4,8,0,0
fc95c7e71e87b0e53f6ad3744458df9c9ff62ac7,Tom Christie,GitHub,2019-12-05 11:39:28+00:00,2019-12-05T11:39:28Z,"stream -> stream_bytes, raw -> stream_raw (#599)",False,1,test_client.py,tests/client/test_client.py,2,2,4,0,0
fc95c7e71e87b0e53f6ad3744458df9c9ff62ac7,Tom Christie,GitHub,2019-12-05 11:39:28+00:00,2019-12-05T11:39:28Z,"stream -> stream_bytes, raw -> stream_raw (#599)",False,1,models.py,httpx/models.py,23,6,29,0,0
e56e120175f4938d45c91c66bdd9b7f9d415e9bb,Tom Christie,GitHub,2019-12-05 11:46:11+00:00,2019-12-05T11:46:11Z,Drop write_no_block from backends. (#594),False,1,http2.py,httpx/dispatch/http2.py,20,7,27,0,0
e56e120175f4938d45c91c66bdd9b7f9d415e9bb,Tom Christie,GitHub,2019-12-05 11:46:11+00:00,2019-12-05T11:46:11Z,Drop write_no_block from backends. (#594),False,1,trio.py,httpx/concurrency/trio.py,0,19,19,0,0
e56e120175f4938d45c91c66bdd9b7f9d415e9bb,Tom Christie,GitHub,2019-12-05 11:46:11+00:00,2019-12-05T11:46:11Z,Drop write_no_block from backends. (#594),False,1,base.py,httpx/concurrency/base.py,0,3,3,0,0
e56e120175f4938d45c91c66bdd9b7f9d415e9bb,Tom Christie,GitHub,2019-12-05 11:46:11+00:00,2019-12-05T11:46:11Z,Drop write_no_block from backends. (#594),False,1,asyncio.py,httpx/concurrency/asyncio.py,0,3,3,0,0
8d8ea8bbbafcbd73840fa2b17a406eb485f11f9f,Tom Christie,GitHub,2019-12-05 17:25:43+00:00,2019-12-05T17:25:43Z,Add Client.stream() method. (#600),False,1,api.py,httpx/api.py,40,1,41,0,0
8d8ea8bbbafcbd73840fa2b17a406eb485f11f9f,Tom Christie,GitHub,2019-12-05 17:25:43+00:00,2019-12-05T17:25:43Z,Add Client.stream() method. (#600),False,1,__init__.py,httpx/__init__.py,2,1,3,0,0
8d8ea8bbbafcbd73840fa2b17a406eb485f11f9f,Tom Christie,GitHub,2019-12-05 17:25:43+00:00,2019-12-05T17:25:43Z,Add Client.stream() method. (#600),False,1,client.py,httpx/client.py,79,0,79,0,0
8d8ea8bbbafcbd73840fa2b17a406eb485f11f9f,Tom Christie,GitHub,2019-12-05 17:25:43+00:00,2019-12-05T17:25:43Z,Add Client.stream() method. (#600),False,1,test_timeouts.py,tests/test_timeouts.py,3,6,9,0,0
8d8ea8bbbafcbd73840fa2b17a406eb485f11f9f,Tom Christie,GitHub,2019-12-05 17:25:43+00:00,2019-12-05T17:25:43Z,Add Client.stream() method. (#600),False,1,test_client.py,tests/client/test_client.py,21,17,38,0,0
8d8ea8bbbafcbd73840fa2b17a406eb485f11f9f,Tom Christie,GitHub,2019-12-05 17:25:43+00:00,2019-12-05T17:25:43Z,Add Client.stream() method. (#600),False,1,test_api.py,tests/test_api.py,11,0,11,0,0
8d8ea8bbbafcbd73840fa2b17a406eb485f11f9f,Tom Christie,GitHub,2019-12-05 17:25:43+00:00,2019-12-05T17:25:43Z,Add Client.stream() method. (#600),False,1,test_async_client.py,tests/client/test_async_client.py,6,3,9,0,0
bb6e52f3566a79978f590e5a677eb057a68ad3a9,Tom Christie,GitHub,2019-12-05 19:54:19+00:00,2019-12-05T19:54:19Z,Rename BaseSocketStream cases from connection.stream to connection.socket (#601),False,1,proxy_http.py,httpx/dispatch/proxy_http.py,5,5,10,0,0
bb6e52f3566a79978f590e5a677eb057a68ad3a9,Tom Christie,GitHub,2019-12-05 19:54:19+00:00,2019-12-05T19:54:19Z,Rename BaseSocketStream cases from connection.stream to connection.socket (#601),False,1,http2.py,httpx/dispatch/http2.py,10,10,20,0,0
bb6e52f3566a79978f590e5a677eb057a68ad3a9,Tom Christie,GitHub,2019-12-05 19:54:19+00:00,2019-12-05T19:54:19Z,Rename BaseSocketStream cases from connection.stream to connection.socket (#601),False,1,http11.py,httpx/dispatch/http11.py,7,7,14,0,0
c38fd68ed78e08ee6056bfd69b50413fd06be988,Florimond Manca,Tom Christie,2019-12-06 10:49:24+00:00,2019-12-06T10:49:24Z,"Drop BackgroundManager in favor of fork(func1, func2) (#603)",False,1,test_concurrency.py,tests/test_concurrency.py,47,1,48,0,0
c38fd68ed78e08ee6056bfd69b50413fd06be988,Florimond Manca,Tom Christie,2019-12-06 10:49:24+00:00,2019-12-06T10:49:24Z,"Drop BackgroundManager in favor of fork(func1, func2) (#603)",False,1,http2.py,httpx/dispatch/http2.py,16,2,18,0,0
c38fd68ed78e08ee6056bfd69b50413fd06be988,Florimond Manca,Tom Christie,2019-12-06 10:49:24+00:00,2019-12-06T10:49:24Z,"Drop BackgroundManager in favor of fork(func1, func2) (#603)",False,1,trio.py,httpx/concurrency/trio.py,19,29,48,0,1
c38fd68ed78e08ee6056bfd69b50413fd06be988,Florimond Manca,Tom Christie,2019-12-06 10:49:24+00:00,2019-12-06T10:49:24Z,"Drop BackgroundManager in favor of fork(func1, func2) (#603)",False,1,base.py,httpx/concurrency/base.py,14,22,36,0,1
c38fd68ed78e08ee6056bfd69b50413fd06be988,Florimond Manca,Tom Christie,2019-12-06 10:49:24+00:00,2019-12-06T10:49:24Z,"Drop BackgroundManager in favor of fork(func1, func2) (#603)",False,1,auto.py,httpx/concurrency/auto.py,0,6,6,0,0
c38fd68ed78e08ee6056bfd69b50413fd06be988,Florimond Manca,Tom Christie,2019-12-06 10:49:24+00:00,2019-12-06T10:49:24Z,"Drop BackgroundManager in favor of fork(func1, func2) (#603)",False,1,asyncio.py,httpx/concurrency/asyncio.py,22,28,50,0,0
c38fd68ed78e08ee6056bfd69b50413fd06be988,Florimond Manca,Tom Christie,2019-12-06 10:49:24+00:00,2019-12-06T10:49:24Z,"Drop BackgroundManager in favor of fork(func1, func2) (#603)",False,1,__init__.py,httpx/__init__.py,1,7,8,0,0
1e23855709988b012f195fcfddfcf80d5e703841,Tom Christie,GitHub,2019-12-06 11:29:22+00:00,2019-12-06T11:29:22Z,Warn if cert / verify / trust_env are passed to client.request() (#597),False,1,client.py,httpx/client.py,18,0,18,0,0
df9dc6d5160bad3a8c47d3f7b8f29e131756b1f3,Florimond Manca,Tom Christie,2019-12-06 12:58:21+00:00,2019-12-06T12:58:21Z,Cleanup comments on handling MultiError (#607),False,1,trio.py,httpx/concurrency/trio.py,2,5,7,1,0
df9dc6d5160bad3a8c47d3f7b8f29e131756b1f3,Florimond Manca,Tom Christie,2019-12-06 12:58:21+00:00,2019-12-06T12:58:21Z,Cleanup comments on handling MultiError (#607),False,1,base.py,httpx/concurrency/base.py,1,1,2,1,0
e1f5b8ba574e1fea4a9a79042f688f143c546f9d,Florimond Manca,Tom Christie,2019-12-06 13:00:38+00:00,2019-12-06T13:00:38Z,Move tunnel_start_tls() to HTTPConnection (#609),False,1,proxy_http.py,httpx/dispatch/proxy_http.py,8,62,70,0,0
e1f5b8ba574e1fea4a9a79042f688f143c546f9d,Florimond Manca,Tom Christie,2019-12-06 13:00:38+00:00,2019-12-06T13:00:38Z,Move tunnel_start_tls() to HTTPConnection (#609),False,1,connection.py,httpx/dispatch/connection.py,61,1,62,0,0
d15dc0b1f8e775f3debc09ff0228f5ca56eab322,Tom Christie,GitHub,2019-12-06 15:20:01+00:00,2019-12-06T15:20:01Z,Tighten up top-level API to only expose public API (#608),False,1,__init__.py,httpx/__init__.py,8,53,61,0,0
d15dc0b1f8e775f3debc09ff0228f5ca56eab322,Tom Christie,GitHub,2019-12-06 15:20:01+00:00,2019-12-06T15:20:01Z,Tighten up top-level API to only expose public API (#608),False,1,proxy_http.py,httpx/dispatch/proxy_http.py,20,3,23,0,0
d15dc0b1f8e775f3debc09ff0228f5ca56eab322,Tom Christie,GitHub,2019-12-06 15:20:01+00:00,2019-12-06T15:20:01Z,Tighten up top-level API to only expose public API (#608),False,1,test_auth.py,tests/client/test_auth.py,3,12,15,0,0
d15dc0b1f8e775f3debc09ff0228f5ca56eab322,Tom Christie,GitHub,2019-12-06 15:20:01+00:00,2019-12-06T15:20:01Z,Tighten up top-level API to only expose public API (#608),False,1,test_cookies.py,tests/client/test_cookies.py,3,10,13,0,0
d15dc0b1f8e775f3debc09ff0228f5ca56eab322,Tom Christie,GitHub,2019-12-06 15:20:01+00:00,2019-12-06T15:20:01Z,Tighten up top-level API to only expose public API (#608),False,1,test_headers.py,tests/client/test_headers.py,4,12,16,0,1
d15dc0b1f8e775f3debc09ff0228f5ca56eab322,Tom Christie,GitHub,2019-12-06 15:20:01+00:00,2019-12-06T15:20:01Z,Tighten up top-level API to only expose public API (#608),False,1,test_proxies.py,tests/client/test_proxies.py,0,2,2,0,0
d15dc0b1f8e775f3debc09ff0228f5ca56eab322,Tom Christie,GitHub,2019-12-06 15:20:01+00:00,2019-12-06T15:20:01Z,Tighten up top-level API to only expose public API (#608),False,1,test_redirects.py,tests/client/test_redirects.py,2,4,6,0,0
d15dc0b1f8e775f3debc09ff0228f5ca56eab322,Tom Christie,GitHub,2019-12-06 15:20:01+00:00,2019-12-06T15:20:01Z,Tighten up top-level API to only expose public API (#608),False,1,test_queryparams.py,tests/client/test_queryparams.py,3,11,14,0,0
d15dc0b1f8e775f3debc09ff0228f5ca56eab322,Tom Christie,GitHub,2019-12-06 15:20:01+00:00,2019-12-06T15:20:01Z,Tighten up top-level API to only expose public API (#608),False,1,concurrency.py,tests/concurrency.py,1,1,2,0,0
d15dc0b1f8e775f3debc09ff0228f5ca56eab322,Tom Christie,GitHub,2019-12-06 15:20:01+00:00,2019-12-06T15:20:01Z,Tighten up top-level API to only expose public API (#608),False,1,utils.py,tests/dispatch/utils.py,3,1,4,0,0
d15dc0b1f8e775f3debc09ff0228f5ca56eab322,Tom Christie,GitHub,2019-12-06 15:20:01+00:00,2019-12-06T15:20:01Z,Tighten up top-level API to only expose public API (#608),False,1,test_connection_pools.py,tests/dispatch/test_connection_pools.py,12,11,23,0,0
d15dc0b1f8e775f3debc09ff0228f5ca56eab322,Tom Christie,GitHub,2019-12-06 15:20:01+00:00,2019-12-06T15:20:01Z,Tighten up top-level API to only expose public API (#608),False,1,test_timeouts.py,tests/test_timeouts.py,14,22,36,0,0
d15dc0b1f8e775f3debc09ff0228f5ca56eab322,Tom Christie,GitHub,2019-12-06 15:20:01+00:00,2019-12-06T15:20:01Z,Tighten up top-level API to only expose public API (#608),False,1,test_multipart.py,tests/test_multipart.py,19,25,44,0,0
d15dc0b1f8e775f3debc09ff0228f5ca56eab322,Tom Christie,GitHub,2019-12-06 15:20:01+00:00,2019-12-06T15:20:01Z,Tighten up top-level API to only expose public API (#608),False,1,test_decoders.py,tests/test_decoders.py,1,1,2,0,0
d15dc0b1f8e775f3debc09ff0228f5ca56eab322,Tom Christie,GitHub,2019-12-06 15:20:01+00:00,2019-12-06T15:20:01Z,Tighten up top-level API to only expose public API (#608),False,1,test_config.py,tests/test_config.py,21,20,41,0,0
d15dc0b1f8e775f3debc09ff0228f5ca56eab322,Tom Christie,GitHub,2019-12-06 15:20:01+00:00,2019-12-06T15:20:01Z,Tighten up top-level API to only expose public API (#608),False,1,conftest.py,tests/conftest.py,2,1,3,0,0
d15dc0b1f8e775f3debc09ff0228f5ca56eab322,Tom Christie,GitHub,2019-12-06 15:20:01+00:00,2019-12-06T15:20:01Z,Tighten up top-level API to only expose public API (#608),False,1,test_url.py,tests/models/test_url.py,1,2,3,0,1
d15dc0b1f8e775f3debc09ff0228f5ca56eab322,Tom Christie,GitHub,2019-12-06 15:20:01+00:00,2019-12-06T15:20:01Z,Tighten up top-level API to only expose public API (#608),False,1,test_proxy_http.py,tests/dispatch/test_proxy_http.py,6,14,20,0,0
d15dc0b1f8e775f3debc09ff0228f5ca56eab322,Tom Christie,GitHub,2019-12-06 15:20:01+00:00,2019-12-06T15:20:01Z,Tighten up top-level API to only expose public API (#608),False,1,test_connections.py,tests/dispatch/test_connections.py,3,2,5,0,0
d15dc0b1f8e775f3debc09ff0228f5ca56eab322,Tom Christie,GitHub,2019-12-06 15:20:01+00:00,2019-12-06T15:20:01Z,Tighten up top-level API to only expose public API (#608),False,1,test_concurrency.py,tests/test_concurrency.py,3,1,4,0,0
ec40d04382093d75ae18a2f7de2f1178a90a27e6,Tom Christie,GitHub,2019-12-06 15:20:09+00:00,2019-12-06T15:20:09Z,Add aiter methods on response (#610),False,1,test_responses.py,tests/models/test_responses.py,9,9,18,0,0
ec40d04382093d75ae18a2f7de2f1178a90a27e6,Tom Christie,GitHub,2019-12-06 15:20:09+00:00,2019-12-06T15:20:09Z,Add aiter methods on response (#610),False,1,test_client.py,tests/client/test_client.py,2,2,4,0,0
ec40d04382093d75ae18a2f7de2f1178a90a27e6,Tom Christie,GitHub,2019-12-06 15:20:09+00:00,2019-12-06T15:20:09Z,Add aiter methods on response (#610),False,1,models.py,httpx/models.py,12,12,24,0,0
8d1bc9e60f62a12080f0d1b568cbf4d7b75d0f1e,Tom Christie,GitHub,2019-12-06 15:32:22+00:00,2019-12-06T15:32:22Z,Version 0.9 (#606),False,1,__version__.py,httpx/__version__.py,1,1,2,0,1
76f3ff9dd965df5e199ebed75000950b1dc619ac,Tom Christie,Tom Christie,2019-12-06 17:45:56+00:00,2019-12-06T17:45:56Z,Release 0.9.1 due to build artifacts issue,False,1,__version__.py,httpx/__version__.py,1,1,2,1,0
3a0df657b3f7aac722979347a73c0e5f77242a8a,Tom Christie,Tom Christie,2019-12-07 08:49:34+00:00,2019-12-07T08:49:34Z,Version 0.9.2,False,1,__version__.py,httpx/__version__.py,1,1,2,0,0
f55db15a01ce311b9d4229d9707aa58043a8eaed,Tom Christie,GitHub,2019-12-07 09:07:33+00:00,2019-12-07T09:07:33Z,Add 'fork' to auto backend (#614),False,1,__version__.py,httpx/__version__.py,1,1,2,0,0
f55db15a01ce311b9d4229d9707aa58043a8eaed,Tom Christie,GitHub,2019-12-07 09:07:33+00:00,2019-12-07T09:07:33Z,Add 'fork' to auto backend (#614),False,1,auto.py,httpx/concurrency/auto.py,9,0,9,0,0
bc54dd0399065e24e3886fda5b5246b925d8242a,Tom Christie,GitHub,2019-12-07 11:09:58+00:00,2019-12-07T11:09:58Z,"Backend operations like .read(), .write() now have a manadatory timeout argument. (#611)",False,1,test_concurrency.py,tests/test_concurrency.py,6,5,11,0,0
bc54dd0399065e24e3886fda5b5246b925d8242a,Tom Christie,GitHub,2019-12-07 11:09:58+00:00,2019-12-07T11:09:58Z,"Backend operations like .read(), .write() now have a manadatory timeout argument. (#611)",False,1,trio.py,httpx/concurrency/trio.py,6,15,21,0,0
bc54dd0399065e24e3886fda5b5246b925d8242a,Tom Christie,GitHub,2019-12-07 11:09:58+00:00,2019-12-07T11:09:58Z,"Backend operations like .read(), .write() now have a manadatory timeout argument. (#611)",False,1,asyncio.py,httpx/concurrency/asyncio.py,6,22,28,0,0
f57bb2f14217baec4e88c4f10941c57aeb627d8b,Tom Christie,GitHub,2019-12-07 14:14:09+00:00,2019-12-07T14:14:09Z,HTTP/2 refactoring (#612),False,1,http2.py,httpx/dispatch/http2.py,144,153,297,0,0
ab41a5d5c39627dfae8d31584e30183c28525b71,Florimond Manca,GitHub,2019-12-07 14:17:35+00:00,2019-12-07T15:17:35+01:00,Refactor tests in the light of backend auto-detection (#615),False,1,conftest.py,tests/conftest.py,14,6,20,0,0
ab41a5d5c39627dfae8d31584e30183c28525b71,Florimond Manca,GitHub,2019-12-07 14:17:35+00:00,2019-12-07T15:17:35+01:00,Refactor tests in the light of backend auto-detection (#615),False,1,test_async_client.py,tests/client/test_async_client.py,29,15,44,0,1
ab41a5d5c39627dfae8d31584e30183c28525b71,Florimond Manca,GitHub,2019-12-07 14:17:35+00:00,2019-12-07T15:17:35+01:00,Refactor tests in the light of backend auto-detection (#615),False,1,test_redirects.py,tests/client/test_redirects.py,20,20,40,0,0
ab41a5d5c39627dfae8d31584e30183c28525b71,Florimond Manca,GitHub,2019-12-07 14:17:35+00:00,2019-12-07T15:17:35+01:00,Refactor tests in the light of backend auto-detection (#615),False,1,concurrency.py,tests/concurrency.py,31,0,31,0,0
ab41a5d5c39627dfae8d31584e30183c28525b71,Florimond Manca,GitHub,2019-12-07 14:17:35+00:00,2019-12-07T15:17:35+01:00,Refactor tests in the light of backend auto-detection (#615),False,1,test_connection_pools.py,tests/dispatch/test_connection_pools.py,11,13,24,0,0
ab41a5d5c39627dfae8d31584e30183c28525b71,Florimond Manca,GitHub,2019-12-07 14:17:35+00:00,2019-12-07T15:17:35+01:00,Refactor tests in the light of backend auto-detection (#615),False,1,test_http2.py,tests/dispatch/test_http2.py,2,2,4,0,0
ab41a5d5c39627dfae8d31584e30183c28525b71,Florimond Manca,GitHub,2019-12-07 14:17:35+00:00,2019-12-07T15:17:35+01:00,Refactor tests in the light of backend auto-detection (#615),False,1,test_proxy_http.py,tests/dispatch/test_proxy_http.py,0,4,4,0,1
ab41a5d5c39627dfae8d31584e30183c28525b71,Florimond Manca,GitHub,2019-12-07 14:17:35+00:00,2019-12-07T15:17:35+01:00,Refactor tests in the light of backend auto-detection (#615),False,1,utils.py,tests/dispatch/utils.py,5,6,11,0,1
ab41a5d5c39627dfae8d31584e30183c28525b71,Florimond Manca,GitHub,2019-12-07 14:17:35+00:00,2019-12-07T15:17:35+01:00,Refactor tests in the light of backend auto-detection (#615),False,1,test_concurrency.py,tests/test_concurrency.py,34,29,63,0,0
ab41a5d5c39627dfae8d31584e30183c28525b71,Florimond Manca,GitHub,2019-12-07 14:17:35+00:00,2019-12-07T15:17:35+01:00,Refactor tests in the light of backend auto-detection (#615),False,1,test_timeouts.py,tests/test_timeouts.py,4,6,10,0,1
ab41a5d5c39627dfae8d31584e30183c28525b71,Florimond Manca,GitHub,2019-12-07 14:17:35+00:00,2019-12-07T15:17:35+01:00,Refactor tests in the light of backend auto-detection (#615),False,1,test_connections.py,tests/dispatch/test_connections.py,5,7,12,0,1
83fc0921c175f47607f864678b0b0bba4dbb0413,Tom Christie,GitHub,2019-12-08 19:43:33+00:00,2019-12-08T19:43:33Z,Drop TimeoutFlag (#618),False,1,http11.py,httpx/dispatch/http11.py,2,12,14,0,0
83fc0921c175f47607f864678b0b0bba4dbb0413,Tom Christie,GitHub,2019-12-08 19:43:33+00:00,2019-12-08T19:43:33Z,Drop TimeoutFlag (#618),False,1,trio.py,httpx/concurrency/trio.py,33,58,91,0,0
83fc0921c175f47607f864678b0b0bba4dbb0413,Tom Christie,GitHub,2019-12-08 19:43:33+00:00,2019-12-08T19:43:33Z,Drop TimeoutFlag (#618),False,1,base.py,httpx/concurrency/base.py,1,33,34,0,0
83fc0921c175f47607f864678b0b0bba4dbb0413,Tom Christie,GitHub,2019-12-08 19:43:33+00:00,2019-12-08T19:43:33Z,Drop TimeoutFlag (#618),False,1,asyncio.py,httpx/concurrency/asyncio.py,16,47,63,0,0
eba29da632c3a0fce55a54fc18cd6b147db43726,Tom Christie,GitHub,2019-12-08 19:52:46+00:00,2019-12-08T19:52:46Z,Drop 'fork' (#619),False,1,auto.py,httpx/concurrency/auto.py,0,9,9,0,0
eba29da632c3a0fce55a54fc18cd6b147db43726,Tom Christie,GitHub,2019-12-08 19:52:46+00:00,2019-12-08T19:52:46Z,Drop 'fork' (#619),False,1,asyncio.py,httpx/concurrency/asyncio.py,0,22,22,0,0
eba29da632c3a0fce55a54fc18cd6b147db43726,Tom Christie,GitHub,2019-12-08 19:52:46+00:00,2019-12-08T19:52:46Z,Drop 'fork' (#619),False,1,trio.py,httpx/concurrency/trio.py,0,16,16,0,0
eba29da632c3a0fce55a54fc18cd6b147db43726,Tom Christie,GitHub,2019-12-08 19:52:46+00:00,2019-12-08T19:52:46Z,Drop 'fork' (#619),False,1,test_concurrency.py,tests/test_concurrency.py,1,48,49,0,0
eba29da632c3a0fce55a54fc18cd6b147db43726,Tom Christie,GitHub,2019-12-08 19:52:46+00:00,2019-12-08T19:52:46Z,Drop 'fork' (#619),False,1,base.py,httpx/concurrency/base.py,0,18,18,0,0
e95111ac07d31817ff9189379dc052c5d867bfe5,Florimond Manca,GitHub,2019-12-09 10:34:02+00:00,2019-12-09T11:34:02+01:00,Add OpenConnection base class (#616),False,1,http2.py,httpx/dispatch/http2.py,6,1,7,0,0
e95111ac07d31817ff9189379dc052c5d867bfe5,Florimond Manca,GitHub,2019-12-09 10:34:02+00:00,2019-12-09T11:34:02+01:00,Add OpenConnection base class (#616),False,1,http11.py,httpx/dispatch/http11.py,6,1,7,0,0
e95111ac07d31817ff9189379dc052c5d867bfe5,Florimond Manca,GitHub,2019-12-09 10:34:02+00:00,2019-12-09T11:34:02+01:00,Add OpenConnection base class (#616),False,1,connection.py,httpx/dispatch/connection.py,27,35,62,0,0
e95111ac07d31817ff9189379dc052c5d867bfe5,Florimond Manca,GitHub,2019-12-09 10:34:02+00:00,2019-12-09T11:34:02+01:00,Add OpenConnection base class (#616),False,1,base.py,httpx/dispatch/base.py,23,0,23,0,0
3124a381237f0fdacda93b43a863e2c1aa04ed95,Tom Christie,GitHub,2019-12-09 10:59:55+00:00,2019-12-09T10:59:55Z,Minor config cleanup (#621),False,1,test_config.py,tests/test_config.py,3,2,5,0,0
3124a381237f0fdacda93b43a863e2c1aa04ed95,Tom Christie,GitHub,2019-12-09 10:59:55+00:00,2019-12-09T10:59:55Z,Minor config cleanup (#621),False,1,config.py,httpx/config.py,3,3,6,0,0
02d16bfb34e2af183b1b014b3109e1e322611758,Tom Christie,Tom Christie,2019-12-09 17:12:20+00:00,2019-12-09T17:12:20Z,Trivial-case test for response.elapsed,False,1,test_client.py,tests/client/test_client.py,1,13,14,0,0
66e0f4b6f8df5c744681cb8306f416f48b0a0e35,Tom Christie,GitHub,2019-12-09 18:30:00+00:00,2019-12-09T18:30:00Z,"Tweak backport_start_tls implementation, and add 'nocover'. (#622)",False,1,asyncio.py,httpx/concurrency/asyncio.py,40,37,77,0,0
00a875db934b26868a8bb740d6bbf5ce344b1f65,Tom Christie,GitHub,2019-12-11 12:30:56+00:00,2019-12-11T12:30:56Z,Refactor get_semaphore (#625),False,1,connection_pool.py,httpx/dispatch/connection_pool.py,13,1,14,0,0
00a875db934b26868a8bb740d6bbf5ce344b1f65,Tom Christie,GitHub,2019-12-11 12:30:56+00:00,2019-12-11T12:30:56Z,Refactor get_semaphore (#625),False,1,trio.py,httpx/concurrency/trio.py,7,19,26,0,0
00a875db934b26868a8bb740d6bbf5ce344b1f65,Tom Christie,GitHub,2019-12-11 12:30:56+00:00,2019-12-11T12:30:56Z,Refactor get_semaphore (#625),False,1,base.py,httpx/concurrency/base.py,2,2,4,0,0
00a875db934b26868a8bb740d6bbf5ce344b1f65,Tom Christie,GitHub,2019-12-11 12:30:56+00:00,2019-12-11T12:30:56Z,Refactor get_semaphore (#625),False,1,auto.py,httpx/concurrency/auto.py,3,3,6,0,0
00a875db934b26868a8bb740d6bbf5ce344b1f65,Tom Christie,GitHub,2019-12-11 12:30:56+00:00,2019-12-11T12:30:56Z,Refactor get_semaphore (#625),False,1,asyncio.py,httpx/concurrency/asyncio.py,7,17,24,0,0
869714fbf5f2a1bfda8d6f906930f49032507d7a,Tom Christie,GitHub,2019-12-11 12:31:05+00:00,2019-12-11T12:31:05Z,Drop unused methods from BaseEvent (#626),False,1,asyncio.py,httpx/concurrency/asyncio.py,12,1,13,0,0
869714fbf5f2a1bfda8d6f906930f49032507d7a,Tom Christie,GitHub,2019-12-11 12:31:05+00:00,2019-12-11T12:31:05Z,Drop unused methods from BaseEvent (#626),False,1,trio.py,httpx/concurrency/trio.py,0,8,8,0,0
869714fbf5f2a1bfda8d6f906930f49032507d7a,Tom Christie,GitHub,2019-12-11 12:31:05+00:00,2019-12-11T12:31:05Z,Drop unused methods from BaseEvent (#626),False,1,base.py,httpx/concurrency/base.py,0,6,6,0,0
1d25bd58a86d725754c4fe1ae4fc4cd3c22b9b57,Tom Christie,GitHub,2019-12-12 10:40:12+00:00,2019-12-12T10:40:12Z,"Ensure H2 state is only accessed by the connection, not per-stream. (#628)",False,1,http2.py,httpx/dispatch/http2.py,33,20,53,0,1
499de51f2b4772bff5dd3955474d349a0e9324e4,Tom Christie,GitHub,2019-12-12 11:52:49+00:00,2019-12-12T11:52:49Z,Keep-alive timeouts. (#627),False,1,test_connection_pools.py,tests/dispatch/test_connection_pools.py,31,0,31,0,1
499de51f2b4772bff5dd3955474d349a0e9324e4,Tom Christie,GitHub,2019-12-12 11:52:49+00:00,2019-12-12T11:52:49Z,Keep-alive timeouts. (#627),False,1,connection_pool.py,httpx/dispatch/connection_pool.py,21,0,21,0,0
499de51f2b4772bff5dd3955474d349a0e9324e4,Tom Christie,GitHub,2019-12-12 11:52:49+00:00,2019-12-12T11:52:49Z,Keep-alive timeouts. (#627),False,1,connection.py,httpx/dispatch/connection.py,1,0,1,0,0
499de51f2b4772bff5dd3955474d349a0e9324e4,Tom Christie,GitHub,2019-12-12 11:52:49+00:00,2019-12-12T11:52:49Z,Keep-alive timeouts. (#627),False,1,trio.py,httpx/concurrency/trio.py,3,0,3,0,0
499de51f2b4772bff5dd3955474d349a0e9324e4,Tom Christie,GitHub,2019-12-12 11:52:49+00:00,2019-12-12T11:52:49Z,Keep-alive timeouts. (#627),False,1,base.py,httpx/concurrency/base.py,3,0,3,0,0
499de51f2b4772bff5dd3955474d349a0e9324e4,Tom Christie,GitHub,2019-12-12 11:52:49+00:00,2019-12-12T11:52:49Z,Keep-alive timeouts. (#627),False,1,auto.py,httpx/concurrency/auto.py,3,0,3,0,0
499de51f2b4772bff5dd3955474d349a0e9324e4,Tom Christie,GitHub,2019-12-12 11:52:49+00:00,2019-12-12T11:52:49Z,Keep-alive timeouts. (#627),False,1,asyncio.py,httpx/concurrency/asyncio.py,4,0,4,0,0
52c2c9762f400986fbc0164c918fc3ea5a0593ac,Tom Christie,GitHub,2019-12-12 11:57:53+00:00,2019-12-12T11:57:53Z,Bump up flow control defaults (#629),False,1,utils.py,tests/dispatch/utils.py,0,11,11,1,0
52c2c9762f400986fbc0164c918fc3ea5a0593ac,Tom Christie,GitHub,2019-12-12 11:57:53+00:00,2019-12-12T11:57:53Z,Bump up flow control defaults (#629),False,1,http2.py,httpx/dispatch/http2.py,2,0,2,1,0
b847ab07a33e0d6a006b85130c07e71a2479d92b,Tom Christie,GitHub,2019-12-13 10:44:02+00:00,2019-12-13T10:44:02Z,Version 0.9.4 (#631),False,1,__version__.py,httpx/__version__.py,1,1,2,0,0
4bb69e3e3e7bafdcefbdd13b6bf5a313594187d2,Arkie,Tom Christie,2019-12-13 10:49:15+00:00,2019-12-13T10:49:15Z,Allow explicit Content-Type to take precedence (#633),False,1,models.py,httpx/models.py,1,1,2,0,0
c337938af51698c31c30d992c4f165c6fb8db92e,Florimond Manca,Tom Christie,2019-12-16 12:11:58+00:00,2019-12-16T12:11:58Z,asyncio: Don't wait for the stream to close (#640),False,1,asyncio.py,httpx/concurrency/asyncio.py,7,3,10,0,0
0783baea3ea9efc9918ef3e21c75fe8867352ee3,Tom Christie,GitHub,2019-12-16 12:19:25+00:00,2019-12-16T12:19:25Z,Disable HTTP/2 strict header validation (#637),False,1,http2.py,httpx/dispatch/http2.py,3,1,4,0,0
8d4f18250022a8823f16006993900228e216146b,Tom Christie,GitHub,2019-12-18 10:51:34+00:00,2019-12-18T10:51:34Z,Added RequestContent (#636),False,1,test_content.py,tests/test_content.py,109,0,109,0,0
8d4f18250022a8823f16006993900228e216146b,Tom Christie,GitHub,2019-12-18 10:51:34+00:00,2019-12-18T10:51:34Z,Added RequestContent (#636),False,1,test_requests.py,tests/models/test_requests.py,6,4,10,0,0
8d4f18250022a8823f16006993900228e216146b,Tom Christie,GitHub,2019-12-18 10:51:34+00:00,2019-12-18T10:51:34Z,Added RequestContent (#636),False,1,utils.py,tests/dispatch/utils.py,9,12,21,0,0
8d4f18250022a8823f16006993900228e216146b,Tom Christie,GitHub,2019-12-18 10:51:34+00:00,2019-12-18T10:51:34Z,Added RequestContent (#636),False,1,test_http2.py,tests/dispatch/test_http2.py,5,6,11,0,0
8d4f18250022a8823f16006993900228e216146b,Tom Christie,GitHub,2019-12-18 10:51:34+00:00,2019-12-18T10:51:34Z,Added RequestContent (#636),False,1,test_redirects.py,tests/client/test_redirects.py,0,1,1,0,0
8d4f18250022a8823f16006993900228e216146b,Tom Christie,GitHub,2019-12-18 10:51:34+00:00,2019-12-18T10:51:34Z,Added RequestContent (#636),False,1,multipart.py,httpx/multipart.py,5,2,7,0,0
8d4f18250022a8823f16006993900228e216146b,Tom Christie,GitHub,2019-12-18 10:51:34+00:00,2019-12-18T10:51:34Z,Added RequestContent (#636),False,1,models.py,httpx/models.py,7,70,77,0,0
8d4f18250022a8823f16006993900228e216146b,Tom Christie,GitHub,2019-12-18 10:51:34+00:00,2019-12-18T10:51:34Z,Added RequestContent (#636),False,1,content.py,httpx/content.py,171,0,171,0,0
8d4f18250022a8823f16006993900228e216146b,Tom Christie,GitHub,2019-12-18 10:51:34+00:00,2019-12-18T10:51:34Z,Added RequestContent (#636),False,1,client.py,httpx/client.py,7,6,13,0,0
6c69e0936b0ee1849f0749f04113ec3e6c92c9ff,Tom Christie,GitHub,2019-12-18 15:25:31+00:00,2019-12-18T15:25:31Z,No I/O auth (#644),False,1,api.py,httpx/api.py,1,1,2,0,0
6c69e0936b0ee1849f0749f04113ec3e6c92c9ff,Tom Christie,GitHub,2019-12-18 15:25:31+00:00,2019-12-18T15:25:31Z,No I/O auth (#644),False,1,auth.py,httpx/auth.py,67,12,79,0,0
6c69e0936b0ee1849f0749f04113ec3e6c92c9ff,Tom Christie,GitHub,2019-12-18 15:25:31+00:00,2019-12-18T15:25:31Z,No I/O auth (#644),False,1,models.py,httpx/models.py,0,6,6,0,1
6c69e0936b0ee1849f0749f04113ec3e6c92c9ff,Tom Christie,GitHub,2019-12-18 15:25:31+00:00,2019-12-18T15:25:31Z,No I/O auth (#644),False,1,middleware.py,httpx/middleware.py,0,10,10,0,0
6c69e0936b0ee1849f0749f04113ec3e6c92c9ff,Tom Christie,GitHub,2019-12-18 15:25:31+00:00,2019-12-18T15:25:31Z,No I/O auth (#644),False,1,test_auth.py,tests/client/test_auth.py,4,4,8,0,0
6c69e0936b0ee1849f0749f04113ec3e6c92c9ff,Tom Christie,GitHub,2019-12-18 15:25:31+00:00,2019-12-18T15:25:31Z,No I/O auth (#644),False,1,client.py,httpx/client.py,53,35,88,0,1
5ee512d803d1d6b49dc171e1114f0075618de78e,Tom Christie,GitHub,2019-12-20 10:25:42+00:00,2019-12-20T10:25:42Z,Fix Host header and HSTS when the default port is explicitly included in URL (#649),False,1,test_url.py,tests/models/test_url.py,2,2,4,1,0
5ee512d803d1d6b49dc171e1114f0075618de78e,Tom Christie,GitHub,2019-12-20 10:25:42+00:00,2019-12-20T10:25:42Z,Fix Host header and HSTS when the default port is explicitly included in URL (#649),False,1,test_headers.py,tests/client/test_headers.py,31,2,33,1,0
5ee512d803d1d6b49dc171e1114f0075618de78e,Tom Christie,GitHub,2019-12-20 10:25:42+00:00,2019-12-20T10:25:42Z,Fix Host header and HSTS when the default port is explicitly included in URL (#649),False,1,models.py,httpx/models.py,6,2,8,1,0
5ee512d803d1d6b49dc171e1114f0075618de78e,Tom Christie,GitHub,2019-12-20 10:25:42+00:00,2019-12-20T10:25:42Z,Fix Host header and HSTS when the default port is explicitly included in URL (#649),False,1,client.py,httpx/client.py,2,1,3,1,0
74e5115b86871a2a48fffa998ec1fb8fd0d70474,Tom Christie,GitHub,2019-12-20 10:46:35+00:00,2019-12-20T10:46:35Z,"params argument on URL should merge, not replace. (#653)",False,1,test_url.py,tests/models/test_url.py,1,1,2,0,0
74e5115b86871a2a48fffa998ec1fb8fd0d70474,Tom Christie,GitHub,2019-12-20 10:46:35+00:00,2019-12-20T10:46:35Z,"params argument on URL should merge, not replace. (#653)",False,1,models.py,httpx/models.py,7,2,9,0,0
9904684d353f8d806755918533487b78138f7c08,Tom Christie,GitHub,2019-12-20 11:18:22+00:00,2019-12-20T11:18:22Z,Version 0.9.5 (#657),False,1,__version__.py,httpx/__version__.py,1,1,2,0,0
bb6ab205fe60fd9ae9a1465188540dbfe46cf048,Tom Christie,GitHub,2019-12-20 15:14:30+00:00,2019-12-20T15:14:30Z,Upgrade h11 to support both 0.8 and 0.9 (#658),False,1,setup.py,setup.py,1,1,2,0,0
36af9d959764a4b82d2a8bd30fb0904da0223e16,Tom Christie,GitHub,2019-12-20 15:14:55+00:00,2019-12-20T15:14:55Z,Rationalize backend Semaphore interface slightly (#660),False,1,asyncio.py,httpx/concurrency/asyncio.py,25,24,49,0,0
36af9d959764a4b82d2a8bd30fb0904da0223e16,Tom Christie,GitHub,2019-12-20 15:14:55+00:00,2019-12-20T15:14:55Z,Rationalize backend Semaphore interface slightly (#660),False,1,auto.py,httpx/concurrency/auto.py,4,4,8,0,0
36af9d959764a4b82d2a8bd30fb0904da0223e16,Tom Christie,GitHub,2019-12-20 15:14:55+00:00,2019-12-20T15:14:55Z,Rationalize backend Semaphore interface slightly (#660),False,1,trio.py,httpx/concurrency/trio.py,28,27,55,0,0
36af9d959764a4b82d2a8bd30fb0904da0223e16,Tom Christie,GitHub,2019-12-20 15:14:55+00:00,2019-12-20T15:14:55Z,Rationalize backend Semaphore interface slightly (#660),False,1,connection_pool.py,httpx/dispatch/connection_pool.py,10,6,16,0,0
36af9d959764a4b82d2a8bd30fb0904da0223e16,Tom Christie,GitHub,2019-12-20 15:14:55+00:00,2019-12-20T15:14:55Z,Rationalize backend Semaphore interface slightly (#660),False,1,base.py,httpx/concurrency/base.py,7,7,14,0,0
cee1fccaca1701c39901c2c9663fcaa081075b2d,Tom Christie,GitHub,2019-12-20 16:05:04+00:00,2019-12-20T16:05:04Z,Use Streams API for both requests and responses. (#648),False,1,models.py,httpx/models.py,16,17,33,0,0
cee1fccaca1701c39901c2c9663fcaa081075b2d,Tom Christie,GitHub,2019-12-20 16:05:04+00:00,2019-12-20T16:05:04Z,Use Streams API for both requests and responses. (#648),False,1,content.py,httpx/content.py,0,171,171,0,0
cee1fccaca1701c39901c2c9663fcaa081075b2d,Tom Christie,GitHub,2019-12-20 16:05:04+00:00,2019-12-20T16:05:04Z,Use Streams API for both requests and responses. (#648),False,1,content_streams.py,httpx/content_streams.py,279,0,279,0,0
cee1fccaca1701c39901c2c9663fcaa081075b2d,Tom Christie,GitHub,2019-12-20 16:05:04+00:00,2019-12-20T16:05:04Z,Use Streams API for both requests and responses. (#648),False,1,asgi.py,httpx/dispatch/asgi.py,7,3,10,0,0
cee1fccaca1701c39901c2c9663fcaa081075b2d,Tom Christie,GitHub,2019-12-20 16:05:04+00:00,2019-12-20T16:05:04Z,Use Streams API for both requests and responses. (#648),False,1,http11.py,httpx/dispatch/http11.py,7,4,11,0,0
cee1fccaca1701c39901c2c9663fcaa081075b2d,Tom Christie,GitHub,2019-12-20 16:05:04+00:00,2019-12-20T16:05:04Z,Use Streams API for both requests and responses. (#648),False,1,http2.py,httpx/dispatch/http2.py,7,4,11,0,0
cee1fccaca1701c39901c2c9663fcaa081075b2d,Tom Christie,GitHub,2019-12-20 16:05:04+00:00,2019-12-20T16:05:04Z,Use Streams API for both requests and responses. (#648),False,1,proxy_http.py,httpx/dispatch/proxy_http.py,3,2,5,0,0
cee1fccaca1701c39901c2c9663fcaa081075b2d,Tom Christie,GitHub,2019-12-20 16:05:04+00:00,2019-12-20T16:05:04Z,Use Streams API for both requests and responses. (#648),False,1,multipart.py,httpx/multipart.py,0,126,126,0,0
cee1fccaca1701c39901c2c9663fcaa081075b2d,Tom Christie,GitHub,2019-12-20 16:05:04+00:00,2019-12-20T16:05:04Z,Use Streams API for both requests and responses. (#648),False,1,client.py,httpx/client.py,11,9,20,0,0
cee1fccaca1701c39901c2c9663fcaa081075b2d,Tom Christie,GitHub,2019-12-20 16:05:04+00:00,2019-12-20T16:05:04Z,Use Streams API for both requests and responses. (#648),False,1,test_redirects.py,tests/client/test_redirects.py,2,2,4,0,1
cee1fccaca1701c39901c2c9663fcaa081075b2d,Tom Christie,GitHub,2019-12-20 16:05:04+00:00,2019-12-20T16:05:04Z,Use Streams API for both requests and responses. (#648),False,1,test_http2.py,tests/dispatch/test_http2.py,1,1,2,0,0
cee1fccaca1701c39901c2c9663fcaa081075b2d,Tom Christie,GitHub,2019-12-20 16:05:04+00:00,2019-12-20T16:05:04Z,Use Streams API for both requests and responses. (#648),False,1,test_requests.py,tests/models/test_requests.py,6,2,8,0,0
cee1fccaca1701c39901c2c9663fcaa081075b2d,Tom Christie,GitHub,2019-12-20 16:05:04+00:00,2019-12-20T16:05:04Z,Use Streams API for both requests and responses. (#648),False,1,test_responses.py,tests/models/test_responses.py,7,3,10,0,0
cee1fccaca1701c39901c2c9663fcaa081075b2d,Tom Christie,GitHub,2019-12-20 16:05:04+00:00,2019-12-20T16:05:04Z,Use Streams API for both requests and responses. (#648),False,1,test_content.py,tests/test_content.py,0,109,109,0,0
cee1fccaca1701c39901c2c9663fcaa081075b2d,Tom Christie,GitHub,2019-12-20 16:05:04+00:00,2019-12-20T16:05:04Z,Use Streams API for both requests and responses. (#648),False,1,test_content_streams.py,tests/test_content_streams.py,116,0,116,0,0
cee1fccaca1701c39901c2c9663fcaa081075b2d,Tom Christie,GitHub,2019-12-20 16:05:04+00:00,2019-12-20T16:05:04Z,Use Streams API for both requests and responses. (#648),False,1,test_decoders.py,tests/test_decoders.py,7,3,10,0,0
cee1fccaca1701c39901c2c9663fcaa081075b2d,Tom Christie,GitHub,2019-12-20 16:05:04+00:00,2019-12-20T16:05:04Z,Use Streams API for both requests and responses. (#648),False,1,test_multipart.py,tests/test_multipart.py,19,18,37,0,0
cee1fccaca1701c39901c2c9663fcaa081075b2d,Tom Christie,GitHub,2019-12-20 16:05:04+00:00,2019-12-20T16:05:04Z,Use Streams API for both requests and responses. (#648),False,1,utils.py,httpx/utils.py,23,0,23,0,0
e34df7a7a19b5ebdbad59a0b7e1a54b4f011811b,Andrés Álvarez,Tom Christie,2019-12-20 16:53:42+00:00,2019-12-20T16:53:42Z,Rename `concurrency` directory to `backends` (#662),False,1,asyncio.py,httpx/concurrency/asyncio.py,0,288,288,0,0
e34df7a7a19b5ebdbad59a0b7e1a54b4f011811b,Andrés Álvarez,Tom Christie,2019-12-20 16:53:42+00:00,2019-12-20T16:53:42Z,Rename `concurrency` directory to `backends` (#662),False,1,__init__.py,httpx/concurrency/__init__.py,0,0,0,0,0
e34df7a7a19b5ebdbad59a0b7e1a54b4f011811b,Andrés Álvarez,Tom Christie,2019-12-20 16:53:42+00:00,2019-12-20T16:53:42Z,Rename `concurrency` directory to `backends` (#662),False,1,client.py,httpx/client.py,1,1,2,0,0
e34df7a7a19b5ebdbad59a0b7e1a54b4f011811b,Andrés Álvarez,Tom Christie,2019-12-20 16:53:42+00:00,2019-12-20T16:53:42Z,Rename `concurrency` directory to `backends` (#662),False,1,__init__.py,httpx/backends/__init__.py,0,0,0,0,0
e34df7a7a19b5ebdbad59a0b7e1a54b4f011811b,Andrés Álvarez,Tom Christie,2019-12-20 16:53:42+00:00,2019-12-20T16:53:42Z,Rename `concurrency` directory to `backends` (#662),False,1,base.py,httpx/backends/base.py,119,0,119,0,0
e34df7a7a19b5ebdbad59a0b7e1a54b4f011811b,Andrés Álvarez,Tom Christie,2019-12-20 16:53:42+00:00,2019-12-20T16:53:42Z,Rename `concurrency` directory to `backends` (#662),False,1,auto.py,httpx/backends/auto.py,56,0,56,0,0
e34df7a7a19b5ebdbad59a0b7e1a54b4f011811b,Andrés Álvarez,Tom Christie,2019-12-20 16:53:42+00:00,2019-12-20T16:53:42Z,Rename `concurrency` directory to `backends` (#662),False,1,asyncio.py,httpx/backends/asyncio.py,288,0,288,0,0
e34df7a7a19b5ebdbad59a0b7e1a54b4f011811b,Andrés Álvarez,Tom Christie,2019-12-20 16:53:42+00:00,2019-12-20T16:53:42Z,Rename `concurrency` directory to `backends` (#662),False,1,trio.py,httpx/backends/trio.py,178,0,178,0,0
e34df7a7a19b5ebdbad59a0b7e1a54b4f011811b,Andrés Álvarez,Tom Christie,2019-12-20 16:53:42+00:00,2019-12-20T16:53:42Z,Rename `concurrency` directory to `backends` (#662),False,1,auto.py,httpx/concurrency/auto.py,0,56,56,0,0
e34df7a7a19b5ebdbad59a0b7e1a54b4f011811b,Andrés Álvarez,Tom Christie,2019-12-20 16:53:42+00:00,2019-12-20T16:53:42Z,Rename `concurrency` directory to `backends` (#662),False,1,connection.py,httpx/dispatch/connection.py,1,1,2,0,0
e34df7a7a19b5ebdbad59a0b7e1a54b4f011811b,Andrés Álvarez,Tom Christie,2019-12-20 16:53:42+00:00,2019-12-20T16:53:42Z,Rename `concurrency` directory to `backends` (#662),False,1,trio.py,httpx/concurrency/trio.py,0,178,178,0,0
e34df7a7a19b5ebdbad59a0b7e1a54b4f011811b,Andrés Álvarez,Tom Christie,2019-12-20 16:53:42+00:00,2019-12-20T16:53:42Z,Rename `concurrency` directory to `backends` (#662),False,1,connection_pool.py,httpx/dispatch/connection_pool.py,1,1,2,0,0
e34df7a7a19b5ebdbad59a0b7e1a54b4f011811b,Andrés Álvarez,Tom Christie,2019-12-20 16:53:42+00:00,2019-12-20T16:53:42Z,Rename `concurrency` directory to `backends` (#662),False,1,http11.py,httpx/dispatch/http11.py,1,1,2,0,0
e34df7a7a19b5ebdbad59a0b7e1a54b4f011811b,Andrés Álvarez,Tom Christie,2019-12-20 16:53:42+00:00,2019-12-20T16:53:42Z,Rename `concurrency` directory to `backends` (#662),False,1,http2.py,httpx/dispatch/http2.py,1,1,2,0,0
e34df7a7a19b5ebdbad59a0b7e1a54b4f011811b,Andrés Álvarez,Tom Christie,2019-12-20 16:53:42+00:00,2019-12-20T16:53:42Z,Rename `concurrency` directory to `backends` (#662),False,1,proxy_http.py,httpx/dispatch/proxy_http.py,1,1,2,0,0
e34df7a7a19b5ebdbad59a0b7e1a54b4f011811b,Andrés Álvarez,Tom Christie,2019-12-20 16:53:42+00:00,2019-12-20T16:53:42Z,Rename `concurrency` directory to `backends` (#662),False,1,concurrency.py,tests/concurrency.py,3,3,6,0,0
e34df7a7a19b5ebdbad59a0b7e1a54b4f011811b,Andrés Álvarez,Tom Christie,2019-12-20 16:53:42+00:00,2019-12-20T16:53:42Z,Rename `concurrency` directory to `backends` (#662),False,1,conftest.py,tests/conftest.py,2,2,4,0,1
e34df7a7a19b5ebdbad59a0b7e1a54b4f011811b,Andrés Álvarez,Tom Christie,2019-12-20 16:53:42+00:00,2019-12-20T16:53:42Z,Rename `concurrency` directory to `backends` (#662),False,1,utils.py,tests/dispatch/utils.py,1,1,2,0,0
e34df7a7a19b5ebdbad59a0b7e1a54b4f011811b,Andrés Álvarez,Tom Christie,2019-12-20 16:53:42+00:00,2019-12-20T16:53:42Z,Rename `concurrency` directory to `backends` (#662),False,1,test_concurrency.py,tests/test_concurrency.py,3,3,6,0,1
e34df7a7a19b5ebdbad59a0b7e1a54b4f011811b,Andrés Álvarez,Tom Christie,2019-12-20 16:53:42+00:00,2019-12-20T16:53:42Z,Rename `concurrency` directory to `backends` (#662),False,1,base.py,httpx/concurrency/base.py,0,119,119,0,0
9e88f2e2fbbf6a631501c181b7e21f4cf0d6d5c5,Florimond Manca,Tom Christie,2019-12-21 14:17:14+00:00,2019-12-21T14:17:14Z,Remove httpxprof (#663),False,1,.gitignore,tools/httpxprof/.gitignore,0,1,1,0,0
9e88f2e2fbbf6a631501c181b7e21f4cf0d6d5c5,Florimond Manca,Tom Christie,2019-12-21 14:17:14+00:00,2019-12-21T14:17:14Z,Remove httpxprof (#663),False,1,__init__.py,tools/httpxprof/httpxprof/__init__.py,0,0,0,0,0
9e88f2e2fbbf6a631501c181b7e21f4cf0d6d5c5,Florimond Manca,Tom Christie,2019-12-21 14:17:14+00:00,2019-12-21T14:17:14Z,Remove httpxprof (#663),False,1,__main__.py,tools/httpxprof/httpxprof/__main__.py,0,5,5,0,0
9e88f2e2fbbf6a631501c181b7e21f4cf0d6d5c5,Florimond Manca,Tom Christie,2019-12-21 14:17:14+00:00,2019-12-21T14:17:14Z,Remove httpxprof (#663),False,1,main.py,tools/httpxprof/httpxprof/main.py,0,45,45,0,0
9e88f2e2fbbf6a631501c181b7e21f4cf0d6d5c5,Florimond Manca,Tom Christie,2019-12-21 14:17:14+00:00,2019-12-21T14:17:14Z,Remove httpxprof (#663),False,1,config.py,tools/httpxprof/httpxprof/config.py,0,9,9,0,0
9e88f2e2fbbf6a631501c181b7e21f4cf0d6d5c5,Florimond Manca,Tom Christie,2019-12-21 14:17:14+00:00,2019-12-21T14:17:14Z,Remove httpxprof (#663),False,1,async.py,tools/httpxprof/httpxprof/scripts/async.py,0,15,15,0,0
9e88f2e2fbbf6a631501c181b7e21f4cf0d6d5c5,Florimond Manca,Tom Christie,2019-12-21 14:17:14+00:00,2019-12-21T14:17:14Z,Remove httpxprof (#663),False,1,sync.py,tools/httpxprof/httpxprof/scripts/sync.py,0,13,13,0,0
9e88f2e2fbbf6a631501c181b7e21f4cf0d6d5c5,Florimond Manca,Tom Christie,2019-12-21 14:17:14+00:00,2019-12-21T14:17:14Z,Remove httpxprof (#663),False,1,utils.py,tools/httpxprof/httpxprof/utils.py,0,49,49,0,0
9e88f2e2fbbf6a631501c181b7e21f4cf0d6d5c5,Florimond Manca,Tom Christie,2019-12-21 14:17:14+00:00,2019-12-21T14:17:14Z,Remove httpxprof (#663),False,1,setup.py,tools/httpxprof/setup.py,0,20,20,0,0
9e88f2e2fbbf6a631501c181b7e21f4cf0d6d5c5,Florimond Manca,Tom Christie,2019-12-21 14:17:14+00:00,2019-12-21T14:17:14Z,Remove httpxprof (#663),False,1,__init__.py,tools/httpxprof/httpxprof/scripts/__init__.py,0,0,0,0,0
56c8edaf666d55264aedeed65ffa9eee5246869b,Florimond Manca,GitHub,2019-12-21 14:38:25+00:00,2019-12-21T15:38:25+01:00,Make 'request' non-optional on responses (#666),False,1,test_multipart.py,tests/test_multipart.py,1,1,2,0,0
56c8edaf666d55264aedeed65ffa9eee5246869b,Florimond Manca,GitHub,2019-12-21 14:38:25+00:00,2019-12-21T15:38:25+01:00,Make 'request' non-optional on responses (#666),False,1,test_decoders.py,tests/test_decoders.py,28,11,39,0,0
56c8edaf666d55264aedeed65ffa9eee5246869b,Florimond Manca,GitHub,2019-12-21 14:38:25+00:00,2019-12-21T15:38:25+01:00,Make 'request' non-optional on responses (#666),False,1,test_responses.py,tests/models/test_responses.py,32,25,57,0,0
56c8edaf666d55264aedeed65ffa9eee5246869b,Florimond Manca,GitHub,2019-12-21 14:38:25+00:00,2019-12-21T15:38:25+01:00,Make 'request' non-optional on responses (#666),False,1,test_http2.py,tests/dispatch/test_http2.py,1,1,2,0,1
56c8edaf666d55264aedeed65ffa9eee5246869b,Florimond Manca,GitHub,2019-12-21 14:38:25+00:00,2019-12-21T15:38:25+01:00,Make 'request' non-optional on responses (#666),False,1,models.py,httpx/models.py,2,6,8,0,0
d0427bead03790599acee0d16ae4e3c92b93b25d,Florimond Manca,GitHub,2019-12-21 15:08:40+00:00,2019-12-21T16:08:40+01:00,Clean up 'backend' fixture (#664),False,1,test_redirects.py,tests/client/test_redirects.py,40,20,60,1,0
d0427bead03790599acee0d16ae4e3c92b93b25d,Florimond Manca,GitHub,2019-12-21 15:08:40+00:00,2019-12-21T16:08:40+01:00,Clean up 'backend' fixture (#664),False,1,conftest.py,tests/conftest.py,27,20,47,1,0
d0427bead03790599acee0d16ae4e3c92b93b25d,Florimond Manca,GitHub,2019-12-21 15:08:40+00:00,2019-12-21T16:08:40+01:00,Clean up 'backend' fixture (#664),False,1,test_connection_pools.py,tests/dispatch/test_connection_pools.py,26,14,40,1,0
d0427bead03790599acee0d16ae4e3c92b93b25d,Florimond Manca,GitHub,2019-12-21 15:08:40+00:00,2019-12-21T16:08:40+01:00,Clean up 'backend' fixture (#664),False,1,test_async_client.py,tests/client/test_async_client.py,32,39,71,1,0
d0427bead03790599acee0d16ae4e3c92b93b25d,Florimond Manca,GitHub,2019-12-21 15:08:40+00:00,2019-12-21T16:08:40+01:00,Clean up 'backend' fixture (#664),False,1,test_http2.py,tests/dispatch/test_http2.py,4,2,6,1,0
d0427bead03790599acee0d16ae4e3c92b93b25d,Florimond Manca,GitHub,2019-12-21 15:08:40+00:00,2019-12-21T16:08:40+01:00,Clean up 'backend' fixture (#664),False,1,test_proxy_http.py,tests/dispatch/test_proxy_http.py,8,4,12,1,0
d0427bead03790599acee0d16ae4e3c92b93b25d,Florimond Manca,GitHub,2019-12-21 15:08:40+00:00,2019-12-21T16:08:40+01:00,Clean up 'backend' fixture (#664),False,1,test_concurrency.py,tests/test_concurrency.py,9,6,15,1,0
d0427bead03790599acee0d16ae4e3c92b93b25d,Florimond Manca,GitHub,2019-12-21 15:08:40+00:00,2019-12-21T16:08:40+01:00,Clean up 'backend' fixture (#664),False,1,test_timeouts.py,tests/test_timeouts.py,8,4,12,1,0
d0427bead03790599acee0d16ae4e3c92b93b25d,Florimond Manca,GitHub,2019-12-21 15:08:40+00:00,2019-12-21T16:08:40+01:00,Clean up 'backend' fixture (#664),False,1,test_connections.py,tests/dispatch/test_connections.py,10,5,15,1,0
49e4d155ee769fe805ff3c5ba607a46b634cfd57,Florimond Manca,GitHub,2019-12-21 17:48:55+00:00,2019-12-21T18:48:55+01:00,Type-check test_auth.py (#665),False,1,test_auth.py,tests/client/test_auth.py,38,29,67,0,0
0ee0005154c2adc78479fc7fce6f88fc74aed949,Florimond Manca,GitHub,2019-12-23 09:51:06+00:00,2019-12-23T10:51:06+01:00,Type-check test_cookies.py (#677),False,1,test_cookies.py,tests/client/test_cookies.py,11,9,20,0,0
f3b799912ede54b2f500c47d5f8a59a010d6b2ff,Tom Christie,GitHub,2019-12-23 10:49:36+00:00,2019-12-23T10:49:36Z,Gracefully end_stream early on no-body requests. (#682),False,1,http2.py,httpx/dispatch/http2.py,20,6,26,0,0
e9ebd1df98ce8f79bb09a0e6d06c4939f8a1f7fd,Florimond Manca,Tom Christie,2019-12-29 15:01:20+00:00,2019-12-29T15:01:20Z,"Drop per-request `cert`, `verify`, and `trust_env` (#617)",False,1,client.py,httpx/client.py,18,44,62,0,0
e9ebd1df98ce8f79bb09a0e6d06c4939f8a1f7fd,Florimond Manca,Tom Christie,2019-12-29 15:01:20+00:00,2019-12-29T15:01:20Z,"Drop per-request `cert`, `verify`, and `trust_env` (#617)",False,1,asgi.py,httpx/dispatch/asgi.py,2,9,11,0,0
e9ebd1df98ce8f79bb09a0e6d06c4939f8a1f7fd,Florimond Manca,Tom Christie,2019-12-29 15:01:20+00:00,2019-12-29T15:01:20Z,"Drop per-request `cert`, `verify`, and `trust_env` (#617)",False,1,base.py,httpx/dispatch/base.py,3,11,14,0,0
e9ebd1df98ce8f79bb09a0e6d06c4939f8a1f7fd,Florimond Manca,Tom Christie,2019-12-29 15:01:20+00:00,2019-12-29T15:01:20Z,"Drop per-request `cert`, `verify`, and `trust_env` (#617)",False,1,connection.py,httpx/dispatch/connection.py,6,22,28,0,0
e9ebd1df98ce8f79bb09a0e6d06c4939f8a1f7fd,Florimond Manca,Tom Christie,2019-12-29 15:01:20+00:00,2019-12-29T15:01:20Z,"Drop per-request `cert`, `verify`, and `trust_env` (#617)",False,1,proxy_http.py,httpx/dispatch/proxy_http.py,3,16,19,0,0
e9ebd1df98ce8f79bb09a0e6d06c4939f8a1f7fd,Florimond Manca,Tom Christie,2019-12-29 15:01:20+00:00,2019-12-29T15:01:20Z,"Drop per-request `cert`, `verify`, and `trust_env` (#617)",False,1,test_connections.py,tests/dispatch/test_connections.py,2,14,16,0,0
e9ebd1df98ce8f79bb09a0e6d06c4939f8a1f7fd,Florimond Manca,Tom Christie,2019-12-29 15:01:20+00:00,2019-12-29T15:01:20Z,"Drop per-request `cert`, `verify`, and `trust_env` (#617)",False,1,connection_pool.py,httpx/dispatch/connection_pool.py,2,10,12,0,0
25b40db757c96475cbbed11829493114359306ee,Tom Christie,GitHub,2019-12-29 15:02:03+00:00,2019-12-29T15:02:03Z,Drop Request.read() (#679),False,1,models.py,httpx/models.py,0,6,6,0,0
f9d18a87585bf5775bbdbe354319b5bc50d241be,Florimond Manca,Tom Christie,2019-12-29 15:14:53+00:00,2019-12-29T15:14:53Z,Rename 'read/close' to 'aread/aclose' on Response (#674),False,1,client.py,httpx/client.py,6,6,12,0,0
f9d18a87585bf5775bbdbe354319b5bc50d241be,Florimond Manca,Tom Christie,2019-12-29 15:14:53+00:00,2019-12-29T15:14:53Z,Rename 'read/close' to 'aread/aclose' on Response (#674),False,1,proxy_http.py,httpx/dispatch/proxy_http.py,1,1,2,0,0
f9d18a87585bf5775bbdbe354319b5bc50d241be,Florimond Manca,Tom Christie,2019-12-29 15:14:53+00:00,2019-12-29T15:14:53Z,Rename 'read/close' to 'aread/aclose' on Response (#674),False,1,test_async_client.py,tests/client/test_async_client.py,1,1,2,0,0
f9d18a87585bf5775bbdbe354319b5bc50d241be,Florimond Manca,Tom Christie,2019-12-29 15:14:53+00:00,2019-12-29T15:14:53Z,Rename 'read/close' to 'aread/aclose' on Response (#674),False,1,models.py,httpx/models.py,3,3,6,0,0
f9d18a87585bf5775bbdbe354319b5bc50d241be,Florimond Manca,Tom Christie,2019-12-29 15:14:53+00:00,2019-12-29T15:14:53Z,Rename 'read/close' to 'aread/aclose' on Response (#674),False,1,test_client.py,tests/client/test_client.py,1,1,2,0,0
f9d18a87585bf5775bbdbe354319b5bc50d241be,Florimond Manca,Tom Christie,2019-12-29 15:14:53+00:00,2019-12-29T15:14:53Z,Rename 'read/close' to 'aread/aclose' on Response (#674),False,1,test_responses.py,tests/models/test_responses.py,8,8,16,0,0
f9d18a87585bf5775bbdbe354319b5bc50d241be,Florimond Manca,Tom Christie,2019-12-29 15:14:53+00:00,2019-12-29T15:14:53Z,Rename 'read/close' to 'aread/aclose' on Response (#674),False,1,test_connections.py,tests/dispatch/test_connections.py,3,3,6,0,0
f9d18a87585bf5775bbdbe354319b5bc50d241be,Florimond Manca,Tom Christie,2019-12-29 15:14:53+00:00,2019-12-29T15:14:53Z,Rename 'read/close' to 'aread/aclose' on Response (#674),False,1,test_proxy_http.py,tests/dispatch/test_proxy_http.py,2,2,4,0,0
f9d18a87585bf5775bbdbe354319b5bc50d241be,Florimond Manca,Tom Christie,2019-12-29 15:14:53+00:00,2019-12-29T15:14:53Z,Rename 'read/close' to 'aread/aclose' on Response (#674),False,1,test_api.py,tests/test_api.py,1,1,2,0,0
f9d18a87585bf5775bbdbe354319b5bc50d241be,Florimond Manca,Tom Christie,2019-12-29 15:14:53+00:00,2019-12-29T15:14:53Z,Rename 'read/close' to 'aread/aclose' on Response (#674),False,1,test_decoders.py,tests/test_decoders.py,3,3,6,0,0
f9d18a87585bf5775bbdbe354319b5bc50d241be,Florimond Manca,Tom Christie,2019-12-29 15:14:53+00:00,2019-12-29T15:14:53Z,Rename 'read/close' to 'aread/aclose' on Response (#674),False,1,test_connection_pools.py,tests/dispatch/test_connection_pools.py,20,20,40,0,0
d5da7430a2be8134c826b17d58e4340de01b966e,Florimond Manca,Tom Christie,2019-12-29 15:15:09+00:00,2019-12-29T15:15:09Z,Rename 'close' to 'aclose' on Client (#675),False,1,client.py,httpx/client.py,3,3,6,0,0
3462999366e01dcbc1db58ee9634093931bc9dbe,Florimond Manca,Tom Christie,2019-12-29 15:34:07+00:00,2019-12-29T15:34:07Z,Rename 'next' to 'anext' on Response (#676),False,1,test_redirects.py,tests/client/test_redirects.py,4,4,8,0,0
3462999366e01dcbc1db58ee9634093931bc9dbe,Florimond Manca,Tom Christie,2019-12-29 15:34:07+00:00,2019-12-29T15:34:07Z,Rename 'next' to 'anext' on Response (#676),False,1,models.py,httpx/models.py,1,1,2,0,0
e284b84bf9365c8c10a681140a72066980e0da9d,Florimond Manca,Tom Christie,2019-12-29 15:34:23+00:00,2019-12-29T15:34:23Z,Rename Client to AsyncClient (with compat synonym) (#680),False,1,api.py,httpx/api.py,3,3,6,0,0
e284b84bf9365c8c10a681140a72066980e0da9d,Florimond Manca,Tom Christie,2019-12-29 15:34:23+00:00,2019-12-29T15:34:23Z,Rename Client to AsyncClient (with compat synonym) (#680),False,1,client.py,httpx/client.py,11,6,17,0,0
e284b84bf9365c8c10a681140a72066980e0da9d,Florimond Manca,Tom Christie,2019-12-29 15:34:23+00:00,2019-12-29T15:34:23Z,Rename Client to AsyncClient (with compat synonym) (#680),False,1,asgi.py,httpx/dispatch/asgi.py,2,2,4,0,1
e284b84bf9365c8c10a681140a72066980e0da9d,Florimond Manca,Tom Christie,2019-12-29 15:34:23+00:00,2019-12-29T15:34:23Z,Rename Client to AsyncClient (with compat synonym) (#680),False,1,base.py,httpx/dispatch/base.py,1,1,2,0,0
e284b84bf9365c8c10a681140a72066980e0da9d,Florimond Manca,Tom Christie,2019-12-29 15:34:23+00:00,2019-12-29T15:34:23Z,Rename Client to AsyncClient (with compat synonym) (#680),False,1,test_async_client.py,tests/client/test_async_client.py,16,16,32,0,0
e284b84bf9365c8c10a681140a72066980e0da9d,Florimond Manca,Tom Christie,2019-12-29 15:34:23+00:00,2019-12-29T15:34:23Z,Rename Client to AsyncClient (with compat synonym) (#680),False,1,test_auth.py,tests/client/test_auth.py,25,21,46,0,0
e284b84bf9365c8c10a681140a72066980e0da9d,Florimond Manca,Tom Christie,2019-12-29 15:34:23+00:00,2019-12-29T15:34:23Z,Rename Client to AsyncClient (with compat synonym) (#680),False,1,test_client.py,tests/client/test_client.py,17,17,34,0,0
e284b84bf9365c8c10a681140a72066980e0da9d,Florimond Manca,Tom Christie,2019-12-29 15:34:23+00:00,2019-12-29T15:34:23Z,Rename Client to AsyncClient (with compat synonym) (#680),False,1,test_cookies.py,tests/client/test_cookies.py,7,7,14,0,1
e284b84bf9365c8c10a681140a72066980e0da9d,Florimond Manca,Tom Christie,2019-12-29 15:34:23+00:00,2019-12-29T15:34:23Z,Rename Client to AsyncClient (with compat synonym) (#680),False,1,__init__.py,httpx/__init__.py,2,1,3,0,0
e284b84bf9365c8c10a681140a72066980e0da9d,Florimond Manca,Tom Christie,2019-12-29 15:34:23+00:00,2019-12-29T15:34:23Z,Rename Client to AsyncClient (with compat synonym) (#680),False,1,test_properties.py,tests/client/test_properties.py,3,3,6,0,0
e284b84bf9365c8c10a681140a72066980e0da9d,Florimond Manca,Tom Christie,2019-12-29 15:34:23+00:00,2019-12-29T15:34:23Z,Rename Client to AsyncClient (with compat synonym) (#680),False,1,test_timeouts.py,tests/test_timeouts.py,4,4,8,0,1
e284b84bf9365c8c10a681140a72066980e0da9d,Florimond Manca,Tom Christie,2019-12-29 15:34:23+00:00,2019-12-29T15:34:23Z,Rename Client to AsyncClient (with compat synonym) (#680),False,1,test_multipart.py,tests/test_multipart.py,4,4,8,0,1
e284b84bf9365c8c10a681140a72066980e0da9d,Florimond Manca,Tom Christie,2019-12-29 15:34:23+00:00,2019-12-29T15:34:23Z,Rename Client to AsyncClient (with compat synonym) (#680),False,1,test_asgi.py,tests/test_asgi.py,4,4,8,0,0
e284b84bf9365c8c10a681140a72066980e0da9d,Florimond Manca,Tom Christie,2019-12-29 15:34:23+00:00,2019-12-29T15:34:23Z,Rename Client to AsyncClient (with compat synonym) (#680),False,1,test_utils.py,tests/test_utils.py,3,3,6,0,0
e284b84bf9365c8c10a681140a72066980e0da9d,Florimond Manca,Tom Christie,2019-12-29 15:34:23+00:00,2019-12-29T15:34:23Z,Rename Client to AsyncClient (with compat synonym) (#680),False,1,test_redirects.py,tests/client/test_redirects.py,21,21,42,0,0
e284b84bf9365c8c10a681140a72066980e0da9d,Florimond Manca,Tom Christie,2019-12-29 15:34:23+00:00,2019-12-29T15:34:23Z,Rename Client to AsyncClient (with compat synonym) (#680),False,1,test_queryparams.py,tests/client/test_queryparams.py,5,5,10,0,1
e284b84bf9365c8c10a681140a72066980e0da9d,Florimond Manca,Tom Christie,2019-12-29 15:34:23+00:00,2019-12-29T15:34:23Z,Rename Client to AsyncClient (with compat synonym) (#680),False,1,test_proxies.py,tests/client/test_proxies.py,4,4,8,0,0
e284b84bf9365c8c10a681140a72066980e0da9d,Florimond Manca,Tom Christie,2019-12-29 15:34:23+00:00,2019-12-29T15:34:23Z,Rename Client to AsyncClient (with compat synonym) (#680),False,1,test_http2.py,tests/dispatch/test_http2.py,8,8,16,0,0
e284b84bf9365c8c10a681140a72066980e0da9d,Florimond Manca,Tom Christie,2019-12-29 15:34:23+00:00,2019-12-29T15:34:23Z,Rename Client to AsyncClient (with compat synonym) (#680),False,1,test_headers.py,tests/client/test_headers.py,7,7,14,0,1
1f9d0154df4821587d6e008fe54df54d3c02c51b,Tom Christie,GitHub,2019-12-29 16:38:54+00:00,2019-12-29T16:38:54Z,Switch from an Event primitive to a Lock primitive (#693),False,1,http2.py,httpx/dispatch/http2.py,11,15,26,0,0
1f9d0154df4821587d6e008fe54df54d3c02c51b,Tom Christie,GitHub,2019-12-29 16:38:54+00:00,2019-12-29T16:38:54Z,Switch from an Event primitive to a Lock primitive (#693),False,1,trio.py,httpx/backends/trio.py,9,9,18,0,0
1f9d0154df4821587d6e008fe54df54d3c02c51b,Tom Christie,GitHub,2019-12-29 16:38:54+00:00,2019-12-29T16:38:54Z,Switch from an Event primitive to a Lock primitive (#693),False,1,base.py,httpx/backends/base.py,17,5,22,0,0
1f9d0154df4821587d6e008fe54df54d3c02c51b,Tom Christie,GitHub,2019-12-29 16:38:54+00:00,2019-12-29T16:38:54Z,Switch from an Event primitive to a Lock primitive (#693),False,1,auto.py,httpx/backends/auto.py,3,3,6,0,0
1f9d0154df4821587d6e008fe54df54d3c02c51b,Tom Christie,GitHub,2019-12-29 16:38:54+00:00,2019-12-29T16:38:54Z,Switch from an Event primitive to a Lock primitive (#693),False,1,asyncio.py,httpx/backends/asyncio.py,9,9,18,0,0
6a1ee0eb97a373ff6d9ff3413f417b675914e489,Tom Christie,GitHub,2019-12-29 16:56:18+00:00,2019-12-29T16:56:18Z,response.elapsed now reflects entire request/response time. (#692),False,1,client.py,httpx/client.py,2,5,7,0,0
6a1ee0eb97a373ff6d9ff3413f417b675914e489,Tom Christie,GitHub,2019-12-29 16:56:18+00:00,2019-12-29T16:56:18Z,response.elapsed now reflects entire request/response time. (#692),False,1,test_responses.py,tests/models/test_responses.py,4,2,6,0,0
6a1ee0eb97a373ff6d9ff3413f417b675914e489,Tom Christie,GitHub,2019-12-29 16:56:18+00:00,2019-12-29T16:56:18Z,response.elapsed now reflects entire request/response time. (#692),False,1,models.py,httpx/models.py,17,2,19,0,0
35b7516674ced88073eace33b5d58c4c4d6bab65,Tom Christie,GitHub,2019-12-29 17:00:34+00:00,2019-12-29T17:00:34Z,Version 0.10.0 (#691),False,1,__version__.py,httpx/__version__.py,1,1,2,0,0
de8b95533dd09a5014c3c024667737ef1a8bb2e1,Gabriel Strauss,Tom Christie,2019-12-31 12:01:43+00:00,2019-12-31T12:01:43Z,Adds check to enforce single consumption of AsyncIteratorStream. (#697),False,1,content_streams.py,httpx/content_streams.py,5,0,5,0,0
de8b95533dd09a5014c3c024667737ef1a8bb2e1,Gabriel Strauss,Tom Christie,2019-12-31 12:01:43+00:00,2019-12-31T12:01:43Z,Adds check to enforce single consumption of AsyncIteratorStream. (#697),False,1,test_content_streams.py,tests/test_content_streams.py,16,0,16,0,0
56afde1f9f84311b9582b413b6e70bb9973e5921,Tom Christie,GitHub,2019-12-31 13:18:00+00:00,2019-12-31T13:18:00Z,Lock around stream.write and stream.close operations (#699),False,1,trio.py,httpx/backends/trio.py,2,1,3,0,0
56afde1f9f84311b9582b413b6e70bb9973e5921,Tom Christie,GitHub,2019-12-31 13:18:00+00:00,2019-12-31T13:18:00Z,Lock around stream.write and stream.close operations (#699),False,1,asyncio.py,httpx/backends/asyncio.py,8,5,13,0,0
2c4a1dd519bcc770ac6ccbe9a0bebd84e46f7389,Tom Christie,GitHub,2019-12-31 13:18:23+00:00,2019-12-31T13:18:23Z,Drop OpenConnection (#700),False,1,http2.py,httpx/dispatch/http2.py,1,2,3,0,0
2c4a1dd519bcc770ac6ccbe9a0bebd84e46f7389,Tom Christie,GitHub,2019-12-31 13:18:23+00:00,2019-12-31T13:18:23Z,Drop OpenConnection (#700),False,1,http11.py,httpx/dispatch/http11.py,1,2,3,0,0
2c4a1dd519bcc770ac6ccbe9a0bebd84e46f7389,Tom Christie,GitHub,2019-12-31 13:18:23+00:00,2019-12-31T13:18:23Z,Drop OpenConnection (#700),False,1,connection.py,httpx/dispatch/connection.py,24,35,59,0,0
2c4a1dd519bcc770ac6ccbe9a0bebd84e46f7389,Tom Christie,GitHub,2019-12-31 13:18:23+00:00,2019-12-31T13:18:23Z,Drop OpenConnection (#700),False,1,base.py,httpx/dispatch/base.py,0,23,23,0,1
fe86c0c4b4c642f5638806a92229c634235521cd,Tom Christie,GitHub,2019-12-31 15:24:50+00:00,2019-12-31T15:24:50Z,Drop unused SSLConfig.with_overrides (#702),False,1,config.py,httpx/config.py,0,9,9,0,0
c0504803876c4eb3363bda5b87408da71349325f,Tom Christie,GitHub,2020-01-01 13:05:49+00:00,2020-01-01T13:05:49Z,Drop unused Request.cookies (#703),False,1,models.py,httpx/models.py,1,8,9,0,0
f5d4bb80742445804d4bd7d686395c0d8648ca86,Joe,Tom Christie,2020-01-01 13:45:38+00:00,2020-01-01T13:45:38Z,Make timeout parameter None-able & cleanup __all__. (#704),False,1,models.py,httpx/models.py,0,1,1,0,0
f5d4bb80742445804d4bd7d686395c0d8648ca86,Joe,Tom Christie,2020-01-01 13:45:38+00:00,2020-01-01T13:45:38Z,Make timeout parameter None-able & cleanup __all__. (#704),False,1,config.py,httpx/config.py,3,1,4,0,0
f5d4bb80742445804d4bd7d686395c0d8648ca86,Joe,Tom Christie,2020-01-01 13:45:38+00:00,2020-01-01T13:45:38Z,Make timeout parameter None-able & cleanup __all__. (#704),False,1,__init__.py,httpx/__init__.py,0,2,2,0,0
b8394f1e00d165544e315ee10ad67c8322ac15ae,Tom Christie,GitHub,2020-01-01 15:33:24+00:00,2020-01-01T15:33:24Z,Bump coverage (#705),False,1,proxy_http.py,httpx/dispatch/proxy_http.py,1,1,2,0,0
b8394f1e00d165544e315ee10ad67c8322ac15ae,Tom Christie,GitHub,2020-01-01 15:33:24+00:00,2020-01-01T15:33:24Z,Bump coverage (#705),False,1,config.py,httpx/config.py,1,1,2,0,0
b8394f1e00d165544e315ee10ad67c8322ac15ae,Tom Christie,GitHub,2020-01-01 15:33:24+00:00,2020-01-01T15:33:24Z,Bump coverage (#705),False,1,models.py,httpx/models.py,4,4,8,0,0
b8394f1e00d165544e315ee10ad67c8322ac15ae,Tom Christie,GitHub,2020-01-01 15:33:24+00:00,2020-01-01T15:33:24Z,Bump coverage (#705),False,1,client.py,httpx/client.py,4,4,8,0,0
b8394f1e00d165544e315ee10ad67c8322ac15ae,Tom Christie,GitHub,2020-01-01 15:33:24+00:00,2020-01-01T15:33:24Z,Bump coverage (#705),False,1,test_http2.py,tests/dispatch/test_http2.py,2,2,4,0,0
b8394f1e00d165544e315ee10ad67c8322ac15ae,Tom Christie,GitHub,2020-01-01 15:33:24+00:00,2020-01-01T15:33:24Z,Bump coverage (#705),False,1,test_decoders.py,tests/test_decoders.py,7,0,7,0,0
b8394f1e00d165544e315ee10ad67c8322ac15ae,Tom Christie,GitHub,2020-01-01 15:33:24+00:00,2020-01-01T15:33:24Z,Bump coverage (#705),False,1,test_redirects.py,tests/client/test_redirects.py,1,0,1,0,0
b8394f1e00d165544e315ee10ad67c8322ac15ae,Tom Christie,GitHub,2020-01-01 15:33:24+00:00,2020-01-01T15:33:24Z,Bump coverage (#705),False,1,utils.py,tests/dispatch/utils.py,1,3,4,0,0
b8394f1e00d165544e315ee10ad67c8322ac15ae,Tom Christie,GitHub,2020-01-01 15:33:24+00:00,2020-01-01T15:33:24Z,Bump coverage (#705),False,1,test_responses.py,tests/models/test_responses.py,9,0,9,0,0
a9f4d018e164980c916bfd6f254307957178e45d,Tom Christie,GitHub,2020-01-01 15:36:11+00:00,2020-01-01T15:36:11Z,Version 0.10.1 (#701),False,1,__version__.py,httpx/__version__.py,1,1,2,0,0
b0bf2a7513bdbe6877c4ff1f577bb968a8515ccf,Tom Christie,GitHub,2020-01-02 10:54:04+00:00,2020-01-02T10:54:04Z,SSLConfig refactor (#706),False,1,test_connections.py,tests/dispatch/test_connections.py,3,1,4,0,0
b0bf2a7513bdbe6877c4ff1f577bb968a8515ccf,Tom Christie,GitHub,2020-01-02 10:54:04+00:00,2020-01-02T10:54:04Z,SSLConfig refactor (#706),False,1,test_proxies.py,tests/client/test_proxies.py,0,21,21,0,0
b0bf2a7513bdbe6877c4ff1f577bb968a8515ccf,Tom Christie,GitHub,2020-01-02 10:54:04+00:00,2020-01-02T10:54:04Z,SSLConfig refactor (#706),False,1,proxy_http.py,httpx/dispatch/proxy_http.py,13,5,18,0,0
b0bf2a7513bdbe6877c4ff1f577bb968a8515ccf,Tom Christie,GitHub,2020-01-02 10:54:04+00:00,2020-01-02T10:54:04Z,SSLConfig refactor (#706),False,1,connection_pool.py,httpx/dispatch/connection_pool.py,10,9,19,0,0
b0bf2a7513bdbe6877c4ff1f577bb968a8515ccf,Tom Christie,GitHub,2020-01-02 10:54:04+00:00,2020-01-02T10:54:04Z,SSLConfig refactor (#706),False,1,connection.py,httpx/dispatch/connection.py,7,13,20,0,0
b0bf2a7513bdbe6877c4ff1f577bb968a8515ccf,Tom Christie,GitHub,2020-01-02 10:54:04+00:00,2020-01-02T10:54:04Z,SSLConfig refactor (#706),False,1,config.py,httpx/config.py,12,10,22,0,0
11e7604d1ad0a59907245fa898b74da36cbaf77c,Tom Christie,GitHub,2020-01-02 12:56:11+00:00,2020-01-02T12:56:11Z,Sync streaming interface on responses (#695),False,1,models.py,httpx/models.py,95,36,131,0,1
11e7604d1ad0a59907245fa898b74da36cbaf77c,Tom Christie,GitHub,2020-01-02 12:56:11+00:00,2020-01-02T12:56:11Z,Sync streaming interface on responses (#695),False,1,content_streams.py,httpx/content_streams.py,64,2,66,0,0
11e7604d1ad0a59907245fa898b74da36cbaf77c,Tom Christie,GitHub,2020-01-02 12:56:11+00:00,2020-01-02T12:56:11Z,Sync streaming interface on responses (#695),False,1,test_content_streams.py,tests/test_content_streams.py,83,21,104,0,0
11e7604d1ad0a59907245fa898b74da36cbaf77c,Tom Christie,GitHub,2020-01-02 12:56:11+00:00,2020-01-02T12:56:11Z,Sync streaming interface on responses (#695),False,1,test_responses.py,tests/models/test_responses.py,111,22,133,0,0
f5eaec7ab3ac6207e03dd007fa30ac740ea1606a,Tom Christie,GitHub,2020-01-02 15:33:26+00:00,2020-01-02T15:33:26Z,More coverage improvements (#711),False,1,test_decoders.py,tests/test_decoders.py,1,4,5,0,0
f5eaec7ab3ac6207e03dd007fa30ac740ea1606a,Tom Christie,GitHub,2020-01-02 15:33:26+00:00,2020-01-02T15:33:26Z,More coverage improvements (#711),False,1,concurrency.py,tests/concurrency.py,0,20,20,0,0
f5eaec7ab3ac6207e03dd007fa30ac740ea1606a,Tom Christie,GitHub,2020-01-02 15:33:26+00:00,2020-01-02T15:33:26Z,More coverage improvements (#711),False,1,utils.py,httpx/utils.py,0,9,9,0,1
f5eaec7ab3ac6207e03dd007fa30ac740ea1606a,Tom Christie,GitHub,2020-01-02 15:33:26+00:00,2020-01-02T15:33:26Z,More coverage improvements (#711),False,1,auto.py,httpx/backends/auto.py,1,1,2,0,0
f5eaec7ab3ac6207e03dd007fa30ac740ea1606a,Tom Christie,GitHub,2020-01-02 15:33:26+00:00,2020-01-02T15:33:26Z,More coverage improvements (#711),False,1,utils.py,tests/dispatch/utils.py,0,3,3,0,0
79a9748ae6df16b428c840d4bcdb5447c138df34,Tom Christie,GitHub,2020-01-02 16:52:23+00:00,2020-01-02T16:52:23Z,Load SSL Context on init (#709),False,1,test_config.py,tests/test_config.py,10,21,31,0,0
79a9748ae6df16b428c840d4bcdb5447c138df34,Tom Christie,GitHub,2020-01-02 16:52:23+00:00,2020-01-02T16:52:23Z,Load SSL Context on init (#709),False,1,connection.py,httpx/dispatch/connection.py,2,9,11,0,1
79a9748ae6df16b428c840d4bcdb5447c138df34,Tom Christie,GitHub,2020-01-02 16:52:23+00:00,2020-01-02T16:52:23Z,Load SSL Context on init (#709),False,1,config.py,httpx/config.py,11,21,32,0,0
910aa9094c4dde3516f38086da30adf52127ba49,Florimond Manca,GitHub,2020-01-03 21:25:55+00:00,2020-01-03T22:25:55+01:00,Repurpose RedirectBodyUnavailable as RequestBodyUnavailable (#690),False,1,test_redirects.py,tests/client/test_redirects.py,2,2,4,0,1
910aa9094c4dde3516f38086da30adf52127ba49,Florimond Manca,GitHub,2020-01-03 21:25:55+00:00,2020-01-03T22:25:55+01:00,Repurpose RedirectBodyUnavailable as RequestBodyUnavailable (#690),False,1,exceptions.py,httpx/exceptions.py,7,7,14,0,1
910aa9094c4dde3516f38086da30adf52127ba49,Florimond Manca,GitHub,2020-01-03 21:25:55+00:00,2020-01-03T22:25:55+01:00,Repurpose RedirectBodyUnavailable as RequestBodyUnavailable (#690),False,1,client.py,httpx/client.py,7,2,9,0,0
910aa9094c4dde3516f38086da30adf52127ba49,Florimond Manca,GitHub,2020-01-03 21:25:55+00:00,2020-01-03T22:25:55+01:00,Repurpose RedirectBodyUnavailable as RequestBodyUnavailable (#690),False,1,__init__.py,httpx/__init__.py,2,2,4,0,0
bc6163c55a75f2e655ff59301ce0a53fa12973ec,Florimond Manca,GitHub,2020-01-03 21:59:16+00:00,2020-01-03T22:59:16+01:00,Record history of requests made during authentication (#718),False,1,client.py,httpx/client.py,9,3,12,0,1
bc6163c55a75f2e655ff59301ce0a53fa12973ec,Florimond Manca,GitHub,2020-01-03 21:59:16+00:00,2020-01-03T22:59:16+01:00,Record history of requests made during authentication (#718),False,1,test_auth.py,tests/client/test_auth.py,62,1,63,0,0
0ed03145694b7b8a4f872b131e1407e5ae8f3008,Kousik Mitra,Florimond Manca,2020-01-04 09:00:34+00:00,2020-01-04T10:00:34+01:00,Raise an exception in DigestAuth if non-replayable request is passed (#685),False,1,auth.py,httpx/auth.py,3,1,4,0,0
0ed03145694b7b8a4f872b131e1407e5ae8f3008,Kousik Mitra,Florimond Manca,2020-01-04 09:00:34+00:00,2020-01-04T10:00:34+01:00,Raise an exception in DigestAuth if non-replayable request is passed (#685),False,1,test_auth.py,tests/client/test_auth.py,22,1,23,0,1
bd57b650a8ed84849901a3a4c54579a9a2c948b2,Florimond Manca,Tom Christie,2020-01-06 11:13:06+00:00,2020-01-06T11:13:06Z,Release max_connections for keepalive connections when closing the connection pool (#721),False,1,test_connection_pools.py,tests/dispatch/test_connection_pools.py,25,0,25,0,0
bd57b650a8ed84849901a3a4c54579a9a2c948b2,Florimond Manca,Tom Christie,2020-01-06 11:13:06+00:00,2020-01-06T11:13:06Z,Release max_connections for keepalive connections when closing the connection pool (#721),False,1,connection_pool.py,httpx/dispatch/connection_pool.py,1,0,1,0,1
6ac49dacdd96f474467d276d2ff1b63edc382684,Tom Christie,GitHub,2020-01-06 11:14:43+00:00,2020-01-06T11:14:43Z,Drop `run` and `run_in_threadpool` (#710),False,1,test_concurrency.py,tests/test_concurrency.py,5,5,10,0,0
6ac49dacdd96f474467d276d2ff1b63edc382684,Tom Christie,GitHub,2020-01-06 11:14:43+00:00,2020-01-06T11:14:43Z,Drop `run` and `run_in_threadpool` (#710),False,1,test_connection_pools.py,tests/dispatch/test_connection_pools.py,6,8,14,0,1
6ac49dacdd96f474467d276d2ff1b63edc382684,Tom Christie,GitHub,2020-01-06 11:14:43+00:00,2020-01-06T11:14:43Z,Drop `run` and `run_in_threadpool` (#710),False,1,conftest.py,tests/conftest.py,9,26,35,0,0
6ac49dacdd96f474467d276d2ff1b63edc382684,Tom Christie,GitHub,2020-01-06 11:14:43+00:00,2020-01-06T11:14:43Z,Drop `run` and `run_in_threadpool` (#710),False,1,concurrency.py,tests/concurrency.py,27,47,74,0,0
6ac49dacdd96f474467d276d2ff1b63edc382684,Tom Christie,GitHub,2020-01-06 11:14:43+00:00,2020-01-06T11:14:43Z,Drop `run` and `run_in_threadpool` (#710),False,1,trio.py,httpx/backends/trio.py,0,15,15,0,1
6ac49dacdd96f474467d276d2ff1b63edc382684,Tom Christie,GitHub,2020-01-06 11:14:43+00:00,2020-01-06T11:14:43Z,Drop `run` and `run_in_threadpool` (#710),False,1,base.py,httpx/backends/base.py,0,10,10,0,0
6ac49dacdd96f474467d276d2ff1b63edc382684,Tom Christie,GitHub,2020-01-06 11:14:43+00:00,2020-01-06T11:14:43Z,Drop `run` and `run_in_threadpool` (#710),False,1,auto.py,httpx/backends/auto.py,0,5,5,0,0
6ac49dacdd96f474467d276d2ff1b63edc382684,Tom Christie,GitHub,2020-01-06 11:14:43+00:00,2020-01-06T11:14:43Z,Drop `run` and `run_in_threadpool` (#710),False,1,asyncio.py,httpx/backends/asyncio.py,0,29,29,0,1
e19bd9bc4bf5849650a3847232a4b1353600635e,Tom Christie,GitHub,2020-01-06 12:08:14+00:00,2020-01-06T12:08:14Z,Dispatcher -> AsyncDispatcher (#725),False,1,client.py,httpx/client.py,9,10,19,1,0
e19bd9bc4bf5849650a3847232a4b1353600635e,Tom Christie,GitHub,2020-01-06 12:08:14+00:00,2020-01-06T12:08:14Z,Dispatcher -> AsyncDispatcher (#725),False,1,asgi.py,httpx/dispatch/asgi.py,3,3,6,1,0
e19bd9bc4bf5849650a3847232a4b1353600635e,Tom Christie,GitHub,2020-01-06 12:08:14+00:00,2020-01-06T12:08:14Z,Dispatcher -> AsyncDispatcher (#725),False,1,base.py,httpx/dispatch/base.py,4,4,8,1,0
e19bd9bc4bf5849650a3847232a4b1353600635e,Tom Christie,GitHub,2020-01-06 12:08:14+00:00,2020-01-06T12:08:14Z,Dispatcher -> AsyncDispatcher (#725),False,1,connection.py,httpx/dispatch/connection.py,2,2,4,1,0
e19bd9bc4bf5849650a3847232a4b1353600635e,Tom Christie,GitHub,2020-01-06 12:08:14+00:00,2020-01-06T12:08:14Z,Dispatcher -> AsyncDispatcher (#725),False,1,connection_pool.py,httpx/dispatch/connection_pool.py,2,2,4,1,0
e19bd9bc4bf5849650a3847232a4b1353600635e,Tom Christie,GitHub,2020-01-06 12:08:14+00:00,2020-01-06T12:08:14Z,Dispatcher -> AsyncDispatcher (#725),False,1,test_cookies.py,tests/client/test_cookies.py,2,2,4,1,0
e19bd9bc4bf5849650a3847232a4b1353600635e,Tom Christie,GitHub,2020-01-06 12:08:14+00:00,2020-01-06T12:08:14Z,Dispatcher -> AsyncDispatcher (#725),False,1,test_auth.py,tests/client/test_auth.py,3,3,6,1,0
e19bd9bc4bf5849650a3847232a4b1353600635e,Tom Christie,GitHub,2020-01-06 12:08:14+00:00,2020-01-06T12:08:14Z,Dispatcher -> AsyncDispatcher (#725),False,1,test_headers.py,tests/client/test_headers.py,2,2,4,1,0
e19bd9bc4bf5849650a3847232a4b1353600635e,Tom Christie,GitHub,2020-01-06 12:08:14+00:00,2020-01-06T12:08:14Z,Dispatcher -> AsyncDispatcher (#725),False,1,test_queryparams.py,tests/client/test_queryparams.py,2,2,4,1,0
e19bd9bc4bf5849650a3847232a4b1353600635e,Tom Christie,GitHub,2020-01-06 12:08:14+00:00,2020-01-06T12:08:14Z,Dispatcher -> AsyncDispatcher (#725),False,1,test_redirects.py,tests/client/test_redirects.py,3,3,6,1,1
e19bd9bc4bf5849650a3847232a4b1353600635e,Tom Christie,GitHub,2020-01-06 12:08:14+00:00,2020-01-06T12:08:14Z,Dispatcher -> AsyncDispatcher (#725),False,1,test_multipart.py,tests/test_multipart.py,2,2,4,1,0
e19bd9bc4bf5849650a3847232a4b1353600635e,Tom Christie,GitHub,2020-01-06 12:08:14+00:00,2020-01-06T12:08:14Z,Dispatcher -> AsyncDispatcher (#725),False,1,models.py,httpx/models.py,4,2,6,1,0
e1afbfa7b45d1ce717a7d9588c6c8114ee0a091b,Florimond Manca,Tom Christie,2020-01-07 10:01:11+00:00,2020-01-07T10:01:11Z,Wrap network errors in HTTPX-specific exceptions (#707),False,1,utils.py,httpx/utils.py,14,0,14,1,0
e1afbfa7b45d1ce717a7d9588c6c8114ee0a091b,Florimond Manca,Tom Christie,2020-01-07 10:01:11+00:00,2020-01-07T10:01:11Z,Wrap network errors in HTTPX-specific exceptions (#707),False,1,exceptions.py,httpx/exceptions.py,15,6,21,1,0
e1afbfa7b45d1ce717a7d9588c6c8114ee0a091b,Florimond Manca,Tom Christie,2020-01-07 10:01:11+00:00,2020-01-07T10:01:11Z,Wrap network errors in HTTPX-specific exceptions (#707),False,1,trio.py,httpx/backends/trio.py,19,7,26,1,0
e1afbfa7b45d1ce717a7d9588c6c8114ee0a091b,Florimond Manca,Tom Christie,2020-01-07 10:01:11+00:00,2020-01-07T10:01:11Z,Wrap network errors in HTTPX-specific exceptions (#707),False,1,asyncio.py,httpx/backends/asyncio.py,24,18,42,1,0
f17ab37b2f19e075b35546fe00766e7985462aae,Tom Christie,GitHub,2020-01-07 10:27:01+00:00,2020-01-07T10:27:01Z,Prep for introducing SyncClient (#713),False,1,test_config.py,tests/test_config.py,15,0,15,0,0
f17ab37b2f19e075b35546fe00766e7985462aae,Tom Christie,GitHub,2020-01-07 10:27:01+00:00,2020-01-07T10:27:01Z,Prep for introducing SyncClient (#713),False,1,test_proxies.py,tests/client/test_proxies.py,2,2,4,0,0
f17ab37b2f19e075b35546fe00766e7985462aae,Tom Christie,GitHub,2020-01-07 10:27:01+00:00,2020-01-07T10:27:01Z,Prep for introducing SyncClient (#713),False,1,models.py,httpx/models.py,7,8,15,0,0
f17ab37b2f19e075b35546fe00766e7985462aae,Tom Christie,GitHub,2020-01-07 10:27:01+00:00,2020-01-07T10:27:01Z,Prep for introducing SyncClient (#713),False,1,decoders.py,httpx/decoders.py,0,5,5,0,0
f17ab37b2f19e075b35546fe00766e7985462aae,Tom Christie,GitHub,2020-01-07 10:27:01+00:00,2020-01-07T10:27:01Z,Prep for introducing SyncClient (#713),False,1,client.py,httpx/client.py,285,215,500,0,0
f17ab37b2f19e075b35546fe00766e7985462aae,Tom Christie,GitHub,2020-01-07 10:27:01+00:00,2020-01-07T10:27:01Z,Prep for introducing SyncClient (#713),False,1,config.py,httpx/config.py,28,3,31,0,0
f17ab37b2f19e075b35546fe00766e7985462aae,Tom Christie,GitHub,2020-01-07 10:27:01+00:00,2020-01-07T10:27:01Z,Prep for introducing SyncClient (#713),False,1,__init__.py,httpx/__init__.py,2,1,3,0,0
2b92a78c41544da0891d2c42c7e2a28174783c57,Andrés Álvarez,Tom Christie,2020-01-07 10:39:47+00:00,2020-01-07T10:39:47Z,Drop `Origin` from public API (#688),False,1,__init__.py,httpx/__init__.py,1,2,3,0,0
2b92a78c41544da0891d2c42c7e2a28174783c57,Andrés Álvarez,Tom Christie,2020-01-07 10:39:47+00:00,2020-01-07T10:39:47Z,Drop `Origin` from public API (#688),False,1,client.py,httpx/client.py,2,1,3,0,0
2b92a78c41544da0891d2c42c7e2a28174783c57,Andrés Álvarez,Tom Christie,2020-01-07 10:39:47+00:00,2020-01-07T10:39:47Z,Drop `Origin` from public API (#688),False,1,test_url.py,tests/models/test_url.py,2,1,3,0,0
2b92a78c41544da0891d2c42c7e2a28174783c57,Andrés Álvarez,Tom Christie,2020-01-07 10:39:47+00:00,2020-01-07T10:39:47Z,Drop `Origin` from public API (#688),False,1,proxy_http.py,httpx/dispatch/proxy_http.py,3,3,6,0,0
2b92a78c41544da0891d2c42c7e2a28174783c57,Andrés Álvarez,Tom Christie,2020-01-07 10:39:47+00:00,2020-01-07T10:39:47Z,Drop `Origin` from public API (#688),False,1,connection_pool.py,httpx/dispatch/connection_pool.py,1,1,2,0,0
2b92a78c41544da0891d2c42c7e2a28174783c57,Andrés Álvarez,Tom Christie,2020-01-07 10:39:47+00:00,2020-01-07T10:39:47Z,Drop `Origin` from public API (#688),False,1,models.py,httpx/models.py,0,4,4,0,0
c5037f06e4ec1b550ee009147af052d9c2199ccb,Tom Christie,GitHub,2020-01-07 12:24:26+00:00,2020-01-07T12:24:26Z,"Drop per-request 'cert'/'verify'/'trust_env', and 'stream=bool' arguments (#730)",False,1,client.py,httpx/client.py,1,93,94,0,0
c5037f06e4ec1b550ee009147af052d9c2199ccb,Tom Christie,GitHub,2020-01-07 12:24:26+00:00,2020-01-07T12:24:26Z,"Drop per-request 'cert'/'verify'/'trust_env', and 'stream=bool' arguments (#730)",False,1,api.py,httpx/api.py,0,16,16,0,0
12dd157feaa26a3cd9fbf933e127fefb2ddd8404,Tom Christie,GitHub,2020-01-07 13:20:23+00:00,2020-01-07T13:20:23Z,Public Auth API (#732),False,1,__init__.py,httpx/__init__.py,4,1,5,0,0
12dd157feaa26a3cd9fbf933e127fefb2ddd8404,Tom Christie,GitHub,2020-01-07 13:20:23+00:00,2020-01-07T13:20:23Z,Public Auth API (#732),False,1,auth.py,httpx/auth.py,6,6,12,0,0
12dd157feaa26a3cd9fbf933e127fefb2ddd8404,Tom Christie,GitHub,2020-01-07 13:20:23+00:00,2020-01-07T13:20:23Z,Public Auth API (#732),False,1,client.py,httpx/client.py,4,1,5,0,1
12dd157feaa26a3cd9fbf933e127fefb2ddd8404,Tom Christie,GitHub,2020-01-07 13:20:23+00:00,2020-01-07T13:20:23Z,Public Auth API (#732),False,1,test_requests.py,tests/models/test_requests.py,23,4,27,0,0
12dd157feaa26a3cd9fbf933e127fefb2ddd8404,Tom Christie,GitHub,2020-01-07 13:20:23+00:00,2020-01-07T13:20:23Z,Public Auth API (#732),False,1,models.py,httpx/models.py,19,0,19,0,0
12dd157feaa26a3cd9fbf933e127fefb2ddd8404,Tom Christie,GitHub,2020-01-07 13:20:23+00:00,2020-01-07T13:20:23Z,Public Auth API (#732),False,1,test_auth.py,tests/client/test_auth.py,6,2,8,0,0
12dd157feaa26a3cd9fbf933e127fefb2ddd8404,Tom Christie,GitHub,2020-01-07 13:20:23+00:00,2020-01-07T13:20:23Z,Public Auth API (#732),False,1,exceptions.py,httpx/exceptions.py,6,0,6,0,0
c842c8ff207e7ce6fcff2c57a2641761cbdbd851,Tom Christie,GitHub,2020-01-07 13:37:57+00:00,2020-01-07T13:37:57Z,proxies_to_dispatchers -> get_proxy_map (#733),False,1,client.py,httpx/client.py,32,58,90,1,1
387f04732baa99ea472c6f78c905a9359b3d0e0e,Yurii Ohorodnik,Tom Christie,2020-01-07 16:13:06+00:00,2020-01-07T16:13:06Z,Fixed redirect loop (#734),False,1,client.py,httpx/client.py,2,1,3,1,0
ee37a762ef6378ed16681a3452f494a5640d98de,Tom Christie,GitHub,2020-01-08 12:31:50+00:00,2020-01-08T12:31:50Z,Reintroduce sync API. (#735),False,1,__init__.py,httpx/__init__.py,4,5,9,0,0
ee37a762ef6378ed16681a3452f494a5640d98de,Tom Christie,GitHub,2020-01-08 12:31:50+00:00,2020-01-08T12:31:50Z,Reintroduce sync API. (#735),False,1,api.py,httpx/api.py,19,19,38,0,0
ee37a762ef6378ed16681a3452f494a5640d98de,Tom Christie,GitHub,2020-01-08 12:31:50+00:00,2020-01-08T12:31:50Z,Reintroduce sync API. (#735),False,1,client.py,httpx/client.py,750,213,963,0,1
ee37a762ef6378ed16681a3452f494a5640d98de,Tom Christie,GitHub,2020-01-08 12:31:50+00:00,2020-01-08T12:31:50Z,Reintroduce sync API. (#735),False,1,config.py,httpx/config.py,0,3,3,0,0
ee37a762ef6378ed16681a3452f494a5640d98de,Tom Christie,GitHub,2020-01-08 12:31:50+00:00,2020-01-08T12:31:50Z,Reintroduce sync API. (#735),False,1,asgi.py,httpx/dispatch/asgi.py,0,3,3,0,0
ee37a762ef6378ed16681a3452f494a5640d98de,Tom Christie,GitHub,2020-01-08 12:31:50+00:00,2020-01-08T12:31:50Z,Reintroduce sync API. (#735),False,1,base.py,httpx/dispatch/base.py,12,0,12,0,0
ee37a762ef6378ed16681a3452f494a5640d98de,Tom Christie,GitHub,2020-01-08 12:31:50+00:00,2020-01-08T12:31:50Z,Reintroduce sync API. (#735),False,1,wsgi.py,httpx/dispatch/wsgi.py,103,0,103,0,0
ee37a762ef6378ed16681a3452f494a5640d98de,Tom Christie,GitHub,2020-01-08 12:31:50+00:00,2020-01-08T12:31:50Z,Reintroduce sync API. (#735),False,1,__init__.py,httpx/dispatch/__init__.py,0,7,7,0,0
ee37a762ef6378ed16681a3452f494a5640d98de,Tom Christie,GitHub,2020-01-08 12:31:50+00:00,2020-01-08T12:31:50Z,Reintroduce sync API. (#735),False,1,urllib3.py,httpx/dispatch/urllib3.py,128,0,128,0,1
ee37a762ef6378ed16681a3452f494a5640d98de,Tom Christie,GitHub,2020-01-08 12:31:50+00:00,2020-01-08T12:31:50Z,Reintroduce sync API. (#735),False,1,setup.py,setup.py,1,0,1,0,0
ee37a762ef6378ed16681a3452f494a5640d98de,Tom Christie,GitHub,2020-01-08 12:31:50+00:00,2020-01-08T12:31:50Z,Reintroduce sync API. (#735),False,1,test_client.py,tests/client/test_client.py,49,76,125,0,1
ee37a762ef6378ed16681a3452f494a5640d98de,Tom Christie,GitHub,2020-01-08 12:31:50+00:00,2020-01-08T12:31:50Z,Reintroduce sync API. (#735),False,1,test_proxies.py,tests/client/test_proxies.py,0,1,1,0,0
ee37a762ef6378ed16681a3452f494a5640d98de,Tom Christie,GitHub,2020-01-08 12:31:50+00:00,2020-01-08T12:31:50Z,Reintroduce sync API. (#735),False,1,test_proxy_http.py,tests/dispatch/test_proxy_http.py,7,6,13,0,0
ee37a762ef6378ed16681a3452f494a5640d98de,Tom Christie,GitHub,2020-01-08 12:31:50+00:00,2020-01-08T12:31:50Z,Reintroduce sync API. (#735),False,1,test_requests.py,tests/models/test_requests.py,14,7,21,0,0
ee37a762ef6378ed16681a3452f494a5640d98de,Tom Christie,GitHub,2020-01-08 12:31:50+00:00,2020-01-08T12:31:50Z,Reintroduce sync API. (#735),False,1,test_api.py,tests/test_api.py,20,29,49,0,0
ee37a762ef6378ed16681a3452f494a5640d98de,Tom Christie,GitHub,2020-01-08 12:31:50+00:00,2020-01-08T12:31:50Z,Reintroduce sync API. (#735),False,1,test_wsgi.py,tests/test_wsgi.py,95,0,95,0,1
ee37a762ef6378ed16681a3452f494a5640d98de,Tom Christie,GitHub,2020-01-08 12:31:50+00:00,2020-01-08T12:31:50Z,Reintroduce sync API. (#735),False,1,models.py,httpx/models.py,12,0,12,0,1
eac4b9ba7428c41ee36837a6ddb50a75b6a87c5b,Tom Christie,GitHub,2020-01-08 12:33:35+00:00,2020-01-08T12:33:35Z,Improve docstring for PoolLimits (#712),False,1,config.py,httpx/config.py,7,0,7,0,0
2c5fdc51f42801709e27c53ac728c22891819996,Tom Christie,GitHub,2020-01-09 09:35:56+00:00,2020-01-09T09:35:56Z,Version 0.11.0 (#737),False,1,setup.py,setup.py,1,1,2,0,0
2c5fdc51f42801709e27c53ac728c22891819996,Tom Christie,GitHub,2020-01-09 09:35:56+00:00,2020-01-09T09:35:56Z,Version 0.11.0 (#737),False,1,__version__.py,httpx/__version__.py,1,1,2,0,0
918c55de906123ba8b7e5ebc42cd2723c1641620,Jakob Jul Elben,Tom Christie,2020-01-09 18:10:06+00:00,2020-01-09T18:10:06Z,Update api.py (#745),False,1,api.py,httpx/api.py,1,1,2,0,0
bdfabe1e9a910e2fc63582199eb26386b69ea551,Florimond Manca,Tom Christie,2020-01-11 09:38:09+00:00,2020-01-11T09:38:09Z,Setup custom domain (#751),False,1,CNAME,docs/CNAME,1,0,1,0,0
956129fbf71495c97844dc7adf4b595a9da4cd18,Hugo van Kemenade,Tom Christie,2020-01-13 10:26:31+00:00,2020-01-13T10:26:31Z,Add docs and repo to project_urls metadata (#753),False,1,setup.py,setup.py,5,0,5,0,0
780d1843cac3487d545fd7b1ff44c1212702598a,Tom Christie,GitHub,2020-01-14 09:00:52+00:00,2020-01-14T09:00:52Z,Support both zlib and deflate encodings (#758),False,1,test_decoders.py,tests/test_decoders.py,21,0,21,0,0
780d1843cac3487d545fd7b1ff44c1212702598a,Tom Christie,GitHub,2020-01-14 09:00:52+00:00,2020-01-14T09:00:52Z,Support both zlib and deflate encodings (#758),False,1,decoders.py,httpx/decoders.py,7,1,8,0,0
be82404168fe41829859c300c2bffadea62604f2,Tom Christie,GitHub,2020-01-14 14:09:08+00:00,2020-01-14T14:09:08Z,Fix urllib3 proxy instantiation (#763),False,1,urllib3.py,httpx/dispatch/urllib3.py,1,1,2,1,0
5a63540e8ab35209849894819ac731c836fdcf27,Tom Christie,GitHub,2020-01-17 09:45:37+00:00,2020-01-17T09:45:37Z,Fix for streaming a redirect response body with allow_redirects=False (#766),False,1,test_redirects.py,tests/client/test_redirects.py,19,1,20,1,1
5a63540e8ab35209849894819ac731c836fdcf27,Tom Christie,GitHub,2020-01-17 09:45:37+00:00,2020-01-17T09:45:37Z,Fix for streaming a redirect response body with allow_redirects=False (#766),False,1,client.py,httpx/client.py,4,2,6,1,1
1f8fb28d93f796e55f31234dc792a14230b4ff9c,Tom Christie,GitHub,2020-01-17 11:42:51+00:00,2020-01-17T11:42:51Z,Handle redirect with malformed Location headers missing host. (#774),False,1,client.py,httpx/client.py,5,0,5,1,0
1f8fb28d93f796e55f31234dc792a14230b4ff9c,Tom Christie,GitHub,2020-01-17 11:42:51+00:00,2020-01-17T11:42:51Z,Handle redirect with malformed Location headers missing host. (#774),False,1,models.py,httpx/models.py,5,2,7,1,0
1f8fb28d93f796e55f31234dc792a14230b4ff9c,Tom Christie,GitHub,2020-01-17 11:42:51+00:00,2020-01-17T11:42:51Z,Handle redirect with malformed Location headers missing host. (#774),False,1,test_redirects.py,tests/client/test_redirects.py,14,0,14,1,0
b128bfaf211314dfb9b0a19ab6e00cfbe98522b8,Tom Christie,GitHub,2020-01-17 21:31:56+00:00,2020-01-17T21:31:56Z,Version 0.11.1 (#773),False,1,__version__.py,httpx/__version__.py,1,1,2,0,0
b23420392efdcc10f3d802f335739d9cb3d72d5c,Yeray Diaz Diaz,GitHub,2020-01-20 13:50:50+00:00,2020-01-20T13:50:50Z,Detect credentials in proxy URLs and create Proxy-authorization header (#780),False,1,test_config.py,tests/test_config.py,21,3,24,0,0
b23420392efdcc10f3d802f335739d9cb3d72d5c,Yeray Diaz Diaz,GitHub,2020-01-20 13:50:50+00:00,2020-01-20T13:50:50Z,Detect credentials in proxy URLs and create Proxy-authorization header (#780),False,1,config.py,httpx/config.py,15,0,15,0,1
b1e99a5cf9093e4c812b3895f32622f10fa8f116,Jung Sang-jun,Tom Christie,2020-01-22 10:50:06+00:00,2020-01-22T10:50:06Z,Fix ProxyMode for code in dispatch/proxy_http (#788),False,1,config.py,httpx/config.py,1,1,2,1,0
c2eb0bd40f21b1c529c812c20e8aff0bf6af6f3b,Tim Gates,Florimond Manca,2020-01-26 06:24:41+00:00,2020-01-26T01:24:41-05:00,Fix simple typo: conncurrent -> concurrent (#793),False,1,test_connection_pools.py,tests/dispatch/test_connection_pools.py,1,1,2,1,0
82dc6f32f864d26677df8fc61249a7fc74c687e8,Florimond Manca,Tom Christie,2020-01-28 14:34:43+00:00,2020-01-28T14:34:43Z,Switch to private module names (#785),False,1,trio.py,httpx/backends/trio.py,0,176,176,0,0
82dc6f32f864d26677df8fc61249a7fc74c687e8,Florimond Manca,Tom Christie,2020-01-28 14:34:43+00:00,2020-01-28T14:34:43Z,Switch to private module names (#785),False,1,proxy_http.py,httpx/_dispatch/proxy_http.py,208,0,208,0,0
82dc6f32f864d26677df8fc61249a7fc74c687e8,Florimond Manca,Tom Christie,2020-01-28 14:34:43+00:00,2020-01-28T14:34:43Z,Switch to private module names (#785),False,1,urllib3.py,httpx/_dispatch/urllib3.py,128,0,128,0,0
82dc6f32f864d26677df8fc61249a7fc74c687e8,Florimond Manca,Tom Christie,2020-01-28 14:34:43+00:00,2020-01-28T14:34:43Z,Switch to private module names (#785),False,1,wsgi.py,httpx/_dispatch/wsgi.py,103,0,103,0,1
82dc6f32f864d26677df8fc61249a7fc74c687e8,Florimond Manca,Tom Christie,2020-01-28 14:34:43+00:00,2020-01-28T14:34:43Z,Switch to private module names (#785),False,1,_exceptions.py,httpx/_exceptions.py,174,0,174,0,0
82dc6f32f864d26677df8fc61249a7fc74c687e8,Florimond Manca,Tom Christie,2020-01-28 14:34:43+00:00,2020-01-28T14:34:43Z,Switch to private module names (#785),False,1,_models.py,httpx/_models.py,1207,0,1207,0,0
82dc6f32f864d26677df8fc61249a7fc74c687e8,Florimond Manca,Tom Christie,2020-01-28 14:34:43+00:00,2020-01-28T14:34:43Z,Switch to private module names (#785),False,1,api.py,httpx/api.py,0,398,398,0,0
82dc6f32f864d26677df8fc61249a7fc74c687e8,Florimond Manca,Tom Christie,2020-01-28 14:34:43+00:00,2020-01-28T14:34:43Z,Switch to private module names (#785),False,1,_utils.py,httpx/_utils.py,369,0,369,0,0
82dc6f32f864d26677df8fc61249a7fc74c687e8,Florimond Manca,Tom Christie,2020-01-28 14:34:43+00:00,2020-01-28T14:34:43Z,Switch to private module names (#785),False,1,http2.py,httpx/_dispatch/http2.py,298,0,298,0,0
82dc6f32f864d26677df8fc61249a7fc74c687e8,Florimond Manca,Tom Christie,2020-01-28 14:34:43+00:00,2020-01-28T14:34:43Z,Switch to private module names (#785),False,1,auth.py,httpx/auth.py,0,255,255,0,0
82dc6f32f864d26677df8fc61249a7fc74c687e8,Florimond Manca,Tom Christie,2020-01-28 14:34:43+00:00,2020-01-28T14:34:43Z,Switch to private module names (#785),False,1,__init__.py,httpx/backends/__init__.py,0,0,0,0,0
82dc6f32f864d26677df8fc61249a7fc74c687e8,Florimond Manca,Tom Christie,2020-01-28 14:34:43+00:00,2020-01-28T14:34:43Z,Switch to private module names (#785),False,1,asyncio.py,httpx/backends/asyncio.py,0,268,268,0,0
82dc6f32f864d26677df8fc61249a7fc74c687e8,Florimond Manca,Tom Christie,2020-01-28 14:34:43+00:00,2020-01-28T14:34:43Z,Switch to private module names (#785),False,1,auto.py,httpx/backends/auto.py,0,51,51,0,0
82dc6f32f864d26677df8fc61249a7fc74c687e8,Florimond Manca,Tom Christie,2020-01-28 14:34:43+00:00,2020-01-28T14:34:43Z,Switch to private module names (#785),False,1,base.py,httpx/backends/base.py,0,121,121,0,0
82dc6f32f864d26677df8fc61249a7fc74c687e8,Florimond Manca,Tom Christie,2020-01-28 14:34:43+00:00,2020-01-28T14:34:43Z,Switch to private module names (#785),False,1,_status_codes.py,httpx/_status_codes.py,139,0,139,0,0
82dc6f32f864d26677df8fc61249a7fc74c687e8,Florimond Manca,Tom Christie,2020-01-28 14:34:43+00:00,2020-01-28T14:34:43Z,Switch to private module names (#785),False,1,http11.py,httpx/_dispatch/http11.py,206,0,206,0,0
82dc6f32f864d26677df8fc61249a7fc74c687e8,Florimond Manca,Tom Christie,2020-01-28 14:34:43+00:00,2020-01-28T14:34:43Z,Switch to private module names (#785),False,1,asgi.py,httpx/_dispatch/asgi.py,123,0,123,0,0
82dc6f32f864d26677df8fc61249a7fc74c687e8,Florimond Manca,Tom Christie,2020-01-28 14:34:43+00:00,2020-01-28T14:34:43Z,Switch to private module names (#785),False,1,connection.py,httpx/_dispatch/connection.py,149,0,149,0,0
82dc6f32f864d26677df8fc61249a7fc74c687e8,Florimond Manca,Tom Christie,2020-01-28 14:34:43+00:00,2020-01-28T14:34:43Z,Switch to private module names (#785),False,1,base.py,httpx/_dispatch/base.py,64,0,64,0,0
82dc6f32f864d26677df8fc61249a7fc74c687e8,Florimond Manca,Tom Christie,2020-01-28 14:34:43+00:00,2020-01-28T14:34:43Z,Switch to private module names (#785),False,1,__init__.py,httpx/_dispatch/__init__.py,0,0,0,0,0
82dc6f32f864d26677df8fc61249a7fc74c687e8,Florimond Manca,Tom Christie,2020-01-28 14:34:43+00:00,2020-01-28T14:34:43Z,Switch to private module names (#785),False,1,_decoders.py,httpx/_decoders.py,290,0,290,0,1
82dc6f32f864d26677df8fc61249a7fc74c687e8,Florimond Manca,Tom Christie,2020-01-28 14:34:43+00:00,2020-01-28T14:34:43Z,Switch to private module names (#785),False,1,_content_streams.py,httpx/_content_streams.py,346,0,346,0,1
82dc6f32f864d26677df8fc61249a7fc74c687e8,Florimond Manca,Tom Christie,2020-01-28 14:34:43+00:00,2020-01-28T14:34:43Z,Switch to private module names (#785),False,1,_config.py,httpx/_config.py,357,0,357,0,0
82dc6f32f864d26677df8fc61249a7fc74c687e8,Florimond Manca,Tom Christie,2020-01-28 14:34:43+00:00,2020-01-28T14:34:43Z,Switch to private module names (#785),False,1,_client.py,httpx/_client.py,1472,0,1472,0,0
82dc6f32f864d26677df8fc61249a7fc74c687e8,Florimond Manca,Tom Christie,2020-01-28 14:34:43+00:00,2020-01-28T14:34:43Z,Switch to private module names (#785),False,1,trio.py,httpx/_backends/trio.py,176,0,176,0,0
82dc6f32f864d26677df8fc61249a7fc74c687e8,Florimond Manca,Tom Christie,2020-01-28 14:34:43+00:00,2020-01-28T14:34:43Z,Switch to private module names (#785),False,1,base.py,httpx/_backends/base.py,121,0,121,0,0
82dc6f32f864d26677df8fc61249a7fc74c687e8,Florimond Manca,Tom Christie,2020-01-28 14:34:43+00:00,2020-01-28T14:34:43Z,Switch to private module names (#785),False,1,auto.py,httpx/_backends/auto.py,51,0,51,0,0
82dc6f32f864d26677df8fc61249a7fc74c687e8,Florimond Manca,Tom Christie,2020-01-28 14:34:43+00:00,2020-01-28T14:34:43Z,Switch to private module names (#785),False,1,asyncio.py,httpx/_backends/asyncio.py,268,0,268,0,0
82dc6f32f864d26677df8fc61249a7fc74c687e8,Florimond Manca,Tom Christie,2020-01-28 14:34:43+00:00,2020-01-28T14:34:43Z,Switch to private module names (#785),False,1,__init__.py,httpx/_backends/__init__.py,0,0,0,0,0
82dc6f32f864d26677df8fc61249a7fc74c687e8,Florimond Manca,Tom Christie,2020-01-28 14:34:43+00:00,2020-01-28T14:34:43Z,Switch to private module names (#785),False,1,_auth.py,httpx/_auth.py,255,0,255,0,0
82dc6f32f864d26677df8fc61249a7fc74c687e8,Florimond Manca,Tom Christie,2020-01-28 14:34:43+00:00,2020-01-28T14:34:43Z,Switch to private module names (#785),False,1,_api.py,httpx/_api.py,398,0,398,0,0
82dc6f32f864d26677df8fc61249a7fc74c687e8,Florimond Manca,Tom Christie,2020-01-28 14:34:43+00:00,2020-01-28T14:34:43Z,Switch to private module names (#785),False,1,connection_pool.py,httpx/_dispatch/connection_pool.py,221,0,221,0,0
82dc6f32f864d26677df8fc61249a7fc74c687e8,Florimond Manca,Tom Christie,2020-01-28 14:34:43+00:00,2020-01-28T14:34:43Z,Switch to private module names (#785),False,1,client.py,httpx/client.py,0,1472,1472,0,0
82dc6f32f864d26677df8fc61249a7fc74c687e8,Florimond Manca,Tom Christie,2020-01-28 14:34:43+00:00,2020-01-28T14:34:43Z,Switch to private module names (#785),False,1,test_connection_pools.py,tests/dispatch/test_connection_pools.py,1,1,2,0,0
82dc6f32f864d26677df8fc61249a7fc74c687e8,Florimond Manca,Tom Christie,2020-01-28 14:34:43+00:00,2020-01-28T14:34:43Z,Switch to private module names (#785),False,1,content_streams.py,httpx/content_streams.py,0,346,346,0,0
82dc6f32f864d26677df8fc61249a7fc74c687e8,Florimond Manca,Tom Christie,2020-01-28 14:34:43+00:00,2020-01-28T14:34:43Z,Switch to private module names (#785),False,1,test_queryparams.py,tests/client/test_queryparams.py,2,2,4,0,0
82dc6f32f864d26677df8fc61249a7fc74c687e8,Florimond Manca,Tom Christie,2020-01-28 14:34:43+00:00,2020-01-28T14:34:43Z,Switch to private module names (#785),False,1,test_redirects.py,tests/client/test_redirects.py,3,3,6,0,0
82dc6f32f864d26677df8fc61249a7fc74c687e8,Florimond Manca,Tom Christie,2020-01-28 14:34:43+00:00,2020-01-28T14:34:43Z,Switch to private module names (#785),False,1,__init__.py,httpx/__init__.py,9,9,18,0,1
82dc6f32f864d26677df8fc61249a7fc74c687e8,Florimond Manca,Tom Christie,2020-01-28 14:34:43+00:00,2020-01-28T14:34:43Z,Switch to private module names (#785),False,1,test_proxy_http.py,tests/dispatch/test_proxy_http.py,1,1,2,0,0
82dc6f32f864d26677df8fc61249a7fc74c687e8,Florimond Manca,Tom Christie,2020-01-28 14:34:43+00:00,2020-01-28T14:34:43Z,Switch to private module names (#785),False,1,utils.py,tests/dispatch/utils.py,1,1,2,0,0
82dc6f32f864d26677df8fc61249a7fc74c687e8,Florimond Manca,Tom Christie,2020-01-28 14:34:43+00:00,2020-01-28T14:34:43Z,Switch to private module names (#785),False,1,test_responses.py,tests/models/test_responses.py,2,2,4,0,0
82dc6f32f864d26677df8fc61249a7fc74c687e8,Florimond Manca,Tom Christie,2020-01-28 14:34:43+00:00,2020-01-28T14:34:43Z,Switch to private module names (#785),False,1,test_headers.py,tests/client/test_headers.py,2,2,4,0,0
82dc6f32f864d26677df8fc61249a7fc74c687e8,Florimond Manca,Tom Christie,2020-01-28 14:34:43+00:00,2020-01-28T14:34:43Z,Switch to private module names (#785),False,1,test_url.py,tests/models/test_url.py,1,1,2,0,0
82dc6f32f864d26677df8fc61249a7fc74c687e8,Florimond Manca,Tom Christie,2020-01-28 14:34:43+00:00,2020-01-28T14:34:43Z,Switch to private module names (#785),False,1,test_config.py,tests/test_config.py,1,1,2,0,0
82dc6f32f864d26677df8fc61249a7fc74c687e8,Florimond Manca,Tom Christie,2020-01-28 14:34:43+00:00,2020-01-28T14:34:43Z,Switch to private module names (#785),False,1,test_content_streams.py,tests/test_content_streams.py,2,2,4,0,1
82dc6f32f864d26677df8fc61249a7fc74c687e8,Florimond Manca,Tom Christie,2020-01-28 14:34:43+00:00,2020-01-28T14:34:43Z,Switch to private module names (#785),False,1,test_decoders.py,tests/test_decoders.py,2,2,4,0,1
82dc6f32f864d26677df8fc61249a7fc74c687e8,Florimond Manca,Tom Christie,2020-01-28 14:34:43+00:00,2020-01-28T14:34:43Z,Switch to private module names (#785),False,1,test_multipart.py,tests/test_multipart.py,4,4,8,0,1
82dc6f32f864d26677df8fc61249a7fc74c687e8,Florimond Manca,Tom Christie,2020-01-28 14:34:43+00:00,2020-01-28T14:34:43Z,Switch to private module names (#785),False,1,test_utils.py,tests/test_utils.py,4,4,8,0,0
82dc6f32f864d26677df8fc61249a7fc74c687e8,Florimond Manca,Tom Christie,2020-01-28 14:34:43+00:00,2020-01-28T14:34:43Z,Switch to private module names (#785),False,1,utils.py,tests/utils.py,3,3,6,0,1
82dc6f32f864d26677df8fc61249a7fc74c687e8,Florimond Manca,Tom Christie,2020-01-28 14:34:43+00:00,2020-01-28T14:34:43Z,Switch to private module names (#785),False,1,test_concurrency.py,tests/test_concurrency.py,4,4,8,0,0
82dc6f32f864d26677df8fc61249a7fc74c687e8,Florimond Manca,Tom Christie,2020-01-28 14:34:43+00:00,2020-01-28T14:34:43Z,Switch to private module names (#785),False,1,config.py,httpx/config.py,0,357,357,0,0
82dc6f32f864d26677df8fc61249a7fc74c687e8,Florimond Manca,Tom Christie,2020-01-28 14:34:43+00:00,2020-01-28T14:34:43Z,Switch to private module names (#785),False,1,test_cookies.py,tests/client/test_cookies.py,2,2,4,0,0
82dc6f32f864d26677df8fc61249a7fc74c687e8,Florimond Manca,Tom Christie,2020-01-28 14:34:43+00:00,2020-01-28T14:34:43Z,Switch to private module names (#785),False,1,utils.py,httpx/utils.py,0,369,369,0,0
82dc6f32f864d26677df8fc61249a7fc74c687e8,Florimond Manca,Tom Christie,2020-01-28 14:34:43+00:00,2020-01-28T14:34:43Z,Switch to private module names (#785),False,1,decoders.py,httpx/decoders.py,0,290,290,0,0
82dc6f32f864d26677df8fc61249a7fc74c687e8,Florimond Manca,Tom Christie,2020-01-28 14:34:43+00:00,2020-01-28T14:34:43Z,Switch to private module names (#785),False,1,__init__.py,httpx/dispatch/__init__.py,0,0,0,0,0
82dc6f32f864d26677df8fc61249a7fc74c687e8,Florimond Manca,Tom Christie,2020-01-28 14:34:43+00:00,2020-01-28T14:34:43Z,Switch to private module names (#785),False,1,asgi.py,httpx/dispatch/asgi.py,0,123,123,0,0
82dc6f32f864d26677df8fc61249a7fc74c687e8,Florimond Manca,Tom Christie,2020-01-28 14:34:43+00:00,2020-01-28T14:34:43Z,Switch to private module names (#785),False,1,base.py,httpx/dispatch/base.py,0,64,64,0,0
82dc6f32f864d26677df8fc61249a7fc74c687e8,Florimond Manca,Tom Christie,2020-01-28 14:34:43+00:00,2020-01-28T14:34:43Z,Switch to private module names (#785),False,1,connection.py,httpx/dispatch/connection.py,0,149,149,0,0
82dc6f32f864d26677df8fc61249a7fc74c687e8,Florimond Manca,Tom Christie,2020-01-28 14:34:43+00:00,2020-01-28T14:34:43Z,Switch to private module names (#785),False,1,connection_pool.py,httpx/dispatch/connection_pool.py,0,221,221,0,0
82dc6f32f864d26677df8fc61249a7fc74c687e8,Florimond Manca,Tom Christie,2020-01-28 14:34:43+00:00,2020-01-28T14:34:43Z,Switch to private module names (#785),False,1,test_auth.py,tests/client/test_auth.py,2,2,4,0,0
82dc6f32f864d26677df8fc61249a7fc74c687e8,Florimond Manca,Tom Christie,2020-01-28 14:34:43+00:00,2020-01-28T14:34:43Z,Switch to private module names (#785),False,1,http11.py,httpx/dispatch/http11.py,0,206,206,0,0
82dc6f32f864d26677df8fc61249a7fc74c687e8,Florimond Manca,Tom Christie,2020-01-28 14:34:43+00:00,2020-01-28T14:34:43Z,Switch to private module names (#785),False,1,proxy_http.py,httpx/dispatch/proxy_http.py,0,208,208,0,0
82dc6f32f864d26677df8fc61249a7fc74c687e8,Florimond Manca,Tom Christie,2020-01-28 14:34:43+00:00,2020-01-28T14:34:43Z,Switch to private module names (#785),False,1,urllib3.py,httpx/dispatch/urllib3.py,0,128,128,0,0
82dc6f32f864d26677df8fc61249a7fc74c687e8,Florimond Manca,Tom Christie,2020-01-28 14:34:43+00:00,2020-01-28T14:34:43Z,Switch to private module names (#785),False,1,wsgi.py,httpx/dispatch/wsgi.py,0,103,103,0,0
82dc6f32f864d26677df8fc61249a7fc74c687e8,Florimond Manca,Tom Christie,2020-01-28 14:34:43+00:00,2020-01-28T14:34:43Z,Switch to private module names (#785),False,1,exceptions.py,httpx/exceptions.py,0,174,174,0,0
82dc6f32f864d26677df8fc61249a7fc74c687e8,Florimond Manca,Tom Christie,2020-01-28 14:34:43+00:00,2020-01-28T14:34:43Z,Switch to private module names (#785),False,1,models.py,httpx/models.py,0,1207,1207,0,0
82dc6f32f864d26677df8fc61249a7fc74c687e8,Florimond Manca,Tom Christie,2020-01-28 14:34:43+00:00,2020-01-28T14:34:43Z,Switch to private module names (#785),False,1,status_codes.py,httpx/status_codes.py,0,139,139,0,0
82dc6f32f864d26677df8fc61249a7fc74c687e8,Florimond Manca,Tom Christie,2020-01-28 14:34:43+00:00,2020-01-28T14:34:43Z,Switch to private module names (#785),False,1,http2.py,httpx/dispatch/http2.py,0,298,298,0,0
82dc6f32f864d26677df8fc61249a7fc74c687e8,Florimond Manca,Tom Christie,2020-01-28 14:34:43+00:00,2020-01-28T14:34:43Z,Switch to private module names (#785),False,1,test_connections.py,tests/dispatch/test_connections.py,2,2,4,0,0
b3db9ff0b6554ed3a48ff912682f4a7d10c3f3f8,George Kettleborough,GitHub,2020-02-10 12:10:11+00:00,2020-02-10T12:10:11Z,Add Auth.requires_response_body attribute (#803),False,1,_auth.py,httpx/_auth.py,1,0,1,0,0
b3db9ff0b6554ed3a48ff912682f4a7d10c3f3f8,George Kettleborough,GitHub,2020-02-10 12:10:11+00:00,2020-02-10T12:10:11Z,Add Auth.requires_response_body attribute (#803),False,1,test_auth.py,tests/client/test_auth.py,37,0,37,0,0
b3db9ff0b6554ed3a48ff912682f4a7d10c3f3f8,George Kettleborough,GitHub,2020-02-10 12:10:11+00:00,2020-02-10T12:10:11Z,Add Auth.requires_response_body attribute (#803),False,1,_client.py,httpx/_client.py,4,0,4,0,0
3e12fd0656bb6dacd2d2cd2c7c8ed9723079eae3,Primož Godec,GitHub,2020-02-12 15:19:48+00:00,2020-02-12T15:19:48Z,Adding NetworkError to __init__ (#814),False,1,__init__.py,httpx/__init__.py,2,0,2,1,0
db33c071e1591adea88060576c6e158ffb90781b,Tom Christie,GitHub,2020-02-19 11:38:14+00:00,2020-02-19T11:38:14Z,Add 'chat' to docs (#818),False,1,sidecar-1.5.0.js,docs/js/sidecar-1.5.0.js,6,0,6,0,0
db33c071e1591adea88060576c6e158ffb90781b,Tom Christie,GitHub,2020-02-19 11:38:14+00:00,2020-02-19T11:38:14Z,Add 'chat' to docs (#818),False,1,chat.js,docs/js/chat.js,3,0,3,0,0
efe9f61bc2f047574c7b78bbd3d00ca74f930196,Piotr Staroszczyk,GitHub,2020-02-24 10:09:52+00:00,2020-02-24T10:09:52Z,Drop RedirectLoop exception (#819),False,1,test_redirects.py,tests/client/test_redirects.py,1,12,13,0,0
efe9f61bc2f047574c7b78bbd3d00ca74f930196,Piotr Staroszczyk,GitHub,2020-02-24 10:09:52+00:00,2020-02-24T10:09:52Z,Drop RedirectLoop exception (#819),False,1,__init__.py,tests/__init__.py,0,0,0,0,0
efe9f61bc2f047574c7b78bbd3d00ca74f930196,Piotr Staroszczyk,GitHub,2020-02-24 10:09:52+00:00,2020-02-24T10:09:52Z,Drop RedirectLoop exception (#819),False,1,_exceptions.py,httpx/_exceptions.py,0,6,6,0,1
efe9f61bc2f047574c7b78bbd3d00ca74f930196,Piotr Staroszczyk,GitHub,2020-02-24 10:09:52+00:00,2020-02-24T10:09:52Z,Drop RedirectLoop exception (#819),False,1,_client.py,httpx/_client.py,1,13,14,0,1
efe9f61bc2f047574c7b78bbd3d00ca74f930196,Piotr Staroszczyk,GitHub,2020-02-24 10:09:52+00:00,2020-02-24T10:09:52Z,Drop RedirectLoop exception (#819),False,1,__init__.py,httpx/__init__.py,0,2,2,0,0
efe9f61bc2f047574c7b78bbd3d00ca74f930196,Piotr Staroszczyk,GitHub,2020-02-24 10:09:52+00:00,2020-02-24T10:09:52Z,Drop RedirectLoop exception (#819),False,1,.gitignore,.gitignore,2,0,2,0,0
50d337e807839c21e796fd8b01c67d8a672a9721,Piotr Staroszczyk,GitHub,2020-02-24 12:29:51+00:00,2020-02-24T12:29:51Z,"When setting headers, fallback to `utf-8` if no encoding is specified yet. (#820)",False,1,_models.py,httpx/_models.py,2,2,4,0,0
19555f6103b17fb7cc33b1c9baaf1602662302cc,zueve,GitHub,2020-02-27 11:32:10+00:00,2020-02-27T11:32:10Z,Forward `cert` param to SSLConf if `verify=False` (#796),False,1,_config.py,httpx/_config.py,1,0,1,0,0
2714f32238077fa5975531c76b816ca07ba10861,Tom Christie,GitHub,2020-02-27 20:41:28+00:00,2020-02-27T20:41:28Z,Close proxy dispatch classes on Client.close() (#826),False,1,_client.py,httpx/_client.py,4,0,4,1,0
53804173bb734ce94d13d1b34c0ebaab46abd8c3,Florimond Manca,GitHub,2020-02-27 20:42:18+00:00,2020-02-27T20:42:18Z,Drop backend parameter on AsyncClient (#791),False,1,utils.py,tests/dispatch/utils.py,5,5,10,0,0
53804173bb734ce94d13d1b34c0ebaab46abd8c3,Florimond Manca,GitHub,2020-02-27 20:42:18+00:00,2020-02-27T20:42:18Z,Drop backend parameter on AsyncClient (#791),False,1,test_http2.py,tests/dispatch/test_http2.py,13,6,19,0,0
53804173bb734ce94d13d1b34c0ebaab46abd8c3,Florimond Manca,GitHub,2020-02-27 20:42:18+00:00,2020-02-27T20:42:18Z,Drop backend parameter on AsyncClient (#791),False,1,test_async_client.py,tests/client/test_async_client.py,0,7,7,0,0
53804173bb734ce94d13d1b34c0ebaab46abd8c3,Florimond Manca,GitHub,2020-02-27 20:42:18+00:00,2020-02-27T20:42:18Z,Drop backend parameter on AsyncClient (#791),False,1,_client.py,httpx/_client.py,0,11,11,0,0
112fb9c07dbe4b4cb9ffa60df8a23b2fb86ec169,Yeray Diaz Diaz,GitHub,2020-03-01 19:34:16+00:00,2020-03-01T20:34:16+01:00,Remove proxies from Request docstring (#839),False,1,_api.py,httpx/_api.py,0,2,2,0,0
3333152b54654a438d5a8f7d0c36890a282b8eae,Tom Christie,GitHub,2020-03-02 10:34:04+00:00,2020-03-02T10:34:04Z,Don't support broken dict-of-dicts case for data argument (#811),False,1,_content_streams.py,httpx/_content_streams.py,1,1,2,1,1
3333152b54654a438d5a8f7d0c36890a282b8eae,Tom Christie,GitHub,2020-03-02 10:34:04+00:00,2020-03-02T10:34:04Z,Don't support broken dict-of-dicts case for data argument (#811),False,1,test_multipart.py,tests/test_multipart.py,2,5,7,1,0
707e54c48415e98224ca74e67809a5593b41b03d,Evan Lurvey,GitHub,2020-03-02 15:51:34+00:00,2020-03-02T16:51:34+01:00,Enable NO_PROXY environment variable support  (#835),False,1,test_proxies.py,tests/client/test_proxies.py,29,0,29,0,0
707e54c48415e98224ca74e67809a5593b41b03d,Evan Lurvey,GitHub,2020-03-02 15:51:34+00:00,2020-03-02T16:51:34+01:00,Enable NO_PROXY environment variable support  (#835),False,1,_client.py,httpx/_client.py,8,3,11,0,1
6e40c1b26ac3526bfe4115c00c028899d37e551e,Tom Christie,GitHub,2020-03-09 10:18:34+00:00,2020-03-09T10:18:34Z,Version 0.12 (#852),False,1,__version__.py,httpx/__version__.py,1,1,2,0,0
43ec09c3cbb089edd2e83ccc717fb95beef0c189,Florimond Manca,GitHub,2020-03-15 09:30:58+00:00,2020-03-15T10:30:58+01:00,Fix type checking breakage (#865),False,1,_content_streams.py,httpx/_content_streams.py,1,0,1,1,1
430285f55be7dda017e6b9d710c5e93f26efc67b,Dima Boger,GitHub,2020-03-16 21:34:50+00:00,2020-03-16T22:34:50+01:00,Fix multipart edge cases with `data={}` and/or `files={}` (#861),False,1,test_content_streams.py,tests/test_content_streams.py,12,0,12,1,0
430285f55be7dda017e6b9d710c5e93f26efc67b,Dima Boger,GitHub,2020-03-16 21:34:50+00:00,2020-03-16T22:34:50+01:00,Fix multipart edge cases with `data={}` and/or `files={}` (#861),False,1,_content_streams.py,httpx/_content_streams.py,2,2,4,1,0
23486b5438c8c142c430aba702d61144ec2e901b,Tom Christie,GitHub,2020-03-19 20:55:13+00:00,2020-03-19T20:55:13Z,Version 0.12.1 (#868),False,1,__version__.py,httpx/__version__.py,1,1,2,0,0
939f3ce7ce43d11f3a9829dabaa292b3a906b56d,Dima Boger,GitHub,2020-03-28 15:05:06+00:00,2020-03-28T16:05:06+01:00,Add content-length header for empty bytestream (#866),False,1,test_content_streams.py,tests/test_content_streams.py,6,2,8,0,0
939f3ce7ce43d11f3a9829dabaa292b3a906b56d,Dima Boger,GitHub,2020-03-28 15:05:06+00:00,2020-03-28T16:05:06+01:00,Add content-length header for empty bytestream (#866),False,1,test_requests.py,tests/models/test_requests.py,1,1,2,0,0
939f3ce7ce43d11f3a9829dabaa292b3a906b56d,Dima Boger,GitHub,2020-03-28 15:05:06+00:00,2020-03-28T16:05:06+01:00,Add content-length header for empty bytestream (#866),False,1,test_redirects.py,tests/client/test_redirects.py,2,2,4,0,0
939f3ce7ce43d11f3a9829dabaa292b3a906b56d,Dima Boger,GitHub,2020-03-28 15:05:06+00:00,2020-03-28T16:05:06+01:00,Add content-length header for empty bytestream (#866),False,1,test_headers.py,tests/client/test_headers.py,7,0,7,0,0
939f3ce7ce43d11f3a9829dabaa292b3a906b56d,Dima Boger,GitHub,2020-03-28 15:05:06+00:00,2020-03-28T16:05:06+01:00,Add content-length header for empty bytestream (#866),False,1,_content_streams.py,httpx/_content_streams.py,0,2,2,0,0
fc980e779276e46ce2e2aad10a8ced1d50334306,Ed Singleton,GitHub,2020-03-28 16:22:10+00:00,2020-03-28T17:22:10+01:00,Fix Client Docstring and add AsyncClient to API docs (#883),False,1,_client.py,httpx/_client.py,1,1,2,1,1
8f400c269eddeb1f8fc4d63776d20bfde8217f56,Florimond Manca,GitHub,2020-03-29 09:39:31+00:00,2020-03-29T11:39:31+02:00,Drop usage of `AnyStr` (#882),False,1,_types.py,httpx/_types.py,7,0,7,0,0
8f400c269eddeb1f8fc4d63776d20bfde8217f56,Florimond Manca,GitHub,2020-03-29 09:39:31+00:00,2020-03-29T11:39:31+02:00,Drop usage of `AnyStr` (#882),False,1,_models.py,httpx/_models.py,3,2,5,0,0
8f400c269eddeb1f8fc4d63776d20bfde8217f56,Florimond Manca,GitHub,2020-03-29 09:39:31+00:00,2020-03-29T11:39:31+02:00,Drop usage of `AnyStr` (#882),False,1,_content_streams.py,httpx/_content_streams.py,8,4,12,0,0
8f400c269eddeb1f8fc4d63776d20bfde8217f56,Florimond Manca,GitHub,2020-03-29 09:39:31+00:00,2020-03-29T11:39:31+02:00,Drop usage of `AnyStr` (#882),False,1,_utils.py,httpx/_utils.py,6,5,11,0,0
d63108d613601791acb0b549ffa93bc12c830ef9,Florimond Manca,GitHub,2020-03-29 10:46:38+00:00,2020-03-29T12:46:38+02:00,Fix casing nits (#889),False,1,_exceptions.py,httpx/_exceptions.py,1,1,2,1,1
1c9b852783f065db1b495b587c1c986246355198,Florimond Manca,GitHub,2020-03-29 11:12:05+00:00,2020-03-29T13:12:05+02:00,Improve type hinting for `HTTPError.request` (#886),False,1,_exceptions.py,httpx/_exceptions.py,9,2,11,1,0
1c9b852783f065db1b495b587c1c986246355198,Florimond Manca,GitHub,2020-03-29 11:12:05+00:00,2020-03-29T13:12:05+02:00,Improve type hinting for `HTTPError.request` (#886),False,1,_client.py,httpx/_client.py,4,4,8,1,0
94323f98ac812031dcf0bfecf6227beb2afd9c41,Ed Singleton,GitHub,2020-03-29 11:13:01+00:00,2020-03-29T13:13:01+02:00,Fix support for generator-based WSGI apps (#887),False,1,test_wsgi.py,tests/test_wsgi.py,28,12,40,1,0
94323f98ac812031dcf0bfecf6227beb2afd9c41,Ed Singleton,GitHub,2020-03-29 11:13:01+00:00,2020-03-29T13:13:01+02:00,Fix support for generator-based WSGI apps (#887),False,1,wsgi.py,httpx/_dispatch/wsgi.py,12,0,12,1,0
631ba97635262fc72556a1638bac42cc843fe2ea,Tom Christie,GitHub,2020-04-08 12:15:22+00:00,2020-04-08T13:15:22+01:00,"Revert ""Add content-length header for empty bytestream (#866)"" (#898)",False,1,_content_streams.py,httpx/_content_streams.py,2,0,2,0,0
631ba97635262fc72556a1638bac42cc843fe2ea,Tom Christie,GitHub,2020-04-08 12:15:22+00:00,2020-04-08T13:15:22+01:00,"Revert ""Add content-length header for empty bytestream (#866)"" (#898)",False,1,test_headers.py,tests/client/test_headers.py,0,7,7,0,0
631ba97635262fc72556a1638bac42cc843fe2ea,Tom Christie,GitHub,2020-04-08 12:15:22+00:00,2020-04-08T13:15:22+01:00,"Revert ""Add content-length header for empty bytestream (#866)"" (#898)",False,1,test_redirects.py,tests/client/test_redirects.py,2,2,4,0,0
631ba97635262fc72556a1638bac42cc843fe2ea,Tom Christie,GitHub,2020-04-08 12:15:22+00:00,2020-04-08T13:15:22+01:00,"Revert ""Add content-length header for empty bytestream (#866)"" (#898)",False,1,test_requests.py,tests/models/test_requests.py,1,1,2,0,0
631ba97635262fc72556a1638bac42cc843fe2ea,Tom Christie,GitHub,2020-04-08 12:15:22+00:00,2020-04-08T13:15:22+01:00,"Revert ""Add content-length header for empty bytestream (#866)"" (#898)",False,1,test_content_streams.py,tests/test_content_streams.py,2,6,8,0,0
3046e920ea899c95987a7b912dee0cafcb6630ce,Tom Christie,GitHub,2020-04-08 12:32:10+00:00,2020-04-08T13:32:10+01:00,Httpcore interface (#804),False,1,wsgi.py,httpx/_dispatch/wsgi.py,42,24,66,0,0
3046e920ea899c95987a7b912dee0cafcb6630ce,Tom Christie,GitHub,2020-04-08 12:32:10+00:00,2020-04-08T13:32:10+01:00,Httpcore interface (#804),False,1,_exceptions.py,httpx/_exceptions.py,15,50,65,0,0
3046e920ea899c95987a7b912dee0cafcb6630ce,Tom Christie,GitHub,2020-04-08 12:32:10+00:00,2020-04-08T13:32:10+01:00,Httpcore interface (#804),False,1,urllib3.py,httpx/_dispatch/urllib3.py,60,27,87,0,0
3046e920ea899c95987a7b912dee0cafcb6630ce,Tom Christie,GitHub,2020-04-08 12:32:10+00:00,2020-04-08T13:32:10+01:00,Httpcore interface (#804),False,1,proxy_http.py,httpx/_dispatch/proxy_http.py,0,208,208,0,0
3046e920ea899c95987a7b912dee0cafcb6630ce,Tom Christie,GitHub,2020-04-08 12:32:10+00:00,2020-04-08T13:32:10+01:00,Httpcore interface (#804),False,1,http2.py,httpx/_dispatch/http2.py,0,298,298,0,0
3046e920ea899c95987a7b912dee0cafcb6630ce,Tom Christie,GitHub,2020-04-08 12:32:10+00:00,2020-04-08T13:32:10+01:00,Httpcore interface (#804),False,1,http11.py,httpx/_dispatch/http11.py,0,206,206,0,0
3046e920ea899c95987a7b912dee0cafcb6630ce,Tom Christie,GitHub,2020-04-08 12:32:10+00:00,2020-04-08T13:32:10+01:00,Httpcore interface (#804),False,1,connection_pool.py,httpx/_dispatch/connection_pool.py,0,221,221,0,0
3046e920ea899c95987a7b912dee0cafcb6630ce,Tom Christie,GitHub,2020-04-08 12:32:10+00:00,2020-04-08T13:32:10+01:00,Httpcore interface (#804),False,1,__version__.py,httpx/__version__.py,1,1,2,0,0
3046e920ea899c95987a7b912dee0cafcb6630ce,Tom Christie,GitHub,2020-04-08 12:32:10+00:00,2020-04-08T13:32:10+01:00,Httpcore interface (#804),False,1,base.py,httpx/_dispatch/base.py,0,64,64,0,0
3046e920ea899c95987a7b912dee0cafcb6630ce,Tom Christie,GitHub,2020-04-08 12:32:10+00:00,2020-04-08T13:32:10+01:00,Httpcore interface (#804),False,1,asgi.py,httpx/_dispatch/asgi.py,32,27,59,0,0
3046e920ea899c95987a7b912dee0cafcb6630ce,Tom Christie,GitHub,2020-04-08 12:32:10+00:00,2020-04-08T13:32:10+01:00,Httpcore interface (#804),False,1,_content_streams.py,httpx/_content_streams.py,3,1,4,0,0
3046e920ea899c95987a7b912dee0cafcb6630ce,Tom Christie,GitHub,2020-04-08 12:32:10+00:00,2020-04-08T13:32:10+01:00,Httpcore interface (#804),False,1,_config.py,httpx/_config.py,8,0,8,0,0
3046e920ea899c95987a7b912dee0cafcb6630ce,Tom Christie,GitHub,2020-04-08 12:32:10+00:00,2020-04-08T13:32:10+01:00,Httpcore interface (#804),False,1,_client.py,httpx/_client.py,106,51,157,0,0
3046e920ea899c95987a7b912dee0cafcb6630ce,Tom Christie,GitHub,2020-04-08 12:32:10+00:00,2020-04-08T13:32:10+01:00,Httpcore interface (#804),False,1,__init__.py,httpx/__init__.py,0,4,4,0,0
3046e920ea899c95987a7b912dee0cafcb6630ce,Tom Christie,GitHub,2020-04-08 12:32:10+00:00,2020-04-08T13:32:10+01:00,Httpcore interface (#804),False,1,connection.py,httpx/_dispatch/connection.py,0,149,149,0,0
3046e920ea899c95987a7b912dee0cafcb6630ce,Tom Christie,GitHub,2020-04-08 12:32:10+00:00,2020-04-08T13:32:10+01:00,Httpcore interface (#804),False,1,_models.py,httpx/_models.py,9,0,9,0,0
3046e920ea899c95987a7b912dee0cafcb6630ce,Tom Christie,GitHub,2020-04-08 12:32:10+00:00,2020-04-08T13:32:10+01:00,Httpcore interface (#804),False,1,test_headers.py,tests/client/test_headers.py,19,15,34,0,1
3046e920ea899c95987a7b912dee0cafcb6630ce,Tom Christie,GitHub,2020-04-08 12:32:10+00:00,2020-04-08T13:32:10+01:00,Httpcore interface (#804),False,1,test_async_client.py,tests/client/test_async_client.py,0,12,12,0,1
3046e920ea899c95987a7b912dee0cafcb6630ce,Tom Christie,GitHub,2020-04-08 12:32:10+00:00,2020-04-08T13:32:10+01:00,Httpcore interface (#804),False,1,setup.py,setup.py,1,4,5,0,0
3046e920ea899c95987a7b912dee0cafcb6630ce,Tom Christie,GitHub,2020-04-08 12:32:10+00:00,2020-04-08T13:32:10+01:00,Httpcore interface (#804),False,1,test_utils.py,tests/test_utils.py,0,2,2,0,0
3046e920ea899c95987a7b912dee0cafcb6630ce,Tom Christie,GitHub,2020-04-08 12:32:10+00:00,2020-04-08T13:32:10+01:00,Httpcore interface (#804),False,1,test_multipart.py,tests/test_multipart.py,19,12,31,0,0
3046e920ea899c95987a7b912dee0cafcb6630ce,Tom Christie,GitHub,2020-04-08 12:32:10+00:00,2020-04-08T13:32:10+01:00,Httpcore interface (#804),False,1,test_concurrency.py,tests/test_concurrency.py,0,27,27,0,0
3046e920ea899c95987a7b912dee0cafcb6630ce,Tom Christie,GitHub,2020-04-08 12:32:10+00:00,2020-04-08T13:32:10+01:00,Httpcore interface (#804),False,1,utils.py,tests/dispatch/utils.py,0,204,204,0,0
3046e920ea899c95987a7b912dee0cafcb6630ce,Tom Christie,GitHub,2020-04-08 12:32:10+00:00,2020-04-08T13:32:10+01:00,Httpcore interface (#804),False,1,test_proxy_http.py,tests/dispatch/test_proxy_http.py,0,207,207,0,0
3046e920ea899c95987a7b912dee0cafcb6630ce,Tom Christie,GitHub,2020-04-08 12:32:10+00:00,2020-04-08T13:32:10+01:00,Httpcore interface (#804),False,1,test_http2.py,tests/dispatch/test_http2.py,0,158,158,0,0
3046e920ea899c95987a7b912dee0cafcb6630ce,Tom Christie,GitHub,2020-04-08 12:32:10+00:00,2020-04-08T13:32:10+01:00,Httpcore interface (#804),False,1,test_connections.py,tests/dispatch/test_connections.py,0,44,44,0,0
3046e920ea899c95987a7b912dee0cafcb6630ce,Tom Christie,GitHub,2020-04-08 12:32:10+00:00,2020-04-08T13:32:10+01:00,Httpcore interface (#804),False,1,test_proxies.py,tests/client/test_proxies.py,3,3,6,0,0
3046e920ea899c95987a7b912dee0cafcb6630ce,Tom Christie,GitHub,2020-04-08 12:32:10+00:00,2020-04-08T13:32:10+01:00,Httpcore interface (#804),False,1,__init__.py,tests/dispatch/__init__.py,0,0,0,0,0
3046e920ea899c95987a7b912dee0cafcb6630ce,Tom Christie,GitHub,2020-04-08 12:32:10+00:00,2020-04-08T13:32:10+01:00,Httpcore interface (#804),False,1,conftest.py,tests/conftest.py,0,25,25,0,1
3046e920ea899c95987a7b912dee0cafcb6630ce,Tom Christie,GitHub,2020-04-08 12:32:10+00:00,2020-04-08T13:32:10+01:00,Httpcore interface (#804),False,1,test_redirects.py,tests/client/test_redirects.py,143,105,248,0,1
3046e920ea899c95987a7b912dee0cafcb6630ce,Tom Christie,GitHub,2020-04-08 12:32:10+00:00,2020-04-08T13:32:10+01:00,Httpcore interface (#804),False,1,test_queryparams.py,tests/client/test_queryparams.py,17,14,31,0,1
3046e920ea899c95987a7b912dee0cafcb6630ce,Tom Christie,GitHub,2020-04-08 12:32:10+00:00,2020-04-08T13:32:10+01:00,Httpcore interface (#804),False,1,test_auth.py,tests/client/test_auth.py,58,37,95,0,0
3046e920ea899c95987a7b912dee0cafcb6630ce,Tom Christie,GitHub,2020-04-08 12:32:10+00:00,2020-04-08T13:32:10+01:00,Httpcore interface (#804),False,1,test_cookies.py,tests/client/test_cookies.py,32,18,50,0,1
3046e920ea899c95987a7b912dee0cafcb6630ce,Tom Christie,GitHub,2020-04-08 12:32:10+00:00,2020-04-08T13:32:10+01:00,Httpcore interface (#804),False,1,test_connection_pools.py,tests/dispatch/test_connection_pools.py,0,246,246,0,0
af75908b7ab9f406d9ec2b51f75d1218cf92d12b,Florimond Manca,GitHub,2020-04-10 16:48:01+00:00,2020-04-10T18:48:01+02:00,Drop concurrency backends (#901),False,1,__init__.py,httpx/_backends/__init__.py,0,0,0,0,0
af75908b7ab9f406d9ec2b51f75d1218cf92d12b,Florimond Manca,GitHub,2020-04-10 16:48:01+00:00,2020-04-10T18:48:01+02:00,Drop concurrency backends (#901),False,1,asyncio.py,httpx/_backends/asyncio.py,0,268,268,0,0
af75908b7ab9f406d9ec2b51f75d1218cf92d12b,Florimond Manca,GitHub,2020-04-10 16:48:01+00:00,2020-04-10T18:48:01+02:00,Drop concurrency backends (#901),False,1,auto.py,httpx/_backends/auto.py,0,51,51,0,0
af75908b7ab9f406d9ec2b51f75d1218cf92d12b,Florimond Manca,GitHub,2020-04-10 16:48:01+00:00,2020-04-10T18:48:01+02:00,Drop concurrency backends (#901),False,1,trio.py,httpx/_backends/trio.py,0,176,176,0,0
af75908b7ab9f406d9ec2b51f75d1218cf92d12b,Florimond Manca,GitHub,2020-04-10 16:48:01+00:00,2020-04-10T18:48:01+02:00,Drop concurrency backends (#901),False,1,test_concurrency.py,tests/test_concurrency.py,0,95,95,0,0
af75908b7ab9f406d9ec2b51f75d1218cf92d12b,Florimond Manca,GitHub,2020-04-10 16:48:01+00:00,2020-04-10T18:48:01+02:00,Drop concurrency backends (#901),False,1,base.py,httpx/_backends/base.py,0,121,121,0,0
5829ecb648f4b53611ae7d6d9ae6df0babf2cfae,Florimond Manca,GitHub,2020-04-10 18:40:04+00:00,2020-04-10T20:40:04+02:00,Implement streaming multipart uploads (#857),False,1,test_multipart.py,tests/test_multipart.py,64,10,74,0,1
5829ecb648f4b53611ae7d6d9ae6df0babf2cfae,Florimond Manca,GitHub,2020-04-10 18:40:04+00:00,2020-04-10T20:40:04+02:00,Implement streaming multipart uploads (#857),False,1,_utils.py,httpx/_utils.py,33,0,33,0,0
5829ecb648f4b53611ae7d6d9ae6df0babf2cfae,Florimond Manca,GitHub,2020-04-10 18:40:04+00:00,2020-04-10T20:40:04+02:00,Implement streaming multipart uploads (#857),False,1,_content_streams.py,httpx/_content_streams.py,128,58,186,0,0
4c01117dd21acc0448f3e7f464aaa743fd8cffce,Florimond Manca,GitHub,2020-04-15 11:12:09+00:00,2020-04-15T13:12:09+02:00,Move types definitions to a dedicated module (#902),False,1,_auth.py,httpx/_auth.py,0,6,6,0,0
4c01117dd21acc0448f3e7f464aaa743fd8cffce,Florimond Manca,GitHub,2020-04-15 11:12:09+00:00,2020-04-15T13:12:09+02:00,Move types definitions to a dedicated module (#902),False,1,_api.py,httpx/_api.py,7,5,12,0,1
4c01117dd21acc0448f3e7f464aaa743fd8cffce,Florimond Manca,GitHub,2020-04-15 11:12:09+00:00,2020-04-15T13:12:09+02:00,Move types definitions to a dedicated module (#902),False,1,_config.py,httpx/_config.py,2,11,13,0,0
4c01117dd21acc0448f3e7f464aaa743fd8cffce,Florimond Manca,GitHub,2020-04-15 11:12:09+00:00,2020-04-15T13:12:09+02:00,Move types definitions to a dedicated module (#902),False,1,_client.py,httpx/_client.py,9,14,23,0,1
4c01117dd21acc0448f3e7f464aaa743fd8cffce,Florimond Manca,GitHub,2020-04-15 11:12:09+00:00,2020-04-15T13:12:09+02:00,Move types definitions to a dedicated module (#902),False,1,urllib3.py,httpx/_dispatch/urllib3.py,2,8,10,0,0
4c01117dd21acc0448f3e7f464aaa743fd8cffce,Florimond Manca,GitHub,2020-04-15 11:12:09+00:00,2020-04-15T13:12:09+02:00,Move types definitions to a dedicated module (#902),False,1,_content_streams.py,httpx/_content_streams.py,1,24,25,0,1
4c01117dd21acc0448f3e7f464aaa743fd8cffce,Florimond Manca,GitHub,2020-04-15 11:12:09+00:00,2020-04-15T13:12:09+02:00,Move types definitions to a dedicated module (#902),False,1,_types.py,httpx/_types.py,62,1,63,0,0
4c01117dd21acc0448f3e7f464aaa743fd8cffce,Florimond Manca,GitHub,2020-04-15 11:12:09+00:00,2020-04-15T13:12:09+02:00,Move types definitions to a dedicated module (#902),False,1,_models.py,httpx/_models.py,10,27,37,0,0
4c01117dd21acc0448f3e7f464aaa743fd8cffce,Florimond Manca,GitHub,2020-04-15 11:12:09+00:00,2020-04-15T13:12:09+02:00,Move types definitions to a dedicated module (#902),False,1,_utils.py,httpx/_utils.py,1,2,3,0,0
9085582211b7c84a4f61850f6fd162ecbde1233a,David Vo,GitHub,2020-04-19 07:03:56+00:00,2020-04-19T09:03:56+02:00,Avoid `hasattr` in hot loop in Brotli decoder (#906),False,1,_decoders.py,httpx/_decoders.py,5,3,8,1,1
19bf2112a11cccd591d5a1fc9d47bdc7a23aaa98,Tom Christie,GitHub,2020-04-24 15:46:45+00:00,2020-04-24T16:46:45+01:00,Test Suite on GitHub Actions (#907),False,1,test,scripts/test,1,1,2,0,1
19bf2112a11cccd591d5a1fc9d47bdc7a23aaa98,Tom Christie,GitHub,2020-04-24 15:46:45+00:00,2020-04-24T16:46:45+01:00,Test Suite on GitHub Actions (#907),False,1,install,scripts/install,13,9,22,0,0
97cf9dadd2c91a27ebc4f9b2738711de3aee25e1,Nicholas Guriev,GitHub,2020-04-25 07:42:03+00:00,2020-04-25T09:42:03+02:00,Proper warning level of deprecation notice (#908),False,1,_models.py,httpx/_models.py,4,2,6,0,0
e586e5df371aa776cee6799837c6a615bd43e520,Tom Christie,GitHub,2020-04-30 14:22:54+00:00,2020-04-30T15:22:54+01:00,Publish workflow (#913),False,1,publish,scripts/publish,14,29,43,0,1
e586e5df371aa776cee6799837c6a615bd43e520,Tom Christie,GitHub,2020-04-30 14:22:54+00:00,2020-04-30T15:22:54+01:00,Publish workflow (#913),False,1,build,scripts/build,13,0,13,0,0
bed3d8bd38e0271607013510c216cb94979918b9,Tom Christie,GitHub,2020-04-30 16:09:49+00:00,2020-04-30T17:09:49+01:00,Version 0.13.0.dev0 (#915),False,1,setup.py,setup.py,1,1,2,0,0
8710079d5d589faef1d49b4e9aeec83d0987b3f2,Jamie Hewland,GitHub,2020-05-01 09:51:35+00:00,2020-05-01T11:51:35+02:00,asgi: Send http.disconnect message on receive() after response complete (#909),False,1,test_asgi.py,tests/test_asgi.py,33,0,33,0,0
8710079d5d589faef1d49b4e9aeec83d0987b3f2,Jamie Hewland,GitHub,2020-05-01 09:51:35+00:00,2020-05-01T11:51:35+02:00,asgi: Send http.disconnect message on receive() after response complete (#909),False,1,asgi.py,httpx/_dispatch/asgi.py,5,0,5,0,0
30102612b7481b2df797e8da8a8b3beaca2224cd,Tom Christie,GitHub,2020-05-01 12:47:29+00:00,2020-05-01T13:47:29+01:00,Fix VERSION_FILE in publish script. (#916),False,1,publish,scripts/publish,1,1,2,1,0
8c182e271fd8269f60d2a6511a4db287d9a26196,Florimond Manca,GitHub,2020-05-02 12:29:56+00:00,2020-05-02T14:29:56+02:00,Mark `Response.json()` as returning `Any` (#923),False,1,_models.py,httpx/_models.py,1,1,2,0,0
4af3dd7abce000466305fcfc362734c3c43b49b4,Yeray Diaz Diaz,GitHub,2020-05-06 14:08:38+00:00,2020-05-06T15:08:38+01:00,Pass http2 flag to proxy dispatch (#934),False,1,_client.py,httpx/_client.py,1,0,1,1,0
560b119d32e9ff222836f3a4e7201c2dde9433f9,Yeray Diaz Diaz,GitHub,2020-05-06 14:49:00+00:00,2020-05-06T15:49:00+01:00,Version 0.13.0.dev1 (#935),False,1,setup.py,setup.py,1,1,2,0,0
560b119d32e9ff222836f3a4e7201c2dde9433f9,Yeray Diaz Diaz,GitHub,2020-05-06 14:49:00+00:00,2020-05-06T15:49:00+01:00,Version 0.13.0.dev1 (#935),False,1,__version__.py,httpx/__version__.py,1,1,2,0,0
d568ecda53049cd612af591220e210836f90d6c2,Jamie Hewland,GitHub,2020-05-12 09:06:53+00:00,2020-05-12T10:06:53+01:00,ASGI: Wait for response to complete before sending disconnect message (#919),False,1,test_asgi.py,tests/test_asgi.py,1,2,3,0,0
d568ecda53049cd612af591220e210836f90d6c2,Jamie Hewland,GitHub,2020-05-12 09:06:53+00:00,2020-05-12T10:06:53+01:00,ASGI: Wait for response to complete before sending disconnect message (#919),False,1,setup.py,setup.py,1,0,1,0,0
d568ecda53049cd612af591220e210836f90d6c2,Jamie Hewland,GitHub,2020-05-12 09:06:53+00:00,2020-05-12T10:06:53+01:00,ASGI: Wait for response to complete before sending disconnect message (#919),False,1,asgi.py,httpx/_dispatch/asgi.py,28,6,34,0,0
97d488a95c548af04db9fb781d2690f9c4af6a3b,Tom Christie,GitHub,2020-05-12 09:20:22+00:00,2020-05-12T10:20:22+01:00,Version 0.13.0.dev2 (#941),False,1,setup.py,setup.py,2,2,4,0,0
97d488a95c548af04db9fb781d2690f9c4af6a3b,Tom Christie,GitHub,2020-05-12 09:20:22+00:00,2020-05-12T10:20:22+01:00,Version 0.13.0.dev2 (#941),False,1,__version__.py,httpx/__version__.py,1,1,2,0,0
d6b3794395305e61237149c4623c5917d35dd029,Tom Christie,GitHub,2020-05-12 15:02:25+00:00,2020-05-12T16:02:25+01:00,Attempt to resolve test flakiness (#946),False,1,conftest.py,tests/conftest.py,1,6,7,1,0
d6b3794395305e61237149c4623c5917d35dd029,Tom Christie,GitHub,2020-05-12 15:02:25+00:00,2020-05-12T16:02:25+01:00,Attempt to resolve test flakiness (#946),False,1,test_client.py,tests/client/test_client.py,0,7,7,1,1
790a3ead5d5f493a09ff3990bdd50ba68ca4752c,Yeray Diaz Diaz,GitHub,2020-05-13 10:53:35+00:00,2020-05-13T11:53:35+01:00,Document pool_limits and SSL context on verify (#942),False,1,_config.py,httpx/_config.py,1,1,2,0,0
51b70b3fca3e787948a7df8dc45a5ee338a71eb4,Tom Christie,GitHub,2020-05-15 12:22:46+00:00,2020-05-15T13:22:46+01:00,If `scripts/check` fails then prompt and autofix. (#952),False,1,test,scripts/test,13,3,16,1,0
0a8b0c65bd1576d2d3ad3ade1031c0e03917904d,Tom Christie,GitHub,2020-05-15 15:17:33+00:00,2020-05-15T16:17:33+01:00,Enforce coverage (#955),False,1,test,scripts/test,4,0,4,0,0
0a8b0c65bd1576d2d3ad3ade1031c0e03917904d,Tom Christie,GitHub,2020-05-15 15:17:33+00:00,2020-05-15T16:17:33+01:00,Enforce coverage (#955),False,1,coverage,scripts/coverage,11,0,11,0,0
ba073c8a4635dfe2f0b49280d1650a469cde3050,Tom Christie,GitHub,2020-05-15 19:49:08+00:00,2020-05-15T20:49:08+01:00,Clean up docs scripts (#953),False,1,docs,scripts/docs,10,0,10,0,0
ba073c8a4635dfe2f0b49280d1650a469cde3050,Tom Christie,GitHub,2020-05-15 19:49:08+00:00,2020-05-15T20:49:08+01:00,Clean up docs scripts (#953),False,1,docs-serve,scripts/docs-serve,0,10,10,0,0
ba073c8a4635dfe2f0b49280d1650a469cde3050,Tom Christie,GitHub,2020-05-15 19:49:08+00:00,2020-05-15T20:49:08+01:00,Clean up docs scripts (#953),False,1,docs-build,scripts/docs-build,0,10,10,0,0
d2816c9c48b6ea77c9644ea9229b3b212feed737,Yeray Diaz Diaz,GitHub,2020-05-21 11:22:17+00:00,2020-05-21T12:22:17+01:00,Transport API (#963),False,1,test_proxies.py,tests/client/test_proxies.py,7,7,14,0,0
d2816c9c48b6ea77c9644ea9229b3b212feed737,Yeray Diaz Diaz,GitHub,2020-05-21 11:22:17+00:00,2020-05-21T12:22:17+01:00,Transport API (#963),False,1,__init__.py,httpx/__init__.py,6,2,8,0,0
d2816c9c48b6ea77c9644ea9229b3b212feed737,Yeray Diaz Diaz,GitHub,2020-05-21 11:22:17+00:00,2020-05-21T12:22:17+01:00,Transport API (#963),False,1,__init__.py,httpx/_dispatch/__init__.py,0,0,0,0,0
d2816c9c48b6ea77c9644ea9229b3b212feed737,Yeray Diaz Diaz,GitHub,2020-05-21 11:22:17+00:00,2020-05-21T12:22:17+01:00,Transport API (#963),False,1,urllib3.py,httpx/_dispatch/urllib3.py,0,155,155,0,0
d2816c9c48b6ea77c9644ea9229b3b212feed737,Yeray Diaz Diaz,GitHub,2020-05-21 11:22:17+00:00,2020-05-21T12:22:17+01:00,Transport API (#963),False,1,wsgi.py,httpx/_dispatch/wsgi.py,0,133,133,0,0
d2816c9c48b6ea77c9644ea9229b3b212feed737,Yeray Diaz Diaz,GitHub,2020-05-21 11:22:17+00:00,2020-05-21T12:22:17+01:00,Transport API (#963),False,1,_models.py,httpx/_models.py,3,5,8,0,1
d2816c9c48b6ea77c9644ea9229b3b212feed737,Yeray Diaz Diaz,GitHub,2020-05-21 11:22:17+00:00,2020-05-21T12:22:17+01:00,Transport API (#963),False,1,_client.py,httpx/_client.py,59,38,97,0,0
d2816c9c48b6ea77c9644ea9229b3b212feed737,Yeray Diaz Diaz,GitHub,2020-05-21 11:22:17+00:00,2020-05-21T12:22:17+01:00,Transport API (#963),False,1,asgi.py,httpx/_transports/asgi.py,173,0,173,0,0
d2816c9c48b6ea77c9644ea9229b3b212feed737,Yeray Diaz Diaz,GitHub,2020-05-21 11:22:17+00:00,2020-05-21T12:22:17+01:00,Transport API (#963),False,1,__init__.py,httpx/_transports/__init__.py,0,0,0,0,0
d2816c9c48b6ea77c9644ea9229b3b212feed737,Yeray Diaz Diaz,GitHub,2020-05-21 11:22:17+00:00,2020-05-21T12:22:17+01:00,Transport API (#963),False,1,test_auth.py,tests/client/test_auth.py,1,1,2,0,1
d2816c9c48b6ea77c9644ea9229b3b212feed737,Yeray Diaz Diaz,GitHub,2020-05-21 11:22:17+00:00,2020-05-21T12:22:17+01:00,Transport API (#963),False,1,_utils.py,httpx/_utils.py,5,0,5,0,1
d2816c9c48b6ea77c9644ea9229b3b212feed737,Yeray Diaz Diaz,GitHub,2020-05-21 11:22:17+00:00,2020-05-21T12:22:17+01:00,Transport API (#963),False,1,asgi.py,httpx/_dispatch/asgi.py,0,155,155,0,0
d2816c9c48b6ea77c9644ea9229b3b212feed737,Yeray Diaz Diaz,GitHub,2020-05-21 11:22:17+00:00,2020-05-21T12:22:17+01:00,Transport API (#963),False,1,urllib3.py,httpx/_transports/urllib3.py,183,0,183,0,0
d2816c9c48b6ea77c9644ea9229b3b212feed737,Yeray Diaz Diaz,GitHub,2020-05-21 11:22:17+00:00,2020-05-21T12:22:17+01:00,Transport API (#963),False,1,wsgi.py,httpx/_transports/wsgi.py,151,0,151,0,0
9b6605c3d519142db7ebaf56c13094bf779c7dea,Tom Christie,GitHub,2020-05-21 12:21:43+00:00,2020-05-21T13:21:43+01:00,Updates for httpcore 0.9 interface. (#967),False,1,setup.py,setup.py,1,1,2,0,0
9b6605c3d519142db7ebaf56c13094bf779c7dea,Tom Christie,GitHub,2020-05-21 12:21:43+00:00,2020-05-21T13:21:43+01:00,Updates for httpcore 0.9 interface. (#967),False,1,wsgi.py,httpx/_transports/wsgi.py,1,1,2,0,1
9b6605c3d519142db7ebaf56c13094bf779c7dea,Tom Christie,GitHub,2020-05-21 12:21:43+00:00,2020-05-21T13:21:43+01:00,Updates for httpcore 0.9 interface. (#967),False,1,asgi.py,httpx/_transports/asgi.py,1,1,2,0,1
9b6605c3d519142db7ebaf56c13094bf779c7dea,Tom Christie,GitHub,2020-05-21 12:21:43+00:00,2020-05-21T13:21:43+01:00,Updates for httpcore 0.9 interface. (#967),False,1,_client.py,httpx/_client.py,2,2,4,0,0
9b6605c3d519142db7ebaf56c13094bf779c7dea,Tom Christie,GitHub,2020-05-21 12:21:43+00:00,2020-05-21T13:21:43+01:00,Updates for httpcore 0.9 interface. (#967),False,1,urllib3.py,httpx/_transports/urllib3.py,3,3,6,0,0
991915a9350cf61261df94856291d0516b0218fd,Tom Christie,GitHub,2020-05-21 12:26:20+00:00,2020-05-21T13:26:20+01:00,Rename pool limit options (#968),False,1,test_config.py,tests/test_config.py,4,4,8,0,0
991915a9350cf61261df94856291d0516b0218fd,Tom Christie,GitHub,2020-05-21 12:26:20+00:00,2020-05-21T13:26:20+01:00,Rename pool limit options (#968),False,1,urllib3.py,httpx/_transports/urllib3.py,8,8,16,0,0
991915a9350cf61261df94856291d0516b0218fd,Tom Christie,GitHub,2020-05-21 12:26:20+00:00,2020-05-21T13:26:20+01:00,Rename pool limit options (#968),False,1,_config.py,httpx/_config.py,23,9,32,0,1
991915a9350cf61261df94856291d0516b0218fd,Tom Christie,GitHub,2020-05-21 12:26:20+00:00,2020-05-21T13:26:20+01:00,Rename pool limit options (#968),False,1,_client.py,httpx/_client.py,8,16,24,0,0
225f1e259a214dde92e79f81a43ef5b8b65952f9,Tom Christie,GitHub,2020-05-21 13:20:16+00:00,2020-05-21T14:20:16+01:00,Use URLLib3 configuration options for URLLib3 transport (#970),False,1,urllib3.py,httpx/_transports/urllib3.py,22,34,56,0,1
3686f2d454021dc7cff8c75c0e09a09e2a40a94a,Tom Christie,GitHub,2020-05-21 13:30:43+00:00,2020-05-21T14:30:43+01:00,Drop URLLib3Dispatch compat shim (#972),False,1,urllib3.py,httpx/_transports/urllib3.py,1,25,26,1,0
ab9ace274931b4d47f9c52a8b8625027c348661c,Florimond Manca,GitHub,2020-05-21 14:25:31+00:00,2020-05-21T16:25:31+02:00,Fix bytes support in multipart uploads (#974),False,1,_content_streams.py,httpx/_content_streams.py,3,3,6,1,0
ab9ace274931b4d47f9c52a8b8625027c348661c,Florimond Manca,GitHub,2020-05-21 14:25:31+00:00,2020-05-21T16:25:31+02:00,Fix bytes support in multipart uploads (#974),False,1,test_multipart.py,tests/test_multipart.py,10,4,14,1,1
f1b3d74abbf043a248c0b13a788e94d3f35a42bc,Florimond Manca,GitHub,2020-05-21 15:34:45+00:00,2020-05-21T17:34:45+02:00,Tweak `files` type hints (#976),False,1,_types.py,httpx/_types.py,1,1,2,0,0
9f58afd8f94b3888e3b5e258c33ae86060497ef5,Florimond Manca,GitHub,2020-05-21 15:41:36+00:00,2020-05-21T17:41:36+02:00,Tighten multipart implementation types (#975),False,1,_content_streams.py,httpx/_content_streams.py,20,17,37,0,0
b57482d7fecbf9bcc761cefe0a890c2931678800,Tom Christie,Tom Christie,2020-05-22 08:36:04+00:00,2020-05-22T09:36:04+01:00,Add URLLib3ProxyTransport,False,1,urllib3.py,httpx/_transports/urllib3.py,37,33,70,0,0
2c2c6a71a9ff520d237f8283a586df2753f01f5e,Tom Christie,GitHub,2020-05-22 08:41:02+00:00,2020-05-22T09:41:02+01:00,Version 0.13 (#971),False,1,__version__.py,httpx/__version__.py,1,1,2,0,0
c30acf09fb357d5c5fc24134db220e9d99322360,Tom Christie,GitHub,2020-05-22 09:30:56+00:00,2020-05-22T10:30:56+01:00,Add urllib3proxy transport to init (#979),False,1,__init__.py,httpx/__init__.py,2,1,3,0,0
e724abdcd190eca5ac17e7da23fd79db5f10df7c,Jamie Hewland,GitHub,2020-05-22 09:31:21+00:00,2020-05-22T10:31:21+01:00,Fix pool option warnings for default connection pool (#980),False,1,_utils.py,httpx/_utils.py,1,1,2,1,0
e724abdcd190eca5ac17e7da23fd79db5f10df7c,Jamie Hewland,GitHub,2020-05-22 09:31:21+00:00,2020-05-22T10:31:21+01:00,Fix pool option warnings for default connection pool (#980),False,1,_config.py,httpx/_config.py,1,1,2,1,0
ebc9c2936503cbff979658a70530ce22775bd11a,Tom Christie,GitHub,2020-05-22 09:34:01+00:00,2020-05-22T10:34:01+01:00,Version 0.13.1 (#981),False,1,__version__.py,httpx/__version__.py,1,1,2,0,0
a4145ce2fba4c273702aff2cc4da85b8acc6455e,Tom Christie,GitHub,2020-05-22 10:52:08+00:00,2020-05-22T11:52:08+01:00,Add 'http2' for Client (#982),False,1,_client.py,httpx/_client.py,7,0,7,0,1
440b5ab95faf94f56472e08c8c5dbf59b2175fc6,Florimond Manca,GitHub,2020-05-24 09:38:24+00:00,2020-05-24T11:38:24+02:00,Remove unused concurrency test utils (#989),False,1,concurrency.py,tests/concurrency.py,2,24,26,0,0
c14350336e5d3ba5626595613b4e0c5bd0e5840e,Florimond Manca,GitHub,2020-05-25 05:56:20+00:00,2020-05-25T07:56:20+02:00,Tweak handling of None values in timeout type hints (#992),False,1,_types.py,httpx/_types.py,5,1,6,0,0
7c8158a8520dfb922a059971718aa75e3f90214a,Tom Christie,GitHub,2020-05-26 14:03:55+00:00,2020-05-26T15:03:55+01:00,"Add ""Content-Length: 0"" on POST, PUT, PATCH if required. (#995)",False,1,_models.py,httpx/_models.py,5,0,5,1,1
7c8158a8520dfb922a059971718aa75e3f90214a,Tom Christie,GitHub,2020-05-26 14:03:55+00:00,2020-05-26T15:03:55+01:00,"Add ""Content-Length: 0"" on POST, PUT, PATCH if required. (#995)",False,1,test_client.py,tests/client/test_client.py,16,0,16,1,1
3721a7869ef176f09bc60ca7ebea7dcbf93f2c46,Tom Christie,GitHub,2020-05-27 14:17:08+00:00,2020-05-27T15:17:08+01:00,Use AnyStr where appropriate (#999),False,1,_types.py,httpx/_types.py,5,2,7,0,0
3721a7869ef176f09bc60ca7ebea7dcbf93f2c46,Tom Christie,GitHub,2020-05-27 14:17:08+00:00,2020-05-27T15:17:08+01:00,Use AnyStr where appropriate (#999),False,1,_utils.py,httpx/_utils.py,10,6,16,0,0
f5e1aa5517e35afb40000d4a540569f737baea6e,Tom Christie,GitHub,2020-05-27 14:58:41+00:00,2020-05-27T15:58:41+01:00,Version 0.13.2 (#1001),False,1,__version__.py,httpx/__version__.py,1,1,2,0,0
21d7e16559d9360ae3a5c5cfd23bab8bb85ee4a8,Hasan Ramezani,GitHub,2020-05-27 19:29:52+00:00,2020-05-27T21:29:52+02:00,Fixed mypy errors in test_async_client.py and test_client.py (#985),False,1,test_client.py,tests/client/test_client.py,1,1,2,1,0
21d7e16559d9360ae3a5c5cfd23bab8bb85ee4a8,Hasan Ramezani,GitHub,2020-05-27 19:29:52+00:00,2020-05-27T21:29:52+02:00,Fixed mypy errors in test_async_client.py and test_client.py (#985),False,1,test_async_client.py,tests/client/test_async_client.py,1,1,2,1,0
093cb4250006dc0b73af986f7e6537b8c4395dcf,Josep Cugat,GitHub,2020-05-28 11:11:17+00:00,2020-05-28T13:11:17+02:00,Improve error when redirecting with custom schemes (#1002),False,1,test_redirects.py,tests/client/test_redirects.py,20,0,20,1,1
093cb4250006dc0b73af986f7e6537b8c4395dcf,Josep Cugat,GitHub,2020-05-28 11:11:17+00:00,2020-05-28T13:11:17+02:00,Improve error when redirecting with custom schemes (#1002),False,1,_client.py,httpx/_client.py,4,0,4,1,0
1e1a56f99b2af8b017f4995f3a0c8bf2ae558e1d,Tom Christie,GitHub,2020-05-29 10:10:36+00:00,2020-05-29T11:10:36+01:00,Include missing keepalive_expiry configuration (#1005),False,1,_client.py,httpx/_client.py,6,0,6,0,0
56d880030e37d64c273ea23b92e24dc00b586c3b,Tom Christie,GitHub,2020-05-29 10:28:27+00:00,2020-05-29T11:28:27+01:00,Version 0.13.3 (#1006),False,1,__version__.py,httpx/__version__.py,1,1,2,0,0
89a8100b6c1f2cf97f16bd7d3594211be88fbc93,Josep Cugat,GitHub,2020-05-30 21:18:48+00:00,2020-05-30T23:18:48+02:00,Replace remaining occurrences of dispatch with transport (#1010),False,1,_models.py,httpx/_models.py,0,3,3,1,0
89a8100b6c1f2cf97f16bd7d3594211be88fbc93,Josep Cugat,GitHub,2020-05-30 21:18:48+00:00,2020-05-30T23:18:48+02:00,Replace remaining occurrences of dispatch with transport (#1010),False,1,asgi.py,httpx/_transports/asgi.py,3,3,6,1,0
89a8100b6c1f2cf97f16bd7d3594211be88fbc93,Josep Cugat,GitHub,2020-05-30 21:18:48+00:00,2020-05-30T23:18:48+02:00,Replace remaining occurrences of dispatch with transport (#1010),False,1,wsgi.py,httpx/_transports/wsgi.py,3,3,6,1,0
89a8100b6c1f2cf97f16bd7d3594211be88fbc93,Josep Cugat,GitHub,2020-05-30 21:18:48+00:00,2020-05-30T23:18:48+02:00,Replace remaining occurrences of dispatch with transport (#1010),False,1,test_auth.py,tests/client/test_auth.py,27,25,52,1,0
89a8100b6c1f2cf97f16bd7d3594211be88fbc93,Josep Cugat,GitHub,2020-05-30 21:18:48+00:00,2020-05-30T23:18:48+02:00,Replace remaining occurrences of dispatch with transport (#1010),False,1,test_headers.py,tests/client/test_headers.py,7,7,14,1,0
89a8100b6c1f2cf97f16bd7d3594211be88fbc93,Josep Cugat,GitHub,2020-05-30 21:18:48+00:00,2020-05-30T23:18:48+02:00,Replace remaining occurrences of dispatch with transport (#1010),False,1,test_queryparams.py,tests/client/test_queryparams.py,2,2,4,1,0
89a8100b6c1f2cf97f16bd7d3594211be88fbc93,Josep Cugat,GitHub,2020-05-30 21:18:48+00:00,2020-05-30T23:18:48+02:00,Replace remaining occurrences of dispatch with transport (#1010),False,1,test_timeouts.py,tests/test_timeouts.py,1,1,2,1,1
89a8100b6c1f2cf97f16bd7d3594211be88fbc93,Josep Cugat,GitHub,2020-05-30 21:18:48+00:00,2020-05-30T23:18:48+02:00,Replace remaining occurrences of dispatch with transport (#1010),False,1,test_cookies.py,tests/client/test_cookies.py,7,7,14,1,0
89a8100b6c1f2cf97f16bd7d3594211be88fbc93,Josep Cugat,GitHub,2020-05-30 21:18:48+00:00,2020-05-30T23:18:48+02:00,Replace remaining occurrences of dispatch with transport (#1010),False,1,test_redirects.py,tests/client/test_redirects.py,24,24,48,1,0
89a8100b6c1f2cf97f16bd7d3594211be88fbc93,Josep Cugat,GitHub,2020-05-30 21:18:48+00:00,2020-05-30T23:18:48+02:00,Replace remaining occurrences of dispatch with transport (#1010),False,1,test_multipart.py,tests/test_multipart.py,5,5,10,1,0
8c84210555294ce10c681edae2df71627095a4e9,Josep Cugat,GitHub,2020-05-30 21:22:03+00:00,2020-05-30T23:22:03+02:00,Increased test coverage & cleanup (#1003),False,1,test_url.py,tests/models/test_url.py,5,0,5,0,0
8c84210555294ce10c681edae2df71627095a4e9,Josep Cugat,GitHub,2020-05-30 21:22:03+00:00,2020-05-30T23:22:03+02:00,Increased test coverage & cleanup (#1003),False,1,test_headers.py,tests/models/test_headers.py,8,1,9,0,0
8c84210555294ce10c681edae2df71627095a4e9,Josep Cugat,GitHub,2020-05-30 21:22:03+00:00,2020-05-30T23:22:03+02:00,Increased test coverage & cleanup (#1003),False,1,conftest.py,tests/conftest.py,0,12,12,0,0
8c84210555294ce10c681edae2df71627095a4e9,Josep Cugat,GitHub,2020-05-30 21:22:03+00:00,2020-05-30T23:22:03+02:00,Increased test coverage & cleanup (#1003),False,1,test_proxies.py,tests/client/test_proxies.py,3,2,5,0,0
8c84210555294ce10c681edae2df71627095a4e9,Josep Cugat,GitHub,2020-05-30 21:22:03+00:00,2020-05-30T23:22:03+02:00,Increased test coverage & cleanup (#1003),False,1,test_client.py,tests/client/test_client.py,29,1,30,0,0
8c84210555294ce10c681edae2df71627095a4e9,Josep Cugat,GitHub,2020-05-30 21:22:03+00:00,2020-05-30T23:22:03+02:00,Increased test coverage & cleanup (#1003),False,1,test_async_client.py,tests/client/test_async_client.py,34,0,34,0,0
620b0670db07ae844aa6fae40d9209a856440c9d,Josep Cugat,GitHub,2020-06-02 09:24:45+00:00,2020-06-02T10:24:45+01:00,Increase test coverage - take 2 (#1012),False,1,_client.py,httpx/_client.py,0,2,2,0,0
620b0670db07ae844aa6fae40d9209a856440c9d,Josep Cugat,GitHub,2020-06-02 09:24:45+00:00,2020-06-02T10:24:45+01:00,Increase test coverage - take 2 (#1012),False,1,_models.py,httpx/_models.py,1,1,2,0,0
620b0670db07ae844aa6fae40d9209a856440c9d,Josep Cugat,GitHub,2020-06-02 09:24:45+00:00,2020-06-02T10:24:45+01:00,Increase test coverage - take 2 (#1012),False,1,coverage,scripts/coverage,1,1,2,0,0
620b0670db07ae844aa6fae40d9209a856440c9d,Josep Cugat,GitHub,2020-06-02 09:24:45+00:00,2020-06-02T10:24:45+01:00,Increase test coverage - take 2 (#1012),False,1,test_auth.py,tests/client/test_auth.py,141,65,206,0,0
620b0670db07ae844aa6fae40d9209a856440c9d,Josep Cugat,GitHub,2020-06-02 09:24:45+00:00,2020-06-02T10:24:45+01:00,Increase test coverage - take 2 (#1012),False,1,test_proxies.py,tests/client/test_proxies.py,11,0,11,0,0
620b0670db07ae844aa6fae40d9209a856440c9d,Josep Cugat,GitHub,2020-06-02 09:24:45+00:00,2020-06-02T10:24:45+01:00,Increase test coverage - take 2 (#1012),False,1,concurrency.py,tests/concurrency.py,1,1,2,0,0
620b0670db07ae844aa6fae40d9209a856440c9d,Josep Cugat,GitHub,2020-06-02 09:24:45+00:00,2020-06-02T10:24:45+01:00,Increase test coverage - take 2 (#1012),False,1,test_url.py,tests/models/test_url.py,8,0,8,0,0
620b0670db07ae844aa6fae40d9209a856440c9d,Josep Cugat,GitHub,2020-06-02 09:24:45+00:00,2020-06-02T10:24:45+01:00,Increase test coverage - take 2 (#1012),False,1,test_asgi.py,tests/test_asgi.py,11,2,13,0,0
620b0670db07ae844aa6fae40d9209a856440c9d,Josep Cugat,GitHub,2020-06-02 09:24:45+00:00,2020-06-02T10:24:45+01:00,Increase test coverage - take 2 (#1012),False,1,test_utils.py,tests/test_utils.py,5,0,5,0,0
620b0670db07ae844aa6fae40d9209a856440c9d,Josep Cugat,GitHub,2020-06-02 09:24:45+00:00,2020-06-02T10:24:45+01:00,Increase test coverage - take 2 (#1012),False,1,test_wsgi.py,tests/test_wsgi.py,10,3,13,0,0
620b0670db07ae844aa6fae40d9209a856440c9d,Josep Cugat,GitHub,2020-06-02 09:24:45+00:00,2020-06-02T10:24:45+01:00,Increase test coverage - take 2 (#1012),False,1,test_redirects.py,tests/client/test_redirects.py,61,29,90,0,0
620b0670db07ae844aa6fae40d9209a856440c9d,Josep Cugat,GitHub,2020-06-02 09:24:45+00:00,2020-06-02T10:24:45+01:00,Increase test coverage - take 2 (#1012),False,1,conftest.py,tests/conftest.py,2,2,4,0,0
838f417ce0245e843f7147fb7ba1d30e5418b1a3,Florimond Manca,GitHub,2020-06-13 17:42:36+00:00,2020-06-13T19:42:36+02:00,Run ASGI tests on trio too (#1020),False,1,test_asgi.py,tests/test_asgi.py,7,6,13,0,0
b4811664817ceb42ca16ddea71dc05ac649e1088,Florimond Manca,GitHub,2020-06-13 17:59:09+00:00,2020-06-13T19:59:09+02:00,Refactor ASGITransport.request() (#1021),False,1,asgi.py,httpx/_transports/asgi.py,17,13,30,0,0
4d287956fd5c14d6d3d9d451c5e99a8a90ad719b,euri10,GitHub,2020-06-24 17:17:27+00:00,2020-06-24T19:17:27+02:00,Add support for multiple files per POST field (#1032),False,1,test_content_streams.py,tests/test_content_streams.py,47,0,47,0,0
4d287956fd5c14d6d3d9d451c5e99a8a90ad719b,euri10,GitHub,2020-06-24 17:17:27+00:00,2020-06-24T19:17:27+02:00,Add support for multiple files per POST field (#1032),False,1,_types.py,httpx/_types.py,1,1,2,0,0
4d287956fd5c14d6d3d9d451c5e99a8a90ad719b,euri10,GitHub,2020-06-24 17:17:27+00:00,2020-06-24T19:17:27+02:00,Add support for multiple files per POST field (#1032),False,1,_content_streams.py,httpx/_content_streams.py,2,1,3,0,0
cfd07cc290cc610fceb8d9f025c6bebc1d4b3275,Taneli Hukkinen,GitHub,2020-06-29 21:15:22+00:00,2020-06-29T23:15:22+02:00,"Remove .encode(""ascii"") call from null byte (#1037)",False,1,_utils.py,httpx/_utils.py,1,1,2,0,0
c53172d716a6f2b5d3a5d79187d33da2232def25,Taneli Hukkinen,GitHub,2020-07-02 15:30:15+00:00,2020-07-02T17:30:15+02:00,Remove unused type checker ignores (#1038),False,1,_models.py,httpx/_models.py,4,4,8,0,0
c53172d716a6f2b5d3a5d79187d33da2232def25,Taneli Hukkinen,GitHub,2020-07-02 15:30:15+00:00,2020-07-02T17:30:15+02:00,Remove unused type checker ignores (#1038),False,1,_config.py,httpx/_config.py,1,1,2,0,0
6cf90395934a5f25cec69b3e7c11172df1aae40d,Taneli Hukkinen,GitHub,2020-07-02 15:45:00+00:00,2020-07-02T17:45:00+02:00,Improve list/dict comprehensions (#1036),False,1,test_redirects.py,tests/client/test_redirects.py,6,6,12,0,0
6cf90395934a5f25cec69b3e7c11172df1aae40d,Taneli Hukkinen,GitHub,2020-07-02 15:45:00+00:00,2020-07-02T17:45:00+02:00,Improve list/dict comprehensions (#1036),False,1,test_headers.py,tests/client/test_headers.py,3,3,6,0,0
6cf90395934a5f25cec69b3e7c11172df1aae40d,Taneli Hukkinen,GitHub,2020-07-02 15:45:00+00:00,2020-07-02T17:45:00+02:00,Improve list/dict comprehensions (#1036),False,1,wsgi.py,httpx/_transports/wsgi.py,1,1,2,0,0
6cf90395934a5f25cec69b3e7c11172df1aae40d,Taneli Hukkinen,GitHub,2020-07-02 15:45:00+00:00,2020-07-02T17:45:00+02:00,Improve list/dict comprehensions (#1036),False,1,urllib3.py,httpx/_transports/urllib3.py,3,6,9,0,0
6cf90395934a5f25cec69b3e7c11172df1aae40d,Taneli Hukkinen,GitHub,2020-07-02 15:45:00+00:00,2020-07-02T17:45:00+02:00,Improve list/dict comprehensions (#1036),False,1,_models.py,httpx/_models.py,2,2,4,0,0
fab427972b7a5cb64d8dfb43467b84cdf430ff24,Florimond Manca,GitHub,2020-07-03 13:18:24+00:00,2020-07-03T15:18:24+02:00,Add exceptions missing from top-level package (#1045),False,1,test_exceptions.py,tests/test_exceptions.py,21,0,21,0,0
fab427972b7a5cb64d8dfb43467b84cdf430ff24,Florimond Manca,GitHub,2020-07-03 13:18:24+00:00,2020-07-03T15:18:24+02:00,Add exceptions missing from top-level package (#1045),False,1,__init__.py,httpx/__init__.py,12,0,12,0,0
bacc2d18350d9f6645828461435fe6e19b9dc518,Florimond Manca,GitHub,2020-07-03 13:56:10+00:00,2020-07-03T15:56:10+02:00,Map HTTPCore exceptions (#1044),False,1,test_exceptions.py,tests/test_exceptions.py,40,0,40,0,0
bacc2d18350d9f6645828461435fe6e19b9dc518,Florimond Manca,GitHub,2020-07-03 13:56:10+00:00,2020-07-03T15:56:10+02:00,Map HTTPCore exceptions (#1044),False,1,_exceptions.py,httpx/_exceptions.py,114,11,125,0,1
bacc2d18350d9f6645828461435fe6e19b9dc518,Florimond Manca,GitHub,2020-07-03 13:56:10+00:00,2020-07-03T15:56:10+02:00,Map HTTPCore exceptions (#1044),False,1,_client.py,httpx/_client.py,36,27,63,0,0
bacc2d18350d9f6645828461435fe6e19b9dc518,Florimond Manca,GitHub,2020-07-03 13:56:10+00:00,2020-07-03T15:56:10+02:00,Map HTTPCore exceptions (#1044),False,1,__init__.py,httpx/__init__.py,2,0,2,0,0
8dea2c23d70145355951baa9c1c3a8291cc4c17f,Taneli Hukkinen,GitHub,2020-07-04 21:31:09+00:00,2020-07-04T22:31:09+01:00,Make isort configuration compatible with isort v5 (#1050),False,1,asgi.py,httpx/_transports/asgi.py,1,0,1,0,0
8dea2c23d70145355951baa9c1c3a8291cc4c17f,Taneli Hukkinen,GitHub,2020-07-04 21:31:09+00:00,2020-07-04T22:31:09+01:00,Make isort configuration compatible with isort v5 (#1050),False,1,lint,scripts/lint,1,1,2,0,0
8dea2c23d70145355951baa9c1c3a8291cc4c17f,Taneli Hukkinen,GitHub,2020-07-04 21:31:09+00:00,2020-07-04T22:31:09+01:00,Make isort configuration compatible with isort v5 (#1050),False,1,check,scripts/check,1,1,2,0,0
2f0e0480da43330f6e6dc3aac0457cb5e6ab8470,Taneli Hukkinen,GitHub,2020-07-05 09:58:44+00:00,2020-07-05T11:58:44+02:00,Remove needless whitespace strips (#1048),False,1,_config.py,httpx/_config.py,1,1,2,0,0
2f0e0480da43330f6e6dc3aac0457cb5e6ab8470,Taneli Hukkinen,GitHub,2020-07-05 09:58:44+00:00,2020-07-05T11:58:44+02:00,Remove needless whitespace strips (#1048),False,1,_auth.py,httpx/_auth.py,1,1,2,0,0
6a20cfc0b85cf86bc30cc4d73bbc52ad8c4c7d9e,Taneli Hukkinen,GitHub,2020-07-05 10:16:55+00:00,2020-07-05T12:16:55+02:00,Simplify bytes to hex string conversion (#1049),False,1,test_multipart.py,tests/test_multipart.py,4,5,9,0,0
3230cb31330bf7d9580d61885d10d3f3805885f4,Florimond Manca,GitHub,2020-07-07 08:54:50+00:00,2020-07-07T10:54:50+02:00,Add missing `Response.next()` (#1055),False,1,test_redirects.py,tests/client/test_redirects.py,1,1,2,0,0
3230cb31330bf7d9580d61885d10d3f3805885f4,Florimond Manca,GitHub,2020-07-07 08:54:50+00:00,2020-07-07T10:54:50+02:00,Add missing `Response.next()` (#1055),False,1,_models.py,httpx/_models.py,9,0,9,0,0
0296c2bbb9885bbe1b1e3210d9e3efa7a817038d,Florimond Manca,GitHub,2020-07-07 09:10:43+00:00,2020-07-07T11:10:43+02:00,Type check tests (#1054),False,1,_types.py,httpx/_types.py,1,1,2,0,0
0296c2bbb9885bbe1b1e3210d9e3efa7a817038d,Florimond Manca,GitHub,2020-07-07 09:10:43+00:00,2020-07-07T11:10:43+02:00,Type check tests (#1054),False,1,check,scripts/check,1,1,2,0,0
0296c2bbb9885bbe1b1e3210d9e3efa7a817038d,Florimond Manca,GitHub,2020-07-07 09:10:43+00:00,2020-07-07T11:10:43+02:00,Type check tests (#1054),False,1,test_async_client.py,tests/client/test_async_client.py,4,1,5,0,0
0296c2bbb9885bbe1b1e3210d9e3efa7a817038d,Florimond Manca,GitHub,2020-07-07 09:10:43+00:00,2020-07-07T11:10:43+02:00,Type check tests (#1054),False,1,test_auth.py,tests/client/test_auth.py,11,8,19,0,0
0296c2bbb9885bbe1b1e3210d9e3efa7a817038d,Florimond Manca,GitHub,2020-07-07 09:10:43+00:00,2020-07-07T11:10:43+02:00,Type check tests (#1054),False,1,test_client.py,tests/client/test_client.py,4,1,5,0,0
0296c2bbb9885bbe1b1e3210d9e3efa7a817038d,Florimond Manca,GitHub,2020-07-07 09:10:43+00:00,2020-07-07T11:10:43+02:00,Type check tests (#1054),False,1,test_cookies.py,tests/client/test_cookies.py,4,3,7,0,0
0296c2bbb9885bbe1b1e3210d9e3efa7a817038d,Florimond Manca,GitHub,2020-07-07 09:10:43+00:00,2020-07-07T11:10:43+02:00,Type check tests (#1054),False,1,test_headers.py,tests/client/test_headers.py,4,3,7,0,0
0296c2bbb9885bbe1b1e3210d9e3efa7a817038d,Florimond Manca,GitHub,2020-07-07 09:10:43+00:00,2020-07-07T11:10:43+02:00,Type check tests (#1054),False,1,test_properties.py,tests/client/test_properties.py,2,2,4,0,0
0296c2bbb9885bbe1b1e3210d9e3efa7a817038d,Florimond Manca,GitHub,2020-07-07 09:10:43+00:00,2020-07-07T11:10:43+02:00,Type check tests (#1054),False,1,test_queryparams.py,tests/client/test_queryparams.py,6,7,13,0,0
0296c2bbb9885bbe1b1e3210d9e3efa7a817038d,Florimond Manca,GitHub,2020-07-07 09:10:43+00:00,2020-07-07T11:10:43+02:00,Type check tests (#1054),False,1,test_status_codes.py,tests/test_status_codes.py,1,1,2,0,0
0296c2bbb9885bbe1b1e3210d9e3efa7a817038d,Florimond Manca,GitHub,2020-07-07 09:10:43+00:00,2020-07-07T11:10:43+02:00,Type check tests (#1054),False,1,test_multipart.py,tests/test_multipart.py,16,5,21,0,0
0296c2bbb9885bbe1b1e3210d9e3efa7a817038d,Florimond Manca,GitHub,2020-07-07 09:10:43+00:00,2020-07-07T11:10:43+02:00,Type check tests (#1054),False,1,test_content_streams.py,tests/test_content_streams.py,1,1,2,0,0
0296c2bbb9885bbe1b1e3210d9e3efa7a817038d,Florimond Manca,GitHub,2020-07-07 09:10:43+00:00,2020-07-07T11:10:43+02:00,Type check tests (#1054),False,1,test_proxies.py,tests/client/test_proxies.py,5,1,6,0,0
0296c2bbb9885bbe1b1e3210d9e3efa7a817038d,Florimond Manca,GitHub,2020-07-07 09:10:43+00:00,2020-07-07T11:10:43+02:00,Type check tests (#1054),False,1,test_api.py,tests/test_api.py,2,3,5,0,0
0296c2bbb9885bbe1b1e3210d9e3efa7a817038d,Florimond Manca,GitHub,2020-07-07 09:10:43+00:00,2020-07-07T11:10:43+02:00,Type check tests (#1054),False,1,test_redirects.py,tests/client/test_redirects.py,9,8,17,0,0
0296c2bbb9885bbe1b1e3210d9e3efa7a817038d,Florimond Manca,GitHub,2020-07-07 09:10:43+00:00,2020-07-07T11:10:43+02:00,Type check tests (#1054),False,1,test_config.py,tests/test_config.py,4,4,8,0,0
0296c2bbb9885bbe1b1e3210d9e3efa7a817038d,Florimond Manca,GitHub,2020-07-07 09:10:43+00:00,2020-07-07T11:10:43+02:00,Type check tests (#1054),False,1,conftest.py,tests/conftest.py,1,1,2,0,0
3f96e74961f9faf013e5aff6c73a71f3b7bc2676,Tom Christie,GitHub,2020-07-15 11:19:56+00:00,2020-07-15T12:19:56+01:00,Drop deprecated API (#1057),False,1,test_exceptions.py,tests/test_exceptions.py,2,2,4,0,0
3f96e74961f9faf013e5aff6c73a71f3b7bc2676,Tom Christie,GitHub,2020-07-15 11:19:56+00:00,2020-07-15T12:19:56+01:00,Drop deprecated API (#1057),False,1,_config.py,httpx/_config.py,2,15,17,0,0
3f96e74961f9faf013e5aff6c73a71f3b7bc2676,Tom Christie,GitHub,2020-07-15 11:19:56+00:00,2020-07-15T12:19:56+01:00,Drop deprecated API (#1057),False,1,_models.py,httpx/_models.py,0,17,17,0,0
3f96e74961f9faf013e5aff6c73a71f3b7bc2676,Tom Christie,GitHub,2020-07-15 11:19:56+00:00,2020-07-15T12:19:56+01:00,Drop deprecated API (#1057),False,1,asgi.py,httpx/_transports/asgi.py,0,18,18,0,0
3f96e74961f9faf013e5aff6c73a71f3b7bc2676,Tom Christie,GitHub,2020-07-15 11:19:56+00:00,2020-07-15T12:19:56+01:00,Drop deprecated API (#1057),False,1,__init__.py,httpx/__init__.py,2,4,6,0,1
3f96e74961f9faf013e5aff6c73a71f3b7bc2676,Tom Christie,GitHub,2020-07-15 11:19:56+00:00,2020-07-15T12:19:56+01:00,Drop deprecated API (#1057),False,1,wsgi.py,httpx/_transports/wsgi.py,0,18,18,0,0
3f96e74961f9faf013e5aff6c73a71f3b7bc2676,Tom Christie,GitHub,2020-07-15 11:19:56+00:00,2020-07-15T12:19:56+01:00,Drop deprecated API (#1057),False,1,_utils.py,httpx/_utils.py,1,14,15,0,0
3f96e74961f9faf013e5aff6c73a71f3b7bc2676,Tom Christie,GitHub,2020-07-15 11:19:56+00:00,2020-07-15T12:19:56+01:00,Drop deprecated API (#1057),False,1,test_async_client.py,tests/client/test_async_client.py,0,30,30,0,1
3f96e74961f9faf013e5aff6c73a71f3b7bc2676,Tom Christie,GitHub,2020-07-15 11:19:56+00:00,2020-07-15T12:19:56+01:00,Drop deprecated API (#1057),False,1,test_client.py,tests/client/test_client.py,0,30,30,0,0
3f96e74961f9faf013e5aff6c73a71f3b7bc2676,Tom Christie,GitHub,2020-07-15 11:19:56+00:00,2020-07-15T12:19:56+01:00,Drop deprecated API (#1057),False,1,urllib3.py,httpx/_transports/urllib3.py,9,3,12,0,0
3f96e74961f9faf013e5aff6c73a71f3b7bc2676,Tom Christie,GitHub,2020-07-15 11:19:56+00:00,2020-07-15T12:19:56+01:00,Drop deprecated API (#1057),False,1,_client.py,httpx/_client.py,0,21,21,0,0
ccd4711a0a163ecc326cabe827115c136ae52552,Tom Christie,GitHub,2020-07-16 08:44:41+00:00,2020-07-16T09:44:41+01:00,Drop deprecated proxies API (#1058),False,1,_client.py,httpx/_client.py,2,13,15,0,0
ff93a011a44f4a76015e4866d01ff79a6afe350a,Tom Christie,GitHub,2020-07-16 10:16:29+00:00,2020-07-16T11:16:29+01:00,Support QueryParams(None) (#1060),False,1,test_queryparams.py,tests/models/test_queryparams.py,3,0,3,0,0
ff93a011a44f4a76015e4866d01ff79a6afe350a,Tom Christie,GitHub,2020-07-16 10:16:29+00:00,2020-07-16T11:16:29+01:00,Support QueryParams(None) (#1060),False,1,_types.py,httpx/_types.py,1,0,1,0,0
ff93a011a44f4a76015e4866d01ff79a6afe350a,Tom Christie,GitHub,2020-07-16 10:16:29+00:00,2020-07-16T11:16:29+01:00,Support QueryParams(None) (#1060),False,1,_models.py,httpx/_models.py,1,1,2,0,1
ff93a011a44f4a76015e4866d01ff79a6afe350a,Tom Christie,GitHub,2020-07-16 10:16:29+00:00,2020-07-16T11:16:29+01:00,Support QueryParams(None) (#1060),False,1,_client.py,httpx/_client.py,0,3,3,0,0
09672a99dd49e95fcf8f7dda25f39c423bfa6163,Florimond Manca,GitHub,2020-07-16 14:28:31+00:00,2020-07-16T16:28:31+02:00,Use relative tests directory references (#1052),False,1,.netrc,tests/.netrc,0,3,3,0,0
09672a99dd49e95fcf8f7dda25f39c423bfa6163,Florimond Manca,GitHub,2020-07-16 14:28:31+00:00,2020-07-16T16:28:31+02:00,Use relative tests directory references (#1052),False,1,test_utils.py,tests/test_utils.py,17,11,28,0,0
09672a99dd49e95fcf8f7dda25f39c423bfa6163,Florimond Manca,GitHub,2020-07-16 14:28:31+00:00,2020-07-16T16:28:31+02:00,Use relative tests directory references (#1052),False,1,.netrc,tests/fixtures/.netrc,3,0,3,0,0
09672a99dd49e95fcf8f7dda25f39c423bfa6163,Florimond Manca,GitHub,2020-07-16 14:28:31+00:00,2020-07-16T16:28:31+02:00,Use relative tests directory references (#1052),False,1,common.py,tests/common.py,4,0,4,0,0
09672a99dd49e95fcf8f7dda25f39c423bfa6163,Florimond Manca,GitHub,2020-07-16 14:28:31+00:00,2020-07-16T16:28:31+02:00,Use relative tests directory references (#1052),False,1,test_auth.py,tests/client/test_auth.py,5,3,8,0,0
e107e0f84255d88365d8fb86af29b642ec6f2361,Tom Christie,GitHub,2020-07-17 09:20:52+00:00,2020-07-17T10:20:52+01:00,Tighten public client methods (#997),False,1,test_client.py,tests/client/test_client.py,3,4,7,0,1
e107e0f84255d88365d8fb86af29b642ec6f2361,Tom Christie,GitHub,2020-07-17 09:20:52+00:00,2020-07-17T10:20:52+01:00,Tighten public client methods (#997),False,1,_client.py,httpx/_client.py,36,36,72,0,0
a89d4ad625aedeb1164e309acae4febb06b8cf5c,Tom Christie,GitHub,2020-07-17 10:19:24+00:00,2020-07-17T11:19:24+01:00,More public API tightening (#1065),False,1,test_proxies.py,tests/client/test_proxies.py,7,7,14,0,0
a89d4ad625aedeb1164e309acae4febb06b8cf5c,Tom Christie,GitHub,2020-07-17 10:19:24+00:00,2020-07-17T11:19:24+01:00,More public API tightening (#1065),False,1,_client.py,httpx/_client.py,29,29,58,0,0
27b0dbc22da1424a020c2bb769c81490f39ce283,François Voron,GitHub,2020-07-20 12:10:57+00:00,2020-07-20T13:10:57+01:00,Raise HTTPStatusError in raise_from_status (#1072),False,1,test_client.py,tests/client/test_client.py,1,1,2,1,0
27b0dbc22da1424a020c2bb769c81490f39ce283,François Voron,GitHub,2020-07-20 12:10:57+00:00,2020-07-20T13:10:57+01:00,Raise HTTPStatusError in raise_from_status (#1072),False,1,test_async_client.py,tests/client/test_async_client.py,1,1,2,1,0
27b0dbc22da1424a020c2bb769c81490f39ce283,François Voron,GitHub,2020-07-20 12:10:57+00:00,2020-07-20T13:10:57+01:00,Raise HTTPStatusError in raise_from_status (#1072),False,1,_models.py,httpx/_models.py,4,4,8,1,0
27b0dbc22da1424a020c2bb769c81490f39ce283,François Voron,GitHub,2020-07-20 12:10:57+00:00,2020-07-20T13:10:57+01:00,Raise HTTPStatusError in raise_from_status (#1072),False,1,_exceptions.py,httpx/_exceptions.py,11,0,11,1,0
27b0dbc22da1424a020c2bb769c81490f39ce283,François Voron,GitHub,2020-07-20 12:10:57+00:00,2020-07-20T13:10:57+01:00,Raise HTTPStatusError in raise_from_status (#1072),False,1,__init__.py,httpx/__init__.py,2,0,2,1,0
ad5e6eb8b0bd4a23218f835cf70025f2f7897cc0,Sheridan C Rawlins,GitHub,2020-07-21 09:33:45+00:00,2020-07-21T10:33:45+01:00,Fixes #1033 - Ensure that text that spans 3 invocations before newline is handled - don't clobber the buffer between invocations that haven't seen any lines. (#1034),False,1,test_decoders.py,tests/test_decoders.py,28,0,28,1,1
ad5e6eb8b0bd4a23218f835cf70025f2f7897cc0,Sheridan C Rawlins,GitHub,2020-07-21 09:33:45+00:00,2020-07-21T10:33:45+01:00,Fixes #1033 - Ensure that text that spans 3 invocations before newline is handled - don't clobber the buffer between invocations that haven't seen any lines. (#1034),False,1,_decoders.py,httpx/_decoders.py,1,1,2,1,1
064160661929089864938a62ae18dcf0cff75737,François Voron,GitHub,2020-07-21 09:40:10+00:00,2020-07-21T10:40:10+01:00,Skip HSTS preloading on single-label domains (#1074),False,1,test_client.py,tests/client/test_client.py,15,0,15,0,0
064160661929089864938a62ae18dcf0cff75737,François Voron,GitHub,2020-07-21 09:40:10+00:00,2020-07-21T10:40:10+01:00,Skip HSTS preloading on single-label domains (#1074),False,1,_client.py,httpx/_client.py,5,1,6,0,0
8ed7e52a379537256b9fc0c8baa221cd2d860973,Tom Christie,GitHub,2020-07-23 08:43:11+00:00,2020-07-23T09:43:11+01:00,Drop fullpath setter (#1069),False,1,test_url.py,tests/models/test_url.py,0,7,7,0,0
8ed7e52a379537256b9fc0c8baa221cd2d860973,Tom Christie,GitHub,2020-07-23 08:43:11+00:00,2020-07-23T09:43:11+01:00,Drop fullpath setter (#1069),False,1,_models.py,httpx/_models.py,0,10,10,0,0
bd339212de277a8b8a1b3028147854fc0e7e6353,Tom Christie,GitHub,2020-07-23 08:44:54+00:00,2020-07-23T09:44:54+01:00,client.netrc should be private (#1071),False,1,_client.py,httpx/_client.py,2,2,4,0,0
20f4911e805d9cf28b915cc2c7fbae8f27dc2c49,Tom Christie,GitHub,2020-07-23 08:45:35+00:00,2020-07-23T09:45:35+01:00,Fixes for LineDecoding (#1075),False,1,_decoders.py,httpx/_decoders.py,12,6,18,1,0
20f4911e805d9cf28b915cc2c7fbae8f27dc2c49,Tom Christie,GitHub,2020-07-23 08:45:35+00:00,2020-07-23T09:45:35+01:00,Fixes for LineDecoding (#1075),False,1,test_decoders.py,tests/test_decoders.py,2,3,5,1,0
247ee0dc4919ab02bd6942d02e96337156653059,Tom Christie,GitHub,2020-07-23 08:54:45+00:00,2020-07-23T09:54:45+01:00,Drop private Origin model (#1070),False,1,test_utils.py,tests/test_utils.py,13,0,13,0,0
247ee0dc4919ab02bd6942d02e96337156653059,Tom Christie,GitHub,2020-07-23 08:54:45+00:00,2020-07-23T09:54:45+01:00,Drop private Origin model (#1070),False,1,test_url.py,tests/models/test_url.py,0,22,22,0,0
247ee0dc4919ab02bd6942d02e96337156653059,Tom Christie,GitHub,2020-07-23 08:54:45+00:00,2020-07-23T09:54:45+01:00,Drop private Origin model (#1070),False,1,_utils.py,httpx/_utils.py,11,1,12,0,0
247ee0dc4919ab02bd6942d02e96337156653059,Tom Christie,GitHub,2020-07-23 08:54:45+00:00,2020-07-23T09:54:45+01:00,Drop private Origin model (#1070),False,1,_models.py,httpx/_models.py,0,31,31,0,0
247ee0dc4919ab02bd6942d02e96337156653059,Tom Christie,GitHub,2020-07-23 08:54:45+00:00,2020-07-23T09:54:45+01:00,Drop private Origin model (#1070),False,1,_client.py,httpx/_client.py,3,2,5,0,0
01287bac9999e3bc34171744e2a87064e0bbc2a1,Tom Christie,GitHub,2020-07-23 08:55:07+00:00,2020-07-23T09:55:07+01:00,Refactor map_exceptions (#1076),False,1,_exceptions.py,httpx/_exceptions.py,4,2,6,0,0
01287bac9999e3bc34171744e2a87064e0bbc2a1,Tom Christie,GitHub,2020-07-23 08:55:07+00:00,2020-07-23T09:55:07+01:00,Refactor map_exceptions (#1076),False,1,_client.py,httpx/_client.py,28,45,73,0,0
083d2e9aa0007cbe3f24a9bb2bdd9e5248b62091,Tom Christie,GitHub,2020-07-23 08:55:21+00:00,2020-07-23T09:55:21+01:00,Include 'request' on TooManyRedirect and RequestBodyUnavailable (#1077),False,1,_client.py,httpx/_client.py,8,3,11,0,0
083d2e9aa0007cbe3f24a9bb2bdd9e5248b62091,Tom Christie,GitHub,2020-07-23 08:55:21+00:00,2020-07-23T09:55:21+01:00,Include 'request' on TooManyRedirect and RequestBodyUnavailable (#1077),False,1,_auth.py,httpx/_auth.py,6,1,7,0,0
7e6e35160f5c68150f2a9fba7e0dc889efc06510,Tom Christie,GitHub,2020-07-23 09:16:51+00:00,2020-07-23T10:16:51+01:00,Drop `URL(allow_relative=bool)` (#1073),False,1,_client.py,httpx/_client.py,7,7,14,0,0
7e6e35160f5c68150f2a9fba7e0dc889efc06510,Tom Christie,GitHub,2020-07-23 09:16:51+00:00,2020-07-23T10:16:51+01:00,Drop `URL(allow_relative=bool)` (#1073),False,1,_models.py,httpx/_models.py,3,19,22,0,0
7e6e35160f5c68150f2a9fba7e0dc889efc06510,Tom Christie,GitHub,2020-07-23 09:16:51+00:00,2020-07-23T10:16:51+01:00,Drop `URL(allow_relative=bool)` (#1073),False,1,_utils.py,httpx/_utils.py,13,0,13,0,0
7e6e35160f5c68150f2a9fba7e0dc889efc06510,Tom Christie,GitHub,2020-07-23 09:16:51+00:00,2020-07-23T10:16:51+01:00,Drop `URL(allow_relative=bool)` (#1073),False,1,test_client.py,tests/client/test_client.py,10,0,10,0,0
7e6e35160f5c68150f2a9fba7e0dc889efc06510,Tom Christie,GitHub,2020-07-23 09:16:51+00:00,2020-07-23T10:16:51+01:00,Drop `URL(allow_relative=bool)` (#1073),False,1,test_url.py,tests/models/test_url.py,1,4,5,0,0
7e6e35160f5c68150f2a9fba7e0dc889efc06510,Tom Christie,GitHub,2020-07-23 09:16:51+00:00,2020-07-23T10:16:51+01:00,Drop `URL(allow_relative=bool)` (#1073),False,1,test_async_client.py,tests/client/test_async_client.py,4,0,4,0,0
7e6e35160f5c68150f2a9fba7e0dc889efc06510,Tom Christie,GitHub,2020-07-23 09:16:51+00:00,2020-07-23T10:16:51+01:00,Drop `URL(allow_relative=bool)` (#1073),False,1,test_requests.py,tests/models/test_requests.py,0,8,8,0,0
696c1eff0390197358d8cb6807ab5de3a7c17fc0,Tom Christie,GitHub,2020-07-23 09:40:00+00:00,2020-07-23T10:40:00+01:00,Parameterize invalid URL tests (#1079),False,1,test_client.py,tests/client/test_client.py,10,6,16,0,0
696c1eff0390197358d8cb6807ab5de3a7c17fc0,Tom Christie,GitHub,2020-07-23 09:40:00+00:00,2020-07-23T10:40:00+01:00,Parameterize invalid URL tests (#1079),False,1,test_async_client.py,tests/client/test_async_client.py,10,6,16,0,0
c089480260771ebbe89c15ae1da1c251c8ad4373,Tom Christie,GitHub,2020-07-24 10:42:13+00:00,2020-07-24T11:42:13+01:00,URL.port becomes Optional[int] (#1080),False,1,test_config.py,tests/test_config.py,1,1,2,0,0
c089480260771ebbe89c15ae1da1c251c8ad4373,Tom Christie,GitHub,2020-07-24 10:42:13+00:00,2020-07-24T11:42:13+01:00,URL.port becomes Optional[int] (#1080),False,1,test_url.py,tests/models/test_url.py,2,2,4,0,0
c089480260771ebbe89c15ae1da1c251c8ad4373,Tom Christie,GitHub,2020-07-24 10:42:13+00:00,2020-07-24T11:42:13+01:00,URL.port becomes Optional[int] (#1080),False,1,test_requests.py,tests/models/test_requests.py,2,2,4,0,0
c089480260771ebbe89c15ae1da1c251c8ad4373,Tom Christie,GitHub,2020-07-24 10:42:13+00:00,2020-07-24T11:42:13+01:00,URL.port becomes Optional[int] (#1080),False,1,test_redirects.py,tests/client/test_redirects.py,1,1,2,0,0
c089480260771ebbe89c15ae1da1c251c8ad4373,Tom Christie,GitHub,2020-07-24 10:42:13+00:00,2020-07-24T11:42:13+01:00,URL.port becomes Optional[int] (#1080),False,1,test_proxies.py,tests/client/test_proxies.py,15,3,18,0,0
c089480260771ebbe89c15ae1da1c251c8ad4373,Tom Christie,GitHub,2020-07-24 10:42:13+00:00,2020-07-24T11:42:13+01:00,URL.port becomes Optional[int] (#1080),False,1,_utils.py,httpx/_utils.py,9,1,10,0,1
c089480260771ebbe89c15ae1da1c251c8ad4373,Tom Christie,GitHub,2020-07-24 10:42:13+00:00,2020-07-24T11:42:13+01:00,URL.port becomes Optional[int] (#1080),False,1,_models.py,httpx/_models.py,4,6,10,0,0
c089480260771ebbe89c15ae1da1c251c8ad4373,Tom Christie,GitHub,2020-07-24 10:42:13+00:00,2020-07-24T11:42:13+01:00,URL.port becomes Optional[int] (#1080),False,1,_client.py,httpx/_client.py,8,8,16,0,0
2d491c9e7d00c8564049b7708ae6861ec7355380,Tom Christie,GitHub,2020-07-24 14:24:06+00:00,2020-07-24T15:24:06+01:00,"Full coverage, with exception of URLLib3Transport (#1086)",False,1,coverage,scripts/coverage,1,1,2,0,0
2d491c9e7d00c8564049b7708ae6861ec7355380,Tom Christie,GitHub,2020-07-24 14:24:06+00:00,2020-07-24T15:24:06+01:00,"Full coverage, with exception of URLLib3Transport (#1086)",False,1,test_client.py,tests/client/test_client.py,3,0,3,0,0
2d491c9e7d00c8564049b7708ae6861ec7355380,Tom Christie,GitHub,2020-07-24 14:24:06+00:00,2020-07-24T15:24:06+01:00,"Full coverage, with exception of URLLib3Transport (#1086)",False,1,test_async_client.py,tests/client/test_async_client.py,3,0,3,0,0
50b17fdd65fd06432842ec55011ec8d1db0457a8,Tom Christie,GitHub,2020-07-26 17:27:07+00:00,2020-07-26T18:27:07+01:00,Keep Proxy._build_auth_header as a private method (#1087),False,1,_config.py,httpx/_config.py,2,2,4,0,0
6421575f5fef92fe8eb055d5ca1b87062b38b4d0,Tom Christie,GitHub,2020-07-26 18:05:33+00:00,2020-07-26T19:05:33+01:00,Tighten public API on auth classes (#1084),False,1,_auth.py,httpx/_auth.py,46,51,97,0,0
2e60e145d772371b3148b63939b829141e2cbe7f,Tom Christie,GitHub,2020-07-26 19:45:17+00:00,2020-07-26T20:45:17+01:00,Drop extraneous `proxy` argument on `URLLib3Transport`. (#1090),False,1,urllib3.py,httpx/_transports/urllib3.py,1,2,3,0,0
35f09d13941647bb677f2749c4230bec664b8c15,Tom Christie,GitHub,2020-07-27 13:35:01+00:00,2020-07-27T14:35:01+01:00,Single consistent name for status codes (#1088),False,1,test_status_codes.py,tests/test_status_codes.py,21,0,21,0,0
35f09d13941647bb677f2749c4230bec664b8c15,Tom Christie,GitHub,2020-07-27 13:35:01+00:00,2020-07-27T14:35:01+01:00,Single consistent name for status codes (#1088),False,1,_status_codes.py,httpx/_status_codes.py,29,10,39,0,0
35f09d13941647bb677f2749c4230bec664b8c15,Tom Christie,GitHub,2020-07-27 13:35:01+00:00,2020-07-27T14:35:01+01:00,Single consistent name for status codes (#1088),False,1,_models.py,httpx/_models.py,6,6,12,0,0
35f09d13941647bb677f2749c4230bec664b8c15,Tom Christie,GitHub,2020-07-27 13:35:01+00:00,2020-07-27T14:35:01+01:00,Single consistent name for status codes (#1088),False,1,__init__.py,httpx/__init__.py,1,1,2,0,0
926a55a84f0add72f689182c5ca64b4135829907,Can Sarıgöl,GitHub,2020-07-27 18:46:46+00:00,2020-07-27T19:46:46+01:00,Included create_ssl_context function to create the same context with SSLConfig and serve as API (#996),False,1,test_config.py,tests/test_config.py,30,47,77,0,1
926a55a84f0add72f689182c5ca64b4135829907,Can Sarıgöl,GitHub,2020-07-27 18:46:46+00:00,2020-07-27T19:46:46+01:00,Included create_ssl_context function to create the same context with SSLConfig and serve as API (#996),False,1,urllib3.py,httpx/_transports/urllib3.py,7,11,18,0,0
926a55a84f0add72f689182c5ca64b4135829907,Can Sarıgöl,GitHub,2020-07-27 18:46:46+00:00,2020-07-27T19:46:46+01:00,Included create_ssl_context function to create the same context with SSLConfig and serve as API (#996),False,1,_config.py,httpx/_config.py,11,11,22,0,1
926a55a84f0add72f689182c5ca64b4135829907,Can Sarıgöl,GitHub,2020-07-27 18:46:46+00:00,2020-07-27T19:46:46+01:00,Included create_ssl_context function to create the same context with SSLConfig and serve as API (#996),False,1,_client.py,httpx/_client.py,5,13,18,0,0
926a55a84f0add72f689182c5ca64b4135829907,Can Sarıgöl,GitHub,2020-07-27 18:46:46+00:00,2020-07-27T19:46:46+01:00,Included create_ssl_context function to create the same context with SSLConfig and serve as API (#996),False,1,__init__.py,httpx/__init__.py,2,1,3,0,0
9728d8960f1b10502365cbdb414c16442fca7d05,Tom Christie,GitHub,2020-07-30 14:40:13+00:00,2020-07-30T15:40:13+01:00,Ignore PermissionError in netrc_info() (#1104),False,1,_utils.py,httpx/_utils.py,7,3,10,1,0
df54890c15f49a7f6279e704941400d698b33c10,Tom Christie,GitHub,2020-07-31 09:11:49+00:00,2020-07-31T10:11:49+01:00,URL matching (#1098),False,1,_client.py,httpx/_client.py,11,34,45,0,0
df54890c15f49a7f6279e704941400d698b33c10,Tom Christie,GitHub,2020-07-31 09:11:49+00:00,2020-07-31T10:11:49+01:00,URL matching (#1098),False,1,test_proxies.py,tests/client/test_proxies.py,8,6,14,0,0
df54890c15f49a7f6279e704941400d698b33c10,Tom Christie,GitHub,2020-07-31 09:11:49+00:00,2020-07-31T10:11:49+01:00,URL matching (#1098),False,1,test_utils.py,tests/test_utils.py,42,0,42,0,0
df54890c15f49a7f6279e704941400d698b33c10,Tom Christie,GitHub,2020-07-31 09:11:49+00:00,2020-07-31T10:11:49+01:00,URL matching (#1098),False,1,_utils.py,httpx/_utils.py,84,0,84,0,0
16893e414fe68bd41890dc52f449328679a65134,Tom Christie,GitHub,2020-07-31 09:21:11+00:00,2020-07-31T10:21:11+01:00,Add support for no-proxy configurations (#1099),False,1,test_proxies.py,tests/client/test_proxies.py,1,0,1,0,0
16893e414fe68bd41890dc52f449328679a65134,Tom Christie,GitHub,2020-07-31 09:21:11+00:00,2020-07-31T10:21:11+01:00,Add support for no-proxy configurations (#1099),False,1,_types.py,httpx/_types.py,1,1,2,0,0
16893e414fe68bd41890dc52f449328679a65134,Tom Christie,GitHub,2020-07-31 09:21:11+00:00,2020-07-31T10:21:11+01:00,Add support for no-proxy configurations (#1099),False,1,_client.py,httpx/_client.py,23,13,36,0,0
e1a7d5a4ae5dae974ea2f0e7b820a8b114683c55,Tom Christie,GitHub,2020-07-31 10:30:55+00:00,2020-07-31T11:30:55+01:00,Use public API only from transports (#1096),False,1,wsgi.py,httpx/_transports/wsgi.py,6,4,10,0,0
e1a7d5a4ae5dae974ea2f0e7b820a8b114683c55,Tom Christie,GitHub,2020-07-31 10:30:55+00:00,2020-07-31T11:30:55+01:00,Use public API only from transports (#1096),False,1,asgi.py,httpx/_transports/asgi.py,22,5,27,0,0
dba83d45a53d8db43ba8949362f223aa94def2bc,Tom Christie,GitHub,2020-07-31 10:41:53+00:00,2020-07-31T11:41:53+01:00,httpx.Timeout must include a default (#1085),False,1,_config.py,httpx/_config.py,22,3,25,1,0
dba83d45a53d8db43ba8949362f223aa94def2bc,Tom Christie,GitHub,2020-07-31 10:41:53+00:00,2020-07-31T11:41:53+01:00,httpx.Timeout must include a default (#1085),False,1,test_timeouts.py,tests/test_timeouts.py,4,4,8,1,0
dba83d45a53d8db43ba8949362f223aa94def2bc,Tom Christie,GitHub,2020-07-31 10:41:53+00:00,2020-07-31T11:41:53+01:00,httpx.Timeout must include a default (#1085),False,1,test_config.py,tests/test_config.py,19,6,25,1,0
2ba9c1ed90960007056b80bd60f1e606b41ad124,Tom Christie,GitHub,2020-07-31 10:46:35+00:00,2020-07-31T11:46:35+01:00,Consistent multidict methods (#1089),False,1,test_queryparams.py,tests/models/test_queryparams.py,1,1,2,0,0
2ba9c1ed90960007056b80bd60f1e606b41ad124,Tom Christie,GitHub,2020-07-31 10:46:35+00:00,2020-07-31T11:46:35+01:00,Consistent multidict methods (#1089),False,1,test_headers.py,tests/models/test_headers.py,9,8,17,0,0
2ba9c1ed90960007056b80bd60f1e606b41ad124,Tom Christie,GitHub,2020-07-31 10:46:35+00:00,2020-07-31T11:46:35+01:00,Consistent multidict methods (#1089),False,1,_models.py,httpx/_models.py,70,15,85,0,0
9409900898f40ed855e9c7a7664b7e068599a07d,Tom Christie,GitHub,2020-07-31 11:57:49+00:00,2020-07-31T12:57:49+01:00,Exception hierarchy (#1095),False,1,_decoders.py,httpx/_decoders.py,26,15,41,0,0
9409900898f40ed855e9c7a7664b7e068599a07d,Tom Christie,GitHub,2020-07-31 11:57:49+00:00,2020-07-31T12:57:49+01:00,Exception hierarchy (#1095),False,1,__init__.py,httpx/__init__.py,4,2,6,0,0
9409900898f40ed855e9c7a7664b7e068599a07d,Tom Christie,GitHub,2020-07-31 11:57:49+00:00,2020-07-31T12:57:49+01:00,Exception hierarchy (#1095),False,1,_auth.py,httpx/_auth.py,16,8,24,0,1
9409900898f40ed855e9c7a7664b7e068599a07d,Tom Christie,GitHub,2020-07-31 11:57:49+00:00,2020-07-31T12:57:49+01:00,Exception hierarchy (#1095),False,1,_client.py,httpx/_client.py,12,8,20,0,0
9409900898f40ed855e9c7a7664b7e068599a07d,Tom Christie,GitHub,2020-07-31 11:57:49+00:00,2020-07-31T12:57:49+01:00,Exception hierarchy (#1095),False,1,_exceptions.py,httpx/_exceptions.py,120,52,172,0,1
9409900898f40ed855e9c7a7664b7e068599a07d,Tom Christie,GitHub,2020-07-31 11:57:49+00:00,2020-07-31T12:57:49+01:00,Exception hierarchy (#1095),False,1,test_asgi.py,tests/test_asgi.py,2,2,4,0,0
9409900898f40ed855e9c7a7664b7e068599a07d,Tom Christie,GitHub,2020-07-31 11:57:49+00:00,2020-07-31T12:57:49+01:00,Exception hierarchy (#1095),False,1,_utils.py,httpx/_utils.py,10,5,15,0,0
9409900898f40ed855e9c7a7664b7e068599a07d,Tom Christie,GitHub,2020-07-31 11:57:49+00:00,2020-07-31T12:57:49+01:00,Exception hierarchy (#1095),False,1,test_proxies.py,tests/client/test_proxies.py,4,2,6,0,0
9409900898f40ed855e9c7a7664b7e068599a07d,Tom Christie,GitHub,2020-07-31 11:57:49+00:00,2020-07-31T12:57:49+01:00,Exception hierarchy (#1095),False,1,test_decoders.py,tests/test_decoders.py,6,3,9,0,0
9409900898f40ed855e9c7a7664b7e068599a07d,Tom Christie,GitHub,2020-07-31 11:57:49+00:00,2020-07-31T12:57:49+01:00,Exception hierarchy (#1095),False,1,test_wsgi.py,tests/test_wsgi.py,2,2,4,0,0
9409900898f40ed855e9c7a7664b7e068599a07d,Tom Christie,GitHub,2020-07-31 11:57:49+00:00,2020-07-31T12:57:49+01:00,Exception hierarchy (#1095),False,1,_models.py,httpx/_models.py,16,9,25,0,0
c6022dea9f0fc7c0a365b17d278b303262a45c09,Tom Christie,GitHub,2020-08-01 08:39:28+00:00,2020-08-01T09:39:28+01:00,Drop the auto-prompting 'do you want to run scripts/lint now' (#1107),False,1,test,scripts/test,2,12,14,0,0
71d52343052359c416a9e6252daa322abdf8dd90,Florimond Manca,GitHub,2020-08-01 09:07:31+00:00,2020-08-01T11:07:31+02:00,Rename URLMatcher -> URLPattern (#1109),False,1,test_utils.py,tests/test_utils.py,12,12,24,0,0
71d52343052359c416a9e6252daa322abdf8dd90,Florimond Manca,GitHub,2020-08-01 09:07:31+00:00,2020-08-01T11:07:31+02:00,Rename URLMatcher -> URLPattern (#1109),False,1,test_proxies.py,tests/client/test_proxies.py,4,4,8,0,0
71d52343052359c416a9e6252daa322abdf8dd90,Florimond Manca,GitHub,2020-08-01 09:07:31+00:00,2020-08-01T11:07:31+02:00,Rename URLMatcher -> URLPattern (#1109),False,1,_utils.py,httpx/_utils.py,9,9,18,0,0
71d52343052359c416a9e6252daa322abdf8dd90,Florimond Manca,GitHub,2020-08-01 09:07:31+00:00,2020-08-01T11:07:31+02:00,Rename URLMatcher -> URLPattern (#1109),False,1,_client.py,httpx/_client.py,9,9,18,0,0
a110072bba28a4ae3b4995b23673b66b61539cc1,Florimond Manca,GitHub,2020-08-01 10:04:38+00:00,2020-08-01T12:04:38+02:00,Client.trust_env becomes read-only (#1112),False,1,_client.py,httpx/_client.py,5,1,6,0,0
a9284214e2483b9cf118422d4a47bab51546b085,Florimond Manca,GitHub,2020-08-01 18:15:15+00:00,2020-08-01T20:15:15+02:00,"Make Headers.keys(), Headers.values() and Headers.items() return set-like views (#1114)",False,1,_models.py,httpx/_models.py,13,11,24,0,0
a9284214e2483b9cf118422d4a47bab51546b085,Florimond Manca,GitHub,2020-08-01 18:15:15+00:00,2020-08-01T20:15:15+02:00,"Make Headers.keys(), Headers.values() and Headers.items() return set-like views (#1114)",False,1,test_headers.py,tests/models/test_headers.py,3,3,6,0,0
26cd4f54e8850671b565995f15d5c37328407809,Florimond Manca,GitHub,2020-08-01 18:59:01+00:00,2020-08-01T19:59:01+01:00,Switch to more concise Timeout parameters (#1111),False,1,_config.py,httpx/_config.py,80,64,144,0,0
26cd4f54e8850671b565995f15d5c37328407809,Florimond Manca,GitHub,2020-08-01 18:59:01+00:00,2020-08-01T19:59:01+01:00,Switch to more concise Timeout parameters (#1111),False,1,test_timeouts.py,tests/test_timeouts.py,18,4,22,0,0
26cd4f54e8850671b565995f15d5c37328407809,Florimond Manca,GitHub,2020-08-01 18:59:01+00:00,2020-08-01T19:59:01+01:00,Switch to more concise Timeout parameters (#1111),False,1,test_config.py,tests/test_config.py,11,16,27,0,0
f67e925f72166ac89c4ff430540173b5910ec315,Florimond Manca,GitHub,2020-08-01 19:44:58+00:00,2020-08-01T20:44:58+01:00,Rename PoolLimits to Limits (#1113),False,1,__init__.py,httpx/__init__.py,2,1,3,0,0
f67e925f72166ac89c4ff430540173b5910ec315,Florimond Manca,GitHub,2020-08-01 19:44:58+00:00,2020-08-01T20:44:58+01:00,Rename PoolLimits to Limits (#1113),False,1,_client.py,httpx/_client.py,39,24,63,0,0
f67e925f72166ac89c4ff430540173b5910ec315,Florimond Manca,GitHub,2020-08-01 19:44:58+00:00,2020-08-01T20:44:58+01:00,Rename PoolLimits to Limits (#1113),False,1,test_timeouts.py,tests/test_timeouts.py,2,2,4,0,0
f67e925f72166ac89c4ff430540173b5910ec315,Florimond Manca,GitHub,2020-08-01 19:44:58+00:00,2020-08-01T20:44:58+01:00,Rename PoolLimits to Limits (#1113),False,1,test_client.py,tests/client/test_client.py,10,0,10,0,0
f67e925f72166ac89c4ff430540173b5910ec315,Florimond Manca,GitHub,2020-08-01 19:44:58+00:00,2020-08-01T20:44:58+01:00,Rename PoolLimits to Limits (#1113),False,1,_config.py,httpx/_config.py,14,3,17,0,0
f67e925f72166ac89c4ff430540173b5910ec315,Florimond Manca,GitHub,2020-08-01 19:44:58+00:00,2020-08-01T20:44:58+01:00,Rename PoolLimits to Limits (#1113),False,1,test_config.py,tests/test_config.py,9,4,13,0,0
682cad39ebd7468f65d9590ed68bd03f5a7f8ec8,Tom Christie,GitHub,2020-08-02 09:00:45+00:00,2020-08-02T10:00:45+01:00,Cleaner no proxy support (#1103),False,1,_client.py,httpx/_client.py,7,10,17,0,0
682cad39ebd7468f65d9590ed68bd03f5a7f8ec8,Tom Christie,GitHub,2020-08-02 09:00:45+00:00,2020-08-02T10:00:45+01:00,Cleaner no proxy support (#1103),False,1,test_utils.py,tests/test_utils.py,0,77,77,0,1
682cad39ebd7468f65d9590ed68bd03f5a7f8ec8,Tom Christie,GitHub,2020-08-02 09:00:45+00:00,2020-08-02T10:00:45+01:00,Cleaner no proxy support (#1103),False,1,test_proxies.py,tests/client/test_proxies.py,93,0,93,0,1
682cad39ebd7468f65d9590ed68bd03f5a7f8ec8,Tom Christie,GitHub,2020-08-02 09:00:45+00:00,2020-08-02T10:00:45+01:00,Cleaner no proxy support (#1103),False,1,_utils.py,httpx/_utils.py,52,33,85,0,1
d76b2c2fb7241e5a21f6df86d6142790d4548b8c,Joe,GitHub,2020-08-02 09:48:09+00:00,2020-08-02T10:48:09+01:00,Handle bare env proxy hostname gracefully (#1120),False,1,_utils.py,httpx/_utils.py,2,1,3,1,0
d76b2c2fb7241e5a21f6df86d6142790d4548b8c,Joe,GitHub,2020-08-02 09:48:09+00:00,2020-08-02T10:48:09+01:00,Handle bare env proxy hostname gracefully (#1120),False,1,test_proxies.py,tests/client/test_proxies.py,2,0,2,1,0
e5f87434a54ef8bffec0b9c351d1d4c15bee7aab,Tom Christie,GitHub,2020-08-02 10:33:50+00:00,2020-08-02T11:33:50+01:00,Use get_list consistently (#1119),False,1,test_queryparams.py,tests/models/test_queryparams.py,4,0,4,0,0
e5f87434a54ef8bffec0b9c351d1d4c15bee7aab,Tom Christie,GitHub,2020-08-02 10:33:50+00:00,2020-08-02T11:33:50+01:00,Use get_list consistently (#1119),False,1,test_headers.py,tests/models/test_headers.py,4,0,4,0,0
e5f87434a54ef8bffec0b9c351d1d4c15bee7aab,Tom Christie,GitHub,2020-08-02 10:33:50+00:00,2020-08-02T11:33:50+01:00,Use get_list consistently (#1119),False,1,_models.py,httpx/_models.py,4,4,8,0,0
0e7730bcccf51a6ca5b66d2dc6cab40f2a1660a3,Tom Christie,GitHub,2020-08-02 11:42:36+00:00,2020-08-02T12:42:36+01:00,Setting `app=...` or `transport=...` should bypass environment proxies. (#1122),False,1,_client.py,httpx/_client.py,6,4,10,0,0
d7aa6e018913349166fba64cd5f3a9daba7364fb,Tom Christie,GitHub,2020-08-03 19:06:18+00:00,2020-08-03T20:06:18+01:00,Keep HTTPError as a base class for .request() and .raise_for_status() (#1125),False,1,_exceptions.py,httpx/_exceptions.py,48,33,81,1,0
78cf16ace92b42de5972a490787002631d558b32,Florimond Manca,GitHub,2020-08-05 12:05:45+00:00,2020-08-05T13:05:45+01:00,Drop HSTS Preloading (#1110),False,1,test_client.py,tests/client/test_client.py,4,19,23,0,0
78cf16ace92b42de5972a490787002631d558b32,Florimond Manca,GitHub,2020-08-05 12:05:45+00:00,2020-08-05T13:05:45+01:00,Drop HSTS Preloading (#1110),False,1,setup.py,setup.py,0,1,1,0,0
78cf16ace92b42de5972a490787002631d558b32,Florimond Manca,GitHub,2020-08-05 12:05:45+00:00,2020-08-05T13:05:45+01:00,Drop HSTS Preloading (#1110),False,1,_client.py,httpx/_client.py,1,10,11,0,0
1da46f3de0f4fda77657bf2f795b52c03c90c74e,Tom Christie,GitHub,2020-08-05 17:32:34+00:00,2020-08-05T18:32:34+01:00,"Clean up keyword argument name, using URL.join(url=...), not URL.join(relative_url=...). (#1129)",False,1,_client.py,httpx/_client.py,1,1,2,0,0
1da46f3de0f4fda77657bf2f795b52c03c90c74e,Tom Christie,GitHub,2020-08-05 17:32:34+00:00,2020-08-05T18:32:34+01:00,"Clean up keyword argument name, using URL.join(url=...), not URL.join(relative_url=...). (#1129)",False,1,_models.py,httpx/_models.py,3,3,6,0,0
7279ed46589db3028342d3f1542b11e99c23a6a5,cdeler,GitHub,2020-08-05 17:41:50+00:00,2020-08-05T18:41:50+01:00,"Raise warning if proxy key is eg. ""all"" instead of ""all://"". (#1127)",False,1,test_proxies.py,tests/client/test_proxies.py,38,18,56,0,0
7279ed46589db3028342d3f1542b11e99c23a6a5,cdeler,GitHub,2020-08-05 17:41:50+00:00,2020-08-05T18:41:50+01:00,"Raise warning if proxy key is eg. ""all"" instead of ""all://"". (#1127)",False,1,_utils.py,httpx/_utils.py,5,0,5,0,1
a3392c6ea7e887b23c1a9250b58ff11c7ea652df,Tom Christie,GitHub,2020-08-05 17:56:25+00:00,2020-08-05T18:56:25+01:00,Base URL improvements (#1130),False,1,test_properties.py,tests/client/test_properties.py,22,1,23,0,0
a3392c6ea7e887b23c1a9250b58ff11c7ea652df,Tom Christie,GitHub,2020-08-05 17:56:25+00:00,2020-08-05T18:56:25+01:00,Base URL improvements (#1130),False,1,test_client.py,tests/client/test_client.py,21,3,24,0,0
a3392c6ea7e887b23c1a9250b58ff11c7ea652df,Tom Christie,GitHub,2020-08-05 17:56:25+00:00,2020-08-05T18:56:25+01:00,Base URL improvements (#1130),False,1,_models.py,httpx/_models.py,1,1,2,0,0
a3392c6ea7e887b23c1a9250b58ff11c7ea652df,Tom Christie,GitHub,2020-08-05 17:56:25+00:00,2020-08-05T18:56:25+01:00,Base URL improvements (#1130),False,1,_client.py,httpx/_client.py,27,8,35,0,0
0e73be83a8e133521c8c0cd7426a33cda196eef0,Tom Christie,GitHub,2020-08-05 18:10:59+00:00,2020-08-05T19:10:59+01:00,Deprecate URL.is_ssl (#1128),False,1,test_client.py,tests/client/test_client.py,2,1,3,0,0
0e73be83a8e133521c8c0cd7426a33cda196eef0,Tom Christie,GitHub,2020-08-05 18:10:59+00:00,2020-08-05T19:10:59+01:00,Deprecate URL.is_ssl (#1128),False,1,_models.py,httpx/_models.py,2,0,2,0,1
7123b0f7bac34f4b0af4c3c4fe2ef63ab4f238ff,cdeler,GitHub,2020-08-06 11:09:21+00:00,2020-08-06T12:09:21+01:00,#1066 make BaseClient's timeout accessible using getters and setters (#1135),False,1,test_properties.py,tests/client/test_properties.py,14,1,15,0,0
7123b0f7bac34f4b0af4c3c4fe2ef63ab4f238ff,cdeler,GitHub,2020-08-06 11:09:21+00:00,2020-08-06T12:09:21+01:00,#1066 make BaseClient's timeout accessible using getters and setters (#1135),False,1,_client.py,httpx/_client.py,9,1,10,0,1
0a3869506391849b20e373a67157e5cef133fcee,cdeler,GitHub,2020-08-06 12:41:11+00:00,2020-08-06T13:41:11+01:00,"Fixed warnings in unit tests suite, caused by #1127 PR (#1137)",False,1,_client.py,httpx/_client.py,2,1,3,1,0
0a3869506391849b20e373a67157e5cef133fcee,cdeler,GitHub,2020-08-06 12:41:11+00:00,2020-08-06T13:41:11+01:00,"Fixed warnings in unit tests suite, caused by #1127 PR (#1137)",False,1,test_utils.py,tests/test_utils.py,4,6,10,1,0
0a3869506391849b20e373a67157e5cef133fcee,cdeler,GitHub,2020-08-06 12:41:11+00:00,2020-08-06T13:41:11+01:00,"Fixed warnings in unit tests suite, caused by #1127 PR (#1137)",False,1,_utils.py,httpx/_utils.py,3,1,4,1,0
876e722b2419047e518ace030f2c9505df960049,Tom Christie,GitHub,2020-08-07 13:14:11+00:00,2020-08-07T14:14:11+01:00,Update to httpcore 0.10 (#1126),False,1,urllib3.py,httpx/_transports/urllib3.py,2,2,4,0,0
876e722b2419047e518ace030f2c9505df960049,Tom Christie,GitHub,2020-08-07 13:14:11+00:00,2020-08-07T14:14:11+01:00,Update to httpcore 0.10 (#1126),False,1,__init__.py,httpx/__init__.py,6,0,6,0,0
876e722b2419047e518ace030f2c9505df960049,Tom Christie,GitHub,2020-08-07 13:14:11+00:00,2020-08-07T14:14:11+01:00,Update to httpcore 0.10 (#1126),False,1,_client.py,httpx/_client.py,8,25,33,0,0
876e722b2419047e518ace030f2c9505df960049,Tom Christie,GitHub,2020-08-07 13:14:11+00:00,2020-08-07T14:14:11+01:00,Update to httpcore 0.10 (#1126),False,1,_config.py,httpx/_config.py,23,12,35,0,0
876e722b2419047e518ace030f2c9505df960049,Tom Christie,GitHub,2020-08-07 13:14:11+00:00,2020-08-07T14:14:11+01:00,Update to httpcore 0.10 (#1126),False,1,_exceptions.py,httpx/_exceptions.py,41,8,49,0,0
876e722b2419047e518ace030f2c9505df960049,Tom Christie,GitHub,2020-08-07 13:14:11+00:00,2020-08-07T14:14:11+01:00,Update to httpcore 0.10 (#1126),False,1,asgi.py,httpx/_transports/asgi.py,4,23,27,0,0
876e722b2419047e518ace030f2c9505df960049,Tom Christie,GitHub,2020-08-07 13:14:11+00:00,2020-08-07T14:14:11+01:00,Update to httpcore 0.10 (#1126),False,1,wsgi.py,httpx/_transports/wsgi.py,3,7,10,0,0
876e722b2419047e518ace030f2c9505df960049,Tom Christie,GitHub,2020-08-07 13:14:11+00:00,2020-08-07T14:14:11+01:00,Update to httpcore 0.10 (#1126),False,1,_utils.py,httpx/_utils.py,1,19,20,0,0
876e722b2419047e518ace030f2c9505df960049,Tom Christie,GitHub,2020-08-07 13:14:11+00:00,2020-08-07T14:14:11+01:00,Update to httpcore 0.10 (#1126),False,1,setup.py,setup.py,1,1,2,0,0
876e722b2419047e518ace030f2c9505df960049,Tom Christie,GitHub,2020-08-07 13:14:11+00:00,2020-08-07T14:14:11+01:00,Update to httpcore 0.10 (#1126),False,1,test_multipart.py,tests/test_multipart.py,1,1,2,0,0
876e722b2419047e518ace030f2c9505df960049,Tom Christie,GitHub,2020-08-07 13:14:11+00:00,2020-08-07T14:14:11+01:00,Update to httpcore 0.10 (#1126),False,1,test_auth.py,tests/client/test_auth.py,2,2,4,0,0
876e722b2419047e518ace030f2c9505df960049,Tom Christie,GitHub,2020-08-07 13:14:11+00:00,2020-08-07T14:14:11+01:00,Update to httpcore 0.10 (#1126),False,1,test_client.py,tests/client/test_client.py,1,1,2,0,0
876e722b2419047e518ace030f2c9505df960049,Tom Christie,GitHub,2020-08-07 13:14:11+00:00,2020-08-07T14:14:11+01:00,Update to httpcore 0.10 (#1126),False,1,test_cookies.py,tests/client/test_cookies.py,1,1,2,0,0
876e722b2419047e518ace030f2c9505df960049,Tom Christie,GitHub,2020-08-07 13:14:11+00:00,2020-08-07T14:14:11+01:00,Update to httpcore 0.10 (#1126),False,1,test_headers.py,tests/client/test_headers.py,1,1,2,0,1
876e722b2419047e518ace030f2c9505df960049,Tom Christie,GitHub,2020-08-07 13:14:11+00:00,2020-08-07T14:14:11+01:00,Update to httpcore 0.10 (#1126),False,1,test_proxies.py,tests/client/test_proxies.py,2,4,6,0,0
876e722b2419047e518ace030f2c9505df960049,Tom Christie,GitHub,2020-08-07 13:14:11+00:00,2020-08-07T14:14:11+01:00,Update to httpcore 0.10 (#1126),False,1,test_queryparams.py,tests/client/test_queryparams.py,1,1,2,0,0
876e722b2419047e518ace030f2c9505df960049,Tom Christie,GitHub,2020-08-07 13:14:11+00:00,2020-08-07T14:14:11+01:00,Update to httpcore 0.10 (#1126),False,1,test_redirects.py,tests/client/test_redirects.py,8,5,13,0,0
876e722b2419047e518ace030f2c9505df960049,Tom Christie,GitHub,2020-08-07 13:14:11+00:00,2020-08-07T14:14:11+01:00,Update to httpcore 0.10 (#1126),False,1,test_config.py,tests/test_config.py,1,1,2,0,0
876e722b2419047e518ace030f2c9505df960049,Tom Christie,GitHub,2020-08-07 13:14:11+00:00,2020-08-07T14:14:11+01:00,Update to httpcore 0.10 (#1126),False,1,test_async_client.py,tests/client/test_async_client.py,1,1,2,0,0
360b63d4f42abee20f25c1cd67a46e80fe4633de,Tom Christie,GitHub,2020-08-07 13:17:49+00:00,2020-08-07T14:17:49+01:00,Document exceptions (#1138),False,1,_exceptions.py,httpx/_exceptions.py,9,5,14,0,0
8d9dfb54fccb4b45c7ffedf67033714e74ea4961,Tom Christie,GitHub,2020-08-07 14:16:21+00:00,2020-08-07T15:16:21+01:00,HTTP/2 becomes fully optional (#1140),False,1,test_async_client.py,tests/client/test_async_client.py,1,1,2,0,0
8d9dfb54fccb4b45c7ffedf67033714e74ea4961,Tom Christie,GitHub,2020-08-07 14:16:21+00:00,2020-08-07T15:16:21+01:00,HTTP/2 becomes fully optional (#1140),False,1,setup.py,setup.py,4,1,5,0,0
8d9dfb54fccb4b45c7ffedf67033714e74ea4961,Tom Christie,GitHub,2020-08-07 14:16:21+00:00,2020-08-07T15:16:21+01:00,HTTP/2 becomes fully optional (#1140),False,1,_client.py,httpx/_client.py,18,0,18,0,0
8d9dfb54fccb4b45c7ffedf67033714e74ea4961,Tom Christie,GitHub,2020-08-07 14:16:21+00:00,2020-08-07T15:16:21+01:00,HTTP/2 becomes fully optional (#1140),False,1,test_client.py,tests/client/test_client.py,1,1,2,0,0
8c7729e42c9ebf860e75820d5325741b85d64970,Tom Christie,GitHub,2020-08-07 14:50:25+00:00,2020-08-07T15:50:25+01:00,Version 0.14.0 (#1083),False,1,test_config.py,tests/test_config.py,5,0,5,0,0
8c7729e42c9ebf860e75820d5325741b85d64970,Tom Christie,GitHub,2020-08-07 14:50:25+00:00,2020-08-07T15:50:25+01:00,Version 0.14.0 (#1083),False,1,_config.py,httpx/_config.py,1,1,2,0,0
8c7729e42c9ebf860e75820d5325741b85d64970,Tom Christie,GitHub,2020-08-07 14:50:25+00:00,2020-08-07T15:50:25+01:00,Version 0.14.0 (#1083),False,1,__version__.py,httpx/__version__.py,1,1,2,0,0
4cf74bc40508f1d22e1159bc93607e9c777e41b2,Tom Christie,GitHub,2020-08-10 13:53:51+00:00,2020-08-10T14:53:51+01:00,Fix behaviour with multiple Set-Cookie headers (#1156),False,1,_models.py,httpx/_models.py,4,1,5,1,0
4cf74bc40508f1d22e1159bc93607e9c777e41b2,Tom Christie,GitHub,2020-08-10 13:53:51+00:00,2020-08-10T14:53:51+01:00,Fix behaviour with multiple Set-Cookie headers (#1156),False,1,test_cookies.py,tests/models/test_cookies.py,34,7,41,1,0
7edfe64da67f5cffbcbb6ce7d697689af7866044,Tom Christie,GitHub,2020-08-10 15:46:37+00:00,2020-08-10T16:46:37+01:00,Minor rfc3986 refactoring (#1157),False,1,_models.py,httpx/_models.py,5,5,10,0,0
45de7145924e62aea7a2f6cbbc878ea6f8455ca7,Joe,GitHub,2020-08-11 08:44:56+00:00,2020-08-11T09:44:56+01:00,Map rfc3986 exceptions (#1163),False,1,test_url.py,tests/models/test_url.py,6,1,7,0,1
45de7145924e62aea7a2f6cbbc878ea6f8455ca7,Joe,GitHub,2020-08-11 08:44:56+00:00,2020-08-11T09:44:56+01:00,Map rfc3986 exceptions (#1163),False,1,_client.py,httpx/_client.py,8,1,9,0,0
45de7145924e62aea7a2f6cbbc878ea6f8455ca7,Joe,GitHub,2020-08-11 08:44:56+00:00,2020-08-11T09:44:56+01:00,Map rfc3986 exceptions (#1163),False,1,_exceptions.py,httpx/_exceptions.py,10,8,18,0,0
45de7145924e62aea7a2f6cbbc878ea6f8455ca7,Joe,GitHub,2020-08-11 08:44:56+00:00,2020-08-11T09:44:56+01:00,Map rfc3986 exceptions (#1163),False,1,test_api.py,tests/test_api.py,1,1,2,0,0
45de7145924e62aea7a2f6cbbc878ea6f8455ca7,Joe,GitHub,2020-08-11 08:44:56+00:00,2020-08-11T09:44:56+01:00,Map rfc3986 exceptions (#1163),False,1,test_redirects.py,tests/client/test_redirects.py,13,0,13,0,0
45de7145924e62aea7a2f6cbbc878ea6f8455ca7,Joe,GitHub,2020-08-11 08:44:56+00:00,2020-08-11T09:44:56+01:00,Map rfc3986 exceptions (#1163),False,1,_models.py,httpx/_models.py,8,2,10,0,0
f540bd0bcf74cb092c32093ee866ab0c30809e02,Felix Hildén,GitHub,2020-08-11 09:08:53+00:00,2020-08-11T10:08:53+01:00,Expand client docstrings (#1152),False,1,_client.py,httpx/_client.py,142,0,142,0,0
db4e417a137bf3bb04c1a3ffc492bf80d222959c,Tom Christie,GitHub,2020-08-11 11:04:03+00:00,2020-08-11T12:04:03+01:00,Version 0.14.1 (#1164),False,1,__version__.py,httpx/__version__.py,1,1,2,0,0
a4463d044f370aef186f3c64bd79e236e4df9e2a,Florimond Manca,GitHub,2020-08-11 13:18:27+00:00,2020-08-11T15:18:27+02:00,Allow disabling auth per-request using `auth=None` (#1115),False,1,test_auth.py,tests/client/test_auth.py,12,0,12,0,0
a4463d044f370aef186f3c64bd79e236e4df9e2a,Florimond Manca,GitHub,2020-08-11 13:18:27+00:00,2020-08-11T15:18:27+02:00,Allow disabling auth per-request using `auth=None` (#1115),False,1,_types.py,httpx/_types.py,1,0,1,0,0
a4463d044f370aef186f3c64bd79e236e4df9e2a,Florimond Manca,GitHub,2020-08-11 13:18:27+00:00,2020-08-11T15:18:27+02:00,Allow disabling auth per-request using `auth=None` (#1115),False,1,_client.py,httpx/_client.py,22,20,42,0,1
c277fb816ad090306d58f1108293e387714fd438,Tom Christie,GitHub,2020-08-11 14:40:39+00:00,2020-08-11T15:40:39+01:00,Set `__module__ = 'httpx'` on everything we expose via the public API. (#1155),False,1,__init__.py,httpx/__init__.py,6,0,6,0,0
5b6d33e29c0bd0839171bbbb635f38736056b2a8,Joe,GitHub,2020-08-11 15:43:57+00:00,2020-08-11T23:43:57+08:00,Ignore transfer-encoding if content-length presents (#1170),False,1,_models.py,httpx/_models.py,3,0,3,0,1
5b6d33e29c0bd0839171bbbb635f38736056b2a8,Joe,GitHub,2020-08-11 15:43:57+00:00,2020-08-11T23:43:57+08:00,Ignore transfer-encoding if content-length presents (#1170),False,1,test_requests.py,tests/models/test_requests.py,17,0,17,0,0
655773e1c1b75895eda927d5a9d22a3b5b8f572d,Tom Christie,GitHub,2020-08-11 16:18:12+00:00,2020-08-11T17:18:12+01:00,Handle URL quoting username and password components. (#1159),False,1,test_url.py,tests/models/test_url.py,12,0,12,1,0
655773e1c1b75895eda927d5a9d22a3b5b8f572d,Tom Christie,GitHub,2020-08-11 16:18:12+00:00,2020-08-11T17:18:12+01:00,Handle URL quoting username and password components. (#1159),False,1,_models.py,httpx/_models.py,6,6,12,1,0
1729e45031dda2ad121ae10a5855b2bed92ee179,Joe,GitHub,2020-08-15 03:19:41+00:00,2020-08-15T11:19:41+08:00,Make `name` in httpx.__init__ private (#1177),False,1,__init__.py,httpx/__init__.py,3,3,6,0,0
842ccfafe6cb527c74866389a59ffb2ac76ec148,Josep Cugat,GitHub,2020-08-15 10:24:26+00:00,2020-08-15T12:24:26+02:00,Add exported members test (#1179),False,1,test_exported_members.py,tests/test_exported_members.py,14,0,14,0,0
842ccfafe6cb527c74866389a59ffb2ac76ec148,Josep Cugat,GitHub,2020-08-15 10:24:26+00:00,2020-08-15T12:24:26+02:00,Add exported members test (#1179),False,1,__init__.py,httpx/__init__.py,33,35,68,0,0
891d865044d27c229278f0fa20d84ba4007cb289,Simon Willison,GitHub,2020-08-15 17:57:44+00:00,2020-08-16T01:57:44+08:00,Corrected docstring on async def request() (#1181),False,1,_client.py,httpx/_client.py,1,1,2,1,1
a226c60861f651b9874e31e66b3bb7f0db46c96d,Skyler Dong,GitHub,2020-08-16 05:33:46+00:00,2020-08-16T07:33:46+02:00,Fix #1146 Set default allow_redirects to true (#1183),False,1,_client.py,httpx/_client.py,2,2,4,1,0
a226c60861f651b9874e31e66b3bb7f0db46c96d,Skyler Dong,GitHub,2020-08-16 05:33:46+00:00,2020-08-16T07:33:46+02:00,Fix #1146 Set default allow_redirects to true (#1183),False,1,_api.py,httpx/_api.py,1,1,2,1,0
09c3e90e3babf24f0f6d52066f08f32e55d7f1dc,Florimond Manca,GitHub,2020-08-16 06:12:17+00:00,2020-08-16T08:12:17+02:00,Add test for HEAD redirect behavior (#1184),False,1,test_redirects.py,tests/client/test_redirects.py,17,1,18,0,0
cb620e67c76202e6f64d22e45fedc0eb7c41e69e,Florimond Manca,GitHub,2020-08-17 12:51:52+00:00,2020-08-17T14:51:52+02:00,Add `Client.auth` setter (#1185),False,1,test_auth.py,tests/client/test_auth.py,27,6,33,0,0
cb620e67c76202e6f64d22e45fedc0eb7c41e69e,Florimond Manca,GitHub,2020-08-17 12:51:52+00:00,2020-08-17T14:51:52+02:00,Add `Client.auth` setter (#1185),False,1,_client.py,httpx/_client.py,33,12,45,0,0
9fa95cce6a5ada0e6bf5bc5e4c4adff1d145f8e7,Tom Christie,GitHub,2020-08-18 10:24:07+00:00,2020-08-18T11:24:07+01:00,Drop redundant hasattr check (#1193),False,1,_models.py,httpx/_models.py,2,4,6,0,0
03cd88c336a3f464d117cea1e2aa09488478edc6,Joe,GitHub,2020-08-19 11:10:04+00:00,2020-08-19T12:10:04+01:00,Map httpcore exceptions for `Response` read methods (#1190),False,1,_models.py,httpx/_models.py,8,4,12,0,1
03cd88c336a3f464d117cea1e2aa09488478edc6,Joe,GitHub,2020-08-19 11:10:04+00:00,2020-08-19T12:10:04+01:00,Map httpcore exceptions for `Response` read methods (#1190),False,1,test_exceptions.py,tests/test_exceptions.py,8,1,9,0,0
03cd88c336a3f464d117cea1e2aa09488478edc6,Joe,GitHub,2020-08-19 11:10:04+00:00,2020-08-19T12:10:04+01:00,Map httpcore exceptions for `Response` read methods (#1190),False,1,conftest.py,tests/conftest.py,15,0,15,0,0
25507acdc965b2d6027e067720fde871282b7b58,Tom Christie,GitHub,2020-08-19 16:38:52+00:00,2020-08-19T17:38:52+01:00,Include underlying httpcore exception tracebacks (#1199),False,1,_exceptions.py,httpx/_exceptions.py,1,1,2,0,1
84ca2010e1147f0b0e264cafacb00ee5bacb6517,Joe,GitHub,2020-08-20 07:55:35+00:00,2020-08-20T15:55:35+08:00,Add `proxies` parameter to top-level API functions (#1198),False,1,_client.py,httpx/_client.py,1,1,2,0,0
84ca2010e1147f0b0e264cafacb00ee5bacb6517,Joe,GitHub,2020-08-20 07:55:35+00:00,2020-08-20T15:55:35+08:00,Add `proxies` parameter to top-level API functions (#1198),False,1,_api.py,httpx/_api.py,20,2,22,0,0
bd8165a1b19b8775c670b6a3b1ce87c666cfbabd,Joe,GitHub,2020-08-20 09:03:20+00:00,2020-08-20T17:03:20+08:00,Cleanup docstring leftover for #1183 (#1201),False,1,_api.py,httpx/_api.py,1,3,4,0,0
924fa8c9dc19f3a601db54a384158fef56f07c96,Joe,GitHub,2020-08-20 09:28:28+00:00,2020-08-20T10:28:28+01:00,Add stream docstring (#1200),False,1,_client.py,httpx/_client.py,10,0,10,0,0
924fa8c9dc19f3a601db54a384158fef56f07c96,Joe,GitHub,2020-08-20 09:28:28+00:00,2020-08-20T10:28:28+01:00,Add stream docstring (#1200),False,1,_api.py,httpx/_api.py,10,0,10,0,0
19515e8a8b7df6e5064047f02df307798c184ef5,Tom Christie,GitHub,2020-08-21 11:03:15+00:00,2020-08-21T12:03:15+01:00,Fix request auto headers (#1205),False,1,test_headers.py,tests/client/test_headers.py,6,1,7,1,0
19515e8a8b7df6e5064047f02df307798c184ef5,Tom Christie,GitHub,2020-08-21 11:03:15+00:00,2020-08-21T12:03:15+01:00,Fix request auto headers (#1205),False,1,_models.py,httpx/_models.py,2,4,6,1,0
15c1e42c20d37697b78f456ac434905a89ac161a,Joe,GitHub,2020-08-21 11:30:57+00:00,2020-08-21T12:30:57+01:00,Packaging dependancy tweaks (#1206),False,1,setup.py,setup.py,2,2,4,0,0
15c1e42c20d37697b78f456ac434905a89ac161a,Joe,GitHub,2020-08-21 11:30:57+00:00,2020-08-21T12:30:57+01:00,Packaging dependancy tweaks (#1206),False,1,_decoders.py,httpx/_decoders.py,7,3,10,0,0
6e6ece66c633f0b1a74486d674f2019cb3f1c07f,cdeler,GitHub,2020-08-24 09:44:48+00:00,2020-08-24T10:44:48+01:00,Made cookies construct-able from a list of tuples (#1211),False,1,test_cookies.py,tests/models/test_cookies.py,10,0,10,0,1
6e6ece66c633f0b1a74486d674f2019cb3f1c07f,cdeler,GitHub,2020-08-24 09:44:48+00:00,2020-08-24T10:44:48+01:00,Made cookies construct-able from a list of tuples (#1211),False,1,_types.py,httpx/_types.py,1,1,2,0,0
6e6ece66c633f0b1a74486d674f2019cb3f1c07f,cdeler,GitHub,2020-08-24 09:44:48+00:00,2020-08-24T10:44:48+01:00,Made cookies construct-able from a list of tuples (#1211),False,1,_models.py,httpx/_models.py,4,0,4,0,0
4161d7ace9d9f50227c54e991050de550c49e169,Tom Christie,GitHub,2020-08-24 10:03:26+00:00,2020-08-24T11:03:26+01:00,Version 0.14.2 (#1207),False,1,__version__.py,httpx/__version__.py,1,1,2,0,0
534400ee42ad9b974a34d3b6b135fd7913561df8,Tom Christie,GitHub,2020-08-26 11:05:05+00:00,2020-08-26T12:05:05+01:00,Context managed transports (#1218),False,1,test_async_client.py,tests/client/test_async_client.py,40,0,40,0,1
534400ee42ad9b974a34d3b6b135fd7913561df8,Tom Christie,GitHub,2020-08-26 11:05:05+00:00,2020-08-26T12:05:05+01:00,Context managed transports (#1218),False,1,_client.py,httpx/_client.py,16,2,18,0,0
534400ee42ad9b974a34d3b6b135fd7913561df8,Tom Christie,GitHub,2020-08-26 11:05:05+00:00,2020-08-26T12:05:05+01:00,Context managed transports (#1218),False,1,test_client.py,tests/client/test_client.py,39,0,39,0,0
28c72050e0602481b294231fc9006609763cd612,Tom Christie,GitHub,2020-08-26 13:10:23+00:00,2020-08-26T14:10:23+01:00,Better test case consistency. Prefer `import httpx` and `httpx.Client`. (#1222),False,1,test_url.py,tests/models/test_url.py,18,16,34,0,1
28c72050e0602481b294231fc9006609763cd612,Tom Christie,GitHub,2020-08-26 13:10:23+00:00,2020-08-26T14:10:23+01:00,Better test case consistency. Prefer `import httpx` and `httpx.Client`. (#1222),False,1,test_responses.py,tests/models/test_responses.py,1,2,3,0,0
28c72050e0602481b294231fc9006609763cd612,Tom Christie,GitHub,2020-08-26 13:10:23+00:00,2020-08-26T14:10:23+01:00,Better test case consistency. Prefer `import httpx` and `httpx.Client`. (#1222),False,1,test_queryparams.py,tests/models/test_queryparams.py,26,22,48,0,0
28c72050e0602481b294231fc9006609763cd612,Tom Christie,GitHub,2020-08-26 13:10:23+00:00,2020-08-26T14:10:23+01:00,Better test case consistency. Prefer `import httpx` and `httpx.Client`. (#1222),False,1,test_redirects.py,tests/client/test_redirects.py,145,179,324,0,0
28c72050e0602481b294231fc9006609763cd612,Tom Christie,GitHub,2020-08-26 13:10:23+00:00,2020-08-26T14:10:23+01:00,Better test case consistency. Prefer `import httpx` and `httpx.Client`. (#1222),False,1,test_queryparams.py,tests/client/test_queryparams.py,14,16,30,0,0
28c72050e0602481b294231fc9006609763cd612,Tom Christie,GitHub,2020-08-26 13:10:23+00:00,2020-08-26T14:10:23+01:00,Better test case consistency. Prefer `import httpx` and `httpx.Client`. (#1222),False,1,test_proxies.py,tests/client/test_proxies.py,14,10,24,0,1
28c72050e0602481b294231fc9006609763cd612,Tom Christie,GitHub,2020-08-26 13:10:23+00:00,2020-08-26T14:10:23+01:00,Better test case consistency. Prefer `import httpx` and `httpx.Client`. (#1222),False,1,test_properties.py,tests/client/test_properties.py,16,16,32,0,0
28c72050e0602481b294231fc9006609763cd612,Tom Christie,GitHub,2020-08-26 13:10:23+00:00,2020-08-26T14:10:23+01:00,Better test case consistency. Prefer `import httpx` and `httpx.Client`. (#1222),False,1,test_headers.py,tests/client/test_headers.py,30,36,66,0,0
28c72050e0602481b294231fc9006609763cd612,Tom Christie,GitHub,2020-08-26 13:10:23+00:00,2020-08-26T14:10:23+01:00,Better test case consistency. Prefer `import httpx` and `httpx.Client`. (#1222),False,1,test_cookies.py,tests/client/test_cookies.py,25,32,57,0,1
f5c27ec7f48cf3b7367bdcdfb8f9c2ccf189929b,Florimond Manca,GitHub,2020-08-27 13:57:53+00:00,2020-08-27T14:57:53+01:00,Use and pin black 20 (#1229),False,1,_api.py,httpx/_api.py,1,1,2,0,0
f5c27ec7f48cf3b7367bdcdfb8f9c2ccf189929b,Florimond Manca,GitHub,2020-08-27 13:57:53+00:00,2020-08-27T14:57:53+01:00,Use and pin black 20 (#1229),False,1,_client.py,httpx/_client.py,6,6,12,0,1
f5c27ec7f48cf3b7367bdcdfb8f9c2ccf189929b,Florimond Manca,GitHub,2020-08-27 13:57:53+00:00,2020-08-27T14:57:53+01:00,Use and pin black 20 (#1229),False,1,test_auth.py,tests/client/test_auth.py,1,1,2,0,0
f5c27ec7f48cf3b7367bdcdfb8f9c2ccf189929b,Florimond Manca,GitHub,2020-08-27 13:57:53+00:00,2020-08-27T14:57:53+01:00,Use and pin black 20 (#1229),False,1,test_responses.py,tests/models/test_responses.py,1,1,2,0,0
f5c27ec7f48cf3b7367bdcdfb8f9c2ccf189929b,Florimond Manca,GitHub,2020-08-27 13:57:53+00:00,2020-08-27T14:57:53+01:00,Use and pin black 20 (#1229),False,1,_config.py,httpx/_config.py,1,1,2,0,0
f5c27ec7f48cf3b7367bdcdfb8f9c2ccf189929b,Florimond Manca,GitHub,2020-08-27 13:57:53+00:00,2020-08-27T14:57:53+01:00,Use and pin black 20 (#1229),False,1,test_utils.py,tests/test_utils.py,12,12,24,0,0
aad820992871a4301ba0e1b639f5d8dce24b5146,Eduardo Enriquez,GitHub,2020-08-30 06:01:37+00:00,2020-08-30T08:01:37+02:00,Replace httpx.URL for str in tests (#1237),False,1,test_queryparams.py,tests/client/test_queryparams.py,1,3,4,0,1
aad820992871a4301ba0e1b639f5d8dce24b5146,Eduardo Enriquez,GitHub,2020-08-30 06:01:37+00:00,2020-08-30T08:01:37+02:00,Replace httpx.URL for str in tests (#1237),False,1,test_client.py,tests/client/test_client.py,4,4,8,0,1
aad820992871a4301ba0e1b639f5d8dce24b5146,Eduardo Enriquez,GitHub,2020-08-30 06:01:37+00:00,2020-08-30T08:01:37+02:00,Replace httpx.URL for str in tests (#1237),False,1,test_redirects.py,tests/client/test_redirects.py,18,22,40,0,0
aad820992871a4301ba0e1b639f5d8dce24b5146,Eduardo Enriquez,GitHub,2020-08-30 06:01:37+00:00,2020-08-30T08:01:37+02:00,Replace httpx.URL for str in tests (#1237),False,1,test_properties.py,tests/client/test_properties.py,3,3,6,0,0
fa7661b306037b36b97c3cb5ce007cabc5ad2dab,cdeler,GitHub,2020-08-31 15:02:28+00:00,2020-08-31T18:02:28+03:00,Closing AsyncClient in all tests (#871) (#1219),False,1,test_auth.py,tests/client/test_auth.py,94,80,174,0,1
fa7661b306037b36b97c3cb5ce007cabc5ad2dab,cdeler,GitHub,2020-08-31 15:02:28+00:00,2020-08-31T18:02:28+03:00,Closing AsyncClient in all tests (#871) (#1219),False,1,test_multipart.py,tests/test_multipart.py,59,56,115,0,0
fa7661b306037b36b97c3cb5ce007cabc5ad2dab,cdeler,GitHub,2020-08-31 15:02:28+00:00,2020-08-31T18:02:28+03:00,Closing AsyncClient in all tests (#871) (#1219),False,1,test_asgi.py,tests/test_asgi.py,18,15,33,0,0
33d339a2622cbb6c8670ba07389a842c8c85c616,Tom Christie,GitHub,2020-09-01 13:08:10+00:00,2020-09-01T14:08:10+01:00,Handle multiple auth headers correctly (#1240),False,1,test_auth.py,tests/client/test_auth.py,15,6,21,1,0
33d339a2622cbb6c8670ba07389a842c8c85c616,Tom Christie,GitHub,2020-09-01 13:08:10+00:00,2020-09-01T14:08:10+01:00,Handle multiple auth headers correctly (#1240),False,1,_auth.py,httpx/_auth.py,14,8,22,1,0
e0b4528b170be0835d1ed4ffcafd1141fa9dfc6d,tbascoul,GitHub,2020-09-01 14:14:57+00:00,2020-09-01T15:14:57+01:00,Make the response's request parameter optional (#1238),False,1,test_decoders.py,tests/test_decoders.py,5,7,12,0,0
e0b4528b170be0835d1ed4ffcafd1141fa9dfc6d,tbascoul,GitHub,2020-09-01 14:14:57+00:00,2020-09-01T15:14:57+01:00,Make the response's request parameter optional (#1238),False,1,test_responses.py,tests/models/test_responses.py,77,1,78,0,0
e0b4528b170be0835d1ed4ffcafd1141fa9dfc6d,tbascoul,GitHub,2020-09-01 14:14:57+00:00,2020-09-01T15:14:57+01:00,Make the response's request parameter optional (#1238),False,1,_models.py,httpx/_models.py,76,32,108,0,0
e0b4528b170be0835d1ed4ffcafd1141fa9dfc6d,tbascoul,GitHub,2020-09-01 14:14:57+00:00,2020-09-01T15:14:57+01:00,Make the response's request parameter optional (#1238),False,1,_decoders.py,httpx/_decoders.py,13,26,39,0,0
cf5970336ad1bf14d11a41a7706e726de4a97f1b,Tom Christie,GitHub,2020-09-01 20:41:30+00:00,2020-09-01T22:41:30+02:00,Minor test refactoring (#1242),False,1,test_asgi.py,tests/test_asgi.py,4,13,17,0,0
e39a6d9ef45bdbf148e9d1126cfe427c633be057,Tom Christie,GitHub,2020-09-01 20:44:52+00:00,2020-09-01T22:44:52+02:00,Use sync client in test cases (#1241),False,1,test_multipart.py,tests/test_multipart.py,75,75,150,0,1
46b9282c6e32c6b374009fa65d5dd13b62b1c25a,Stephen Brown II,GitHub,2020-09-02 09:04:47+00:00,2020-09-02T10:04:47+01:00,"Add ""Early Hints"" and ""Too Early"" to Status Codes (#1244)",False,1,_status_codes.py,httpx/_status_codes.py,6,0,6,0,0
de502a44c6f91eddbb1b9ab3ffc581928bbbb3b3,Tom Christie,GitHub,2020-09-02 09:10:32+00:00,2020-09-02T10:10:32+01:00,"Drop Response(..., request=...) style in test cases. (#1243)",False,1,test_responses.py,tests/models/test_responses.py,160,43,203,0,0
de502a44c6f91eddbb1b9ab3ffc581928bbbb3b3,Tom Christie,GitHub,2020-09-02 09:10:32+00:00,2020-09-02T10:10:32+01:00,"Drop Response(..., request=...) style in test cases. (#1243)",False,1,test_decoders.py,tests/test_decoders.py,49,16,65,0,0
ec06ba244e0a59e3152491c7899713222ebd7ac6,Tom Christie,GitHub,2020-09-02 11:17:23+00:00,2020-09-02T12:17:23+01:00,Version 0.14.3 (#1247),False,1,__version__.py,httpx/__version__.py,1,1,2,0,0
def9f1c320fd416c8ab8a5359afa36467ad831ad,cdeler,GitHub,2020-09-02 12:02:59+00:00,2020-09-02T13:02:59+01:00,Issue warning on unclosed `AsyncClient`. (#1197),False,1,test_proxies.py,tests/client/test_proxies.py,4,2,6,1,0
def9f1c320fd416c8ab8a5359afa36467ad831ad,cdeler,GitHub,2020-09-02 12:02:59+00:00,2020-09-02T13:02:59+01:00,Issue warning on unclosed `AsyncClient`. (#1197),False,1,test_client.py,tests/client/test_client.py,26,0,26,1,0
def9f1c320fd416c8ab8a5359afa36467ad831ad,cdeler,GitHub,2020-09-02 12:02:59+00:00,2020-09-02T13:02:59+01:00,Issue warning on unclosed `AsyncClient`. (#1197),False,1,test_async_client.py,tests/client/test_async_client.py,42,0,42,1,0
def9f1c320fd416c8ab8a5359afa36467ad831ad,cdeler,GitHub,2020-09-02 12:02:59+00:00,2020-09-02T13:02:59+01:00,Issue warning on unclosed `AsyncClient`. (#1197),False,1,_client.py,httpx/_client.py,53,16,69,1,0
19b863af408123783d5f9916e71688b32ba558c8,Tom Christie,GitHub,2020-09-02 20:32:48+00:00,2020-09-02T21:32:48+01:00,Header refinements (#1248),False,1,test_requests.py,tests/models/test_requests.py,12,0,12,0,0
19b863af408123783d5f9916e71688b32ba558c8,Tom Christie,GitHub,2020-09-02 20:32:48+00:00,2020-09-02T21:32:48+01:00,Header refinements (#1248),False,1,test_headers.py,tests/client/test_headers.py,22,0,22,0,1
19b863af408123783d5f9916e71688b32ba558c8,Tom Christie,GitHub,2020-09-02 20:32:48+00:00,2020-09-02T21:32:48+01:00,Header refinements (#1248),False,1,_models.py,httpx/_models.py,6,29,35,0,1
19b863af408123783d5f9916e71688b32ba558c8,Tom Christie,GitHub,2020-09-02 20:32:48+00:00,2020-09-02T21:32:48+01:00,Header refinements (#1248),False,1,_client.py,httpx/_client.py,20,7,27,0,0
642aabdac093cf9798f4881cbdd8b39bd3398bb5,Taras Sotnikov,GitHub,2020-09-04 17:22:05+00:00,2020-09-04T18:22:05+01:00,Fix HTTPError doc (#1255),False,1,_exceptions.py,httpx/_exceptions.py,1,1,2,1,0
8fa87650b2ad3f8a07491a9de14caf02ea2e7e1a,Florimond Manca,GitHub,2020-09-04 20:56:36+00:00,2020-09-04T22:56:36+02:00,Drop urllib3 in favor of public gist (#1182),False,1,__init__.py,httpx/__init__.py,0,3,3,0,0
8fa87650b2ad3f8a07491a9de14caf02ea2e7e1a,Florimond Manca,GitHub,2020-09-04 20:56:36+00:00,2020-09-04T22:56:36+02:00,Drop urllib3 in favor of public gist (#1182),False,1,coverage,scripts/coverage,1,1,2,0,1
8fa87650b2ad3f8a07491a9de14caf02ea2e7e1a,Florimond Manca,GitHub,2020-09-04 20:56:36+00:00,2020-09-04T22:56:36+02:00,Drop urllib3 in favor of public gist (#1182),False,1,urllib3.py,httpx/_transports/urllib3.py,0,149,149,0,0
42c66863d0c2c65d9c43e81e76f9af4fad160e11,Tyler Wozniak,GitHub,2020-09-04 21:14:59+00:00,2020-09-04T23:14:59+02:00,Raise a proper type error on invalid URL type (#1259),False,1,test_url.py,tests/models/test_url.py,8,0,8,1,0
42c66863d0c2c65d9c43e81e76f9af4fad160e11,Tyler Wozniak,GitHub,2020-09-04 21:14:59+00:00,2020-09-04T23:14:59+02:00,Raise a proper type error on invalid URL type (#1259),False,1,_models.py,httpx/_models.py,5,1,6,1,0
a783fe57588864c95246cc82d9703ab2d5ff3cb4,Tom Christie,GitHub,2020-09-07 08:06:14+00:00,2020-09-07T09:06:14+01:00,Drop `request.timer` attribute. (#1249),False,1,test_utils.py,tests/test_utils.py,0,13,13,0,1
a783fe57588864c95246cc82d9703ab2d5ff3cb4,Tom Christie,GitHub,2020-09-07 08:06:14+00:00,2020-09-07T09:06:14+01:00,Drop `request.timer` attribute. (#1249),False,1,test_responses.py,tests/models/test_responses.py,0,2,2,0,0
a783fe57588864c95246cc82d9703ab2d5ff3cb4,Tom Christie,GitHub,2020-09-07 08:06:14+00:00,2020-09-07T09:06:14+01:00,Drop `request.timer` attribute. (#1249),False,1,_utils.py,httpx/_utils.py,29,22,51,0,0
a783fe57588864c95246cc82d9703ab2d5ff3cb4,Tom Christie,GitHub,2020-09-07 08:06:14+00:00,2020-09-07T09:06:14+01:00,Drop `request.timer` attribute. (#1249),False,1,_models.py,httpx/_models.py,7,7,14,0,0
a783fe57588864c95246cc82d9703ab2d5ff3cb4,Tom Christie,GitHub,2020-09-07 08:06:14+00:00,2020-09-07T09:06:14+01:00,Drop `request.timer` attribute. (#1249),False,1,_client.py,httpx/_client.py,7,0,7,0,0
15187e7c21e25bd7cc7cc6b0be51b79469a153a7,cdeler,GitHub,2020-09-09 09:01:39+00:00,2020-09-09T10:01:39+01:00,Fixed test_multiple_set_cookie (#1270),False,1,test_cookies.py,tests/models/test_cookies.py,2,2,4,1,0
016e4ee210114bb97e631c0abcdbc462d2751ad5,Florimond Manca,GitHub,2020-09-09 13:37:20+00:00,2020-09-09T14:37:20+01:00,Add support for sync-specific or async-specific auth flows (#1217),False,1,test_auth.py,tests/test_auth.py,63,0,63,0,1
016e4ee210114bb97e631c0abcdbc462d2751ad5,Florimond Manca,GitHub,2020-09-09 13:37:20+00:00,2020-09-09T14:37:20+01:00,Add support for sync-specific or async-specific auth flows (#1217),False,1,test_auth.py,tests/client/test_auth.py,63,0,63,0,0
016e4ee210114bb97e631c0abcdbc462d2751ad5,Florimond Manca,GitHub,2020-09-09 13:37:20+00:00,2020-09-09T14:37:20+01:00,Add support for sync-specific or async-specific auth flows (#1217),False,1,_client.py,httpx/_client.py,8,14,22,0,0
016e4ee210114bb97e631c0abcdbc462d2751ad5,Florimond Manca,GitHub,2020-09-09 13:37:20+00:00,2020-09-09T14:37:20+01:00,Add support for sync-specific or async-specific auth flows (#1217),False,1,_auth.py,httpx/_auth.py,55,0,55,0,0
4d950e5780b3fb7cff16eb05134c2298231968ff,Tom Christie,GitHub,2020-09-10 08:12:05+00:00,2020-09-10T09:12:05+01:00,Swap auth/redirects ordering (#1267),False,1,test_redirects.py,tests/client/test_redirects.py,9,1,10,0,1
4d950e5780b3fb7cff16eb05134c2298231968ff,Tom Christie,GitHub,2020-09-10 08:12:05+00:00,2020-09-10T09:12:05+01:00,Swap auth/redirects ordering (#1267),False,1,_client.py,httpx/_client.py,34,30,64,0,0
ed16eb3a3def7c9a4759fec5f4ada537bd5d1cad,cdeler,GitHub,2020-09-10 09:16:00+00:00,2020-09-10T12:16:00+03:00,Add progress to streaming download (#1268),False,1,test_responses.py,tests/models/test_responses.py,29,0,29,0,0
ed16eb3a3def7c9a4759fec5f4ada537bd5d1cad,cdeler,GitHub,2020-09-10 09:16:00+00:00,2020-09-10T12:16:00+03:00,Add progress to streaming download (#1268),False,1,_models.py,httpx/_models.py,10,0,10,0,0
930f3773e28c9cb7dc496650f54a9c467fb53b5a,Tom Christie,GitHub,2020-09-10 10:44:36+00:00,2020-09-10T12:44:36+02:00,Switch auth/redirect methods to follow flow of execution better (#1273),False,1,_client.py,httpx/_client.py,62,62,124,0,0
6006721c6d85f602e92c76e3c126073ea6cd19da,Tom Christie,GitHub,2020-09-10 14:10:31+00:00,2020-09-10T15:10:31+01:00,Minor decoder refactoring. (#1276),False,1,_models.py,httpx/_models.py,9,8,17,0,0
6006721c6d85f602e92c76e3c126073ea6cd19da,Tom Christie,GitHub,2020-09-10 14:10:31+00:00,2020-09-10T15:10:31+01:00,Minor decoder refactoring. (#1276),False,1,_decoders.py,httpx/_decoders.py,7,7,14,0,0
5ee6135256ad058bad31a1f7efda022c377b88ec,Tom Christie,GitHub,2020-09-11 09:28:18+00:00,2020-09-11T10:28:18+01:00,Support `Response(content=<bytes iterator>)` (#1265),False,1,test_decoders.py,tests/test_decoders.py,4,9,13,0,0
5ee6135256ad058bad31a1f7efda022c377b88ec,Tom Christie,GitHub,2020-09-11 09:28:18+00:00,2020-09-11T10:28:18+01:00,Support `Response(content=<bytes iterator>)` (#1265),False,1,test_content_streams.py,tests/test_content_streams.py,70,1,71,0,0
5ee6135256ad058bad31a1f7efda022c377b88ec,Tom Christie,GitHub,2020-09-11 09:28:18+00:00,2020-09-11T10:28:18+01:00,Support `Response(content=<bytes iterator>)` (#1265),False,1,test_responses.py,tests/models/test_responses.py,11,52,63,0,0
5ee6135256ad058bad31a1f7efda022c377b88ec,Tom Christie,GitHub,2020-09-11 09:28:18+00:00,2020-09-11T10:28:18+01:00,Support `Response(content=<bytes iterator>)` (#1265),False,1,_types.py,httpx/_types.py,2,0,2,0,0
5ee6135256ad058bad31a1f7efda022c377b88ec,Tom Christie,GitHub,2020-09-11 09:28:18+00:00,2020-09-11T10:28:18+01:00,Support `Response(content=<bytes iterator>)` (#1265),False,1,_models.py,httpx/_models.py,7,4,11,0,0
5ee6135256ad058bad31a1f7efda022c377b88ec,Tom Christie,GitHub,2020-09-11 09:28:18+00:00,2020-09-11T10:28:18+01:00,Support `Response(content=<bytes iterator>)` (#1265),False,1,_content_streams.py,httpx/_content_streams.py,18,17,35,0,0
8a5050ea41dffe7ca1b1fc95122504eb89d0471d,Tom Christie,GitHub,2020-09-11 13:37:51+00:00,2020-09-11T14:37:51+01:00,"Refactor to use isinstance(..., typing.Iterator) (#1282)",False,1,_content_streams.py,httpx/_content_streams.py,4,8,12,0,0
c2afd2d9bfc20864f94ab040712960ebc2cda81b,Tom Christie,GitHub,2020-09-12 10:16:10+00:00,2020-09-12T11:16:10+01:00,Refactor tests to use `MockTransport(<handler_function>)` (#1281),False,1,test_multipart.py,tests/test_multipart.py,7,23,30,1,0
c2afd2d9bfc20864f94ab040712960ebc2cda81b,Tom Christie,GitHub,2020-09-12 10:16:10+00:00,2020-09-12T11:16:10+01:00,Refactor tests to use `MockTransport(<handler_function>)` (#1281),False,1,test_cookies.py,tests/client/test_cookies.py,19,43,62,1,0
c2afd2d9bfc20864f94ab040712960ebc2cda81b,Tom Christie,GitHub,2020-09-12 10:16:10+00:00,2020-09-12T11:16:10+01:00,Refactor tests to use `MockTransport(<handler_function>)` (#1281),False,1,test_headers.py,tests/client/test_headers.py,15,29,44,1,0
c2afd2d9bfc20864f94ab040712960ebc2cda81b,Tom Christie,GitHub,2020-09-12 10:16:10+00:00,2020-09-12T11:16:10+01:00,Refactor tests to use `MockTransport(<handler_function>)` (#1281),False,1,utils.py,tests/utils.py,91,0,91,1,0
c2afd2d9bfc20864f94ab040712960ebc2cda81b,Tom Christie,GitHub,2020-09-12 10:16:10+00:00,2020-09-12T11:16:10+01:00,Refactor tests to use `MockTransport(<handler_function>)` (#1281),False,1,test_redirects.py,tests/client/test_redirects.py,167,241,408,1,0
c2afd2d9bfc20864f94ab040712960ebc2cda81b,Tom Christie,GitHub,2020-09-12 10:16:10+00:00,2020-09-12T11:16:10+01:00,Refactor tests to use `MockTransport(<handler_function>)` (#1281),False,1,test_queryparams.py,tests/client/test_queryparams.py,6,19,25,1,0
62c6c1c8ad68556542d7b7a4be9dc6997bad1e01,cdeler,GitHub,2020-09-14 11:16:45+00:00,2020-09-14T12:16:45+01:00,Refactoring of models api (#1284),False,1,_types.py,httpx/_types.py,1,0,1,0,0
62c6c1c8ad68556542d7b7a4be9dc6997bad1e01,cdeler,GitHub,2020-09-14 11:16:45+00:00,2020-09-14T12:16:45+01:00,Refactoring of models api (#1284),False,1,_models.py,httpx/_models.py,4,3,7,0,0
2d6c30d0613535cf1e3e6d40cc7f3eca388ea804,Tom Christie,GitHub,2020-09-14 16:44:05+00:00,2020-09-14T17:44:05+01:00,Refactor test_auth.py to use `MockTransport` class. (#1288),False,1,test_auth.py,tests/client/test_auth.py,100,136,236,0,0
d0fe1139458f5636bcdc1dafd8b5bda5e845731a,Tom Christie,GitHub,2020-09-15 10:20:19+00:00,2020-09-15T11:20:19+01:00,Drop chardet (#1269),False,1,_models.py,httpx/_models.py,16,28,44,0,0
d0fe1139458f5636bcdc1dafd8b5bda5e845731a,Tom Christie,GitHub,2020-09-15 10:20:19+00:00,2020-09-15T11:20:19+01:00,Drop chardet (#1269),False,1,setup.py,setup.py,0,1,1,0,0
d0fe1139458f5636bcdc1dafd8b5bda5e845731a,Tom Christie,GitHub,2020-09-15 10:20:19+00:00,2020-09-15T11:20:19+01:00,Drop chardet (#1269),False,1,_decoders.py,httpx/_decoders.py,41,53,94,0,0
d0fe1139458f5636bcdc1dafd8b5bda5e845731a,Tom Christie,GitHub,2020-09-15 10:20:19+00:00,2020-09-15T11:20:19+01:00,Drop chardet (#1269),False,1,test_responses.py,tests/models/test_responses.py,53,17,70,0,0
d0fe1139458f5636bcdc1dafd8b5bda5e845731a,Tom Christie,GitHub,2020-09-15 10:20:19+00:00,2020-09-15T11:20:19+01:00,Drop chardet (#1269),False,1,test_decoders.py,tests/test_decoders.py,2,10,12,0,0
d0fe1139458f5636bcdc1dafd8b5bda5e845731a,Tom Christie,GitHub,2020-09-15 10:20:19+00:00,2020-09-15T11:20:19+01:00,Drop chardet (#1269),False,1,test_client.py,tests/client/test_client.py,1,1,2,0,0
54f7708e2b8bc9bbd5f4ea9f1e4386b8acbf3811,Tom Christie,GitHub,2020-09-15 11:05:39+00:00,2020-09-15T12:05:39+01:00,Event hooks (#1246),False,1,test_properties.py,tests/client/test_properties.py,9,0,9,0,0
54f7708e2b8bc9bbd5f4ea9f1e4386b8acbf3811,Tom Christie,GitHub,2020-09-15 11:05:39+00:00,2020-09-15T12:05:39+01:00,Event hooks (#1246),False,1,test_event_hooks.py,tests/client/test_event_hooks.py,189,0,189,0,0
54f7708e2b8bc9bbd5f4ea9f1e4386b8acbf3811,Tom Christie,GitHub,2020-09-15 11:05:39+00:00,2020-09-15T12:05:39+01:00,Event hooks (#1246),False,1,_client.py,httpx/_client.py,44,0,44,0,0
feb404f86b46c3d3650fabc090f8a8dbf3afe3ff,Tom Christie,GitHub,2020-09-15 12:36:10+00:00,2020-09-15T13:36:10+01:00,Seperate `content=...` and `data=...` parameters (#1266),False,1,test_client.py,tests/client/test_client.py,3,3,6,0,0
feb404f86b46c3d3650fabc090f8a8dbf3afe3ff,Tom Christie,GitHub,2020-09-15 12:36:10+00:00,2020-09-15T13:36:10+01:00,Seperate `content=...` and `data=...` parameters (#1266),False,1,_api.py,httpx/_api.py,15,2,17,0,0
feb404f86b46c3d3650fabc090f8a8dbf3afe3ff,Tom Christie,GitHub,2020-09-15 12:36:10+00:00,2020-09-15T13:36:10+01:00,Seperate `content=...` and `data=...` parameters (#1266),False,1,_content_streams.py,httpx/_content_streams.py,42,18,60,0,0
feb404f86b46c3d3650fabc090f8a8dbf3afe3ff,Tom Christie,GitHub,2020-09-15 12:36:10+00:00,2020-09-15T13:36:10+01:00,Seperate `content=...` and `data=...` parameters (#1266),False,1,_types.py,httpx/_types.py,2,1,3,0,0
feb404f86b46c3d3650fabc090f8a8dbf3afe3ff,Tom Christie,GitHub,2020-09-15 12:36:10+00:00,2020-09-15T13:36:10+01:00,Seperate `content=...` and `data=...` parameters (#1266),False,1,test_async_client.py,tests/client/test_async_client.py,7,7,14,0,0
feb404f86b46c3d3650fabc090f8a8dbf3afe3ff,Tom Christie,GitHub,2020-09-15 12:36:10+00:00,2020-09-15T13:36:10+01:00,Seperate `content=...` and `data=...` parameters (#1266),False,1,test_redirects.py,tests/client/test_redirects.py,5,5,10,0,0
feb404f86b46c3d3650fabc090f8a8dbf3afe3ff,Tom Christie,GitHub,2020-09-15 12:36:10+00:00,2020-09-15T13:36:10+01:00,Seperate `content=...` and `data=...` parameters (#1266),False,1,_client.py,httpx/_client.py,21,0,21,0,0
feb404f86b46c3d3650fabc090f8a8dbf3afe3ff,Tom Christie,GitHub,2020-09-15 12:36:10+00:00,2020-09-15T13:36:10+01:00,Seperate `content=...` and `data=...` parameters (#1266),False,1,test_api.py,tests/test_api.py,4,4,8,0,1
feb404f86b46c3d3650fabc090f8a8dbf3afe3ff,Tom Christie,GitHub,2020-09-15 12:36:10+00:00,2020-09-15T13:36:10+01:00,Seperate `content=...` and `data=...` parameters (#1266),False,1,test_requests.py,tests/models/test_requests.py,1,1,2,0,0
feb404f86b46c3d3650fabc090f8a8dbf3afe3ff,Tom Christie,GitHub,2020-09-15 12:36:10+00:00,2020-09-15T13:36:10+01:00,Seperate `content=...` and `data=...` parameters (#1266),False,1,utils.py,tests/utils.py,2,2,4,0,0
feb404f86b46c3d3650fabc090f8a8dbf3afe3ff,Tom Christie,GitHub,2020-09-15 12:36:10+00:00,2020-09-15T13:36:10+01:00,Seperate `content=...` and `data=...` parameters (#1266),False,1,test_wsgi.py,tests/test_wsgi.py,2,2,4,0,1
feb404f86b46c3d3650fabc090f8a8dbf3afe3ff,Tom Christie,GitHub,2020-09-15 12:36:10+00:00,2020-09-15T13:36:10+01:00,Seperate `content=...` and `data=...` parameters (#1266),False,1,_models.py,httpx/_models.py,3,1,4,0,0
feb404f86b46c3d3650fabc090f8a8dbf3afe3ff,Tom Christie,GitHub,2020-09-15 12:36:10+00:00,2020-09-15T13:36:10+01:00,Seperate `content=...` and `data=...` parameters (#1266),False,1,test_content_streams.py,tests/test_content_streams.py,29,3,32,0,0
feb404f86b46c3d3650fabc090f8a8dbf3afe3ff,Tom Christie,GitHub,2020-09-15 12:36:10+00:00,2020-09-15T13:36:10+01:00,Seperate `content=...` and `data=...` parameters (#1266),False,1,test_timeouts.py,tests/test_timeouts.py,1,1,2,0,0
feb404f86b46c3d3650fabc090f8a8dbf3afe3ff,Tom Christie,GitHub,2020-09-15 12:36:10+00:00,2020-09-15T13:36:10+01:00,Seperate `content=...` and `data=...` parameters (#1266),False,1,test_asgi.py,tests/test_asgi.py,2,2,4,0,1
09f94edd93fb69ccfdd347c4168ca2e5187a0120,Tom Christie,GitHub,2020-09-17 08:33:36+00:00,2020-09-17T09:33:36+01:00,encode -> encode_request (#1292),False,1,test_multipart.py,tests/test_multipart.py,6,6,12,0,0
09f94edd93fb69ccfdd347c4168ca2e5187a0120,Tom Christie,GitHub,2020-09-17 08:33:36+00:00,2020-09-17T09:33:36+01:00,encode -> encode_request (#1292),False,1,test_content_streams.py,tests/test_content_streams.py,15,15,30,0,0
09f94edd93fb69ccfdd347c4168ca2e5187a0120,Tom Christie,GitHub,2020-09-17 08:33:36+00:00,2020-09-17T09:33:36+01:00,encode -> encode_request (#1292),False,1,_models.py,httpx/_models.py,2,2,4,0,0
09f94edd93fb69ccfdd347c4168ca2e5187a0120,Tom Christie,GitHub,2020-09-17 08:33:36+00:00,2020-09-17T09:33:36+01:00,encode -> encode_request (#1292),False,1,_content_streams.py,httpx/_content_streams.py,1,1,2,0,0
e1f7791e97cf7908b24eafdee70b4aa240609efe,Tom Christie,GitHub,2020-09-17 10:59:42+00:00,2020-09-17T11:59:42+01:00,Requests from transport API (#1293),False,1,_models.py,httpx/_models.py,20,6,26,0,0
e1f7791e97cf7908b24eafdee70b4aa240609efe,Tom Christie,GitHub,2020-09-17 10:59:42+00:00,2020-09-17T11:59:42+01:00,Requests from transport API (#1293),False,1,utils.py,tests/utils.py,3,11,14,0,0
e1f7791e97cf7908b24eafdee70b4aa240609efe,Tom Christie,GitHub,2020-09-17 10:59:42+00:00,2020-09-17T11:59:42+01:00,Requests from transport API (#1293),False,1,_types.py,httpx/_types.py,2,0,2,0,0
fbb21fb1ae78e75c0a5656b4035820c0e586ccc0,Tom Christie,GitHub,2020-09-18 07:41:09+00:00,2020-09-18T08:41:09+01:00,Drop ContentStream (#1295),False,1,_content_streams.py,httpx/_content_streams.py,73,103,176,0,0
fbb21fb1ae78e75c0a5656b4035820c0e586ccc0,Tom Christie,GitHub,2020-09-18 07:41:09+00:00,2020-09-18T08:41:09+01:00,Drop ContentStream (#1295),False,1,_client.py,httpx/_client.py,19,14,33,0,0
fbb21fb1ae78e75c0a5656b4035820c0e586ccc0,Tom Christie,GitHub,2020-09-18 07:41:09+00:00,2020-09-18T08:41:09+01:00,Drop ContentStream (#1295),False,1,test_requests.py,tests/models/test_requests.py,41,1,42,0,0
fbb21fb1ae78e75c0a5656b4035820c0e586ccc0,Tom Christie,GitHub,2020-09-18 07:41:09+00:00,2020-09-18T08:41:09+01:00,Drop ContentStream (#1295),False,1,__init__.py,httpx/__init__.py,0,2,2,0,0
fbb21fb1ae78e75c0a5656b4035820c0e586ccc0,Tom Christie,GitHub,2020-09-18 07:41:09+00:00,2020-09-18T08:41:09+01:00,Drop ContentStream (#1295),False,1,_exceptions.py,httpx/_exceptions.py,7,10,17,0,0
fbb21fb1ae78e75c0a5656b4035820c0e586ccc0,Tom Christie,GitHub,2020-09-18 07:41:09+00:00,2020-09-18T08:41:09+01:00,Drop ContentStream (#1295),False,1,_auth.py,httpx/_auth.py,1,8,9,0,0
fbb21fb1ae78e75c0a5656b4035820c0e586ccc0,Tom Christie,GitHub,2020-09-18 07:41:09+00:00,2020-09-18T08:41:09+01:00,Drop ContentStream (#1295),False,1,_models.py,httpx/_models.py,67,23,90,0,0
fbb21fb1ae78e75c0a5656b4035820c0e586ccc0,Tom Christie,GitHub,2020-09-18 07:41:09+00:00,2020-09-18T08:41:09+01:00,Drop ContentStream (#1295),False,1,test_multipart.py,tests/test_multipart.py,9,16,25,0,0
fbb21fb1ae78e75c0a5656b4035820c0e586ccc0,Tom Christie,GitHub,2020-09-18 07:41:09+00:00,2020-09-18T08:41:09+01:00,Drop ContentStream (#1295),False,1,test_auth.py,tests/client/test_auth.py,3,12,15,0,0
fbb21fb1ae78e75c0a5656b4035820c0e586ccc0,Tom Christie,GitHub,2020-09-18 07:41:09+00:00,2020-09-18T08:41:09+01:00,Drop ContentStream (#1295),False,1,test_redirects.py,tests/client/test_redirects.py,1,1,2,0,0
fbb21fb1ae78e75c0a5656b4035820c0e586ccc0,Tom Christie,GitHub,2020-09-18 07:41:09+00:00,2020-09-18T08:41:09+01:00,Drop ContentStream (#1295),False,1,test_responses.py,tests/models/test_responses.py,87,0,87,0,0
fbb21fb1ae78e75c0a5656b4035820c0e586ccc0,Tom Christie,GitHub,2020-09-18 07:41:09+00:00,2020-09-18T08:41:09+01:00,Drop ContentStream (#1295),False,1,test_content_streams.py,tests/test_content_streams.py,87,76,163,0,0
fbb21fb1ae78e75c0a5656b4035820c0e586ccc0,Tom Christie,GitHub,2020-09-18 07:41:09+00:00,2020-09-18T08:41:09+01:00,Drop ContentStream (#1295),False,1,utils.py,tests/utils.py,16,37,53,0,0
fbb21fb1ae78e75c0a5656b4035820c0e586ccc0,Tom Christie,GitHub,2020-09-18 07:41:09+00:00,2020-09-18T08:41:09+01:00,Drop ContentStream (#1295),False,1,_types.py,httpx/_types.py,5,4,9,0,0
354c4cac1f1796ee4d8861a4c978807398852ad5,Tom Christie,GitHub,2020-09-18 09:50:15+00:00,2020-09-18T10:50:15+01:00,Refactor content streams (#1296),False,1,_content.py,httpx/_content.py,166,0,166,0,0
354c4cac1f1796ee4d8861a4c978807398852ad5,Tom Christie,GitHub,2020-09-18 09:50:15+00:00,2020-09-18T10:50:15+01:00,Refactor content streams (#1296),False,1,_content_streams.py,httpx/_content_streams.py,0,395,395,0,0
354c4cac1f1796ee4d8861a4c978807398852ad5,Tom Christie,GitHub,2020-09-18 09:50:15+00:00,2020-09-18T10:50:15+01:00,Refactor content streams (#1296),False,1,_models.py,httpx/_models.py,1,1,2,0,0
354c4cac1f1796ee4d8861a4c978807398852ad5,Tom Christie,GitHub,2020-09-18 09:50:15+00:00,2020-09-18T10:50:15+01:00,Refactor content streams (#1296),False,1,_multipart.py,httpx/_multipart.py,200,0,200,0,1
354c4cac1f1796ee4d8861a4c978807398852ad5,Tom Christie,GitHub,2020-09-18 09:50:15+00:00,2020-09-18T10:50:15+01:00,Refactor content streams (#1296),False,1,test_content.py,tests/test_content.py,359,0,359,0,1
354c4cac1f1796ee4d8861a4c978807398852ad5,Tom Christie,GitHub,2020-09-18 09:50:15+00:00,2020-09-18T10:50:15+01:00,Refactor content streams (#1296),False,1,test_multipart.py,tests/test_multipart.py,28,16,44,0,1
354c4cac1f1796ee4d8861a4c978807398852ad5,Tom Christie,GitHub,2020-09-18 09:50:15+00:00,2020-09-18T10:50:15+01:00,Refactor content streams (#1296),False,1,_types.py,httpx/_types.py,2,2,4,0,0
354c4cac1f1796ee4d8861a4c978807398852ad5,Tom Christie,GitHub,2020-09-18 09:50:15+00:00,2020-09-18T10:50:15+01:00,Refactor content streams (#1296),False,1,test_content_streams.py,tests/test_content_streams.py,0,359,359,0,0
ed2768268644b3e3b173d4883af434fa29dbb418,Tom Christie,GitHub,2020-09-18 10:50:13+00:00,2020-09-18T11:50:13+01:00,"NetRC lookups should use host, not host+port (#1298)",False,1,_utils.py,httpx/_utils.py,2,4,6,0,0
ed2768268644b3e3b173d4883af434fa29dbb418,Tom Christie,GitHub,2020-09-18 10:50:13+00:00,2020-09-18T11:50:13+01:00,"NetRC lookups should use host, not host+port (#1298)",False,1,_client.py,httpx/_client.py,1,1,2,0,0
d8050ed75346b8c709e8b6a21b64765483a3e17b,Tom Christie,GitHub,2020-09-18 11:00:43+00:00,2020-09-18T12:00:43+01:00,Neater Host header logic on redirects (#1299),False,1,_client.py,httpx/_client.py,4,1,5,0,0
8ee08afe96113de42472a932770002b351c37f66,Tom Christie,GitHub,2020-09-18 13:17:03+00:00,2020-09-18T14:17:03+01:00,Update _client.py (#1300),False,1,_client.py,httpx/_client.py,1,1,2,0,0
f3c29416f12bc580b18f94538abfbc41ac06cce5,Tom Christie,GitHub,2020-09-21 10:19:19+00:00,2020-09-21T11:19:19+01:00,"Support Response(text=...), Response(html=...), Response(json=...) (#1297)",False,1,_models.py,httpx/_models.py,6,3,9,0,0
f3c29416f12bc580b18f94538abfbc41ac06cce5,Tom Christie,GitHub,2020-09-21 10:19:19+00:00,2020-09-21T11:19:19+01:00,"Support Response(text=...), Response(html=...), Response(json=...) (#1297)",False,1,test_auth.py,tests/client/test_auth.py,2,5,7,0,0
f3c29416f12bc580b18f94538abfbc41ac06cce5,Tom Christie,GitHub,2020-09-21 10:19:19+00:00,2020-09-21T11:19:19+01:00,"Support Response(text=...), Response(html=...), Response(json=...) (#1297)",False,1,test_cookies.py,tests/client/test_cookies.py,1,3,4,0,0
f3c29416f12bc580b18f94538abfbc41ac06cce5,Tom Christie,GitHub,2020-09-21 10:19:19+00:00,2020-09-21T11:19:19+01:00,"Support Response(text=...), Response(html=...), Response(json=...) (#1297)",False,1,_content.py,httpx/_content.py,50,16,66,0,1
f3c29416f12bc580b18f94538abfbc41ac06cce5,Tom Christie,GitHub,2020-09-21 10:19:19+00:00,2020-09-21T11:19:19+01:00,"Support Response(text=...), Response(html=...), Response(json=...) (#1297)",False,1,test_queryparams.py,tests/client/test_queryparams.py,1,1,2,0,0
f3c29416f12bc580b18f94538abfbc41ac06cce5,Tom Christie,GitHub,2020-09-21 10:19:19+00:00,2020-09-21T11:19:19+01:00,"Support Response(text=...), Response(html=...), Response(json=...) (#1297)",False,1,test_redirects.py,tests/client/test_redirects.py,12,10,22,0,0
f3c29416f12bc580b18f94538abfbc41ac06cce5,Tom Christie,GitHub,2020-09-21 10:19:19+00:00,2020-09-21T11:19:19+01:00,"Support Response(text=...), Response(html=...), Response(json=...) (#1297)",False,1,test_responses.py,tests/models/test_responses.py,42,0,42,0,1
f3c29416f12bc580b18f94538abfbc41ac06cce5,Tom Christie,GitHub,2020-09-21 10:19:19+00:00,2020-09-21T11:19:19+01:00,"Support Response(text=...), Response(html=...), Response(json=...) (#1297)",False,1,test_headers.py,tests/client/test_headers.py,1,4,5,0,0
8e4a8a1c73f60fe5754f95b308beaa725cb8791d,Tom Christie,GitHub,2020-09-21 10:35:25+00:00,2020-09-21T11:35:25+01:00,Finesse URL properties (#1285),False,1,test_url.py,tests/models/test_url.py,81,6,87,0,1
8e4a8a1c73f60fe5754f95b308beaa725cb8791d,Tom Christie,GitHub,2020-09-21 10:35:25+00:00,2020-09-21T11:35:25+01:00,Finesse URL properties (#1285),False,1,test_requests.py,tests/models/test_requests.py,4,2,6,0,0
8e4a8a1c73f60fe5754f95b308beaa725cb8791d,Tom Christie,GitHub,2020-09-21 10:35:25+00:00,2020-09-21T11:35:25+01:00,Finesse URL properties (#1285),False,1,_models.py,httpx/_models.py,214,41,255,0,0
8e4a8a1c73f60fe5754f95b308beaa725cb8791d,Tom Christie,GitHub,2020-09-21 10:35:25+00:00,2020-09-21T11:35:25+01:00,Finesse URL properties (#1285),False,1,_auth.py,httpx/_auth.py,1,1,2,0,0
f932af9172d15a803ad40061a4c2c0cd891645cf,Tom Christie,GitHub,2020-09-22 10:44:28+00:00,2020-09-22T11:44:28+01:00,Version 0.15.0 (#1301),False,1,setup.py,setup.py,1,1,2,0,0
f932af9172d15a803ad40061a4c2c0cd891645cf,Tom Christie,GitHub,2020-09-22 10:44:28+00:00,2020-09-22T11:44:28+01:00,Version 0.15.0 (#1301),False,1,__init__.py,httpx/__init__.py,1,2,3,0,0
f932af9172d15a803ad40061a4c2c0cd891645cf,Tom Christie,GitHub,2020-09-22 10:44:28+00:00,2020-09-22T11:44:28+01:00,Version 0.15.0 (#1301),False,1,__version__.py,httpx/__version__.py,1,1,2,0,0
f932af9172d15a803ad40061a4c2c0cd891645cf,Tom Christie,GitHub,2020-09-22 10:44:28+00:00,2020-09-22T11:44:28+01:00,Version 0.15.0 (#1301),False,1,_client.py,httpx/_client.py,6,18,24,0,1
f932af9172d15a803ad40061a4c2c0cd891645cf,Tom Christie,GitHub,2020-09-22 10:44:28+00:00,2020-09-22T11:44:28+01:00,Version 0.15.0 (#1301),False,1,_config.py,httpx/_config.py,3,62,65,0,0
f932af9172d15a803ad40061a4c2c0cd891645cf,Tom Christie,GitHub,2020-09-22 10:44:28+00:00,2020-09-22T11:44:28+01:00,Version 0.15.0 (#1301),False,1,asgi.py,httpx/_transports/asgi.py,6,5,11,0,1
f932af9172d15a803ad40061a4c2c0cd891645cf,Tom Christie,GitHub,2020-09-22 10:44:28+00:00,2020-09-22T11:44:28+01:00,Version 0.15.0 (#1301),False,1,test_auth.py,tests/client/test_auth.py,28,32,60,0,1
f932af9172d15a803ad40061a4c2c0cd891645cf,Tom Christie,GitHub,2020-09-22 10:44:28+00:00,2020-09-22T11:44:28+01:00,Version 0.15.0 (#1301),False,1,_models.py,httpx/_models.py,7,22,29,0,1
f932af9172d15a803ad40061a4c2c0cd891645cf,Tom Christie,GitHub,2020-09-22 10:44:28+00:00,2020-09-22T11:44:28+01:00,Version 0.15.0 (#1301),False,1,test_event_hooks.py,tests/client/test_event_hooks.py,4,4,8,0,0
f932af9172d15a803ad40061a4c2c0cd891645cf,Tom Christie,GitHub,2020-09-22 10:44:28+00:00,2020-09-22T11:44:28+01:00,Version 0.15.0 (#1301),False,1,test_client.py,tests/client/test_client.py,0,2,2,0,0
f932af9172d15a803ad40061a4c2c0cd891645cf,Tom Christie,GitHub,2020-09-22 10:44:28+00:00,2020-09-22T11:44:28+01:00,Version 0.15.0 (#1301),False,1,utils.py,tests/utils.py,9,16,25,0,0
f932af9172d15a803ad40061a4c2c0cd891645cf,Tom Christie,GitHub,2020-09-22 10:44:28+00:00,2020-09-22T11:44:28+01:00,Version 0.15.0 (#1301),False,1,test_timeouts.py,tests/test_timeouts.py,0,14,14,0,0
f932af9172d15a803ad40061a4c2c0cd891645cf,Tom Christie,GitHub,2020-09-22 10:44:28+00:00,2020-09-22T11:44:28+01:00,Version 0.15.0 (#1301),False,1,test_config.py,tests/test_config.py,2,13,15,0,0
f932af9172d15a803ad40061a4c2c0cd891645cf,Tom Christie,GitHub,2020-09-22 10:44:28+00:00,2020-09-22T11:44:28+01:00,Version 0.15.0 (#1301),False,1,wsgi.py,httpx/_transports/wsgi.py,4,7,11,0,0
f932af9172d15a803ad40061a4c2c0cd891645cf,Tom Christie,GitHub,2020-09-22 10:44:28+00:00,2020-09-22T11:44:28+01:00,Version 0.15.0 (#1301),False,1,test_headers.py,tests/models/test_headers.py,0,3,3,0,0
f932af9172d15a803ad40061a4c2c0cd891645cf,Tom Christie,GitHub,2020-09-22 10:44:28+00:00,2020-09-22T11:44:28+01:00,Version 0.15.0 (#1301),False,1,test_redirects.py,tests/client/test_redirects.py,3,3,6,0,0
f932af9172d15a803ad40061a4c2c0cd891645cf,Tom Christie,GitHub,2020-09-22 10:44:28+00:00,2020-09-22T11:44:28+01:00,Version 0.15.0 (#1301),False,1,test_queryparams.py,tests/models/test_queryparams.py,0,3,3,0,0
e53f995994d835735f757f63cc763ef641ff8cbc,Tom Christie,GitHub,2020-09-23 08:37:19+00:00,2020-09-23T09:37:19+01:00,Fix ASGITransport path escaping (#1307),False,1,test_asgi.py,tests/test_asgi.py,21,0,21,1,0
e53f995994d835735f757f63cc763ef641ff8cbc,Tom Christie,GitHub,2020-09-23 08:37:19+00:00,2020-09-23T09:37:19+01:00,Fix ASGITransport path escaping (#1307),False,1,asgi.py,httpx/_transports/asgi.py,2,1,3,1,0
27e67b32e940429f04f37ddd5be8b7a4fe4fbb19,Tom Christie,GitHub,2020-09-23 09:12:50+00:00,2020-09-23T11:12:50+02:00,Version 0.15.1 (#1308),False,1,__version__.py,httpx/__version__.py,1,1,2,0,0
d25f2bfeff35bc1d35959a06e84e33484f3a257a,Tom Christie,GitHub,2020-09-23 10:25:54+00:00,2020-09-23T11:25:54+01:00,Fix stream unsetting auth (#1312),False,1,test_auth.py,tests/client/test_auth.py,17,0,17,1,1
d25f2bfeff35bc1d35959a06e84e33484f3a257a,Tom Christie,GitHub,2020-09-23 10:25:54+00:00,2020-09-23T11:25:54+01:00,Fix stream unsetting auth (#1312),False,1,_client.py,httpx/_client.py,2,2,4,1,1
befa57c6f9f9fd0489a5ed738c1280f23a4c6bb7,Tom Christie,GitHub,2020-09-23 10:26:12+00:00,2020-09-23T11:26:12+01:00,Fix response.elapsed (#1313),False,1,_client.py,httpx/_client.py,2,2,4,1,0
8ceb34f48672f89de2458df371e2624659e2c24f,Tom Christie,GitHub,2020-09-23 10:28:22+00:00,2020-09-23T11:28:22+01:00,Version 0.15.2 (#1314),False,1,__version__.py,httpx/__version__.py,1,1,2,0,0
78afd08e0fc198d05f95728011d1bc7c0c213b30,daa,GitHub,2020-09-24 07:42:26+00:00,2020-09-24T09:42:26+02:00,Properly close stream on async response close (#1316),False,1,_client.py,httpx/_client.py,1,1,2,0,0
24da8d40ff126c903d78547a5e045306ab620374,Florimond Manca,GitHub,2020-09-24 09:39:02+00:00,2020-09-24T11:39:02+02:00,Release 0.15.3 (#1318),False,1,__version__.py,httpx/__version__.py,1,1,2,0,0
ac7704e78c55d6253bbcf81874b7777c1dd5dfca,Johannes,GitHub,2020-09-24 10:08:07+00:00,2020-09-24T11:08:07+01:00,Remove seed-isort-config (#1321),False,1,lint,scripts/lint,0,1,1,0,0
320bfe1d0e2428561b392537c750543f13c4a8e5,Tom Christie,GitHub,2020-09-24 16:50:30+00:00,2020-09-24T18:50:30+02:00,Fix warning test case (#1322),False,1,test_auth.py,tests/client/test_auth.py,1,1,2,1,0
666cbbdfe8259e7b6363a2eec5df8ab60e7b6003,Tom Christie,GitHub,2020-09-25 10:29:17+00:00,2020-09-25T11:29:17+01:00,Fix automatic .read() when Response instances are created with content=<str> (#1324),False,1,test_responses.py,tests/models/test_responses.py,13,0,13,1,0
666cbbdfe8259e7b6363a2eec5df8ab60e7b6003,Tom Christie,GitHub,2020-09-25 10:29:17+00:00,2020-09-25T11:29:17+01:00,Fix automatic .read() when Response instances are created with content=<str> (#1324),False,1,_models.py,httpx/_models.py,1,1,2,1,0
815ef94ed93a6fd1099074511724ff7b891752b3,Musale Martin,GitHub,2020-09-25 11:28:34+00:00,2020-09-25T12:28:34+01:00,Support header comparisons with dict or list. (#1326),False,1,test_responses.py,tests/models/test_responses.py,15,25,40,0,0
815ef94ed93a6fd1099074511724ff7b891752b3,Musale Martin,GitHub,2020-09-25 11:28:34+00:00,2020-09-25T12:28:34+01:00,Support header comparisons with dict or list. (#1326),False,1,test_requests.py,tests/models/test_requests.py,8,16,24,0,0
815ef94ed93a6fd1099074511724ff7b891752b3,Musale Martin,GitHub,2020-09-25 11:28:34+00:00,2020-09-25T12:28:34+01:00,Support header comparisons with dict or list. (#1326),False,1,test_headers.py,tests/models/test_headers.py,4,2,6,0,0
815ef94ed93a6fd1099074511724ff7b891752b3,Musale Martin,GitHub,2020-09-25 11:28:34+00:00,2020-09-25T12:28:34+01:00,Support header comparisons with dict or list. (#1326),False,1,_models.py,httpx/_models.py,4,2,6,0,0
a7a76fbb12479fa82e718322e43fc511dec0eb21,Tom Christie,GitHub,2020-09-25 11:34:52+00:00,2020-09-25T12:34:52+01:00,Version 0.15.4 (#1327),False,1,__version__.py,httpx/__version__.py,1,1,2,0,0
32d37cfdf1697f0dbacbc2233ee34606369be87b,Johannes,GitHub,2020-09-27 20:15:04+00:00,2020-09-27T22:15:04+02:00,Small namedtuple refactor (#1329),False,1,_auth.py,httpx/_auth.py,9,17,26,0,0
3f51392bea87eb983a7e91202240b827f5e7db3d,Tom Christie,GitHub,2020-10-01 12:52:03+00:00,2020-10-01T13:52:03+01:00,Add `response.next_request` (#1334),False,1,test_redirects.py,tests/client/test_redirects.py,14,0,14,0,0
3f51392bea87eb983a7e91202240b827f5e7db3d,Tom Christie,GitHub,2020-10-01 12:52:03+00:00,2020-10-01T13:52:03+01:00,Add `response.next_request` (#1334),False,1,_models.py,httpx/_models.py,4,0,4,0,0
3f51392bea87eb983a7e91202240b827f5e7db3d,Tom Christie,GitHub,2020-10-01 12:52:03+00:00,2020-10-01T13:52:03+01:00,Add `response.next_request` (#1334),False,1,_client.py,httpx/_client.py,2,0,2,0,0
c9354282ba60a857f959e5fe60cdf2b74cdbd294,Tom Christie,GitHub,2020-10-01 12:57:08+00:00,2020-10-01T13:57:08+01:00,Version 0.15.5 (#1335),False,1,__version__.py,httpx/__version__.py,1,1,2,0,0
4b8774041d8d509a70c5636f3c9835d333943234,Changsheng,GitHub,2020-10-02 15:34:57+00:00,2020-10-02T16:34:57+01:00,"Allow covariants of __enter__, __aenter__, and @classmethod (#1336)",False,1,_client.py,httpx/_client.py,8,2,10,0,0
a3eb0f99dc112fb5b09c7d6fdb9d211f96a6e3c1,Michael K,GitHub,2020-10-06 12:12:52+00:00,2020-10-06T13:12:52+01:00,Run tests against Python 3.9 and add trove classifier (#1342),False,1,setup.py,setup.py,1,0,1,0,0
2a2bbe58a6dee4302d94a8eae07559f240012edb,Tom Christie,GitHub,2020-10-06 12:38:05+00:00,2020-10-06T13:38:05+01:00,Tighten client closed-state behaviour (#1346),False,1,test_client.py,tests/client/test_client.py,16,13,29,0,0
2a2bbe58a6dee4302d94a8eae07559f240012edb,Tom Christie,GitHub,2020-10-06 12:38:05+00:00,2020-10-06T13:38:05+01:00,Tighten client closed-state behaviour (#1346),False,1,test_async_client.py,tests/client/test_async_client.py,19,22,41,0,0
2a2bbe58a6dee4302d94a8eae07559f240012edb,Tom Christie,GitHub,2020-10-06 12:38:05+00:00,2020-10-06T13:38:05+01:00,Tighten client closed-state behaviour (#1346),False,1,_client.py,httpx/_client.py,35,23,58,0,0
0eed6a37340ba9d073da69574409be0d817ecae7,Tom Christie,GitHub,2020-10-06 13:53:07+00:00,2020-10-06T14:53:07+01:00,Drop `.next()`/`.anext()` in favour of `response.next_request` (#1339),False,1,test_redirects.py,tests/client/test_redirects.py,12,43,55,0,0
0eed6a37340ba9d073da69574409be0d817ecae7,Tom Christie,GitHub,2020-10-06 13:53:07+00:00,2020-10-06T14:53:07+01:00,Drop `.next()`/`.anext()` in favour of `response.next_request` (#1339),False,1,test_client.py,tests/client/test_client.py,0,3,3,0,0
0eed6a37340ba9d073da69574409be0d817ecae7,Tom Christie,GitHub,2020-10-06 13:53:07+00:00,2020-10-06T14:53:07+01:00,Drop `.next()`/`.anext()` in favour of `response.next_request` (#1339),False,1,test_async_client.py,tests/client/test_async_client.py,0,3,3,0,0
0eed6a37340ba9d073da69574409be0d817ecae7,Tom Christie,GitHub,2020-10-06 13:53:07+00:00,2020-10-06T14:53:07+01:00,Drop `.next()`/`.anext()` in favour of `response.next_request` (#1339),False,1,_models.py,httpx/_models.py,0,26,26,0,0
0eed6a37340ba9d073da69574409be0d817ecae7,Tom Christie,GitHub,2020-10-06 13:53:07+00:00,2020-10-06T14:53:07+01:00,Drop `.next()`/`.anext()` in favour of `response.next_request` (#1339),False,1,_exceptions.py,httpx/_exceptions.py,0,13,13,0,0
0eed6a37340ba9d073da69574409be0d817ecae7,Tom Christie,GitHub,2020-10-06 13:53:07+00:00,2020-10-06T14:53:07+01:00,Drop `.next()`/`.anext()` in favour of `response.next_request` (#1339),False,1,_client.py,httpx/_client.py,0,15,15,0,1
0eed6a37340ba9d073da69574409be0d817ecae7,Tom Christie,GitHub,2020-10-06 13:53:07+00:00,2020-10-06T14:53:07+01:00,Drop `.next()`/`.anext()` in favour of `response.next_request` (#1339),False,1,__init__.py,httpx/__init__.py,0,2,2,0,0
c725387b2deee4035bab43c564df0bbccaf99c52,Tom Christie,GitHub,2020-10-06 13:57:10+00:00,2020-10-06T14:57:10+01:00,Preserve header casing (#1338),False,1,test_client.py,tests/client/test_client.py,29,0,29,0,0
c725387b2deee4035bab43c564df0bbccaf99c52,Tom Christie,GitHub,2020-10-06 13:57:10+00:00,2020-10-06T14:57:10+01:00,Preserve header casing (#1338),False,1,_utils.py,httpx/_utils.py,8,3,11,0,1
c725387b2deee4035bab43c564df0bbccaf99c52,Tom Christie,GitHub,2020-10-06 13:57:10+00:00,2020-10-06T14:57:10+01:00,Preserve header casing (#1338),False,1,_models.py,httpx/_models.py,60,45,105,0,1
dbbcf438cd4e07d75b976350042f4042cadf9524,Tom Christie,GitHub,2020-10-06 14:29:40+00:00,2020-10-06T15:29:40+01:00,Version 0.16 (#1347),False,1,setup.py,setup.py,1,1,2,0,0
dbbcf438cd4e07d75b976350042f4042cadf9524,Tom Christie,GitHub,2020-10-06 14:29:40+00:00,2020-10-06T15:29:40+01:00,Version 0.16 (#1347),False,1,__version__.py,httpx/__version__.py,1,1,2,0,0
7fda99fcefcd0301fab3e5268919ad463352d4c6,cdeler,GitHub,2020-10-08 08:37:13+00:00,2020-10-08T11:37:13+03:00,Correctly handle ipv6 addresses as a part of URL (#1349),False,1,test_url.py,tests/models/test_url.py,34,0,34,1,1
7fda99fcefcd0301fab3e5268919ad463352d4c6,cdeler,GitHub,2020-10-08 08:37:13+00:00,2020-10-08T11:37:13+03:00,Correctly handle ipv6 addresses as a part of URL (#1349),False,1,_models.py,httpx/_models.py,20,1,21,1,1
0123bca3354fffcad08f7bbf7662982969b1ac63,Tom Christie,GitHub,2020-10-08 11:04:10+00:00,2020-10-08T12:04:10+01:00,Force lowercase ASGI headers (#1351),False,1,test_asgi.py,tests/test_asgi.py,28,0,28,0,0
0123bca3354fffcad08f7bbf7662982969b1ac63,Tom Christie,GitHub,2020-10-08 11:04:10+00:00,2020-10-08T12:04:10+01:00,Force lowercase ASGI headers (#1351),False,1,asgi.py,httpx/_transports/asgi.py,1,1,2,0,0
72a1f2c759d71f9f7b24e2c933640d58d2c78a5b,cdeler,GitHub,2020-10-08 12:05:30+00:00,2020-10-08T13:05:30+01:00,Replacing pytest-cov by coverage (#1353),False,1,test,scripts/test,1,1,2,0,0
92ca4d0cc654859fc2257c492e55d8752370d427,Tom Christie,GitHub,2020-10-08 12:14:15+00:00,2020-10-08T13:14:15+01:00,Version 0.16.1 (#1354),False,1,__version__.py,httpx/__version__.py,1,1,2,0,0
ca5f524943cb6266b42c235bcf45b2c0877a1b35,Simon Willison,GitHub,2020-10-09 15:46:26+00:00,2020-10-09T16:46:26+01:00,Add raw_path to scope in ASGITransport (#1357),False,1,test_asgi.py,tests/test_asgi.py,19,0,19,0,0
ca5f524943cb6266b42c235bcf45b2c0877a1b35,Simon Willison,GitHub,2020-10-09 15:46:26+00:00,2020-10-09T16:46:26+01:00,Add raw_path to scope in ASGITransport (#1357),False,1,asgi.py,httpx/_transports/asgi.py,1,0,1,0,0
07229b8dff61d3e9d819244d4835f547cae67b4d,Tom Christie,GitHub,2020-10-14 06:38:53+00:00,2020-10-14T08:38:53+02:00,Close AsyncClient properly in test_async_next_request (#1361),False,1,test_redirects.py,tests/client/test_redirects.py,11,11,22,0,0
2f54548dad4e682ee2652b4475014637299c5b82,Florimond Manca,GitHub,2020-10-24 21:25:31+00:00,2020-10-24T23:25:31+02:00,"Drop unecessary host=""localhost"" in https_server fixture to fix CI build (#1367)",False,1,conftest.py,tests/conftest.py,0,1,1,0,0
589c6e0f2f4f3821095bfc247417aa98a5dad838,plotski,GitHub,2020-11-05 10:46:22+00:00,2020-11-05T10:46:22Z,Include invalid name/value when raising TypeError in DataField (#1368),False,1,_models.py,httpx/_models.py,1,1,2,1,0
589c6e0f2f4f3821095bfc247417aa98a5dad838,plotski,GitHub,2020-11-05 10:46:22+00:00,2020-11-05T10:46:22Z,Include invalid name/value when raising TypeError in DataField (#1368),False,1,_client.py,httpx/_client.py,1,1,2,1,0
589c6e0f2f4f3821095bfc247417aa98a5dad838,plotski,GitHub,2020-11-05 10:46:22+00:00,2020-11-05T10:46:22Z,Include invalid name/value when raising TypeError in DataField (#1368),False,1,test_multipart.py,tests/test_multipart.py,1,0,1,1,0
589c6e0f2f4f3821095bfc247417aa98a5dad838,plotski,GitHub,2020-11-05 10:46:22+00:00,2020-11-05T10:46:22Z,Include invalid name/value when raising TypeError in DataField (#1368),False,1,_multipart.py,httpx/_multipart.py,6,2,8,1,1
16f41a2baa6339748c86390b3223302a4a3ff033,Tom Christie,GitHub,2020-11-13 12:38:03+00:00,2020-11-13T12:38:03Z,Drop NBSP characters (#1389),False,1,_status_codes.py,httpx/_status_codes.py,1,1,2,0,0
16f41a2baa6339748c86390b3223302a4a3ff033,Tom Christie,GitHub,2020-11-13 12:38:03+00:00,2020-11-13T12:38:03Z,Drop NBSP characters (#1389),False,1,_models.py,httpx/_models.py,1,1,2,0,0
2961f267fdcd84539defeb006a07a56b94f15dba,Tom Christie,GitHub,2020-11-16 09:39:51+00:00,2020-11-16T09:39:51Z,WSGI 'PATH_INFO' should be URL unquoted (#1391),False,1,wsgi.py,httpx/_transports/wsgi.py,2,1,3,0,1
c4d2e6fa2872e9f035e5369d25e94aec8886b18e,Tom Christie,GitHub,2020-11-24 10:35:51+00:00,2020-11-24T10:35:51Z,Add support for Mount API (#1362),False,1,test_proxies.py,tests/client/test_proxies.py,3,3,6,0,0
c4d2e6fa2872e9f035e5369d25e94aec8886b18e,Tom Christie,GitHub,2020-11-24 10:35:51+00:00,2020-11-24T10:35:51Z,Add support for Mount API (#1362),False,1,test_client.py,tests/client/test_client.py,75,8,83,0,0
c4d2e6fa2872e9f035e5369d25e94aec8886b18e,Tom Christie,GitHub,2020-11-24 10:35:51+00:00,2020-11-24T10:35:51Z,Add support for Mount API (#1362),False,1,test_async_client.py,tests/client/test_async_client.py,68,8,76,0,0
c4d2e6fa2872e9f035e5369d25e94aec8886b18e,Tom Christie,GitHub,2020-11-24 10:35:51+00:00,2020-11-24T10:35:51Z,Add support for Mount API (#1362),False,1,_client.py,httpx/_client.py,33,22,55,0,0
27df5e49c7a97a17f68862a3fa901c11e30a4b5a,Tom Christie,GitHub,2020-11-25 15:28:06+00:00,2020-11-25T15:28:06Z,Support for `chunk_size` (#1277),False,1,test_decoders.py,tests/test_decoders.py,46,0,46,0,0
27df5e49c7a97a17f68862a3fa901c11e30a4b5a,Tom Christie,GitHub,2020-11-25 15:28:06+00:00,2020-11-25T15:28:06Z,Support for `chunk_size` (#1277),False,1,test_responses.py,tests/models/test_responses.py,94,4,98,0,0
27df5e49c7a97a17f68862a3fa901c11e30a4b5a,Tom Christie,GitHub,2020-11-25 15:28:06+00:00,2020-11-25T15:28:06Z,Support for `chunk_size` (#1277),False,1,_models.py,httpx/_models.py,76,28,104,0,0
27df5e49c7a97a17f68862a3fa901c11e30a4b5a,Tom Christie,GitHub,2020-11-25 15:28:06+00:00,2020-11-25T15:28:06Z,Support for `chunk_size` (#1277),False,1,_decoders.py,httpx/_decoders.py,79,0,79,0,0
d0835da230892bfa7ef42a5aed9dba8122a4359e,Tom Christie,GitHub,2020-11-25 15:32:37+00:00,2020-11-25T15:32:37Z,Add keepalive_expiry to Limits config (#1398),False,1,_client.py,httpx/_client.py,4,5,9,0,0
d0835da230892bfa7ef42a5aed9dba8122a4359e,Tom Christie,GitHub,2020-11-25 15:32:37+00:00,2020-11-25T15:32:37Z,Add keepalive_expiry to Limits config (#1398),False,1,test_config.py,tests/test_config.py,2,1,3,0,0
d0835da230892bfa7ef42a5aed9dba8122a4359e,Tom Christie,GitHub,2020-11-25 15:32:37+00:00,2020-11-25T15:32:37Z,Add keepalive_expiry to Limits config (#1398),False,1,_config.py,httpx/_config.py,5,1,6,0,1
9005bd5df6019580c696788b769ba0faeb9053e5,Florimond Manca,GitHub,2020-12-02 13:01:11+00:00,2020-12-02T13:01:11Z,Properly encoded slashes when using `base_url` (#1407),False,1,test_client.py,tests/client/test_client.py,10,0,10,0,0
9005bd5df6019580c696788b769ba0faeb9053e5,Florimond Manca,GitHub,2020-12-02 13:01:11+00:00,2020-12-02T13:01:11Z,Properly encoded slashes when using `base_url` (#1407),False,1,_client.py,httpx/_client.py,3,3,6,0,0
28cbe77676e17045c762167bd7a5aa4d2f916dc4,Andrés Álvarez,GitHub,2020-12-03 21:06:42+00:00,2020-12-03T22:06:42+01:00,Add repr to Cookies for displaying available cookies (#1411),False,1,test_cookies.py,tests/models/test_cookies.py,11,0,11,0,1
28cbe77676e17045c762167bd7a5aa4d2f916dc4,Andrés Álvarez,GitHub,2020-12-03 21:06:42+00:00,2020-12-03T22:06:42+01:00,Add repr to Cookies for displaying available cookies (#1411),False,1,_models.py,httpx/_models.py,10,0,10,0,0
86964054d60da7796c65e501ba021440b14cc36c,SarunasAzna,GitHub,2020-12-12 17:38:37+00:00,2020-12-12T18:38:37+01:00,Allow tuple as input of query parameters. (#1426),False,1,test_queryparams.py,tests/models/test_queryparams.py,2,0,2,0,0
86964054d60da7796c65e501ba021440b14cc36c,SarunasAzna,GitHub,2020-12-12 17:38:37+00:00,2020-12-12T18:38:37+01:00,Allow tuple as input of query parameters. (#1426),False,1,_types.py,httpx/_types.py,1,0,1,0,1
86964054d60da7796c65e501ba021440b14cc36c,SarunasAzna,GitHub,2020-12-12 17:38:37+00:00,2020-12-12T18:38:37+01:00,Allow tuple as input of query parameters. (#1426),False,1,_models.py,httpx/_models.py,1,1,2,0,1
86964054d60da7796c65e501ba021440b14cc36c,SarunasAzna,GitHub,2020-12-12 17:38:37+00:00,2020-12-12T18:38:37+01:00,Allow tuple as input of query parameters. (#1426),False,1,_client.py,httpx/_client.py,2,2,4,0,0
86964054d60da7796c65e501ba021440b14cc36c,SarunasAzna,GitHub,2020-12-12 17:38:37+00:00,2020-12-12T18:38:37+01:00,Allow tuple as input of query parameters. (#1426),False,1,_api.py,httpx/_api.py,1,1,2,0,0
9c7c2ace99ce6732377e18d35bcdca1a8f1d37e4,Tom Christie,GitHub,2021-01-06 11:04:26+00:00,2021-01-06T11:04:26Z,Add `httpx.MockTransport()` (#1401),False,1,__init__.py,httpx/__init__.py,2,0,2,0,0
9c7c2ace99ce6732377e18d35bcdca1a8f1d37e4,Tom Christie,GitHub,2021-01-06 11:04:26+00:00,2021-01-06T11:04:26Z,Add `httpx.MockTransport()` (#1401),False,1,mock.py,httpx/_transports/mock.py,56,0,56,0,1
9c7c2ace99ce6732377e18d35bcdca1a8f1d37e4,Tom Christie,GitHub,2021-01-06 11:04:26+00:00,2021-01-06T11:04:26Z,Add `httpx.MockTransport()` (#1401),False,1,test_async_client.py,tests/client/test_async_client.py,5,6,11,0,1
9c7c2ace99ce6732377e18d35bcdca1a8f1d37e4,Tom Christie,GitHub,2021-01-06 11:04:26+00:00,2021-01-06T11:04:26Z,Add `httpx.MockTransport()` (#1401),False,1,test_auth.py,tests/client/test_auth.py,39,34,73,0,0
9c7c2ace99ce6732377e18d35bcdca1a8f1d37e4,Tom Christie,GitHub,2021-01-06 11:04:26+00:00,2021-01-06T11:04:26Z,Add `httpx.MockTransport()` (#1401),False,1,test_cookies.py,tests/client/test_cookies.py,6,7,13,0,0
9c7c2ace99ce6732377e18d35bcdca1a8f1d37e4,Tom Christie,GitHub,2021-01-06 11:04:26+00:00,2021-01-06T11:04:26Z,Add `httpx.MockTransport()` (#1401),False,1,test_client.py,tests/client/test_client.py,8,7,15,0,1
9c7c2ace99ce6732377e18d35bcdca1a8f1d37e4,Tom Christie,GitHub,2021-01-06 11:04:26+00:00,2021-01-06T11:04:26Z,Add `httpx.MockTransport()` (#1401),False,1,test_headers.py,tests/client/test_headers.py,11,8,19,0,1
9c7c2ace99ce6732377e18d35bcdca1a8f1d37e4,Tom Christie,GitHub,2021-01-06 11:04:26+00:00,2021-01-06T11:04:26Z,Add `httpx.MockTransport()` (#1401),False,1,utils.py,tests/utils.py,0,55,55,0,0
9c7c2ace99ce6732377e18d35bcdca1a8f1d37e4,Tom Christie,GitHub,2021-01-06 11:04:26+00:00,2021-01-06T11:04:26Z,Add `httpx.MockTransport()` (#1401),False,1,test_multipart.py,tests/test_multipart.py,4,5,9,0,1
9c7c2ace99ce6732377e18d35bcdca1a8f1d37e4,Tom Christie,GitHub,2021-01-06 11:04:26+00:00,2021-01-06T11:04:26Z,Add `httpx.MockTransport()` (#1401),False,1,test_event_hooks.py,tests/client/test_event_hooks.py,12,7,19,0,0
9c7c2ace99ce6732377e18d35bcdca1a8f1d37e4,Tom Christie,GitHub,2021-01-06 11:04:26+00:00,2021-01-06T11:04:26Z,Add `httpx.MockTransport()` (#1401),False,1,test_queryparams.py,tests/client/test_queryparams.py,1,2,3,0,0
9c7c2ace99ce6732377e18d35bcdca1a8f1d37e4,Tom Christie,GitHub,2021-01-06 11:04:26+00:00,2021-01-06T11:04:26Z,Add `httpx.MockTransport()` (#1401),False,1,test_redirects.py,tests/client/test_redirects.py,25,26,51,0,0
89fb0cbc69ea07b123dd7b36dc1ed9151c5d398f,Tom Christie,GitHub,2021-01-08 10:23:56+00:00,2021-01-08T10:23:56Z,Add `HTTPTransport` and `AsyncHTTPTransport` (#1399),False,1,test_proxies.py,tests/client/test_proxies.py,7,5,12,0,0
89fb0cbc69ea07b123dd7b36dc1ed9151c5d398f,Tom Christie,GitHub,2021-01-08 10:23:56+00:00,2021-01-08T10:23:56Z,Add `HTTPTransport` and `AsyncHTTPTransport` (#1399),False,1,default.py,httpx/_transports/default.py,174,0,174,0,0
89fb0cbc69ea07b123dd7b36dc1ed9151c5d398f,Tom Christie,GitHub,2021-01-08 10:23:56+00:00,2021-01-08T10:23:56Z,Add `HTTPTransport` and `AsyncHTTPTransport` (#1399),False,1,_client.py,httpx/_client.py,17,37,54,0,0
89fb0cbc69ea07b123dd7b36dc1ed9151c5d398f,Tom Christie,GitHub,2021-01-08 10:23:56+00:00,2021-01-08T10:23:56Z,Add `HTTPTransport` and `AsyncHTTPTransport` (#1399),False,1,__init__.py,httpx/__init__.py,3,0,3,0,0
9542a1783114401146546bfaab03ef50c830f5ff,Daniel Saxton,GitHub,2021-02-06 23:23:30+00:00,2021-02-07T00:23:30+01:00,Fix doc capitalization (#1460),False,1,_status_codes.py,httpx/_status_codes.py,1,1,2,0,0
d964343fa14852bcf475a83ef9774f8c388317d7,Adam Johnson,GitHub,2021-02-09 14:10:42+00:00,2021-02-09T15:10:42+01:00,Add Changelog link to PyPI page (#1462),False,1,setup.py,setup.py,1,0,1,0,0
02a692aba574a8e1ea7abd6fdfbfa77258ad8e6e,Aber,GitHub,2021-02-16 12:33:17+00:00,2021-02-16T13:33:17+01:00,Handle default ports in WSGITransport (#1469),False,1,test_wsgi.py,tests/test_wsgi.py,27,0,27,1,0
02a692aba574a8e1ea7abd6fdfbfa77258ad8e6e,Aber,GitHub,2021-02-16 12:33:17+00:00,2021-02-16T13:33:17+01:00,Handle default ports in WSGITransport (#1469),False,1,wsgi.py,httpx/_transports/wsgi.py,3,0,3,1,0
084f35648b64b70f7a8255faa196b09d432622fe,Tom Christie,GitHub,2021-02-17 11:10:21+00:00,2021-02-17T11:10:21Z,Allow handler to optionally be async when MockTransport is used with AsyncClient (#1449),False,1,test_async_client.py,tests/client/test_async_client.py,13,0,13,1,0
084f35648b64b70f7a8255faa196b09d432622fe,Tom Christie,GitHub,2021-02-17 11:10:21+00:00,2021-02-17T11:10:21Z,Allow handler to optionally be async when MockTransport is used with AsyncClient (#1449),False,1,mock.py,httpx/_transports/mock.py,11,0,11,1,0
bd4caa873c8b342231b4c71346363b8895a7a7b2,Tom Christie,GitHub,2021-02-17 11:27:10+00:00,2021-02-17T11:27:10Z,Tweak `create_ssl_context` defaults. (#1447),False,1,_config.py,httpx/_config.py,2,2,4,1,1
0f280af8b170ed5cc48c12a894f71a8b5762f748,Adam Hooper,GitHub,2021-02-17 11:32:43+00:00,2021-02-17T11:32:43Z,map_exceptions in request.aclose() (#1465),False,1,_client.py,httpx/_client.py,2,1,3,0,1
0f280af8b170ed5cc48c12a894f71a8b5762f748,Adam Hooper,GitHub,2021-02-17 11:32:43+00:00,2021-02-17T11:32:43Z,map_exceptions in request.aclose() (#1465),False,1,test_async_client.py,tests/client/test_async_client.py,19,0,19,0,0
59f65e2b98c147e389c281bce26b7f797faa9265,Tom Christie,GitHub,2021-02-28 16:05:01+00:00,2021-02-28T17:05:01+01:00,Version 0.17.0 (#1403),False,1,__version__.py,httpx/__version__.py,1,1,2,0,0
c09e61d50c8f169187cada6dbf14b89c7763c63f,Simon L,GitHub,2021-03-03 11:25:21+00:00,2021-03-03T12:25:21+01:00,Incompatible with httpcore 0.12.0 (#1495),False,1,setup.py,setup.py,1,1,2,0,0
24a55d73c31475f3d17ee46580810bc30efc369b,Marat Sharafutdinov,GitHub,2021-03-10 09:49:37+00:00,2021-03-10T09:49:37Z,Fix CertTypes (#1503),False,1,_types.py,httpx/_types.py,8,1,9,1,0
2e6930fd772fa130868a613cf83e052a034e3488,Tom Christie,GitHub,2021-03-12 18:29:20+00:00,2021-03-12T18:29:20Z,Version 0.17.1 (#1505),False,1,__version__.py,httpx/__version__.py,1,1,2,0,0
6cb1672459b0c1386cb36b89a92b87419fdc478c,Tom Christie,GitHub,2021-03-24 10:51:33+00:00,2021-03-24T10:51:33Z,Fix some cases of merging with base_url (#1532),False,1,test_url.py,tests/models/test_url.py,8,0,8,1,0
6cb1672459b0c1386cb36b89a92b87419fdc478c,Tom Christie,GitHub,2021-03-24 10:51:33+00:00,2021-03-24T10:51:33Z,Fix some cases of merging with base_url (#1532),False,1,test_client.py,tests/client/test_client.py,6,0,6,1,0
6cb1672459b0c1386cb36b89a92b87419fdc478c,Tom Christie,GitHub,2021-03-24 10:51:33+00:00,2021-03-24T10:51:33Z,Fix some cases of merging with base_url (#1532),False,1,_models.py,httpx/_models.py,8,1,9,1,0
6cb1672459b0c1386cb36b89a92b87419fdc478c,Tom Christie,GitHub,2021-03-24 10:51:33+00:00,2021-03-24T10:51:33Z,Fix some cases of merging with base_url (#1532),False,1,_client.py,httpx/_client.py,13,4,17,1,0
1a6e254f72d9fd5694a1c10a28927e193ab4f76b,Tom Christie,GitHub,2021-03-24 12:36:34+00:00,2021-03-24T12:36:34Z,Transport API (#1522),False,1,asgi.py,httpx/_transports/asgi.py,21,19,40,0,0
1a6e254f72d9fd5694a1c10a28927e193ab4f76b,Tom Christie,GitHub,2021-03-24 12:36:34+00:00,2021-03-24T12:36:34Z,Transport API (#1522),False,1,_models.py,httpx/_models.py,23,29,52,0,1
1a6e254f72d9fd5694a1c10a28927e193ab4f76b,Tom Christie,GitHub,2021-03-24 12:36:34+00:00,2021-03-24T12:36:34Z,Transport API (#1522),False,1,__init__.py,httpx/__init__.py,3,0,3,0,0
1a6e254f72d9fd5694a1c10a28927e193ab4f76b,Tom Christie,GitHub,2021-03-24 12:36:34+00:00,2021-03-24T12:36:34Z,Transport API (#1522),False,1,_decoders.py,httpx/_decoders.py,8,6,14,0,0
1a6e254f72d9fd5694a1c10a28927e193ab4f76b,Tom Christie,GitHub,2021-03-24 12:36:34+00:00,2021-03-24T12:36:34Z,Transport API (#1522),False,1,_client.py,httpx/_client.py,97,91,188,0,0
1a6e254f72d9fd5694a1c10a28927e193ab4f76b,Tom Christie,GitHub,2021-03-24 12:36:34+00:00,2021-03-24T12:36:34Z,Transport API (#1522),False,1,base.py,httpx/_transports/base.py,129,0,129,0,0
1a6e254f72d9fd5694a1c10a28927e193ab4f76b,Tom Christie,GitHub,2021-03-24 12:36:34+00:00,2021-03-24T12:36:34Z,Transport API (#1522),False,1,_exceptions.py,httpx/_exceptions.py,31,49,80,0,0
1a6e254f72d9fd5694a1c10a28927e193ab4f76b,Tom Christie,GitHub,2021-03-24 12:36:34+00:00,2021-03-24T12:36:34Z,Transport API (#1522),False,1,default.py,httpx/_transports/default.py,136,20,156,0,1
1a6e254f72d9fd5694a1c10a28927e193ab4f76b,Tom Christie,GitHub,2021-03-24 12:36:34+00:00,2021-03-24T12:36:34Z,Transport API (#1522),False,1,conftest.py,tests/conftest.py,0,15,15,0,0
1a6e254f72d9fd5694a1c10a28927e193ab4f76b,Tom Christie,GitHub,2021-03-24 12:36:34+00:00,2021-03-24T12:36:34Z,Transport API (#1522),False,1,wsgi.py,httpx/_transports/wsgi.py,11,13,24,0,0
1a6e254f72d9fd5694a1c10a28927e193ab4f76b,Tom Christie,GitHub,2021-03-24 12:36:34+00:00,2021-03-24T12:36:34Z,Transport API (#1522),False,1,test_async_client.py,tests/client/test_async_client.py,4,24,28,0,1
1a6e254f72d9fd5694a1c10a28927e193ab4f76b,Tom Christie,GitHub,2021-03-24 12:36:34+00:00,2021-03-24T12:36:34Z,Transport API (#1522),False,1,test_client.py,tests/client/test_client.py,4,5,9,0,1
1a6e254f72d9fd5694a1c10a28927e193ab4f76b,Tom Christie,GitHub,2021-03-24 12:36:34+00:00,2021-03-24T12:36:34Z,Transport API (#1522),False,1,test_redirects.py,tests/client/test_redirects.py,8,4,12,0,1
1a6e254f72d9fd5694a1c10a28927e193ab4f76b,Tom Christie,GitHub,2021-03-24 12:36:34+00:00,2021-03-24T12:36:34Z,Transport API (#1522),False,1,test_responses.py,tests/models/test_responses.py,3,3,6,0,0
1a6e254f72d9fd5694a1c10a28927e193ab4f76b,Tom Christie,GitHub,2021-03-24 12:36:34+00:00,2021-03-24T12:36:34Z,Transport API (#1522),False,1,test_asgi.py,tests/test_asgi.py,36,0,36,0,0
1a6e254f72d9fd5694a1c10a28927e193ab4f76b,Tom Christie,GitHub,2021-03-24 12:36:34+00:00,2021-03-24T12:36:34Z,Transport API (#1522),False,1,test_decoders.py,tests/test_decoders.py,1,1,2,0,0
1a6e254f72d9fd5694a1c10a28927e193ab4f76b,Tom Christie,GitHub,2021-03-24 12:36:34+00:00,2021-03-24T12:36:34Z,Transport API (#1522),False,1,test_exceptions.py,tests/test_exceptions.py,45,18,63,0,0
1a6e254f72d9fd5694a1c10a28927e193ab4f76b,Tom Christie,GitHub,2021-03-24 12:36:34+00:00,2021-03-24T12:36:34Z,Transport API (#1522),False,1,mock.py,httpx/_transports/mock.py,22,19,41,0,0
c75ddc26c7e32e7c5fe99263899a187ff537aecc,Tom Christie,GitHub,2021-03-25 15:35:02+00:00,2021-03-25T15:35:02Z,Fix Content-Length for unicode file contents with multipart (#1537),False,1,test_multipart.py,tests/test_multipart.py,23,0,23,1,1
c75ddc26c7e32e7c5fe99263899a187ff537aecc,Tom Christie,GitHub,2021-03-25 15:35:02+00:00,2021-03-25T15:35:02Z,Fix Content-Length for unicode file contents with multipart (#1537),False,1,_multipart.py,httpx/_multipart.py,2,6,8,1,1
c26425aa58574f31491f46b7c757f9f374fabf46,Tom Christie,GitHub,2021-03-26 12:54:04+00:00,2021-03-26T12:54:04Z,"Handle `data={""key"": [None|int|float|bool]}` cases. (#1539)",False,1,_content.py,httpx/_content.py,8,1,9,1,0
c26425aa58574f31491f46b7c757f9f374fabf46,Tom Christie,GitHub,2021-03-26 12:54:04+00:00,2021-03-26T12:54:04Z,"Handle `data={""key"": [None|int|float|bool]}` cases. (#1539)",False,1,_models.py,httpx/_models.py,3,3,6,1,0
c26425aa58574f31491f46b7c757f9f374fabf46,Tom Christie,GitHub,2021-03-26 12:54:04+00:00,2021-03-26T12:54:04Z,"Handle `data={""key"": [None|int|float|bool]}` cases. (#1539)",False,1,_utils.py,httpx/_utils.py,2,2,4,1,0
c26425aa58574f31491f46b7c757f9f374fabf46,Tom Christie,GitHub,2021-03-26 12:54:04+00:00,2021-03-26T12:54:04Z,"Handle `data={""key"": [None|int|float|bool]}` cases. (#1539)",False,1,test_content.py,tests/test_content.py,51,0,51,1,0
c26425aa58574f31491f46b7c757f9f374fabf46,Tom Christie,GitHub,2021-03-26 12:54:04+00:00,2021-03-26T12:54:04Z,"Handle `data={""key"": [None|int|float|bool]}` cases. (#1539)",False,1,test_multipart.py,tests/test_multipart.py,5,1,6,1,1
c26425aa58574f31491f46b7c757f9f374fabf46,Tom Christie,GitHub,2021-03-26 12:54:04+00:00,2021-03-26T12:54:04Z,"Handle `data={""key"": [None|int|float|bool]}` cases. (#1539)",False,1,_multipart.py,httpx/_multipart.py,9,4,13,1,0
e65a33d3cff0323a15d894ded16cb3c501a8f717,Tom Christie,GitHub,2021-03-26 15:06:05+00:00,2021-03-26T15:06:05Z,Neater close logic (#1541),False,1,_client.py,httpx/_client.py,30,1,31,0,0
52dd95fb5cb1aa0e1b00bdcfc3f8c1cbbdcf10b5,Jonas Lundberg,GitHub,2021-04-01 14:32:20+00:00,2021-04-01T15:32:20+01:00,Fix extenstions typo in AsyncHTTPTransport (#1549),False,1,test_client.py,tests/client/test_client.py,8,0,8,1,0
52dd95fb5cb1aa0e1b00bdcfc3f8c1cbbdcf10b5,Jonas Lundberg,GitHub,2021-04-01 14:32:20+00:00,2021-04-01T15:32:20+01:00,Fix extenstions typo in AsyncHTTPTransport (#1549),False,1,test_async_client.py,tests/client/test_async_client.py,9,0,9,1,0
52dd95fb5cb1aa0e1b00bdcfc3f8c1cbbdcf10b5,Jonas Lundberg,GitHub,2021-04-01 14:32:20+00:00,2021-04-01T15:32:20+01:00,Fix extenstions typo in AsyncHTTPTransport (#1549),False,1,default.py,httpx/_transports/default.py,1,1,2,1,0
110ce8565259a3c6927352554eccd94ca5804463,Tom Christie,GitHub,2021-04-13 12:14:04+00:00,2021-04-13T13:14:04+01:00,Stream interface (#1550),False,1,__init__.py,httpx/__init__.py,10,1,11,0,0
110ce8565259a3c6927352554eccd94ca5804463,Tom Christie,GitHub,2021-04-13 12:14:04+00:00,2021-04-13T13:14:04+01:00,Stream interface (#1550),False,1,_client.py,httpx/_client.py,9,7,16,0,0
110ce8565259a3c6927352554eccd94ca5804463,Tom Christie,GitHub,2021-04-13 12:14:04+00:00,2021-04-13T13:14:04+01:00,Stream interface (#1550),False,1,_content.py,httpx/_content.py,41,64,105,0,0
110ce8565259a3c6927352554eccd94ca5804463,Tom Christie,GitHub,2021-04-13 12:14:04+00:00,2021-04-13T13:14:04+01:00,Stream interface (#1550),False,1,_models.py,httpx/_models.py,9,9,18,0,0
110ce8565259a3c6927352554eccd94ca5804463,Tom Christie,GitHub,2021-04-13 12:14:04+00:00,2021-04-13T13:14:04+01:00,Stream interface (#1550),False,1,_multipart.py,httpx/_multipart.py,2,1,3,0,0
110ce8565259a3c6927352554eccd94ca5804463,Tom Christie,GitHub,2021-04-13 12:14:04+00:00,2021-04-13T13:14:04+01:00,Stream interface (#1550),False,1,default.py,httpx/_transports/default.py,37,27,64,0,0
110ce8565259a3c6927352554eccd94ca5804463,Tom Christie,GitHub,2021-04-13 12:14:04+00:00,2021-04-13T13:14:04+01:00,Stream interface (#1550),False,1,base.py,httpx/_transports/base.py,67,13,80,0,0
110ce8565259a3c6927352554eccd94ca5804463,Tom Christie,GitHub,2021-04-13 12:14:04+00:00,2021-04-13T13:14:04+01:00,Stream interface (#1550),False,1,test_content.py,tests/test_content.py,9,9,18,0,0
110ce8565259a3c6927352554eccd94ca5804463,Tom Christie,GitHub,2021-04-13 12:14:04+00:00,2021-04-13T13:14:04+01:00,Stream interface (#1550),False,1,_types.py,httpx/_types.py,2,3,5,0,0
110ce8565259a3c6927352554eccd94ca5804463,Tom Christie,GitHub,2021-04-13 12:14:04+00:00,2021-04-13T13:14:04+01:00,Stream interface (#1550),False,1,asgi.py,httpx/_transports/asgi.py,13,7,20,0,0
110ce8565259a3c6927352554eccd94ca5804463,Tom Christie,GitHub,2021-04-13 12:14:04+00:00,2021-04-13T13:14:04+01:00,Stream interface (#1550),False,1,mock.py,httpx/_transports/mock.py,5,5,10,0,0
110ce8565259a3c6927352554eccd94ca5804463,Tom Christie,GitHub,2021-04-13 12:14:04+00:00,2021-04-13T13:14:04+01:00,Stream interface (#1550),False,1,wsgi.py,httpx/_transports/wsgi.py,15,7,22,0,0
4870cb5adf63f4377a71c0b5bef6146fcdb53a9c,ascopes,GitHub,2021-04-16 09:03:08+00:00,2021-04-16T10:03:08+01:00,Update `verify` parameter description (#1575),False,1,_client.py,httpx/_client.py,2,1,3,0,0
4870cb5adf63f4377a71c0b5bef6146fcdb53a9c,ascopes,GitHub,2021-04-16 09:03:08+00:00,2021-04-16T10:03:08+01:00,Update `verify` parameter description (#1575),False,1,_api.py,httpx/_api.py,2,1,3,0,0
073a3284abbcecad68033053acf595ff749800a7,Tom Christie,GitHub,2021-04-16 09:03:37+00:00,2021-04-16T10:03:37+01:00,Drop 'Response(on_close=...)' from API (#1572),False,1,test_responses.py,tests/models/test_responses.py,21,0,21,0,0
073a3284abbcecad68033053acf595ff749800a7,Tom Christie,GitHub,2021-04-16 09:03:37+00:00,2021-04-16T10:03:37+01:00,Drop 'Response(on_close=...)' from API (#1572),False,1,test_client.py,tests/client/test_client.py,10,0,10,0,0
073a3284abbcecad68033053acf595ff749800a7,Tom Christie,GitHub,2021-04-16 09:03:37+00:00,2021-04-16T10:03:37+01:00,Drop 'Response(on_close=...)' from API (#1572),False,1,test_async_client.py,tests/client/test_async_client.py,12,1,13,0,0
073a3284abbcecad68033053acf595ff749800a7,Tom Christie,GitHub,2021-04-16 09:03:37+00:00,2021-04-16T10:03:37+01:00,Drop 'Response(on_close=...)' from API (#1572),False,1,_models.py,httpx/_models.py,10,8,18,0,0
073a3284abbcecad68033053acf595ff749800a7,Tom Christie,GitHub,2021-04-16 09:03:37+00:00,2021-04-16T10:03:37+01:00,Drop 'Response(on_close=...)' from API (#1572),False,1,_client.py,httpx/_client.py,60,12,72,0,0
397aad98fdc8b7580a5fc3e88f1578b4302c6382,Tom Christie,GitHub,2021-04-16 09:06:12+00:00,2021-04-16T10:06:12+01:00,Escalate the distinction between data=... and content=... to be stricter (#1573),False,1,_content.py,httpx/_content.py,3,0,3,0,0
397aad98fdc8b7580a5fc3e88f1578b4302c6382,Tom Christie,GitHub,2021-04-16 09:06:12+00:00,2021-04-16T10:06:12+01:00,Escalate the distinction between data=... and content=... to be stricter (#1573),False,1,test_auth.py,tests/client/test_auth.py,1,1,2,0,0
397aad98fdc8b7580a5fc3e88f1578b4302c6382,Tom Christie,GitHub,2021-04-16 09:06:12+00:00,2021-04-16T10:06:12+01:00,Escalate the distinction between data=... and content=... to be stricter (#1573),False,1,test_requests.py,tests/models/test_requests.py,3,3,6,0,0
397aad98fdc8b7580a5fc3e88f1578b4302c6382,Tom Christie,GitHub,2021-04-16 09:06:12+00:00,2021-04-16T10:06:12+01:00,Escalate the distinction between data=... and content=... to be stricter (#1573),False,1,test_content.py,tests/test_content.py,6,3,9,0,0
ed19995747ff4b421e009a276f5983b5264a04dc,Hannes Ljungberg,GitHub,2021-04-16 19:05:34+00:00,2021-04-16T21:05:34+02:00,Drop Response.call_next leftover attribute (#1578),False,1,_models.py,httpx/_models.py,0,2,2,0,0
8fd5b71016c10dd266a058966f3ff3843e3ce9c6,Tom Christie,GitHub,2021-04-19 10:07:07+00:00,2021-04-19T11:07:07+01:00,Drop StreamContextManager in favour of `contextlib.contextmanager`/`asynccontextmanager` (#1577),False,1,setup.py,setup.py,1,0,1,0,0
8fd5b71016c10dd266a058966f3ff3843e3ce9c6,Tom Christie,GitHub,2021-04-19 10:07:07+00:00,2021-04-19T11:07:07+01:00,Drop StreamContextManager in favour of `contextlib.contextmanager`/`asynccontextmanager` (#1577),False,1,_compat.py,httpx/_compat.py,6,0,6,0,1
8fd5b71016c10dd266a058966f3ff3843e3ce9c6,Tom Christie,GitHub,2021-04-19 10:07:07+00:00,2021-04-19T11:07:07+01:00,Drop StreamContextManager in favour of `contextlib.contextmanager`/`asynccontextmanager` (#1577),False,1,_client.py,httpx/_client.py,102,106,208,0,0
8fd5b71016c10dd266a058966f3ff3843e3ce9c6,Tom Christie,GitHub,2021-04-19 10:07:07+00:00,2021-04-19T11:07:07+01:00,Drop StreamContextManager in favour of `contextlib.contextmanager`/`asynccontextmanager` (#1577),False,1,_api.py,httpx/_api.py,22,23,45,0,0
966550b342b5fca28ab515016a77d31a5ab06c4c,Tom Christie,GitHub,2021-04-19 10:13:45+00:00,2021-04-19T11:13:45+01:00,"For non-streaming cases, populate `request.content` automatically. (#1583)",False,1,test_requests.py,tests/models/test_requests.py,6,5,11,0,0
966550b342b5fca28ab515016a77d31a5ab06c4c,Tom Christie,GitHub,2021-04-19 10:13:45+00:00,2021-04-19T11:13:45+01:00,"For non-streaming cases, populate `request.content` automatically. (#1583)",False,1,_models.py,httpx/_models.py,14,9,23,0,0
966550b342b5fca28ab515016a77d31a5ab06c4c,Tom Christie,GitHub,2021-04-19 10:13:45+00:00,2021-04-19T11:13:45+01:00,"For non-streaming cases, populate `request.content` automatically. (#1583)",False,1,_exceptions.py,httpx/_exceptions.py,4,8,12,0,0
6a99f6f2b3a638719f70200de9983f80d618ee1c,Tom Christie,GitHub,2021-04-19 10:18:32+00:00,2021-04-19T11:18:32+01:00,Deprecate per-request cookies (#1574),False,1,test_cookies.py,tests/client/test_cookies.py,29,6,35,0,0
6a99f6f2b3a638719f70200de9983f80d618ee1c,Tom Christie,GitHub,2021-04-19 10:18:32+00:00,2021-04-19T11:18:32+01:00,Deprecate per-request cookies (#1574),False,1,_client.py,httpx/_client.py,8,0,8,0,0
6a99f6f2b3a638719f70200de9983f80d618ee1c,Tom Christie,GitHub,2021-04-19 10:18:32+00:00,2021-04-19T11:18:32+01:00,Deprecate per-request cookies (#1574),False,1,_api.py,httpx/_api.py,7,4,11,0,0
9b8f5af7596ab2208375a4d26b5b585d51b82b01,Tom Christie,GitHub,2021-04-21 09:51:35+00:00,2021-04-21T10:51:35+01:00,`httpx.ResponseClosed` -> `httpx.StreamClosed` (#1584),False,1,__init__.py,httpx/__init__.py,2,2,4,0,0
9b8f5af7596ab2208375a4d26b5b585d51b82b01,Tom Christie,GitHub,2021-04-21 09:51:35+00:00,2021-04-21T10:51:35+01:00,`httpx.ResponseClosed` -> `httpx.StreamClosed` (#1584),False,1,_models.py,httpx/_models.py,3,3,6,0,0
9b8f5af7596ab2208375a4d26b5b585d51b82b01,Tom Christie,GitHub,2021-04-21 09:51:35+00:00,2021-04-21T10:51:35+01:00,`httpx.ResponseClosed` -> `httpx.StreamClosed` (#1584),False,1,test_responses.py,tests/models/test_responses.py,2,2,4,0,0
9b8f5af7596ab2208375a4d26b5b585d51b82b01,Tom Christie,GitHub,2021-04-21 09:51:35+00:00,2021-04-21T10:51:35+01:00,`httpx.ResponseClosed` -> `httpx.StreamClosed` (#1584),False,1,_exceptions.py,httpx/_exceptions.py,14,15,29,0,0
2d571046e15d3f4c4cbe5a68173cdf12e99cb3ca,Hannes Ljungberg,GitHub,2021-04-21 10:11:00+00:00,2021-04-21T11:11:00+01:00,Make Request and Response picklable (#1579),False,1,test_responses.py,tests/models/test_responses.py,39,0,39,0,0
2d571046e15d3f4c4cbe5a68173cdf12e99cb3ca,Hannes Ljungberg,GitHub,2021-04-21 10:11:00+00:00,2021-04-21T11:11:00+01:00,Make Request and Response picklable (#1579),False,1,test_requests.py,tests/models/test_requests.py,52,0,52,0,0
2d571046e15d3f4c4cbe5a68173cdf12e99cb3ca,Hannes Ljungberg,GitHub,2021-04-21 10:11:00+00:00,2021-04-21T11:11:00+01:00,Make Request and Response picklable (#1579),False,1,_models.py,httpx/_models.py,26,1,27,0,0
2d571046e15d3f4c4cbe5a68173cdf12e99cb3ca,Hannes Ljungberg,GitHub,2021-04-21 10:11:00+00:00,2021-04-21T11:11:00+01:00,Make Request and Response picklable (#1579),False,1,_content.py,httpx/_content.py,16,1,17,0,0
d98e9e7ae7963a60ce8dc6a25cbe5f04c6438f4c,Tom Christie,GitHub,2021-04-21 13:43:18+00:00,2021-04-21T14:43:18+01:00,Support HTTPCore 0.13 (#1588),False,1,test_exceptions.py,tests/test_exceptions.py,5,3,8,0,0
d98e9e7ae7963a60ce8dc6a25cbe5f04c6438f4c,Tom Christie,GitHub,2021-04-21 13:43:18+00:00,2021-04-21T14:43:18+01:00,Support HTTPCore 0.13 (#1588),False,1,setup.py,setup.py,1,1,2,0,0
d98e9e7ae7963a60ce8dc6a25cbe5f04c6438f4c,Tom Christie,GitHub,2021-04-21 13:43:18+00:00,2021-04-21T14:43:18+01:00,Support HTTPCore 0.13 (#1588),False,1,default.py,httpx/_transports/default.py,9,19,28,0,0
39d8ee619ea6ab571ae52cd2b61c86fb7160ef5f,Tom Christie,GitHub,2021-04-23 10:00:53+00:00,2021-04-23T11:00:53+01:00,Differentiate between 'url.host' and 'url.raw_host' (#1590),False,1,test_url.py,tests/models/test_url.py,25,12,37,0,0
39d8ee619ea6ab571ae52cd2b61c86fb7160ef5f,Tom Christie,GitHub,2021-04-23 10:00:53+00:00,2021-04-23T11:00:53+01:00,Differentiate between 'url.host' and 'url.raw_host' (#1590),False,1,_models.py,httpx/_models.py,89,28,117,0,0
6e55ca1af9fd1cb02f6f0916e9ceb7a9b9e82968,Tom Christie,GitHub,2021-04-26 10:03:11+00:00,2021-04-26T11:03:11+01:00,Escalate 0.17 deprecation warnings to becoming fully deprecated. (#1597),False,1,__init__.py,httpx/__init__.py,1,2,3,0,1
6e55ca1af9fd1cb02f6f0916e9ceb7a9b9e82968,Tom Christie,GitHub,2021-04-26 10:03:11+00:00,2021-04-26T11:03:11+01:00,Escalate 0.17 deprecation warnings to becoming fully deprecated. (#1597),False,1,_client.py,httpx/_client.py,0,17,17,0,0
6e55ca1af9fd1cb02f6f0916e9ceb7a9b9e82968,Tom Christie,GitHub,2021-04-26 10:03:11+00:00,2021-04-26T11:03:11+01:00,Escalate 0.17 deprecation warnings to becoming fully deprecated. (#1597),False,1,_status_codes.py,httpx/_status_codes.py,0,21,21,0,1
6e55ca1af9fd1cb02f6f0916e9ceb7a9b9e82968,Tom Christie,GitHub,2021-04-26 10:03:11+00:00,2021-04-26T11:03:11+01:00,Escalate 0.17 deprecation warnings to becoming fully deprecated. (#1597),False,1,_utils.py,httpx/_utils.py,1,7,8,0,0
6e55ca1af9fd1cb02f6f0916e9ceb7a9b9e82968,Tom Christie,GitHub,2021-04-26 10:03:11+00:00,2021-04-26T11:03:11+01:00,Escalate 0.17 deprecation warnings to becoming fully deprecated. (#1597),False,1,test_proxies.py,tests/client/test_proxies.py,12,10,22,0,0
6e55ca1af9fd1cb02f6f0916e9ceb7a9b9e82968,Tom Christie,GitHub,2021-04-26 10:03:11+00:00,2021-04-26T11:03:11+01:00,Escalate 0.17 deprecation warnings to becoming fully deprecated. (#1597),False,1,test_status_codes.py,tests/test_status_codes.py,0,13,13,0,0
6e55ca1af9fd1cb02f6f0916e9ceb7a9b9e82968,Tom Christie,GitHub,2021-04-26 10:03:11+00:00,2021-04-26T11:03:11+01:00,Escalate 0.17 deprecation warnings to becoming fully deprecated. (#1597),False,1,test_client.py,tests/client/test_client.py,0,10,10,0,0
8fe32c52debc0add303fed81b9220689ddc502e4,Tom Christie,GitHub,2021-04-26 13:06:12+00:00,2021-04-26T14:06:12+01:00,Tweak QueryParams implementation (#1598),False,1,test_queryparams.py,tests/models/test_queryparams.py,5,5,10,0,0
8fe32c52debc0add303fed81b9220689ddc502e4,Tom Christie,GitHub,2021-04-26 13:06:12+00:00,2021-04-26T14:06:12+01:00,Tweak QueryParams implementation (#1598),False,1,_models.py,httpx/_models.py,21,32,53,0,0
2abb2f214a57f990d7f4cda0f51d476b47cef165,Tom Christie,GitHub,2021-04-26 13:57:02+00:00,2021-04-26T14:57:02+01:00,Immutable QueryParams (#1600),False,1,test_queryparams.py,tests/models/test_queryparams.py,43,12,55,0,1
2abb2f214a57f990d7f4cda0f51d476b47cef165,Tom Christie,GitHub,2021-04-26 13:57:02+00:00,2021-04-26T14:57:02+01:00,Immutable QueryParams (#1600),False,1,_utils.py,httpx/_utils.py,0,26,26,0,0
2abb2f214a57f990d7f4cda0f51d476b47cef165,Tom Christie,GitHub,2021-04-26 13:57:02+00:00,2021-04-26T14:57:02+01:00,Immutable QueryParams (#1600),False,1,_models.py,httpx/_models.py,144,28,172,0,0
2abb2f214a57f990d7f4cda0f51d476b47cef165,Tom Christie,GitHub,2021-04-26 13:57:02+00:00,2021-04-26T14:57:02+01:00,Immutable QueryParams (#1600),False,1,_client.py,httpx/_client.py,1,1,2,0,0
e67b0dd15b97c6c522099544355d2a80068b9bbb,Tom Christie,GitHub,2021-04-27 08:01:14+00:00,2021-04-27T09:01:14+01:00,Expand URL interface (#1601),False,1,test_url.py,tests/models/test_url.py,35,1,36,0,0
e67b0dd15b97c6c522099544355d2a80068b9bbb,Tom Christie,GitHub,2021-04-27 08:01:14+00:00,2021-04-27T09:01:14+01:00,Expand URL interface (#1601),False,1,_models.py,httpx/_models.py,48,17,65,0,0
c927f3e9659a8f663afae69d8ac1d997f1dca4eb,Tom Christie,GitHub,2021-04-27 10:23:52+00:00,2021-04-27T11:23:52+01:00,Code comments for URL model (#1602),False,1,_models.py,httpx/_models.py,63,10,73,0,0
0a8b44e67d470239f9659b6c3127af990303491f,Tom Christie,GitHub,2021-04-27 13:06:23+00:00,2021-04-27T14:06:23+01:00,"Perform port normalization for http, https, ws, wss, and ftp schemes (#1603)",False,1,_models.py,httpx/_models.py,36,11,47,0,0
0a8b44e67d470239f9659b6c3127af990303491f,Tom Christie,GitHub,2021-04-27 13:06:23+00:00,2021-04-27T14:06:23+01:00,"Perform port normalization for http, https, ws, wss, and ftp schemes (#1603)",False,1,test_proxies.py,tests/client/test_proxies.py,1,2,3,0,0
0a8b44e67d470239f9659b6c3127af990303491f,Tom Christie,GitHub,2021-04-27 13:06:23+00:00,2021-04-27T14:06:23+01:00,"Perform port normalization for http, https, ws, wss, and ftp schemes (#1603)",False,1,test_url.py,tests/models/test_url.py,4,4,8,0,1
0c2cb240dfd6b6648ea1dbaf1d195dd90bf25767,Tom Christie,GitHub,2021-04-27 14:20:22+00:00,2021-04-27T15:20:22+01:00,Version 0.18.0 (#1576),False,1,__version__.py,httpx/__version__.py,1,1,2,0,0
760af43b4f555a2e7927420c3fbfeb8e0b386d8c,Tom Christie,GitHub,2021-04-28 09:09:29+00:00,2021-04-28T10:09:29+01:00,Update brotli support to use the brotlicffi package (#1605),False,1,test_responses.py,tests/models/test_responses.py,3,3,6,0,0
760af43b4f555a2e7927420c3fbfeb8e0b386d8c,Tom Christie,GitHub,2021-04-28 09:09:29+00:00,2021-04-28T10:09:29+01:00,Update brotli support to use the brotlicffi package (#1605),False,1,_decoders.py,httpx/_decoders.py,9,9,18,0,0
760af43b4f555a2e7927420c3fbfeb8e0b386d8c,Tom Christie,GitHub,2021-04-28 09:09:29+00:00,2021-04-28T10:09:29+01:00,Update brotli support to use the brotlicffi package (#1605),False,1,test_decoders.py,tests/test_decoders.py,4,4,8,0,0
760af43b4f555a2e7927420c3fbfeb8e0b386d8c,Tom Christie,GitHub,2021-04-28 09:09:29+00:00,2021-04-28T10:09:29+01:00,Update brotli support to use the brotlicffi package (#1605),False,1,setup.py,setup.py,1,1,2,0,0
4fbf2751ec353b09fafe9e3b22cbe07e49a26442,Tom Christie,GitHub,2021-04-28 19:39:11+00:00,2021-04-28T20:39:11+01:00,Stream tweak (#1607),False,1,_models.py,httpx/_models.py,19,20,39,0,0
4fbf2751ec353b09fafe9e3b22cbe07e49a26442,Tom Christie,GitHub,2021-04-28 19:39:11+00:00,2021-04-28T20:39:11+01:00,Stream tweak (#1607),False,1,_client.py,httpx/_client.py,2,3,5,0,1
81f385c484f1c2f189e8e9d05b02d16240bec199,Tom Christie,GitHub,2021-04-29 10:08:48+00:00,2021-04-29T11:08:48+01:00,Add missing timeout=... to top-level httpx.stream() function. (#1613),False,1,_api.py,httpx/_api.py,6,1,7,0,1
589c5a0bc3e8e291b24b7bdb1427ee39267228b3,Tom Christie,GitHub,2021-04-29 11:37:37+00:00,2021-04-29T12:37:37+01:00,Map `httpcore` transport close exceptions to `httpx` exceptions. (#1606),False,1,default.py,httpx/_transports/default.py,4,2,6,0,0
54f4194c387e1817f958ba8c25710d551cec278a,Tom Christie,GitHub,2021-04-29 12:57:12+00:00,2021-04-29T13:57:12+01:00,Version 0.18.1 (#1617),False,1,__version__.py,httpx/__version__.py,1,1,2,0,0
2129a9789ad6a9ffb8655644fbe43a5b3e908db9,Tom Christie,GitHub,2021-04-30 09:40:42+00:00,2021-04-30T10:40:42+01:00,Prefer `Content-Length` over `Transfer-Encoding: chunked` for `content=<file-like>` cases. (#1619),False,1,test_content.py,tests/test_content.py,12,0,12,0,0
2129a9789ad6a9ffb8655644fbe43a5b3e908db9,Tom Christie,GitHub,2021-04-30 09:40:42+00:00,2021-04-30T10:40:42+01:00,Prefer `Content-Length` over `Transfer-Encoding: chunked` for `content=<file-like>` cases. (#1619),False,1,_utils.py,httpx/_utils.py,8,9,17,0,0
2129a9789ad6a9ffb8655644fbe43a5b3e908db9,Tom Christie,GitHub,2021-04-30 09:40:42+00:00,2021-04-30T10:40:42+01:00,Prefer `Content-Length` over `Transfer-Encoding: chunked` for `content=<file-like>` cases. (#1619),False,1,_multipart.py,httpx/_multipart.py,2,3,5,0,0
2129a9789ad6a9ffb8655644fbe43a5b3e908db9,Tom Christie,GitHub,2021-04-30 09:40:42+00:00,2021-04-30T10:40:42+01:00,Prefer `Content-Length` over `Transfer-Encoding: chunked` for `content=<file-like>` cases. (#1619),False,1,_content.py,httpx/_content.py,9,4,13,0,0
69409bb8b9e85caf2dd63f9b76f0aa920feaf4f1,Tom Christie,GitHub,2021-05-11 09:25:01+00:00,2021-05-11T10:25:01+01:00,Switch to `USE_CLIENT_DEFAULT` instead of `UNSET`. (#1634),False,1,_client.py,httpx/_client.py,77,46,123,1,0
69409bb8b9e85caf2dd63f9b76f0aa920feaf4f1,Tom Christie,GitHub,2021-05-11 09:25:01+00:00,2021-05-11T10:25:01+01:00,Switch to `USE_CLIENT_DEFAULT` instead of `UNSET`. (#1634),False,1,__init__.py,httpx/__init__.py,2,1,3,1,0
9b17671f155aa857fb52911d94357147ba2a3ea4,bli74,GitHub,2021-05-11 09:40:46+00:00,2021-05-11T10:40:46+01:00,"Support HTTP/2 prior-knowledge, using `httpx.Client(http1=False, http2=True)`. (#1624)",False,1,setup.py,setup.py,1,1,2,0,0
9b17671f155aa857fb52911d94357147ba2a3ea4,bli74,GitHub,2021-05-11 09:40:46+00:00,2021-05-11T10:40:46+01:00,"Support HTTP/2 prior-knowledge, using `httpx.Client(http1=False, http2=True)`. (#1624)",False,1,default.py,httpx/_transports/default.py,4,0,4,0,0
9b17671f155aa857fb52911d94357147ba2a3ea4,bli74,GitHub,2021-05-11 09:40:46+00:00,2021-05-11T10:40:46+01:00,"Support HTTP/2 prior-knowledge, using `httpx.Client(http1=False, http2=True)`. (#1624)",False,1,_client.py,httpx/_client.py,23,2,25,0,1
3231211aa364c0406737b78a45268e08c434f94c,Marcelo Trylesinski,GitHub,2021-06-15 10:59:30+00:00,2021-06-15T11:59:30+01:00,👷 Add Python 3.10 beta to the CI (#1682),False,1,conftest.py,tests/conftest.py,2,1,3,0,0
47d712c01cdde6574b2a94e43a94e5ae6e4f2faf,laggardkernel,GitHub,2021-06-16 05:52:39+00:00,2021-06-16T07:52:39+02:00,Fix typo (#1688),False,1,_models.py,httpx/_models.py,2,2,4,0,0
b43af721cd7804214396b5511e4f68d144a9b6a6,Tom Christie,GitHub,2021-06-16 14:34:12+00:00,2021-06-16T15:34:12+01:00,Treat warnings as errors (#1687),False,1,_config.py,httpx/_config.py,4,6,10,1,0
b43af721cd7804214396b5511e4f68d144a9b6a6,Tom Christie,GitHub,2021-06-16 14:34:12+00:00,2021-06-16T15:34:12+01:00,Treat warnings as errors (#1687),False,1,_compat.py,httpx/_compat.py,20,1,21,1,0
b43af721cd7804214396b5511e4f68d144a9b6a6,Tom Christie,GitHub,2021-06-16 14:34:12+00:00,2021-06-16T15:34:12+01:00,Treat warnings as errors (#1687),False,1,_client.py,httpx/_client.py,56,44,100,1,0
b43af721cd7804214396b5511e4f68d144a9b6a6,Tom Christie,GitHub,2021-06-16 14:34:12+00:00,2021-06-16T15:34:12+01:00,Treat warnings as errors (#1687),False,1,test_multipart.py,tests/test_multipart.py,29,28,57,1,0
f312e629bf0f1a03ae66bc08130e2fb0799a1c89,Tom Christie,GitHub,2021-06-17 10:29:22+00:00,2021-06-17T11:29:22+01:00,Version 0.18.2 (#1690),False,1,__version__.py,httpx/__version__.py,1,1,2,0,0
6b93787514b71b3a812b84eefb4884a6538c4b01,Joe,GitHub,2021-06-22 12:25:19+00:00,2021-06-22T13:25:19+01:00,Test under Python 3.10b3 (#1707),False,1,setup.py,setup.py,1,0,1,0,0
3d192aed45440eeb4fcc1cf0a519c018dad62a2d,Florimond Manca,GitHub,2021-06-24 10:15:59+00:00,2021-06-24T11:15:59+01:00,Allow passing additional pytest args to scripts/test (#1710),False,1,test,scripts/test,1,1,2,0,0
1737fc62298eac1ed0c867aa1f24eb9c789e38ff,Thomas Grainger,GitHub,2021-06-28 12:12:30+00:00,2021-06-28T13:12:30+01:00,use context.minimum_version in py3.7+ where available (#1714),False,1,_compat.py,httpx/_compat.py,11,3,14,0,0
ab64f7c41fc0fbe638dd586fecf0689c847109bb,Thomas Grainger,GitHub,2021-06-28 12:20:32+00:00,2021-06-28T13:20:32+01:00,check sys.version_info and ssl.OPENSSL_VERSION_INFO once (#1720),False,1,_compat.py,httpx/_compat.py,9,5,14,0,0
b16901311568a8bdb90e69cc3f83b593749976bc,Adrian Garcia Badaracco,GitHub,2021-07-14 09:08:21+00:00,2021-07-14T10:08:21+01:00,Fix typo in wsgi.py (#1749),False,1,wsgi.py,httpx/_transports/wsgi.py,1,1,2,0,0
b839478661beef4c3a10b4b306efc3e07d5fb78b,Almaz,GitHub,2021-07-21 13:30:55+00:00,2021-07-21T14:30:55+01:00,Replace for loops with comprehensions (#1759),False,1,test_responses.py,tests/models/test_responses.py,1,4,5,0,1
b839478661beef4c3a10b4b306efc3e07d5fb78b,Almaz,GitHub,2021-07-21 13:30:55+00:00,2021-07-21T14:30:55+01:00,Replace for loops with comprehensions (#1759),False,1,conftest.py,tests/conftest.py,4,4,8,0,0
b839478661beef4c3a10b4b306efc3e07d5fb78b,Almaz,GitHub,2021-07-21 13:30:55+00:00,2021-07-21T14:30:55+01:00,Replace for loops with comprehensions (#1759),False,1,_models.py,httpx/_models.py,22,18,40,0,0
8c64e0c65fa6a657ee5d5055ca89c43d8afdf99a,Michał Górny,GitHub,2021-07-26 14:08:58+00:00,2021-07-26T15:08:58+01:00,Inline SERVER_SCOPE and remove typing_extensions requirement (#1773),False,1,conftest.py,tests/conftest.py,8,12,20,0,0
ee24e6718035e048ec86f3490a964b08fd49031c,Michał Górny,GitHub,2021-08-05 16:05:38+00:00,2021-08-05T17:05:38+01:00,Fix JSON wrong encoding tests on big endian platforms (#1781),False,1,test_responses.py,tests/models/test_responses.py,2,2,4,1,0
541a0afe5636248e5251894903b86ef17aaf5ebc,Tom Christie,GitHub,2021-08-10 12:30:55+00:00,2021-08-10T13:30:55+01:00,Add Client(allow_redirect=<...>) (#1790),False,1,_client.py,httpx/_client.py,32,20,52,0,0
50790af69b60945f8d46d6b78d24751ae90e6cab,Tom Christie,GitHub,2021-08-13 10:07:13+00:00,2021-08-13T11:07:13+01:00,Update HTTP/2 support in `extras_require` (#1799),False,1,setup.py,setup.py,1,1,2,0,0
20e66d204864b320ba6816b501c6dca17e101836,Amin Alaee,GitHub,2021-08-13 10:27:42+00:00,2021-08-13T11:27:42+01:00,enforce-upload-files-binary-type (#1736),False,1,test_multipart.py,tests/test_multipart.py,22,12,34,0,0
20e66d204864b320ba6816b501c6dca17e101836,Amin Alaee,GitHub,2021-08-13 10:27:42+00:00,2021-08-13T11:27:42+01:00,enforce-upload-files-binary-type (#1736),False,1,_types.py,httpx/_types.py,1,1,2,0,0
20e66d204864b320ba6816b501c6dca17e101836,Amin Alaee,GitHub,2021-08-13 10:27:42+00:00,2021-08-13T11:27:42+01:00,enforce-upload-files-binary-type (#1736),False,1,_multipart.py,httpx/_multipart.py,4,0,4,0,0
77246617ca6b5d282f3c3191a8532e5158005077,Tom Christie,GitHub,2021-08-13 10:34:56+00:00,2021-08-13T11:34:56+01:00,"Drop mode argument, 'httpx.Proxy(..., mode=...)' (#1795)",False,1,test_config.py,tests/test_config.py,5,12,17,0,0
77246617ca6b5d282f3c3191a8532e5158005077,Tom Christie,GitHub,2021-08-13 10:34:56+00:00,2021-08-13T11:34:56+01:00,"Drop mode argument, 'httpx.Proxy(..., mode=...)' (#1795)",False,1,default.py,httpx/_transports/default.py,0,2,2,0,0
77246617ca6b5d282f3c3191a8532e5158005077,Tom Christie,GitHub,2021-08-13 10:34:56+00:00,2021-08-13T11:34:56+01:00,"Drop mode argument, 'httpx.Proxy(..., mode=...)' (#1795)",False,1,_config.py,httpx/_config.py,2,11,13,0,0
acb5e6ac500fbe172f5958f480866da719aeb858,Tom Christie,GitHub,2021-08-13 10:38:53+00:00,2021-08-13T11:38:53+01:00,Add `charset_normalizer` detection. (#1791),False,1,test_decoders.py,tests/test_decoders.py,5,6,11,0,0
acb5e6ac500fbe172f5958f480866da719aeb858,Tom Christie,GitHub,2021-08-13 10:38:53+00:00,2021-08-13T11:38:53+01:00,Add `charset_normalizer` detection. (#1791),False,1,test_responses.py,tests/models/test_responses.py,45,32,77,0,0
acb5e6ac500fbe172f5958f480866da719aeb858,Tom Christie,GitHub,2021-08-13 10:38:53+00:00,2021-08-13T11:38:53+01:00,Add `charset_normalizer` detection. (#1791),False,1,setup.py,setup.py,1,0,1,0,0
acb5e6ac500fbe172f5958f480866da719aeb858,Tom Christie,GitHub,2021-08-13 10:38:53+00:00,2021-08-13T11:38:53+01:00,Add `charset_normalizer` detection. (#1791),False,1,_models.py,httpx/_models.py,27,12,39,0,1
acb5e6ac500fbe172f5958f480866da719aeb858,Tom Christie,GitHub,2021-08-13 10:38:53+00:00,2021-08-13T11:38:53+01:00,Add `charset_normalizer` detection. (#1791),False,1,_decoders.py,httpx/_decoders.py,2,41,43,0,0
d5143120d10f19cf2876179c9d80eaeac631bb52,Tom Christie,GitHub,2021-08-13 10:52:45+00:00,2021-08-13T11:52:45+01:00,Use either brotli or brotlicffi. (#1618),False,1,_compat.py,httpx/_compat.py,11,0,11,0,1
d5143120d10f19cf2876179c9d80eaeac631bb52,Tom Christie,GitHub,2021-08-13 10:52:45+00:00,2021-08-13T11:52:45+01:00,Use either brotli or brotlicffi. (#1618),False,1,_decoders.py,httpx/_decoders.py,18,15,33,0,0
d5143120d10f19cf2876179c9d80eaeac631bb52,Tom Christie,GitHub,2021-08-13 10:52:45+00:00,2021-08-13T11:52:45+01:00,Use either brotli or brotlicffi. (#1618),False,1,test_responses.py,tests/models/test_responses.py,3,3,6,0,1
d5143120d10f19cf2876179c9d80eaeac631bb52,Tom Christie,GitHub,2021-08-13 10:52:45+00:00,2021-08-13T11:52:45+01:00,Use either brotli or brotlicffi. (#1618),False,1,setup.py,setup.py,4,1,5,0,0
d5143120d10f19cf2876179c9d80eaeac631bb52,Tom Christie,GitHub,2021-08-13 10:52:45+00:00,2021-08-13T11:52:45+01:00,Use either brotli or brotlicffi. (#1618),False,1,test_decoders.py,tests/test_decoders.py,4,4,8,0,0
77193b2ab6e7be04bc8793e9fff21c690ac2db12,Antonio Larrosa,GitHub,2021-08-13 13:13:43+00:00,2021-08-13T14:13:43+01:00,Add a network pytest mark for tests that use the network (#1669),False,1,test_timeouts.py,tests/test_timeouts.py,1,0,1,0,0
77193b2ab6e7be04bc8793e9fff21c690ac2db12,Antonio Larrosa,GitHub,2021-08-13 13:13:43+00:00,2021-08-13T14:13:43+01:00,Add a network pytest mark for tests that use the network (#1669),False,1,test_proxies.py,tests/client/test_proxies.py,2,0,2,0,0
927c88d34f73d98af5827aaa571e74d6159e5735,Tom Christie,GitHub,2021-08-13 14:17:15+00:00,2021-08-13T15:17:15+01:00,Stricter enforcement of either 'with httpx.Client() as client' or 'client = httpx.Client()' lifespan styles. (#1800),False,1,test_client.py,tests/client/test_client.py,7,0,7,0,0
927c88d34f73d98af5827aaa571e74d6159e5735,Tom Christie,GitHub,2021-08-13 14:17:15+00:00,2021-08-13T15:17:15+01:00,Stricter enforcement of either 'with httpx.Client() as client' or 'client = httpx.Client()' lifespan styles. (#1800),False,1,test_async_client.py,tests/client/test_async_client.py,6,0,6,0,0
927c88d34f73d98af5827aaa571e74d6159e5735,Tom Christie,GitHub,2021-08-13 14:17:15+00:00,2021-08-13T15:17:15+01:00,Stricter enforcement of either 'with httpx.Client() as client' or 'client = httpx.Client()' lifespan styles. (#1800),False,1,_client.py,httpx/_client.py,14,0,14,0,0
2d9c3580e0776252405e9566161d5520c4b96210,Tom Christie,GitHub,2021-08-18 14:12:39+00:00,2021-08-18T15:12:39+01:00,Switch event hooks to also run on redirects. (#1806),False,1,test_event_hooks.py,tests/client/test_event_hooks.py,32,2,34,0,1
2d9c3580e0776252405e9566161d5520c4b96210,Tom Christie,GitHub,2021-08-18 14:12:39+00:00,2021-08-18T15:12:39+01:00,Switch event hooks to also run on redirects. (#1806),False,1,_client.py,httpx/_client.py,12,13,25,0,1
0d7c4caada43324cb3b6ebe4101745c0f7f575db,Tom Christie,GitHub,2021-08-19 11:37:25+00:00,2021-08-19T12:37:25+01:00,Version 0.19.0 (#1809),False,1,__version__.py,httpx/__version__.py,1,1,2,0,0
317653585cd781c59fc3f5dde20292a47f765a0e,Patrick Arminio,GitHub,2021-08-26 01:26:06+00:00,2021-08-26T09:26:06+08:00,Fix typo in RemoteProtocolError description (#1817),False,1,_exceptions.py,httpx/_exceptions.py,1,1,2,0,1
10b60d47c71e352f06c418f31095f381ea36c6b8,Tom Christie,GitHub,2021-08-31 10:52:52+00:00,2021-08-31T11:52:52+01:00,Fix iter_bytes with empty content (#1827),False,1,test_responses.py,tests/models/test_responses.py,6,0,6,1,1
10b60d47c71e352f06c418f31095f381ea36c6b8,Tom Christie,GitHub,2021-08-31 10:52:52+00:00,2021-08-31T11:52:52+01:00,Fix iter_bytes with empty content (#1827),False,1,_models.py,httpx/_models.py,2,2,4,1,1
0d3fcc74a56b32663ad97888eaea1315e28f78f4,Stanis Trendelenburg,GitHub,2021-09-01 15:21:01+00:00,2021-09-01T16:21:01+01:00,Close WSGI iterable when WSGIByteStream is closed (#1830),False,1,test_wsgi.py,tests/test_wsgi.py,2,1,3,0,1
0d3fcc74a56b32663ad97888eaea1315e28f78f4,Stanis Trendelenburg,GitHub,2021-09-01 15:21:01+00:00,2021-09-01T16:21:01+01:00,Close WSGI iterable when WSGIByteStream is closed (#1830),False,1,wsgi.py,httpx/_transports/wsgi.py,5,0,5,0,1
c24bbb85a6efd83beb2ed6aab37913e4e0d44418,Robert Craigie,GitHub,2021-09-03 13:51:42+00:00,2021-09-03T14:51:42+01:00,Fix conditional imports for pyright (#1839),False,1,_compat.py,httpx/_compat.py,2,2,4,1,0
0b4a83257bef85559d91b466e4ac94a216a25485,Adrian Garcia Badaracco,GitHub,2021-09-07 14:44:35+00:00,2021-09-07T15:44:35+01:00,"BUG: wsgi.error should be TextIO, not BytesIO in WSGI transport (#1828)",False,1,test_wsgi.py,tests/test_wsgi.py,17,0,17,1,0
0b4a83257bef85559d91b466e4ac94a216a25485,Adrian Garcia Badaracco,GitHub,2021-09-07 14:44:35+00:00,2021-09-07T15:44:35+01:00,"BUG: wsgi.error should be TextIO, not BytesIO in WSGI transport (#1828)",False,1,wsgi.py,httpx/_transports/wsgi.py,4,1,5,1,0
47266d763bdef9dc99f9c9d09d49d441b87802e6,Tom Christie,GitHub,2021-09-13 12:21:22+00:00,2021-09-13T13:21:22+01:00,Switch follow redirects default (#1808),False,1,_api.py,httpx/_api.py,19,19,38,1,0
47266d763bdef9dc99f9c9d09d49d441b87802e6,Tom Christie,GitHub,2021-09-13 12:21:22+00:00,2021-09-13T13:21:22+01:00,Switch follow redirects default (#1808),False,1,_client.py,httpx/_client.py,62,58,120,1,0
47266d763bdef9dc99f9c9d09d49d441b87802e6,Tom Christie,GitHub,2021-09-13 12:21:22+00:00,2021-09-13T13:21:22+01:00,Switch follow redirects default (#1808),False,1,_models.py,httpx/_models.py,1,1,2,1,0
47266d763bdef9dc99f9c9d09d49d441b87802e6,Tom Christie,GitHub,2021-09-13 12:21:22+00:00,2021-09-13T13:21:22+01:00,Switch follow redirects default (#1808),False,1,test_event_hooks.py,tests/client/test_event_hooks.py,6,2,8,1,0
47266d763bdef9dc99f9c9d09d49d441b87802e6,Tom Christie,GitHub,2021-09-13 12:21:22+00:00,2021-09-13T13:21:22+01:00,Switch follow redirects default (#1808),False,1,test_redirects.py,tests/client/test_redirects.py,46,28,74,1,0
47266d763bdef9dc99f9c9d09d49d441b87802e6,Tom Christie,GitHub,2021-09-13 12:21:22+00:00,2021-09-13T13:21:22+01:00,Switch follow redirects default (#1808),False,1,test_utils.py,tests/test_utils.py,1,1,2,1,0
ff9813e84dab56f0f3c4ef3a159a4cce8c644a91,Tom Christie,GitHub,2021-09-13 12:34:46+00:00,2021-09-13T13:34:46+01:00,Transport API as plain `request -> response` method. (#1840),False,1,__init__.py,httpx/__init__.py,2,6,8,0,0
ff9813e84dab56f0f3c4ef3a159a4cce8c644a91,Tom Christie,GitHub,2021-09-13 12:34:46+00:00,2021-09-13T13:34:46+01:00,Transport API as plain `request -> response` method. (#1840),False,1,_client.py,httpx/_client.py,29,69,98,0,1
ff9813e84dab56f0f3c4ef3a159a4cce8c644a91,Tom Christie,GitHub,2021-09-13 12:34:46+00:00,2021-09-13T13:34:46+01:00,Transport API as plain `request -> response` method. (#1840),False,1,_content.py,httpx/_content.py,8,2,10,0,0
ff9813e84dab56f0f3c4ef3a159a4cce8c644a91,Tom Christie,GitHub,2021-09-13 12:34:46+00:00,2021-09-13T13:34:46+01:00,Transport API as plain `request -> response` method. (#1840),False,1,_models.py,httpx/_models.py,10,5,15,0,1
ff9813e84dab56f0f3c4ef3a159a4cce8c644a91,Tom Christie,GitHub,2021-09-13 12:34:46+00:00,2021-09-13T13:34:46+01:00,Transport API as plain `request -> response` method. (#1840),False,1,_multipart.py,httpx/_multipart.py,7,2,9,0,0
ff9813e84dab56f0f3c4ef3a159a4cce8c644a91,Tom Christie,GitHub,2021-09-13 12:34:46+00:00,2021-09-13T13:34:46+01:00,Transport API as plain `request -> response` method. (#1840),False,1,asgi.py,httpx/_transports/asgi.py,17,23,40,0,0
ff9813e84dab56f0f3c4ef3a159a4cce8c644a91,Tom Christie,GitHub,2021-09-13 12:34:46+00:00,2021-09-13T13:34:46+01:00,Transport API as plain `request -> response` method. (#1840),False,1,test_auth.py,tests/client/test_auth.py,8,1,9,0,0
ff9813e84dab56f0f3c4ef3a159a4cce8c644a91,Tom Christie,GitHub,2021-09-13 12:34:46+00:00,2021-09-13T13:34:46+01:00,Transport API as plain `request -> response` method. (#1840),False,1,default.py,httpx/_transports/default.py,27,30,57,0,0
ff9813e84dab56f0f3c4ef3a159a4cce8c644a91,Tom Christie,GitHub,2021-09-13 12:34:46+00:00,2021-09-13T13:34:46+01:00,Transport API as plain `request -> response` method. (#1840),False,1,mock.py,httpx/_transports/mock.py,8,44,52,0,0
ff9813e84dab56f0f3c4ef3a159a4cce8c644a91,Tom Christie,GitHub,2021-09-13 12:34:46+00:00,2021-09-13T13:34:46+01:00,Transport API as plain `request -> response` method. (#1840),False,1,wsgi.py,httpx/_transports/wsgi.py,14,26,40,0,0
ff9813e84dab56f0f3c4ef3a159a4cce8c644a91,Tom Christie,GitHub,2021-09-13 12:34:46+00:00,2021-09-13T13:34:46+01:00,Transport API as plain `request -> response` method. (#1840),False,1,_types.py,httpx/_types.py,59,0,59,0,0
ff9813e84dab56f0f3c4ef3a159a4cce8c644a91,Tom Christie,GitHub,2021-09-13 12:34:46+00:00,2021-09-13T13:34:46+01:00,Transport API as plain `request -> response` method. (#1840),False,1,test_redirects.py,tests/client/test_redirects.py,9,2,11,0,0
ff9813e84dab56f0f3c4ef3a159a4cce8c644a91,Tom Christie,GitHub,2021-09-13 12:34:46+00:00,2021-09-13T13:34:46+01:00,Transport API as plain `request -> response` method. (#1840),False,1,test_asgi.py,tests/test_asgi.py,10,26,36,0,0
ff9813e84dab56f0f3c4ef3a159a4cce8c644a91,Tom Christie,GitHub,2021-09-13 12:34:46+00:00,2021-09-13T13:34:46+01:00,Transport API as plain `request -> response` method. (#1840),False,1,base.py,httpx/_transports/base.py,5,75,80,0,0
a761e17abc9649d62dd1ff4c9df975c5ed1c6f99,Tom Christie,GitHub,2021-09-13 12:52:58+00:00,2021-09-13T13:52:58+01:00,is_informational / is_success / is_redirect / is_client_error / is_server_error (#1854),False,1,_models.py,httpx/_models.py,89,13,102,1,0
a761e17abc9649d62dd1ff4c9df975c5ed1c6f99,Tom Christie,GitHub,2021-09-13 12:52:58+00:00,2021-09-13T13:52:58+01:00,is_informational / is_success / is_redirect / is_client_error / is_server_error (#1854),False,1,_client.py,httpx/_client.py,2,2,4,1,0
a761e17abc9649d62dd1ff4c9df975c5ed1c6f99,Tom Christie,GitHub,2021-09-13 12:52:58+00:00,2021-09-13T13:52:58+01:00,is_informational / is_success / is_redirect / is_client_error / is_server_error (#1854),False,1,test_responses.py,tests/models/test_responses.py,36,2,38,1,0
a761e17abc9649d62dd1ff4c9df975c5ed1c6f99,Tom Christie,GitHub,2021-09-13 12:52:58+00:00,2021-09-13T13:52:58+01:00,is_informational / is_success / is_redirect / is_client_error / is_server_error (#1854),False,1,_status_codes.py,httpx/_status_codes.py,30,15,45,1,0
ee9250d60bc5cf49b4949fc961a82b42f9ab1bcc,Tom Christie,GitHub,2021-09-14 08:44:43+00:00,2021-09-14T09:44:43+01:00,Add cli support (#1855),False,1,test_main.py,tests/test_main.py,165,0,165,0,0
ee9250d60bc5cf49b4949fc961a82b42f9ab1bcc,Tom Christie,GitHub,2021-09-14 08:44:43+00:00,2021-09-14T09:44:43+01:00,Add cli support (#1855),False,1,conftest.py,tests/conftest.py,13,0,13,0,0
ee9250d60bc5cf49b4949fc961a82b42f9ab1bcc,Tom Christie,GitHub,2021-09-14 08:44:43+00:00,2021-09-14T09:44:43+01:00,Add cli support (#1855),False,1,setup.py,setup.py,8,0,8,0,0
ee9250d60bc5cf49b4949fc961a82b42f9ab1bcc,Tom Christie,GitHub,2021-09-14 08:44:43+00:00,2021-09-14T09:44:43+01:00,Add cli support (#1855),False,1,_main.py,httpx/_main.py,438,0,438,0,0
ee9250d60bc5cf49b4949fc961a82b42f9ab1bcc,Tom Christie,GitHub,2021-09-14 08:44:43+00:00,2021-09-14T09:44:43+01:00,Add cli support (#1855),False,1,__version__.py,httpx/__version__.py,1,1,2,0,0
ee9250d60bc5cf49b4949fc961a82b42f9ab1bcc,Tom Christie,GitHub,2021-09-14 08:44:43+00:00,2021-09-14T09:44:43+01:00,Add cli support (#1855),False,1,__init__.py,httpx/__init__.py,16,0,16,0,0
d41840e18d24ad8cb96349efd67c47037cfe3f3a,Tom Christie,GitHub,2021-09-14 11:48:06+00:00,2021-09-14T12:48:06+01:00,Fix typo. (#1859),False,1,_main.py,httpx/_main.py,2,2,4,0,0
e1abaf146fe1b66c0d5ae10a24106865efe2d79e,Tom Christie,GitHub,2021-09-14 12:36:22+00:00,2021-09-14T13:36:22+01:00,Tidy up the formatting of HTTP/2 requests (#1860),False,1,_main.py,httpx/_main.py,11,7,18,0,0
35164b7a64fbda91629778f37f05afd6ac3f17ee,Tom Christie,GitHub,2021-10-13 09:43:58+00:00,2021-10-13T10:43:58+01:00,Version 0.20 (#1890),False,1,__version__.py,httpx/__version__.py,1,1,2,0,0
623b0ddeeab900e81bdb0ebc786f77782f6791d7,Tom Christie,GitHub,2021-10-13 12:45:29+00:00,2021-10-13T13:45:29+01:00,Don't pickle request/response extensions (#1892),False,1,_models.py,httpx/_models.py,4,2,6,0,1
fa03b489f0fcd0df53afa8f9c471e24949f09e3e,dependabot[bot],GitHub,2021-10-15 10:03:53+00:00,2021-10-15T12:03:53+02:00,Bump flake8-pie from 0.5.0 to 0.15.0 (#1879),False,1,asgi.py,httpx/_transports/asgi.py,1,1,2,0,0
fa03b489f0fcd0df53afa8f9c471e24949f09e3e,dependabot[bot],GitHub,2021-10-15 10:03:53+00:00,2021-10-15T12:03:53+02:00,Bump flake8-pie from 0.5.0 to 0.15.0 (#1879),False,1,_client.py,httpx/_client.py,8,10,18,0,0
fa03b489f0fcd0df53afa8f9c471e24949f09e3e,dependabot[bot],GitHub,2021-10-15 10:03:53+00:00,2021-10-15T12:03:53+02:00,Bump flake8-pie from 0.5.0 to 0.15.0 (#1879),False,1,_utils.py,httpx/_utils.py,1,1,2,0,0
fa03b489f0fcd0df53afa8f9c471e24949f09e3e,dependabot[bot],GitHub,2021-10-15 10:03:53+00:00,2021-10-15T12:03:53+02:00,Bump flake8-pie from 0.5.0 to 0.15.0 (#1879),False,1,default.py,httpx/_transports/default.py,1,1,2,0,0
62b1666dc6c6b012b258574c4239b8ff8f481619,Adrian Garcia Badaracco,GitHub,2021-10-18 10:19:42+00:00,2021-10-18T11:19:42+01:00,doc: Update comments about file types in _types.py (#1898),False,1,_types.py,httpx/_types.py,3,3,6,0,0
61188feeaec598116996ddffa801a104363be924,Tom Christie,GitHub,2021-11-15 14:30:54+00:00,2021-11-15T14:30:54Z,Version 0.21 (#1935),False,1,test_timeouts.py,tests/test_timeouts.py,3,3,6,0,0
61188feeaec598116996ddffa801a104363be924,Tom Christie,GitHub,2021-11-15 14:30:54+00:00,2021-11-15T14:30:54Z,Version 0.21 (#1935),False,1,test_main.py,tests/test_main.py,5,0,5,0,0
61188feeaec598116996ddffa801a104363be924,Tom Christie,GitHub,2021-11-15 14:30:54+00:00,2021-11-15T14:30:54Z,Version 0.21 (#1935),False,1,test_exceptions.py,tests/test_exceptions.py,6,17,23,0,0
61188feeaec598116996ddffa801a104363be924,Tom Christie,GitHub,2021-11-15 14:30:54+00:00,2021-11-15T14:30:54Z,Version 0.21 (#1935),False,1,test_proxies.py,tests/client/test_proxies.py,7,10,17,0,0
61188feeaec598116996ddffa801a104363be924,Tom Christie,GitHub,2021-11-15 14:30:54+00:00,2021-11-15T14:30:54Z,Version 0.21 (#1935),False,1,setup.py,setup.py,1,1,2,0,0
61188feeaec598116996ddffa801a104363be924,Tom Christie,GitHub,2021-11-15 14:30:54+00:00,2021-11-15T14:30:54Z,Version 0.21 (#1935),False,1,default.py,httpx/_transports/default.py,56,44,100,0,0
61188feeaec598116996ddffa801a104363be924,Tom Christie,GitHub,2021-11-15 14:30:54+00:00,2021-11-15T14:30:54Z,Version 0.21 (#1935),False,1,_main.py,httpx/_main.py,87,36,123,0,0
61188feeaec598116996ddffa801a104363be924,Tom Christie,GitHub,2021-11-15 14:30:54+00:00,2021-11-15T14:30:54Z,Version 0.21 (#1935),False,1,_client.py,httpx/_client.py,52,5,57,0,0
61188feeaec598116996ddffa801a104363be924,Tom Christie,GitHub,2021-11-15 14:30:54+00:00,2021-11-15T14:30:54Z,Version 0.21 (#1935),False,1,__version__.py,httpx/__version__.py,1,1,2,0,0
4882e980494aa72032bef773eb15462af25dcd9a,Tom Christie,GitHub,2021-11-16 11:47:46+00:00,2021-11-16T11:47:46Z,Fix response.url annotation (#1940),False,1,_models.py,httpx/_models.py,1,1,2,1,0
716749e3fd3c99cb47cc20b96def280dcb3c8d16,Tom Christie,GitHub,2021-11-16 11:51:56+00:00,2021-11-16T11:51:56Z,Version 0.21.1 (#1941),False,1,__version__.py,httpx/__version__.py,1,1,2,0,0
6f5865f8605b2cf15872388c3d9bc3623bbf265e,Tom Christie,GitHub,2021-11-22 13:15:39+00:00,2021-11-22T13:15:39Z,Read upload files using `read(CHUNK_SIZE)` rather than `iter()`. (#1948),False,1,_content.py,httpx/_content.py,24,4,28,0,0
6f5865f8605b2cf15872388c3d9bc3623bbf265e,Tom Christie,GitHub,2021-11-22 13:15:39+00:00,2021-11-22T13:15:39Z,Read upload files using `read(CHUNK_SIZE)` rather than `iter()`. (#1948),False,1,_multipart.py,httpx/_multipart.py,5,1,6,0,0
6f5865f8605b2cf15872388c3d9bc3623bbf265e,Tom Christie,GitHub,2021-11-22 13:15:39+00:00,2021-11-22T13:15:39Z,Read upload files using `read(CHUNK_SIZE)` rather than `iter()`. (#1948),False,1,test_content.py,tests/test_content.py,25,0,25,0,0
efc841a9e8e709f5cc40257927dd7461dc832330,wo0d,GitHub,2021-11-23 09:04:31+00:00,2021-11-23T09:04:31Z,Fix typo on _merge_url (#1949),False,1,_client.py,httpx/_client.py,1,1,2,0,0
82ba15b52189eacec74f2ec7dbd81f3c70a69261,"Kian Meng, Ang",GitHub,2021-12-14 14:04:01+00:00,2021-12-14T15:04:01+01:00,Fix typos (#1968),False,1,test_proxies.py,tests/client/test_proxies.py,1,1,2,0,0
82ba15b52189eacec74f2ec7dbd81f3c70a69261,"Kian Meng, Ang",GitHub,2021-12-14 14:04:01+00:00,2021-12-14T15:04:01+01:00,Fix typos (#1968),False,1,_client.py,httpx/_client.py,2,2,4,0,0
82ba15b52189eacec74f2ec7dbd81f3c70a69261,"Kian Meng, Ang",GitHub,2021-12-14 14:04:01+00:00,2021-12-14T15:04:01+01:00,Fix typos (#1968),False,1,_content.py,httpx/_content.py,1,1,2,0,1
82ba15b52189eacec74f2ec7dbd81f3c70a69261,"Kian Meng, Ang",GitHub,2021-12-14 14:04:01+00:00,2021-12-14T15:04:01+01:00,Fix typos (#1968),False,1,_models.py,httpx/_models.py,8,8,16,0,1
82ba15b52189eacec74f2ec7dbd81f3c70a69261,"Kian Meng, Ang",GitHub,2021-12-14 14:04:01+00:00,2021-12-14T15:04:01+01:00,Fix typos (#1968),False,1,test_utils.py,tests/test_utils.py,1,1,2,0,0
82ba15b52189eacec74f2ec7dbd81f3c70a69261,"Kian Meng, Ang",GitHub,2021-12-14 14:04:01+00:00,2021-12-14T15:04:01+01:00,Fix typos (#1968),False,1,default.py,httpx/_transports/default.py,1,1,2,0,0
82ba15b52189eacec74f2ec7dbd81f3c70a69261,"Kian Meng, Ang",GitHub,2021-12-14 14:04:01+00:00,2021-12-14T15:04:01+01:00,Fix typos (#1968),False,1,_utils.py,httpx/_utils.py,1,1,2,0,0
82ba15b52189eacec74f2ec7dbd81f3c70a69261,"Kian Meng, Ang",GitHub,2021-12-14 14:04:01+00:00,2021-12-14T15:04:01+01:00,Fix typos (#1968),False,1,base.py,httpx/_transports/base.py,1,1,2,0,0
82ba15b52189eacec74f2ec7dbd81f3c70a69261,"Kian Meng, Ang",GitHub,2021-12-14 14:04:01+00:00,2021-12-14T15:04:01+01:00,Fix typos (#1968),False,1,_types.py,httpx/_types.py,1,1,2,0,0
83c81aa9b8ef0f7825df413a673e6d9300065f3a,Mohammadreza Jafari,GitHub,2021-12-21 17:15:34+00:00,2021-12-21T18:15:34+01:00,Tiny refactor on _multipart.py & _main.py (#1971),False,1,_multipart.py,httpx/_multipart.py,1,1,2,0,0
83c81aa9b8ef0f7825df413a673e6d9300065f3a,Mohammadreza Jafari,GitHub,2021-12-21 17:15:34+00:00,2021-12-21T18:15:34+01:00,Tiny refactor on _multipart.py & _main.py (#1971),False,1,_main.py,httpx/_main.py,1,1,2,0,1
406700317bfd83a65d78094e4ce8e9261c284399,Tom Christie,GitHub,2022-01-05 16:01:47+00:00,2022-01-05T16:01:47Z,HTTP/2 support for tunnelled proxy cases. (#2009),False,1,default.py,httpx/_transports/default.py,30,13,43,0,0
f6b76571fa2d2ec89224dbcc82e1b6bfb7144d0f,Tom Christie,GitHub,2022-01-05 16:24:42+00:00,2022-01-05T16:24:42Z,Version 0.21.2 (#2011),False,1,__version__.py,httpx/__version__.py,1,1,2,0,0
b7dc0c3df68279ce89f016a69a41b27a2346d54d,Tom Christie,GitHub,2022-01-06 14:06:35+00:00,2022-01-06T14:06:35Z,Fix for stream uploads that subclass SyncByteStream/AsyncByteStream (#2016),False,1,test_api.py,tests/test_api.py,12,0,12,1,0
b7dc0c3df68279ce89f016a69a41b27a2346d54d,Tom Christie,GitHub,2022-01-06 14:06:35+00:00,2022-01-06T14:06:35Z,Fix for stream uploads that subclass SyncByteStream/AsyncByteStream (#2016),False,1,_content.py,httpx/_content.py,6,2,8,1,0
07f786c2f871d230f9c93b5f351b4aa305ee1599,Tom Christie,GitHub,2022-01-06 14:36:58+00:00,2022-01-06T14:36:58Z,Version 0.21.3 (#2017),False,1,__version__.py,httpx/__version__.py,1,1,2,0,0
0f1ff50a1e88ddee0c7ffe4ef1c04f0dc30cc6ab,Adrian Garcia Badaracco,GitHub,2022-01-13 08:49:14+00:00,2022-01-13T08:49:14Z,Allow custom headers in multipart/form-data requests (#1936),False,1,_multipart.py,httpx/_multipart.py,26,8,34,0,0
0f1ff50a1e88ddee0c7ffe4ef1c04f0dc30cc6ab,Adrian Garcia Badaracco,GitHub,2022-01-13 08:49:14+00:00,2022-01-13T08:49:14Z,Allow custom headers in multipart/form-data requests (#1936),False,1,test_multipart.py,tests/test_multipart.py,52,0,52,0,0
0f1ff50a1e88ddee0c7ffe4ef1c04f0dc30cc6ab,Adrian Garcia Badaracco,GitHub,2022-01-13 08:49:14+00:00,2022-01-13T08:49:14Z,Allow custom headers in multipart/form-data requests (#1936),False,1,_types.py,httpx/_types.py,2,0,2,0,0
7f0d43daad60b37d07f7734a83986e9dade59bf7,Tom Christie,GitHub,2022-01-13 10:37:37+00:00,2022-01-13T10:37:37Z,Dont perform implicit close/warning on `__del__` (#2026),False,1,test_async_client.py,tests/client/test_async_client.py,0,8,8,0,0
7f0d43daad60b37d07f7734a83986e9dade59bf7,Tom Christie,GitHub,2022-01-13 10:37:37+00:00,2022-01-13T10:37:37Z,Dont perform implicit close/warning on `__del__` (#2026),False,1,_client.py,httpx/_client.py,0,38,38,0,0
8dc9b6bd59114439128d23a60609bee09daf508c,Tom Christie,GitHub,2022-01-19 14:58:19+00:00,2022-01-19T14:58:19Z,SOCKS proxy support (#2034),False,1,test_config.py,tests/test_config.py,15,18,33,0,0
8dc9b6bd59114439128d23a60609bee09daf508c,Tom Christie,GitHub,2022-01-19 14:58:19+00:00,2022-01-19T14:58:19Z,SOCKS proxy support (#2034),False,1,test_proxies.py,tests/client/test_proxies.py,14,0,14,0,0
8dc9b6bd59114439128d23a60609bee09daf508c,Tom Christie,GitHub,2022-01-19 14:58:19+00:00,2022-01-19T14:58:19Z,SOCKS proxy support (#2034),False,1,setup.py,setup.py,1,0,1,0,0
8dc9b6bd59114439128d23a60609bee09daf508c,Tom Christie,GitHub,2022-01-19 14:58:19+00:00,2022-01-19T14:58:19Z,SOCKS proxy support (#2034),False,1,default.py,httpx/_transports/default.py,76,31,107,0,0
8dc9b6bd59114439128d23a60609bee09daf508c,Tom Christie,GitHub,2022-01-19 14:58:19+00:00,2022-01-19T14:58:19Z,SOCKS proxy support (#2034),False,1,_config.py,httpx/_config.py,27,14,41,0,0
321d4aa5097fe7f24cdfed7191c44de589294780,Adrian Garcia Badaracco,GitHub,2022-01-21 16:35:10+00:00,2022-01-21T08:35:10-08:00,Fix Headers.update to correctly handle repeated headers (#2038),False,1,test_headers.py,tests/client/test_headers.py,39,0,39,1,0
321d4aa5097fe7f24cdfed7191c44de589294780,Adrian Garcia Badaracco,GitHub,2022-01-21 16:35:10+00:00,2022-01-21T08:35:10-08:00,Fix Headers.update to correctly handle repeated headers (#2038),False,1,_models.py,httpx/_models.py,4,2,6,1,0
15c51b9dd5dfe3ede3d8c2de72073e3a678ff5a2,Tom Christie,GitHub,2022-01-26 14:47:40+00:00,2022-01-26T14:47:40Z,Version 0.22.0 (#2048),False,1,setup.py,setup.py,1,1,2,0,0
15c51b9dd5dfe3ede3d8c2de72073e3a678ff5a2,Tom Christie,GitHub,2022-01-26 14:47:40+00:00,2022-01-26T14:47:40Z,Version 0.22.0 (#2048),False,1,__version__.py,httpx/__version__.py,1,1,2,0,0
7b6af4d12327b770405a7a059653ec47c54f6112,Simon K,GitHub,2022-01-27 11:58:33+00:00,2022-01-27T11:58:33Z,make docs accurate that `content=` is also excluded in some requests (#1922),False,1,_api.py,httpx/_api.py,8,8,16,0,0
2146c75f4eccbcfbb5fe649a4a2cccdaec6ed8ad,Michał Górny,GitHub,2022-02-01 12:28:12+00:00,2022-02-01T12:28:12Z,Allow rich-11 (#2057),False,1,setup.py,setup.py,1,1,2,0,0
2814fd379c4738d402e57f9560194b42adee8ebf,Will McGugan,GitHub,2022-02-04 12:33:32+00:00,2022-02-04T12:33:32Z,Fix console markup escaping issue (#1866),False,1,_main.py,httpx/_main.py,10,7,17,1,0
0088253b32c7e6541ce85f40429f133c01ca35dc,Tom Christie,GitHub,2022-02-04 14:48:57+00:00,2022-02-04T14:48:57Z,Always rewind files on multipart uploads. (#2065),False,1,test_multipart.py,tests/test_multipart.py,20,0,20,0,0
0088253b32c7e6541ce85f40429f133c01ca35dc,Tom Christie,GitHub,2022-02-04 14:48:57+00:00,2022-02-04T14:48:57Z,Always rewind files on multipart uploads. (#2065),False,1,_multipart.py,httpx/_multipart.py,1,3,4,0,0
420911bc693ec3a7f2fbd81c18cffb8fdb12e4c8,Tom Christie,GitHub,2022-02-07 09:19:26+00:00,2022-02-07T09:19:26Z,Ensure that iter_bytes does not ever yield any zero-length chunks (#2068),False,1,test_responses.py,tests/models/test_responses.py,26,0,26,0,0
420911bc693ec3a7f2fbd81c18cffb8fdb12e4c8,Tom Christie,GitHub,2022-02-07 09:19:26+00:00,2022-02-07T09:19:26Z,Ensure that iter_bytes does not ever yield any zero-length chunks (#2068),False,1,_models.py,httpx/_models.py,2,2,4,0,0
420911bc693ec3a7f2fbd81c18cffb8fdb12e4c8,Tom Christie,GitHub,2022-02-07 09:19:26+00:00,2022-02-07T09:19:26Z,Ensure that iter_bytes does not ever yield any zero-length chunks (#2068),False,1,_decoders.py,httpx/_decoders.py,1,1,2,0,0
4f8068a7ade1f4d10403e325ed2354109df1724f,toppk,GitHub,2022-02-08 14:58:08+00:00,2022-02-08T14:58:08Z,update docstring/docs for transport using request/response models (#2070),False,1,base.py,httpx/_transports/base.py,17,48,65,0,0
4401d55ecf0d95be237098b6c73c45420d54d499,waterfountain1996,GitHub,2022-02-09 11:18:21+00:00,2022-02-09T11:18:21Z,Preserve Authorization header on HTTPS redirect (#1850) (#2074),False,1,test_utils.py,tests/test_utils.py,19,0,19,0,0
4401d55ecf0d95be237098b6c73c45420d54d499,waterfountain1996,GitHub,2022-02-09 11:18:21+00:00,2022-02-09T11:18:21Z,Preserve Authorization header on HTTPS redirect (#1850) (#2074),False,1,test_redirects.py,tests/client/test_redirects.py,18,0,18,0,0
4401d55ecf0d95be237098b6c73c45420d54d499,waterfountain1996,GitHub,2022-02-09 11:18:21+00:00,2022-02-09T11:18:21Z,Preserve Authorization header on HTTPS redirect (#1850) (#2074),False,1,_utils.py,httpx/_utils.py,15,0,15,0,0
4401d55ecf0d95be237098b6c73c45420d54d499,waterfountain1996,GitHub,2022-02-09 11:18:21+00:00,2022-02-09T11:18:21Z,Preserve Authorization header on HTTPS redirect (#1850) (#2074),False,1,_client.py,httpx/_client.py,5,3,8,0,0
a4161062501a32ce258e9f990737d494bfe419aa,Yasser Tahiri,GitHub,2022-02-09 12:12:09+00:00,2022-02-09T12:12:09Z,Refactor `httpx/_utils.py` (#1943),False,1,_utils.py,httpx/_utils.py,11,12,23,0,0
4c307488cd1e1d934aedd60bfcace18a18baeaab,waterfountain1996,GitHub,2022-02-09 15:40:39+00:00,2022-02-09T15:40:39Z,Suppress binary output on the command line (#2049) (#2076),False,1,conftest.py,tests/conftest.py,21,0,21,0,0
4c307488cd1e1d934aedd60bfcace18a18baeaab,waterfountain1996,GitHub,2022-02-09 15:40:39+00:00,2022-02-09T15:40:39Z,Suppress binary output on the command line (#2049) (#2076),False,1,_main.py,httpx/_main.py,3,2,5,0,1
4c307488cd1e1d934aedd60bfcace18a18baeaab,waterfountain1996,GitHub,2022-02-09 15:40:39+00:00,2022-02-09T15:40:39Z,Suppress binary output on the command line (#2049) (#2076),False,1,test_main.py,tests/test_main.py,16,0,16,0,0
d07c4b4407b4f7ee1fef29b9e3f6fd57de407b51,Tom Christie,GitHub,2022-02-16 21:02:13+00:00,2022-02-16T21:02:13Z,Move URL and QueryParams to new '_urls.py' module (#2084),False,1,_urls.py,httpx/_urls.py,773,0,773,0,1
d07c4b4407b4f7ee1fef29b9e3f6fd57de407b51,Tom Christie,GitHub,2022-02-16 21:02:13+00:00,2022-02-16T21:02:13Z,Move URL and QueryParams to new '_urls.py' module (#2084),False,1,_types.py,httpx/_types.py,2,1,3,0,0
d07c4b4407b4f7ee1fef29b9e3f6fd57de407b51,Tom Christie,GitHub,2022-02-16 21:02:13+00:00,2022-02-16T21:02:13Z,Move URL and QueryParams to new '_urls.py' module (#2084),False,1,_models.py,httpx/_models.py,1,771,772,0,0
d07c4b4407b4f7ee1fef29b9e3f6fd57de407b51,Tom Christie,GitHub,2022-02-16 21:02:13+00:00,2022-02-16T21:02:13Z,Move URL and QueryParams to new '_urls.py' module (#2084),False,1,_client.py,httpx/_client.py,2,1,3,0,0
d07c4b4407b4f7ee1fef29b9e3f6fd57de407b51,Tom Christie,GitHub,2022-02-16 21:02:13+00:00,2022-02-16T21:02:13Z,Move URL and QueryParams to new '_urls.py' module (#2084),False,1,__init__.py,httpx/__init__.py,2,1,3,0,0
2a08edc4714ea18f8bda893dc7c723972af58bd6,Udasi Tharani,GitHub,2022-02-22 10:40:14+00:00,2022-02-22T10:40:14Z,adding keepalive_expiry param to docs and docstring (#2090),False,1,_config.py,httpx/_config.py,1,0,1,0,0
c82885ac04f7c3439dfdd4d26614913bf09389c9,kk,GitHub,2022-03-14 16:51:39+00:00,2022-03-14T17:51:39+01:00,Fix cli docs --proxies #2124 (#2125),False,1,_main.py,httpx/_main.py,1,1,2,1,0
476127697ff99c76bf9239cf9d321b3238c98369,Raffaele Salmaso,GitHub,2022-03-28 11:59:07+00:00,2022-03-28T12:59:07+01:00,Allow rich 12 (#2122),False,1,setup.py,setup.py,1,1,2,0,0
3f9da8e0f57678276ca8758a143d682006f2edba,Marcelo Trylesinski,GitHub,2022-03-30 08:56:57+00:00,2022-03-30T09:56:57+01:00,Bump `black` to 22.3.0 (#2153),False,1,_compat.py,httpx/_compat.py,0,1,1,0,0
67c297069f3d6b034069882428e4c1dd303d693c,Ofek Lev,GitHub,2022-03-30 15:31:05+00:00,2022-03-30T17:31:05+02:00,Drop EOL Python 3.6 (#2097),False,1,_client.py,httpx/_client.py,1,2,3,0,0
67c297069f3d6b034069882428e4c1dd303d693c,Ofek Lev,GitHub,2022-03-30 15:31:05+00:00,2022-03-30T17:31:05+02:00,Drop EOL Python 3.6 (#2097),False,1,_compat.py,httpx/_compat.py,0,7,7,0,0
67c297069f3d6b034069882428e4c1dd303d693c,Ofek Lev,GitHub,2022-03-30 15:31:05+00:00,2022-03-30T17:31:05+02:00,Drop EOL Python 3.6 (#2097),False,1,setup.py,setup.py,1,1,2,0,0
3350d7e6831e2d942f68653b2f58cfa5ecb0bacd,Tom Christie,GitHub,2022-03-31 12:41:40+00:00,2022-03-31T13:41:40+01:00,Close responses when on cancellations occur during reading. (#2156),False,1,test_async_client.py,tests/client/test_async_client.py,40,0,40,0,0
3350d7e6831e2d942f68653b2f58cfa5ecb0bacd,Tom Christie,GitHub,2022-03-31 12:41:40+00:00,2022-03-31T13:41:40+01:00,Close responses when on cancellations occur during reading. (#2156),False,1,_client.py,httpx/_client.py,6,6,12,0,0
550fff933f103e16aaddc9ff315f69aba974db40,Michael Oliver,GitHub,2022-04-01 10:10:32+00:00,2022-04-01T11:10:32+01:00,Add `request` getter/setter to `HTTPError` (#2158),False,1,_exceptions.py,httpx/_exceptions.py,11,10,21,1,0
e9b0c85dd4f4e4469c57c4b38e5101fd12081b5c,Alan Li,GitHub,2022-05-03 10:33:13+00:00,2022-05-03T11:33:13+01:00,Patch `copy_with` (#2185),False,1,test_url.py,tests/models/test_url.py,49,0,49,1,0
e9b0c85dd4f4e4469c57c4b38e5101fd12081b5c,Alan Li,GitHub,2022-05-03 10:33:13+00:00,2022-05-03T11:33:13+01:00,Patch `copy_with` (#2185),False,1,_urls.py,httpx/_urls.py,5,1,6,1,0
850b4801d6911f3278ab1cefc26b21712faeefa0,Tom Christie,GitHub,2022-05-09 09:42:57+00:00,2022-05-09T10:42:57+01:00,Case insensitive algorithm detection for digest authentication. (#2204),False,1,_auth.py,httpx/_auth.py,1,1,2,0,0
5eba32a61f6bb4723f63d16fdf023c1eecc39793,Michael Oliver,GitHub,2022-05-16 09:37:13+00:00,2022-05-16T10:37:13+01:00,Remove `RequestBodyUnavailable` from module docstring (#2226),False,1,_exceptions.py,httpx/_exceptions.py,0,1,1,0,0
9673a3555c39dfc7b91b0da19cf0a28e357692bc,Tom Christie,GitHub,2022-05-16 12:23:15+00:00,2022-05-16T13:23:15+01:00,Drop async_generator requirement (#2228),False,1,setup.py,setup.py,0,1,1,0,0
14a1704be507cf435fa84da75c249c2ecd1c3981,Michael Oliver,GitHub,2022-05-20 10:12:25+00:00,2022-05-20T11:12:25+01:00,Switch to explicit `typing.Optional` throughout (#2096),False,1,_api.py,httpx/_api.py,74,74,148,0,0
14a1704be507cf435fa84da75c249c2ecd1c3981,Michael Oliver,GitHub,2022-05-20 10:12:25+00:00,2022-05-20T11:12:25+01:00,Switch to explicit `typing.Optional` throughout (#2096),False,1,_client.py,httpx/_client.py,176,170,346,0,0
14a1704be507cf435fa84da75c249c2ecd1c3981,Michael Oliver,GitHub,2022-05-20 10:12:25+00:00,2022-05-20T11:12:25+01:00,Switch to explicit `typing.Optional` throughout (#2096),False,1,_config.py,httpx/_config.py,6,6,12,0,0
14a1704be507cf435fa84da75c249c2ecd1c3981,Michael Oliver,GitHub,2022-05-20 10:12:25+00:00,2022-05-20T11:12:25+01:00,Switch to explicit `typing.Optional` throughout (#2096),False,1,_content.py,httpx/_content.py,11,10,21,0,0
14a1704be507cf435fa84da75c249c2ecd1c3981,Michael Oliver,GitHub,2022-05-20 10:12:25+00:00,2022-05-20T11:12:25+01:00,Switch to explicit `typing.Optional` throughout (#2096),False,1,_decoders.py,httpx/_decoders.py,2,2,4,0,0
14a1704be507cf435fa84da75c249c2ecd1c3981,Michael Oliver,GitHub,2022-05-20 10:12:25+00:00,2022-05-20T11:12:25+01:00,Switch to explicit `typing.Optional` throughout (#2096),False,1,_exceptions.py,httpx/_exceptions.py,6,2,8,0,0
14a1704be507cf435fa84da75c249c2ecd1c3981,Michael Oliver,GitHub,2022-05-20 10:12:25+00:00,2022-05-20T11:12:25+01:00,Switch to explicit `typing.Optional` throughout (#2096),False,1,_models.py,httpx/_models.py,57,30,87,0,0
14a1704be507cf435fa84da75c249c2ecd1c3981,Michael Oliver,GitHub,2022-05-20 10:12:25+00:00,2022-05-20T11:12:25+01:00,Switch to explicit `typing.Optional` throughout (#2096),False,1,default.py,httpx/_transports/default.py,14,14,28,0,0
14a1704be507cf435fa84da75c249c2ecd1c3981,Michael Oliver,GitHub,2022-05-20 10:12:25+00:00,2022-05-20T11:12:25+01:00,Switch to explicit `typing.Optional` throughout (#2096),False,1,_types.py,httpx/_types.py,0,2,2,0,0
14a1704be507cf435fa84da75c249c2ecd1c3981,Michael Oliver,GitHub,2022-05-20 10:12:25+00:00,2022-05-20T11:12:25+01:00,Switch to explicit `typing.Optional` throughout (#2096),False,1,_urls.py,httpx/_urls.py,5,3,8,0,0
14a1704be507cf435fa84da75c249c2ecd1c3981,Michael Oliver,GitHub,2022-05-20 10:12:25+00:00,2022-05-20T11:12:25+01:00,Switch to explicit `typing.Optional` throughout (#2096),False,1,_utils.py,httpx/_utils.py,2,2,4,0,0
14a1704be507cf435fa84da75c249c2ecd1c3981,Michael Oliver,GitHub,2022-05-20 10:12:25+00:00,2022-05-20T11:12:25+01:00,Switch to explicit `typing.Optional` throughout (#2096),False,1,setup.py,setup.py,1,1,2,0,0
14a1704be507cf435fa84da75c249c2ecd1c3981,Michael Oliver,GitHub,2022-05-20 10:12:25+00:00,2022-05-20T11:12:25+01:00,Switch to explicit `typing.Optional` throughout (#2096),False,1,_multipart.py,httpx/_multipart.py,3,1,4,0,0
14a1704be507cf435fa84da75c249c2ecd1c3981,Michael Oliver,GitHub,2022-05-20 10:12:25+00:00,2022-05-20T11:12:25+01:00,Switch to explicit `typing.Optional` throughout (#2096),False,1,base.py,httpx/_transports/base.py,6,6,12,0,0
1c33a2854e5d18955c8766c5c01e6229716b5b7a,Tom Christie,GitHub,2022-05-23 15:27:32+00:00,2022-05-23T16:27:32+01:00,Make charset auto-detection optional. (#2165),False,1,_client.py,httpx/_client.py,14,0,14,0,0
1c33a2854e5d18955c8766c5c01e6229716b5b7a,Tom Christie,GitHub,2022-05-23 15:27:32+00:00,2022-05-23T16:27:32+01:00,Make charset auto-detection optional. (#2165),False,1,test_decoders.py,tests/test_decoders.py,6,5,11,0,0
1c33a2854e5d18955c8766c5c01e6229716b5b7a,Tom Christie,GitHub,2022-05-23 15:27:32+00:00,2022-05-23T16:27:32+01:00,Make charset auto-detection optional. (#2165),False,1,test_responses.py,tests/models/test_responses.py,67,24,91,0,0
1c33a2854e5d18955c8766c5c01e6229716b5b7a,Tom Christie,GitHub,2022-05-23 15:27:32+00:00,2022-05-23T16:27:32+01:00,Make charset auto-detection optional. (#2165),False,1,test_client.py,tests/client/test_client.py,61,1,62,0,0
1c33a2854e5d18955c8766c5c01e6229716b5b7a,Tom Christie,GitHub,2022-05-23 15:27:32+00:00,2022-05-23T16:27:32+01:00,Make charset auto-detection optional. (#2165),False,1,setup.py,setup.py,0,1,1,0,0
1c33a2854e5d18955c8766c5c01e6229716b5b7a,Tom Christie,GitHub,2022-05-23 15:27:32+00:00,2022-05-23T16:27:32+01:00,Make charset auto-detection optional. (#2165),False,1,_models.py,httpx/_models.py,11,19,30,0,0
89cdd903b2f339c6ae319773c31b8c9352bd9cd8,Tom Christie,GitHub,2022-05-23 15:31:12+00:00,2022-05-23T16:31:12+01:00,Version 0.23.0 (#2214),False,1,__version__.py,httpx/__version__.py,1,1,2,0,0
5b06aea1d64f0815af6fe71da3ac725bed3ec09f,Will Frey,GitHub,2022-05-26 12:53:31+00:00,2022-05-26T13:53:31+01:00,Update _client.py (#2247),False,1,_client.py,httpx/_client.py,1,1,2,0,0
9baf3a6cd2fa9ebeb17dba5a3e5c6e9e0af83a96,Tom Christie,GitHub,2022-05-30 13:54:47+00:00,2022-05-30T14:54:47+01:00,Drop RawURL (#2241),False,1,test_url.py,tests/models/test_url.py,2,3,5,0,0
9baf3a6cd2fa9ebeb17dba5a3e5c6e9e0af83a96,Tom Christie,GitHub,2022-05-30 13:54:47+00:00,2022-05-30T14:54:47+01:00,Drop RawURL (#2241),False,1,test_proxies.py,tests/client/test_proxies.py,2,2,4,0,0
9baf3a6cd2fa9ebeb17dba5a3e5c6e9e0af83a96,Tom Christie,GitHub,2022-05-30 13:54:47+00:00,2022-05-30T14:54:47+01:00,Drop RawURL (#2241),False,1,_urls.py,httpx/_urls.py,3,31,34,0,1
9baf3a6cd2fa9ebeb17dba5a3e5c6e9e0af83a96,Tom Christie,GitHub,2022-05-30 13:54:47+00:00,2022-05-30T14:54:47+01:00,Drop RawURL (#2241),False,1,_types.py,httpx/_types.py,0,2,2,0,0
9baf3a6cd2fa9ebeb17dba5a3e5c6e9e0af83a96,Tom Christie,GitHub,2022-05-30 13:54:47+00:00,2022-05-30T14:54:47+01:00,Drop RawURL (#2241),False,1,_models.py,httpx/_models.py,1,2,3,0,0
dd8a1d6cda72bb37883b8e4315f58b6d2acb7e19,Josh,GitHub,2022-06-16 11:31:19+00:00,2022-06-16T12:31:19+01:00,Remove 3.6 from the package classifiers (#2267),False,1,setup.py,setup.py,0,1,1,0,0
344e01e98ae528332960d34c3eca98f5472eeabf,dependabot[bot],GitHub,2022-06-19 10:50:04+00:00,2022-06-19T12:50:04+02:00,Bump mypy from 0.910 to 0.961 (#2269),False,1,mock.py,httpx/_transports/mock.py,2,2,4,0,0
344e01e98ae528332960d34c3eca98f5472eeabf,dependabot[bot],GitHub,2022-06-19 10:50:04+00:00,2022-06-19T12:50:04+02:00,Bump mypy from 0.910 to 0.961 (#2269),False,1,_compat.py,httpx/_compat.py,10,0,10,0,0
1526048c9417ac3c715592cbc9b5947d5779824e,Adrian Garcia Badaracco,GitHub,2022-08-15 15:20:07+00:00,2022-08-15T10:20:07-05:00,allow setting an explicit multipart boundary via headers (#2278),False,1,test_multipart.py,tests/test_multipart.py,52,0,52,0,0
1526048c9417ac3c715592cbc9b5947d5779824e,Adrian Garcia Badaracco,GitHub,2022-08-15 15:20:07+00:00,2022-08-15T10:20:07-05:00,allow setting an explicit multipart boundary via headers (#2278),False,1,_multipart.py,httpx/_multipart.py,14,0,14,0,0
1526048c9417ac3c715592cbc9b5947d5779824e,Adrian Garcia Badaracco,GitHub,2022-08-15 15:20:07+00:00,2022-08-15T10:20:07-05:00,allow setting an explicit multipart boundary via headers (#2278),False,1,_models.py,httpx/_models.py,13,1,14,0,0
1526048c9417ac3c715592cbc9b5947d5779824e,Adrian Garcia Badaracco,GitHub,2022-08-15 15:20:07+00:00,2022-08-15T10:20:07-05:00,allow setting an explicit multipart boundary via headers (#2278),False,1,_content.py,httpx/_content.py,1,1,2,0,0
2b2269d5d81c186f8c9d5c0da31b04a73f09685e,Marcelo Trylesinski,GitHub,2022-08-20 12:09:30+00:00,2022-08-20T14:09:30+02:00,Add script to make sure CHANGELOG is always in sync with `__version__` (#2297),False,1,sync-version,scripts/sync-version,11,0,11,0,0
2b2269d5d81c186f8c9d5c0da31b04a73f09685e,Marcelo Trylesinski,GitHub,2022-08-20 12:09:30+00:00,2022-08-20T14:09:30+02:00,Add script to make sure CHANGELOG is always in sync with `__version__` (#2297),False,1,check,scripts/check,1,0,1,0,0
45b7cfaad3a8987ea35fa5bf092bbdda485444fd,Ofek Lev,GitHub,2022-08-22 16:55:06+00:00,2022-08-22T18:55:06+02:00,Update package metadata (#2334),False,1,MANIFEST.in,MANIFEST.in,0,4,4,0,0
45b7cfaad3a8987ea35fa5bf092bbdda485444fd,Ofek Lev,GitHub,2022-08-22 16:55:06+00:00,2022-08-22T18:55:06+02:00,Update package metadata (#2334),False,1,setup.py,setup.py,0,96,96,0,0
45b7cfaad3a8987ea35fa5bf092bbdda485444fd,Ofek Lev,GitHub,2022-08-22 16:55:06+00:00,2022-08-22T18:55:06+02:00,Update package metadata (#2334),False,1,build,scripts/build,1,1,2,0,0
f13ab4d288d0b790f6f1c515a6c0ea45e9615748,Florimond Manca,GitHub,2022-08-25 10:23:04+00:00,2022-08-25T12:23:04+02:00,Replace cgi which will be deprecated in Python 3.11 (#2309),False,1,_utils.py,httpx/_utils.py,9,0,9,0,0
f13ab4d288d0b790f6f1c515a6c0ea45e9615748,Florimond Manca,GitHub,2022-08-25 10:23:04+00:00,2022-08-25T12:23:04+02:00,Replace cgi which will be deprecated in Python 3.11 (#2309),False,1,_models.py,httpx/_models.py,2,6,8,0,0
a754e71f6fdec1c519beb0303579091288084176,Marcelo Trylesinski,GitHub,2022-08-25 17:19:28+00:00,2022-08-25T19:19:28+02:00,Replace `black` Python target version from 3.6 to 3.7 (#2343),False,1,lint,scripts/lint,1,1,2,0,0
a754e71f6fdec1c519beb0303579091288084176,Marcelo Trylesinski,GitHub,2022-08-25 17:19:28+00:00,2022-08-25T19:19:28+02:00,Replace `black` Python target version from 3.6 to 3.7 (#2343),False,1,check,scripts/check,1,1,2,0,0
ccd98b1a6de221fa4b497de7f7bdf89b1347024d,Will Frey,GitHub,2022-08-30 11:46:19+00:00,2022-08-30T12:46:19+01:00,Relax `HeaderTypes` type alias definition (#2317),False,1,_types.py,httpx/_types.py,2,2,4,0,0
ccd98b1a6de221fa4b497de7f7bdf89b1347024d,Will Frey,GitHub,2022-08-30 11:46:19+00:00,2022-08-30T12:46:19+01:00,Relax `HeaderTypes` type alias definition (#2317),False,1,_models.py,httpx/_models.py,2,2,4,0,0
965b8adec3633e1bd249d17fb7a7eed414c74748,Tom Christie,GitHub,2022-08-30 13:03:31+00:00,2022-08-30T14:03:31+01:00,Allow tuple or list for multipart values (#2355),False,1,_multipart.py,httpx/_multipart.py,1,1,2,0,0
9f79b5c090081ea4c8c185f98b2bb3b33e464100,Marcelo Trylesinski,GitHub,2022-09-01 16:13:35+00:00,2022-09-01T18:13:35+02:00,Add fake setup.py (#2351),False,1,setup.py,setup.py,31,0,31,0,0
d5900cd40ec85e47800e21e77bc684b9f65325ed,Tom Christie,GitHub,2022-09-02 13:24:45+00:00,2022-09-02T14:24:45+01:00,Fix empty query params (#2354),False,1,test_queryparams.py,tests/models/test_queryparams.py,11,0,11,1,1
d5900cd40ec85e47800e21e77bc684b9f65325ed,Tom Christie,GitHub,2022-09-02 13:24:45+00:00,2022-09-02T14:24:45+01:00,Fix empty query params (#2354),False,1,_urls.py,httpx/_urls.py,1,1,2,1,0
8152c4facd0f71e0f376287e41a0810a60fec9c6,Adrian Garcia Badaracco,GitHub,2022-09-13 14:24:01+00:00,2022-09-13T09:24:01-05:00,add basic type annotation for RequestExtensions and RequestData (#2367),False,1,_client.py,httpx/_client.py,20,19,39,0,0
8152c4facd0f71e0f376287e41a0810a60fec9c6,Adrian Garcia Badaracco,GitHub,2022-09-13 14:24:01+00:00,2022-09-13T09:24:01-05:00,add basic type annotation for RequestExtensions and RequestData (#2367),False,1,_content.py,httpx/_content.py,4,3,7,0,0
8152c4facd0f71e0f376287e41a0810a60fec9c6,Adrian Garcia Badaracco,GitHub,2022-09-13 14:24:01+00:00,2022-09-13T09:24:01-05:00,add basic type annotation for RequestExtensions and RequestData (#2367),False,1,_main.py,httpx/_main.py,3,1,4,0,0
8152c4facd0f71e0f376287e41a0810a60fec9c6,Adrian Garcia Badaracco,GitHub,2022-09-13 14:24:01+00:00,2022-09-13T09:24:01-05:00,add basic type annotation for RequestExtensions and RequestData (#2367),False,1,_types.py,httpx/_types.py,5,1,6,0,0
8152c4facd0f71e0f376287e41a0810a60fec9c6,Adrian Garcia Badaracco,GitHub,2022-09-13 14:24:01+00:00,2022-09-13T09:24:01-05:00,add basic type annotation for RequestExtensions and RequestData (#2367),False,1,_models.py,httpx/_models.py,4,2,6,0,0
8152c4facd0f71e0f376287e41a0810a60fec9c6,Adrian Garcia Badaracco,GitHub,2022-09-13 14:24:01+00:00,2022-09-13T09:24:01-05:00,add basic type annotation for RequestExtensions and RequestData (#2367),False,1,_multipart.py,httpx/_multipart.py,6,2,8,0,0
cdde07f2aa3db1e0eab6d421e829529c272135d5,Marcelo Trylesinski,GitHub,2022-09-29 10:09:11+00:00,2022-09-29T12:09:11+02:00,Add thread-safety note on the `Client` docstring (#2380),False,1,_client.py,httpx/_client.py,2,0,2,0,0
2ac58e007a99bc85057791725b22bf004fa4e0a6,Tom Christie,GitHub,2022-10-05 17:42:32+00:00,2022-10-05T18:42:32+01:00,Always use latest version of `pip`. (#2396),False,1,install,scripts/install,1,0,1,0,0
770d4f2254acd5f4c67eaf25634f70ec1640c443,Tom Christie,GitHub,2022-10-06 13:43:43+00:00,2022-10-06T15:43:43+02:00,Remove unneeded installation on `install` script (#2398),False,1,install,scripts/install,0,1,1,0,0
0ebe9259aca97baf4cadf112b0aa47152bec426c,Tom Christie,GitHub,2022-10-06 16:53:51+00:00,2022-10-06T17:53:51+01:00,Allow str content for multipart upload files (#2400),False,1,test_multipart.py,tests/test_multipart.py,24,5,29,0,0
0ebe9259aca97baf4cadf112b0aa47152bec426c,Tom Christie,GitHub,2022-10-06 16:53:51+00:00,2022-10-06T17:53:51+01:00,Allow str content for multipart upload files (#2400),False,1,_types.py,httpx/_types.py,1,1,2,0,0
0ebe9259aca97baf4cadf112b0aa47152bec426c,Tom Christie,GitHub,2022-10-06 16:53:51+00:00,2022-10-06T17:53:51+01:00,Allow str content for multipart upload files (#2400),False,1,_multipart.py,httpx/_multipart.py,8,2,10,0,0
71ee50b27770b461a5d2aaba9fca1fbc261bede1,Ramazan Elsunakev,GitHub,2022-10-12 08:45:06+00:00,2022-10-12T09:45:06+01:00,Add parameters to generics in `_client.py` (#2266),False,1,_client.py,httpx/_client.py,12,9,21,0,0
1aea9539bbe93b26103e3a722ba0c421f7eb7f82,Vincent Fazio,GitHub,2022-11-03 11:29:23+00:00,2022-11-03T11:29:23Z,Drop cgi module from test_multipart (#2424),False,1,test_multipart.py,tests/test_multipart.py,22,25,47,0,0
8752e2672c451f66040c8ed533456872a94dcf0f,Tom Christie,GitHub,2022-11-07 14:01:29+00:00,2022-11-07T14:01:29Z,Drop .read/.aread from SyncByteStream/AsyncByteStream (#2407),False,1,test_content.py,tests/test_content.py,2,2,4,0,0
8752e2672c451f66040c8ed533456872a94dcf0f,Tom Christie,GitHub,2022-11-07 14:01:29+00:00,2022-11-07T14:01:29Z,Drop .read/.aread from SyncByteStream/AsyncByteStream (#2407),False,1,_types.py,httpx/_types.py,0,32,32,0,0
8752e2672c451f66040c8ed533456872a94dcf0f,Tom Christie,GitHub,2022-11-07 14:01:29+00:00,2022-11-07T14:01:29Z,Drop .read/.aread from SyncByteStream/AsyncByteStream (#2407),False,1,_content.py,httpx/_content.py,2,6,8,0,0
f11eff45b7d53a6bbd17d453380b1e0ebf494102,Tom Christie,GitHub,2022-11-18 12:48:32+00:00,2022-11-18T12:48:32Z,Version 0.23.1 (#2442),False,1,setup.py,setup.py,1,1,2,0,0
f11eff45b7d53a6bbd17d453380b1e0ebf494102,Tom Christie,GitHub,2022-11-18 12:48:32+00:00,2022-11-18T12:48:32Z,Version 0.23.1 (#2442),False,1,__version__.py,httpx/__version__.py,1,1,2,0,0
883cf8ca6f79f51012eab049e4ab1d1ce316d7d1,Tom Christie,GitHub,2022-11-21 10:29:31+00:00,2022-11-21T10:29:31Z,Drop multipart requirement from tests (#2456),False,1,test_multipart.py,tests/test_multipart.py,45,38,83,0,0
1ba3e2ad4c08772d1a826a192410fa0f1e61f171,Tom Christie,GitHub,2022-11-28 12:29:02+00:00,2022-11-28T12:29:02Z,Switch `extensions` from `Dict` to `Mapping`. (#2465),False,1,_client.py,httpx/_client.py,1,1,2,0,0
1ba3e2ad4c08772d1a826a192410fa0f1e61f171,Tom Christie,GitHub,2022-11-28 12:29:02+00:00,2022-11-28T12:29:02Z,Switch `extensions` from `Dict` to `Mapping`. (#2465),False,1,_types.py,httpx/_types.py,2,2,4,0,0
75a13a15aa8fea10367b791747a89463a978fa3e,Adrian Garcia Badaracco,GitHub,2022-11-29 08:45:10+00:00,2022-11-29T02:45:10-06:00,Remove typeshed iscoroutine workaround (#2466),False,1,mock.py,httpx/_transports/mock.py,2,2,4,0,0
75a13a15aa8fea10367b791747a89463a978fa3e,Adrian Garcia Badaracco,GitHub,2022-11-29 08:45:10+00:00,2022-11-29T02:45:10-06:00,Remove typeshed iscoroutine workaround (#2466),False,1,_compat.py,httpx/_compat.py,0,10,10,0,0
16e2830624247c67573d076c3a0b327d483adfe8,Adrian Garcia Badaracco,GitHub,2022-11-29 16:23:18+00:00,2022-11-29T10:23:18-06:00,use # pragma: no cover instead of # pragma: nocover (#2471),False,1,__init__.py,httpx/__init__.py,1,1,2,0,0
16e2830624247c67573d076c3a0b327d483adfe8,Adrian Garcia Badaracco,GitHub,2022-11-29 16:23:18+00:00,2022-11-29T10:23:18-06:00,use # pragma: no cover instead of # pragma: nocover (#2471),False,1,_client.py,httpx/_client.py,2,2,4,0,0
16e2830624247c67573d076c3a0b327d483adfe8,Adrian Garcia Badaracco,GitHub,2022-11-29 16:23:18+00:00,2022-11-29T10:23:18-06:00,use # pragma: no cover instead of # pragma: nocover (#2471),False,1,_compat.py,httpx/_compat.py,1,1,2,0,0
16e2830624247c67573d076c3a0b327d483adfe8,Adrian Garcia Badaracco,GitHub,2022-11-29 16:23:18+00:00,2022-11-29T10:23:18-06:00,use # pragma: no cover instead of # pragma: nocover (#2471),False,1,_config.py,httpx/_config.py,4,4,8,0,0
16e2830624247c67573d076c3a0b327d483adfe8,Adrian Garcia Badaracco,GitHub,2022-11-29 16:23:18+00:00,2022-11-29T10:23:18-06:00,use # pragma: no cover instead of # pragma: nocover (#2471),False,1,_content.py,httpx/_content.py,1,1,2,0,0
16e2830624247c67573d076c3a0b327d483adfe8,Adrian Garcia Badaracco,GitHub,2022-11-29 16:23:18+00:00,2022-11-29T10:23:18-06:00,use # pragma: no cover instead of # pragma: nocover (#2471),False,1,_decoders.py,httpx/_decoders.py,10,10,20,0,0
16e2830624247c67573d076c3a0b327d483adfe8,Adrian Garcia Badaracco,GitHub,2022-11-29 16:23:18+00:00,2022-11-29T10:23:18-06:00,use # pragma: no cover instead of # pragma: nocover (#2471),False,1,_exceptions.py,httpx/_exceptions.py,1,1,2,0,1
16e2830624247c67573d076c3a0b327d483adfe8,Adrian Garcia Badaracco,GitHub,2022-11-29 16:23:18+00:00,2022-11-29T10:23:18-06:00,use # pragma: no cover instead of # pragma: nocover (#2471),False,1,_main.py,httpx/_main.py,9,9,18,0,0
16e2830624247c67573d076c3a0b327d483adfe8,Adrian Garcia Badaracco,GitHub,2022-11-29 16:23:18+00:00,2022-11-29T10:23:18-06:00,use # pragma: no cover instead of # pragma: nocover (#2471),False,1,_models.py,httpx/_models.py,2,2,4,0,0
16e2830624247c67573d076c3a0b327d483adfe8,Adrian Garcia Badaracco,GitHub,2022-11-29 16:23:18+00:00,2022-11-29T10:23:18-06:00,use # pragma: no cover instead of # pragma: nocover (#2471),False,1,base.py,httpx/_transports/base.py,2,2,4,0,0
16e2830624247c67573d076c3a0b327d483adfe8,Adrian Garcia Badaracco,GitHub,2022-11-29 16:23:18+00:00,2022-11-29T10:23:18-06:00,use # pragma: no cover instead of # pragma: nocover (#2471),False,1,default.py,httpx/_transports/default.py,5,5,10,0,1
16e2830624247c67573d076c3a0b327d483adfe8,Adrian Garcia Badaracco,GitHub,2022-11-29 16:23:18+00:00,2022-11-29T10:23:18-06:00,use # pragma: no cover instead of # pragma: nocover (#2471),False,1,_types.py,httpx/_types.py,4,4,8,0,0
16e2830624247c67573d076c3a0b327d483adfe8,Adrian Garcia Badaracco,GitHub,2022-11-29 16:23:18+00:00,2022-11-29T10:23:18-06:00,use # pragma: no cover instead of # pragma: nocover (#2471),False,1,test_client.py,tests/client/test_client.py,2,2,4,0,0
16e2830624247c67573d076c3a0b327d483adfe8,Adrian Garcia Badaracco,GitHub,2022-11-29 16:23:18+00:00,2022-11-29T10:23:18-06:00,use # pragma: no cover instead of # pragma: nocover (#2471),False,1,test_async_client.py,tests/client/test_async_client.py,3,3,6,0,0
16e2830624247c67573d076c3a0b327d483adfe8,Adrian Garcia Badaracco,GitHub,2022-11-29 16:23:18+00:00,2022-11-29T10:23:18-06:00,use # pragma: no cover instead of # pragma: nocover (#2471),False,1,test_auth.py,tests/client/test_auth.py,1,1,2,0,0
16e2830624247c67573d076c3a0b327d483adfe8,Adrian Garcia Badaracco,GitHub,2022-11-29 16:23:18+00:00,2022-11-29T10:23:18-06:00,use # pragma: no cover instead of # pragma: nocover (#2471),False,1,test_exceptions.py,tests/test_exceptions.py,2,2,4,0,0
16e2830624247c67573d076c3a0b327d483adfe8,Adrian Garcia Badaracco,GitHub,2022-11-29 16:23:18+00:00,2022-11-29T10:23:18-06:00,use # pragma: no cover instead of # pragma: nocover (#2471),False,1,test_properties.py,tests/client/test_properties.py,1,1,2,0,0
16e2830624247c67573d076c3a0b327d483adfe8,Adrian Garcia Badaracco,GitHub,2022-11-29 16:23:18+00:00,2022-11-29T10:23:18-06:00,use # pragma: no cover instead of # pragma: nocover (#2471),False,1,test_redirects.py,tests/client/test_redirects.py,1,1,2,0,0
16e2830624247c67573d076c3a0b327d483adfe8,Adrian Garcia Badaracco,GitHub,2022-11-29 16:23:18+00:00,2022-11-29T10:23:18-06:00,use # pragma: no cover instead of # pragma: nocover (#2471),False,1,concurrency.py,tests/concurrency.py,1,1,2,0,0
16e2830624247c67573d076c3a0b327d483adfe8,Adrian Garcia Badaracco,GitHub,2022-11-29 16:23:18+00:00,2022-11-29T10:23:18-06:00,use # pragma: no cover instead of # pragma: nocover (#2471),False,1,conftest.py,tests/conftest.py,2,2,4,0,0
16e2830624247c67573d076c3a0b327d483adfe8,Adrian Garcia Badaracco,GitHub,2022-11-29 16:23:18+00:00,2022-11-29T10:23:18-06:00,use # pragma: no cover instead of # pragma: nocover (#2471),False,1,test_requests.py,tests/models/test_requests.py,8,8,16,0,0
16e2830624247c67573d076c3a0b327d483adfe8,Adrian Garcia Badaracco,GitHub,2022-11-29 16:23:18+00:00,2022-11-29T10:23:18-06:00,use # pragma: no cover instead of # pragma: nocover (#2471),False,1,test_responses.py,tests/models/test_responses.py,2,2,4,0,0
16e2830624247c67573d076c3a0b327d483adfe8,Adrian Garcia Badaracco,GitHub,2022-11-29 16:23:18+00:00,2022-11-29T10:23:18-06:00,use # pragma: no cover instead of # pragma: nocover (#2471),False,1,test_config.py,tests/test_config.py,1,1,2,0,0
16e2830624247c67573d076c3a0b327d483adfe8,Adrian Garcia Badaracco,GitHub,2022-11-29 16:23:18+00:00,2022-11-29T10:23:18-06:00,use # pragma: no cover instead of # pragma: nocover (#2471),False,1,test_content.py,tests/test_content.py,1,1,2,0,0
16e2830624247c67573d076c3a0b327d483adfe8,Adrian Garcia Badaracco,GitHub,2022-11-29 16:23:18+00:00,2022-11-29T10:23:18-06:00,use # pragma: no cover instead of # pragma: nocover (#2471),False,1,_utils.py,httpx/_utils.py,3,3,6,0,0
1b4e7fbb4825aefa0bce9565af94499bc3ae8c76,Adrian Garcia Badaracco,GitHub,2022-11-29 16:36:03+00:00,2022-11-29T16:36:03Z,Typing: always fill in generic type parameters (#2468),False,1,_auth.py,httpx/_auth.py,4,1,5,0,1
1b4e7fbb4825aefa0bce9565af94499bc3ae8c76,Adrian Garcia Badaracco,GitHub,2022-11-29 16:36:03+00:00,2022-11-29T16:36:03Z,Typing: always fill in generic type parameters (#2468),False,1,_main.py,httpx/_main.py,6,1,7,0,0
1b4e7fbb4825aefa0bce9565af94499bc3ae8c76,Adrian Garcia Badaracco,GitHub,2022-11-29 16:36:03+00:00,2022-11-29T16:36:03Z,Typing: always fill in generic type parameters (#2468),False,1,_models.py,httpx/_models.py,2,2,4,0,0
1b4e7fbb4825aefa0bce9565af94499bc3ae8c76,Adrian Garcia Badaracco,GitHub,2022-11-29 16:36:03+00:00,2022-11-29T16:36:03Z,Typing: always fill in generic type parameters (#2468),False,1,asgi.py,httpx/_transports/asgi.py,13,3,16,0,1
1b4e7fbb4825aefa0bce9565af94499bc3ae8c76,Adrian Garcia Badaracco,GitHub,2022-11-29 16:36:03+00:00,2022-11-29T16:36:03Z,Typing: always fill in generic type parameters (#2468),False,1,test_auth.py,tests/client/test_auth.py,2,2,4,0,1
1b4e7fbb4825aefa0bce9565af94499bc3ae8c76,Adrian Garcia Badaracco,GitHub,2022-11-29 16:36:03+00:00,2022-11-29T16:36:03Z,Typing: always fill in generic type parameters (#2468),False,1,wsgi.py,httpx/_transports/wsgi.py,5,3,8,0,1
1b4e7fbb4825aefa0bce9565af94499bc3ae8c76,Adrian Garcia Badaracco,GitHub,2022-11-29 16:36:03+00:00,2022-11-29T16:36:03Z,Typing: always fill in generic type parameters (#2468),False,1,_urls.py,httpx/_urls.py,3,3,6,0,0
1b4e7fbb4825aefa0bce9565af94499bc3ae8c76,Adrian Garcia Badaracco,GitHub,2022-11-29 16:36:03+00:00,2022-11-29T16:36:03Z,Typing: always fill in generic type parameters (#2468),False,1,_utils.py,httpx/_utils.py,1,1,2,0,0
1b4e7fbb4825aefa0bce9565af94499bc3ae8c76,Adrian Garcia Badaracco,GitHub,2022-11-29 16:36:03+00:00,2022-11-29T16:36:03Z,Typing: always fill in generic type parameters (#2468),False,1,mock.py,httpx/_transports/mock.py,2,2,4,0,0
69e13cbc393ee13624d0e4aa4b6f861a95e3f91c,Adrian Garcia Badaracco,GitHub,2022-11-29 16:55:45+00:00,2022-11-29T16:55:45Z,Remove and dissallow unused type ignores (#2470),False,1,_content.py,httpx/_content.py,1,1,2,0,1
69e13cbc393ee13624d0e4aa4b6f861a95e3f91c,Adrian Garcia Badaracco,GitHub,2022-11-29 16:55:45+00:00,2022-11-29T16:55:45Z,Remove and dissallow unused type ignores (#2470),False,1,_status_codes.py,httpx/_status_codes.py,2,2,4,0,0
69e13cbc393ee13624d0e4aa4b6f861a95e3f91c,Adrian Garcia Badaracco,GitHub,2022-11-29 16:55:45+00:00,2022-11-29T16:55:45Z,Remove and dissallow unused type ignores (#2470),False,1,_config.py,httpx/_config.py,9,7,16,0,0
69e13cbc393ee13624d0e4aa4b6f861a95e3f91c,Adrian Garcia Badaracco,GitHub,2022-11-29 16:55:45+00:00,2022-11-29T16:55:45Z,Remove and dissallow unused type ignores (#2470),False,1,test_config.py,tests/test_config.py,12,11,23,0,0
69e13cbc393ee13624d0e4aa4b6f861a95e3f91c,Adrian Garcia Badaracco,GitHub,2022-11-29 16:55:45+00:00,2022-11-29T16:55:45Z,Remove and dissallow unused type ignores (#2470),False,1,mock.py,httpx/_transports/mock.py,1,1,2,0,1
69e13cbc393ee13624d0e4aa4b6f861a95e3f91c,Adrian Garcia Badaracco,GitHub,2022-11-29 16:55:45+00:00,2022-11-29T16:55:45Z,Remove and dissallow unused type ignores (#2470),False,1,test_content.py,tests/test_content.py,2,2,4,0,0
8327e1345476ca38bd058545585d14890823aeb8,rettier,GitHub,2022-11-29 17:05:37+00:00,2022-11-29T17:05:37Z,reuse the digest auth state to avoid unnecessary requests (#2463),False,1,_auth.py,httpx/_auth.py,16,5,21,1,0
8327e1345476ca38bd058545585d14890823aeb8,rettier,GitHub,2022-11-29 17:05:37+00:00,2022-11-29T17:05:37Z,reuse the digest auth state to avoid unnecessary requests (#2463),False,1,test_auth.py,tests/client/test_auth.py,83,26,109,1,0
8327e1345476ca38bd058545585d14890823aeb8,rettier,GitHub,2022-11-29 17:05:37+00:00,2022-11-29T17:05:37Z,reuse the digest auth state to avoid unnecessary requests (#2463),False,1,test_auth.py,tests/test_auth.py,40,0,40,1,0
1ff67ea47cd436fd2a835d00bcc830310ff9a0cd,Adrian Garcia Badaracco,GitHub,2022-11-29 17:55:21+00:00,2022-11-29T17:55:21Z,Typing: use wsgiref.types to validate types and fix issues uncovered (#2467),False,1,wsgi.py,httpx/_transports/wsgi.py,24,6,30,1,0
049afe5b25399204a712e434c5c0bc937459b7fe,Martijn Pieters,GitHub,2022-11-30 09:04:54+00:00,2022-11-30T09:04:54Z,Typing: enable disallow_incomplete_defs (#2476),False,1,test_wsgi.py,tests/test_wsgi.py,1,1,2,0,0
049afe5b25399204a712e434c5c0bc937459b7fe,Martijn Pieters,GitHub,2022-11-30 09:04:54+00:00,2022-11-30T09:04:54Z,Typing: enable disallow_incomplete_defs (#2476),False,1,test_multipart.py,tests/test_multipart.py,1,1,2,0,0
049afe5b25399204a712e434c5c0bc937459b7fe,Martijn Pieters,GitHub,2022-11-30 09:04:54+00:00,2022-11-30T09:04:54Z,Typing: enable disallow_incomplete_defs (#2476),False,1,test_exceptions.py,tests/test_exceptions.py,5,1,6,0,0
049afe5b25399204a712e434c5c0bc937459b7fe,Martijn Pieters,GitHub,2022-11-30 09:04:54+00:00,2022-11-30T09:04:54Z,Typing: enable disallow_incomplete_defs (#2476),False,1,test_content.py,tests/test_content.py,1,1,2,0,0
049afe5b25399204a712e434c5c0bc937459b7fe,Martijn Pieters,GitHub,2022-11-30 09:04:54+00:00,2022-11-30T09:04:54Z,Typing: enable disallow_incomplete_defs (#2476),False,1,conftest.py,tests/conftest.py,2,2,4,0,0
049afe5b25399204a712e434c5c0bc937459b7fe,Martijn Pieters,GitHub,2022-11-30 09:04:54+00:00,2022-11-30T09:04:54Z,Typing: enable disallow_incomplete_defs (#2476),False,1,test_proxies.py,tests/client/test_proxies.py,1,1,2,0,0
049afe5b25399204a712e434c5c0bc937459b7fe,Martijn Pieters,GitHub,2022-11-30 09:04:54+00:00,2022-11-30T09:04:54Z,Typing: enable disallow_incomplete_defs (#2476),False,1,utils.py,tests/utils.py,2,1,3,0,0
0eb97fc9888fb13ca1322d0bd5319e479621f309,Michael Oliver,GitHub,2022-11-30 09:48:51+00:00,2022-11-30T09:48:51Z,Use wsgi types from typeshed (#2478),False,1,wsgi.py,httpx/_transports/wsgi.py,6,17,23,0,0
2d37321842c566b1fd81f9627ab4072064286d16,Martijn Pieters,GitHub,2022-11-30 13:08:02+00:00,2022-11-30T13:08:02Z,Typing: enable warn_return_any (#2477),False,1,_decoders.py,httpx/_decoders.py,1,0,1,0,0
2d37321842c566b1fd81f9627ab4072064286d16,Martijn Pieters,GitHub,2022-11-30 13:08:02+00:00,2022-11-30T13:08:02Z,Typing: enable warn_return_any (#2477),False,1,_urls.py,httpx/_urls.py,3,1,4,0,0
2d37321842c566b1fd81f9627ab4072064286d16,Martijn Pieters,GitHub,2022-11-30 13:08:02+00:00,2022-11-30T13:08:02Z,Typing: enable warn_return_any (#2477),False,1,_main.py,httpx/_main.py,3,1,4,0,1
2d37321842c566b1fd81f9627ab4072064286d16,Martijn Pieters,GitHub,2022-11-30 13:08:02+00:00,2022-11-30T13:08:02Z,Typing: enable warn_return_any (#2477),False,1,conftest.py,tests/conftest.py,1,1,2,0,0
2d37321842c566b1fd81f9627ab4072064286d16,Martijn Pieters,GitHub,2022-11-30 13:08:02+00:00,2022-11-30T13:08:02Z,Typing: enable warn_return_any (#2477),False,1,test_content.py,tests/test_content.py,1,1,2,0,0
2d37321842c566b1fd81f9627ab4072064286d16,Martijn Pieters,GitHub,2022-11-30 13:08:02+00:00,2022-11-30T13:08:02Z,Typing: enable warn_return_any (#2477),False,1,_utils.py,httpx/_utils.py,1,1,2,0,0
2d37321842c566b1fd81f9627ab4072064286d16,Martijn Pieters,GitHub,2022-11-30 13:08:02+00:00,2022-11-30T13:08:02Z,Typing: enable warn_return_any (#2477),False,1,_models.py,httpx/_models.py,6,2,8,0,1
57aa5b08a48c82a6e1a1500e131d94a31128b6f9,Martijn Pieters,GitHub,2022-11-30 13:11:22+00:00,2022-11-30T13:11:22Z,Enable no_implicit_reexport (#2475),False,1,conftest.py,tests/conftest.py,1,1,2,0,0
57aa5b08a48c82a6e1a1500e131d94a31128b6f9,Martijn Pieters,GitHub,2022-11-30 13:11:22+00:00,2022-11-30T13:11:22Z,Enable no_implicit_reexport (#2475),False,1,_utils.py,httpx/_utils.py,2,2,4,0,0
57aa5b08a48c82a6e1a1500e131d94a31128b6f9,Martijn Pieters,GitHub,2022-11-30 13:11:22+00:00,2022-11-30T13:11:22Z,Enable no_implicit_reexport (#2475),False,1,_config.py,httpx/_config.py,2,1,3,0,0
57aa5b08a48c82a6e1a1500e131d94a31128b6f9,Martijn Pieters,GitHub,2022-11-30 13:11:22+00:00,2022-11-30T13:11:22Z,Enable no_implicit_reexport (#2475),False,1,_compat.py,httpx/_compat.py,3,0,3,0,0
884a69a902cdff9a42e50fa8da5e9373c7aadf5d,Martijn Pieters,GitHub,2022-12-02 08:45:28+00:00,2022-12-02T08:45:28Z,Typing: enable strict_equality (#2480),False,1,test_wsgi.py,tests/test_wsgi.py,1,1,2,0,0
884a69a902cdff9a42e50fa8da5e9373c7aadf5d,Martijn Pieters,GitHub,2022-12-02 08:45:28+00:00,2022-12-02T08:45:28Z,Typing: enable strict_equality (#2480),False,1,test_status_codes.py,tests/test_status_codes.py,2,1,3,0,0
933551c51985375423ca60a880210aef34f1c620,Martijn Pieters,GitHub,2022-12-02 10:47:42+00:00,2022-12-02T10:47:42Z,Typing: enable disallow_untyped_calls (#2479),False,1,conftest.py,tests/conftest.py,16,10,26,0,0
933551c51985375423ca60a880210aef34f1c620,Martijn Pieters,GitHub,2022-12-02 10:47:42+00:00,2022-12-02T10:47:42Z,Typing: enable disallow_untyped_calls (#2479),False,1,test_async_client.py,tests/client/test_async_client.py,4,4,8,0,0
933551c51985375423ca60a880210aef34f1c620,Martijn Pieters,GitHub,2022-12-02 10:47:42+00:00,2022-12-02T10:47:42Z,Typing: enable disallow_untyped_calls (#2479),False,1,test_auth.py,tests/client/test_auth.py,2,2,4,0,0
933551c51985375423ca60a880210aef34f1c620,Martijn Pieters,GitHub,2022-12-02 10:47:42+00:00,2022-12-02T10:47:42Z,Typing: enable disallow_untyped_calls (#2479),False,1,test_client.py,tests/client/test_client.py,3,3,6,0,1
933551c51985375423ca60a880210aef34f1c620,Martijn Pieters,GitHub,2022-12-02 10:47:42+00:00,2022-12-02T10:47:42Z,Typing: enable disallow_untyped_calls (#2479),False,1,test_redirects.py,tests/client/test_redirects.py,3,1,4,0,0
933551c51985375423ca60a880210aef34f1c620,Martijn Pieters,GitHub,2022-12-02 10:47:42+00:00,2022-12-02T10:47:42Z,Typing: enable disallow_untyped_calls (#2479),False,1,test_requests.py,tests/models/test_requests.py,9,9,18,0,0
933551c51985375423ca60a880210aef34f1c620,Martijn Pieters,GitHub,2022-12-02 10:47:42+00:00,2022-12-02T10:47:42Z,Typing: enable disallow_untyped_calls (#2479),False,1,test_api.py,tests/test_api.py,3,1,4,0,0
933551c51985375423ca60a880210aef34f1c620,Martijn Pieters,GitHub,2022-12-02 10:47:42+00:00,2022-12-02T10:47:42Z,Typing: enable disallow_untyped_calls (#2479),False,1,test_content.py,tests/test_content.py,7,7,14,0,0
933551c51985375423ca60a880210aef34f1c620,Martijn Pieters,GitHub,2022-12-02 10:47:42+00:00,2022-12-02T10:47:42Z,Typing: enable disallow_untyped_calls (#2479),False,1,test_decoders.py,tests/test_decoders.py,4,3,7,0,0
933551c51985375423ca60a880210aef34f1c620,Martijn Pieters,GitHub,2022-12-02 10:47:42+00:00,2022-12-02T10:47:42Z,Typing: enable disallow_untyped_calls (#2479),False,1,test_main.py,tests/test_main.py,19,13,32,0,0
933551c51985375423ca60a880210aef34f1c620,Martijn Pieters,GitHub,2022-12-02 10:47:42+00:00,2022-12-02T10:47:42Z,Typing: enable disallow_untyped_calls (#2479),False,1,test_wsgi.py,tests/test_wsgi.py,18,6,24,0,0
933551c51985375423ca60a880210aef34f1c620,Martijn Pieters,GitHub,2022-12-02 10:47:42+00:00,2022-12-02T10:47:42Z,Typing: enable disallow_untyped_calls (#2479),False,1,test_responses.py,tests/models/test_responses.py,7,6,13,0,0
40a0da093b423ca37feee2b85df7c3f0ce3cc96c,Demetri,GitHub,2022-12-02 16:20:05+00:00,2022-12-02T16:20:05Z,Add back in URL.raw with NamedTuple (#2481),False,1,test_url.py,tests/models/test_url.py,10,0,10,0,0
40a0da093b423ca37feee2b85df7c3f0ce3cc96c,Demetri,GitHub,2022-12-02 16:20:05+00:00,2022-12-02T16:20:05Z,Add back in URL.raw with NamedTuple (#2481),False,1,_urls.py,httpx/_urls.py,16,1,17,0,0
40a0da093b423ca37feee2b85df7c3f0ce3cc96c,Demetri,GitHub,2022-12-02 16:20:05+00:00,2022-12-02T16:20:05Z,Add back in URL.raw with NamedTuple (#2481),False,1,_types.py,httpx/_types.py,11,0,11,0,0
7985f685ca8d2dea62398e35115be44ac91fb9e7,Tom Christie,GitHub,2022-12-06 11:58:30+00:00,2022-12-06T11:58:30Z,Use consistent import style (#2493),False,1,test_auth.py,tests/client/test_auth.py,37,34,71,0,0
71a1589928e4d75a5d0d8201e32b5bc7963fb5f8,Tom Christie,GitHub,2022-12-06 13:27:05+00:00,2022-12-06T13:27:05Z,Use httpx public API for 'test_content' tests (#2494),False,1,test_content.py,tests/test_content.py,164,131,295,0,1
563a1031f5bd37445d2fdbf622ba5cab926207c9,Tom Christie,GitHub,2022-12-06 18:22:04+00:00,2022-12-06T18:22:04Z,Remove some private imports from test_decoders (#2496),False,1,test_decoders.py,tests/test_decoders.py,6,18,24,0,0
a8dd079be7028b2bf4cdbbbc3a6793a5f78ecc85,Tom Christie,GitHub,2022-12-11 19:12:08+00:00,2022-12-11T19:12:08Z,Raise TypeError if content is passed a 'dict' instance. (#2495),False,1,test_content.py,tests/test_content.py,3,0,3,1,0
a8dd079be7028b2bf4cdbbbc3a6793a5f78ecc85,Tom Christie,GitHub,2022-12-11 19:12:08+00:00,2022-12-11T19:12:08Z,Raise TypeError if content is passed a 'dict' instance. (#2495),False,1,_content.py,httpx/_content.py,5,1,6,1,0
af56476a8c4b35a0b27e165a7fccae08b307e32c,Tom Christie,GitHub,2022-12-12 10:43:46+00:00,2022-12-12T10:43:46Z,Drop unneccessary private import in tests (#2498),False,1,test_responses.py,tests/models/test_responses.py,5,8,13,0,0
b97c0594a59a9a5e62e9930fe9a783be79d8cc6e,Tom Christie,GitHub,2022-12-12 16:14:56+00:00,2022-12-12T16:14:56Z,Streaming multipart support (#2382),False,1,test_multipart.py,tests/test_multipart.py,4,3,7,0,0
b97c0594a59a9a5e62e9930fe9a783be79d8cc6e,Tom Christie,GitHub,2022-12-12 16:14:56+00:00,2022-12-12T16:14:56Z,Streaming multipart support (#2382),False,1,_multipart.py,httpx/_multipart.py,29,22,51,0,0
b82fbe2c139162e10d1a3ee1b4579cc8d72b3535,Tom Christie,GitHub,2022-12-12 16:31:29+00:00,2022-12-12T16:31:29Z,Drop private import of 'format_form_param' from tests (#2500),False,1,test_multipart.py,tests/test_multipart.py,20,9,29,0,0
b82fbe2c139162e10d1a3ee1b4579cc8d72b3535,Tom Christie,GitHub,2022-12-12 16:31:29+00:00,2022-12-12T16:31:29Z,Drop private import of 'format_form_param' from tests (#2500),False,1,_utils.py,httpx/_utils.py,1,3,4,0,1
10a3b68a71d6cb16b170dec4efe2ec1ae197d65f,Marcelo Trylesinski,GitHub,2022-12-29 11:47:24+00:00,2022-12-29T12:47:24+01:00,Delete setup.py (#2516),False,1,setup.py,setup.py,0,31,31,0,0
4cbf13ece2e584b45b935df0a0c670e1863c4569,Tom Christie,GitHub,2022-12-30 20:56:48+00:00,2022-12-30T20:56:48Z,Raise `TypeError` on invalid query params. (#2523),False,1,test_queryparams.py,tests/models/test_queryparams.py,7,0,7,1,0
4cbf13ece2e584b45b935df0a0c670e1863c4569,Tom Christie,GitHub,2022-12-30 20:56:48+00:00,2022-12-30T20:56:48Z,Raise `TypeError` on invalid query params. (#2523),False,1,_utils.py,httpx/_utils.py,5,1,6,1,0
2ab735849a4e3c1d408778f7e2e4509078b907ad,Tom Christie,GitHub,2023-01-02 11:46:22+00:00,2023-01-02T11:46:22Z,Version 0.23.2 (#2510),False,1,__version__.py,httpx/__version__.py,1,1,2,0,0
e27d1b83330d0520f87a7d1da1818e4dcb2add02,Thomas Grainger,GitHub,2023-01-02 12:53:30+00:00,2023-01-02T12:53:30Z,replace pytest-asyncio and pytest-trio with anyio (#2512),False,1,test_async_client.py,tests/client/test_async_client.py,24,24,48,0,1
e27d1b83330d0520f87a7d1da1818e4dcb2add02,Thomas Grainger,GitHub,2023-01-02 12:53:30+00:00,2023-01-02T12:53:30Z,replace pytest-asyncio and pytest-trio with anyio (#2512),False,1,test_auth.py,tests/client/test_auth.py,30,30,60,0,0
e27d1b83330d0520f87a7d1da1818e4dcb2add02,Thomas Grainger,GitHub,2023-01-02 12:53:30+00:00,2023-01-02T12:53:30Z,replace pytest-asyncio and pytest-trio with anyio (#2512),False,1,test_event_hooks.py,tests/client/test_event_hooks.py,3,3,6,0,0
e27d1b83330d0520f87a7d1da1818e4dcb2add02,Thomas Grainger,GitHub,2023-01-02 12:53:30+00:00,2023-01-02T12:53:30Z,replace pytest-asyncio and pytest-trio with anyio (#2512),False,1,test_proxies.py,tests/client/test_proxies.py,1,1,2,0,0
e27d1b83330d0520f87a7d1da1818e4dcb2add02,Thomas Grainger,GitHub,2023-01-02 12:53:30+00:00,2023-01-02T12:53:30Z,replace pytest-asyncio and pytest-trio with anyio (#2512),False,1,test_redirects.py,tests/client/test_redirects.py,3,3,6,0,1
e27d1b83330d0520f87a7d1da1818e4dcb2add02,Thomas Grainger,GitHub,2023-01-02 12:53:30+00:00,2023-01-02T12:53:30Z,replace pytest-asyncio and pytest-trio with anyio (#2512),False,1,conftest.py,tests/conftest.py,0,24,24,0,0
e27d1b83330d0520f87a7d1da1818e4dcb2add02,Thomas Grainger,GitHub,2023-01-02 12:53:30+00:00,2023-01-02T12:53:30Z,replace pytest-asyncio and pytest-trio with anyio (#2512),False,1,test_requests.py,tests/models/test_requests.py,2,2,4,0,0
e27d1b83330d0520f87a7d1da1818e4dcb2add02,Thomas Grainger,GitHub,2023-01-02 12:53:30+00:00,2023-01-02T12:53:30Z,replace pytest-asyncio and pytest-trio with anyio (#2512),False,1,test_asgi.py,tests/test_asgi.py,10,10,20,0,0
e27d1b83330d0520f87a7d1da1818e4dcb2add02,Thomas Grainger,GitHub,2023-01-02 12:53:30+00:00,2023-01-02T12:53:30Z,replace pytest-asyncio and pytest-trio with anyio (#2512),False,1,test_utils.py,tests/test_utils.py,3,3,6,0,0
e27d1b83330d0520f87a7d1da1818e4dcb2add02,Thomas Grainger,GitHub,2023-01-02 12:53:30+00:00,2023-01-02T12:53:30Z,replace pytest-asyncio and pytest-trio with anyio (#2512),False,1,test_timeouts.py,tests/test_timeouts.py,4,4,8,0,1
e27d1b83330d0520f87a7d1da1818e4dcb2add02,Thomas Grainger,GitHub,2023-01-02 12:53:30+00:00,2023-01-02T12:53:30Z,replace pytest-asyncio and pytest-trio with anyio (#2512),False,1,test_responses.py,tests/models/test_responses.py,17,17,34,0,0
e27d1b83330d0520f87a7d1da1818e4dcb2add02,Thomas Grainger,GitHub,2023-01-02 12:53:30+00:00,2023-01-02T12:53:30Z,replace pytest-asyncio and pytest-trio with anyio (#2512),False,1,test_content.py,tests/test_content.py,19,19,38,0,0
e27d1b83330d0520f87a7d1da1818e4dcb2add02,Thomas Grainger,GitHub,2023-01-02 12:53:30+00:00,2023-01-02T12:53:30Z,replace pytest-asyncio and pytest-trio with anyio (#2512),False,1,test_decoders.py,tests/test_decoders.py,3,3,6,0,0
bddd774ce065f3442c1f46af1db5b85b1bfb7613,Michael Adkins,GitHub,2023-01-04 09:23:32+00:00,2023-01-04T09:23:32Z,"Revert ""Raise `TypeError` on invalid query params. (#2523)"" (#2539)",False,1,test_queryparams.py,tests/models/test_queryparams.py,0,7,7,0,0
bddd774ce065f3442c1f46af1db5b85b1bfb7613,Michael Adkins,GitHub,2023-01-04 09:23:32+00:00,2023-01-04T09:23:32Z,"Revert ""Raise `TypeError` on invalid query params. (#2523)"" (#2539)",False,1,_utils.py,httpx/_utils.py,1,5,6,0,0
08a557e3e2b9220b90ee21238e316206ffa65d36,Tom Christie,GitHub,2023-01-04 09:39:43+00:00,2023-01-04T09:39:43Z,Version 0.23.3 (#2540),False,1,__version__.py,httpx/__version__.py,1,1,2,0,0
57daabf673705954afa94686c0002801c93d31f3,Tom Christie,GitHub,2023-01-10 10:36:15+00:00,2023-01-10T10:36:15Z,Drop `rfc3986` requirement. (#2252),False,1,test_urlparse.py,tests/test_urlparse.py,232,0,232,0,0
57daabf673705954afa94686c0002801c93d31f3,Tom Christie,GitHub,2023-01-10 10:36:15+00:00,2023-01-10T10:36:15Z,Drop `rfc3986` requirement. (#2252),False,1,test_asgi.py,tests/test_asgi.py,1,1,2,0,1
57daabf673705954afa94686c0002801c93d31f3,Tom Christie,GitHub,2023-01-10 10:36:15+00:00,2023-01-10T10:36:15Z,Drop `rfc3986` requirement. (#2252),False,1,test_url.py,tests/models/test_url.py,12,40,52,0,0
57daabf673705954afa94686c0002801c93d31f3,Tom Christie,GitHub,2023-01-10 10:36:15+00:00,2023-01-10T10:36:15Z,Drop `rfc3986` requirement. (#2252),False,1,_urls.py,httpx/_urls.py,79,211,290,0,0
57daabf673705954afa94686c0002801c93d31f3,Tom Christie,GitHub,2023-01-10 10:36:15+00:00,2023-01-10T10:36:15Z,Drop `rfc3986` requirement. (#2252),False,1,_urlparse.py,httpx/_urlparse.py,435,0,435,0,0
a6af45edac51dce888e1e1f0ebf344f126a1c66c,Tom Christie,GitHub,2023-01-10 11:16:09+00:00,2023-01-10T11:16:09Z,Use '%20' for encoding spaces in query parameters. (#2543),False,1,_urlparse.py,httpx/_urlparse.py,16,0,16,0,0
a6af45edac51dce888e1e1f0ebf344f126a1c66c,Tom Christie,GitHub,2023-01-10 11:16:09+00:00,2023-01-10T11:16:09Z,Use '%20' for encoding spaces in query parameters. (#2543),False,1,_urls.py,httpx/_urls.py,9,2,11,0,0
a6af45edac51dce888e1e1f0ebf344f126a1c66c,Tom Christie,GitHub,2023-01-10 11:16:09+00:00,2023-01-10T11:16:09Z,Use '%20' for encoding spaces in query parameters. (#2543),False,1,test_url.py,tests/models/test_url.py,16,0,16,0,0
7947b56076db933079ec0c33d1f81406e33008e7,Tom Christie,GitHub,2023-01-10 11:23:14+00:00,2023-01-10T11:23:14Z,Drop private import of 'encode_request' in test_multipart (#2525),False,1,test_multipart.py,tests/test_multipart.py,161,161,322,0,1
59914c7690573d5f9b17bce4172405294cb08278,Tom Christie,GitHub,2023-01-12 11:27:46+00:00,2023-01-12T11:27:46Z,Add `NetRCAuth()` class. (#2535),False,1,test_utils.py,tests/test_utils.py,1,21,22,0,0
59914c7690573d5f9b17bce4172405294cb08278,Tom Christie,GitHub,2023-01-12 11:27:46+00:00,2023-01-12T11:27:46Z,Add `NetRCAuth()` class. (#2535),False,1,.netrc-nopassword,tests/fixtures/.netrc-nopassword,2,0,2,0,0
59914c7690573d5f9b17bce4172405294cb08278,Tom Christie,GitHub,2023-01-12 11:27:46+00:00,2023-01-12T11:27:46Z,Add `NetRCAuth()` class. (#2535),False,1,test_properties.py,tests/client/test_properties.py,8,0,8,0,0
59914c7690573d5f9b17bce4172405294cb08278,Tom Christie,GitHub,2023-01-12 11:27:46+00:00,2023-01-12T11:27:46Z,Add `NetRCAuth()` class. (#2535),False,1,test_auth.py,tests/client/test_auth.py,55,28,83,0,1
59914c7690573d5f9b17bce4172405294cb08278,Tom Christie,GitHub,2023-01-12 11:27:46+00:00,2023-01-12T11:27:46Z,Add `NetRCAuth()` class. (#2535),False,1,_utils.py,httpx/_utils.py,0,32,32,0,0
59914c7690573d5f9b17bce4172405294cb08278,Tom Christie,GitHub,2023-01-12 11:27:46+00:00,2023-01-12T11:27:46Z,Add `NetRCAuth()` class. (#2535),False,1,_client.py,httpx/_client.py,0,7,7,0,1
59914c7690573d5f9b17bce4172405294cb08278,Tom Christie,GitHub,2023-01-12 11:27:46+00:00,2023-01-12T11:27:46Z,Add `NetRCAuth()` class. (#2535),False,1,_auth.py,httpx/_auth.py,29,0,29,0,1
59914c7690573d5f9b17bce4172405294cb08278,Tom Christie,GitHub,2023-01-12 11:27:46+00:00,2023-01-12T11:27:46Z,Add `NetRCAuth()` class. (#2535),False,1,__init__.py,httpx/__init__.py,2,1,3,0,0
7488b15226263dbd06565d4e577fc6e339c1ef64,Florimond Manca,GitHub,2023-02-09 00:35:52+00:00,2023-02-08T19:35:52-05:00,Drop private imports from test_exceptions.py (#2571),False,1,test_exceptions.py,tests/test_exceptions.py,23,52,75,0,0
7488b15226263dbd06565d4e577fc6e339c1ef64,Florimond Manca,GitHub,2023-02-09 00:35:52+00:00,2023-02-08T19:35:52-05:00,Drop private imports from test_exceptions.py (#2571),False,1,conftest.py,tests/conftest.py,1,1,2,0,0
78d381fc7dac75589f275ca1e6b53df094759d38,Florimond Manca,GitHub,2023-02-09 15:50:09+00:00,2023-02-09T15:50:09Z,Drop private imports from test_main.py (#2574),False,1,test_main.py,tests/test_main.py,11,16,27,0,0
ef06f7d07661d6c71f807ae0269f1dab54bd7d8d,Florimond Manca,GitHub,2023-02-09 15:54:53+00:00,2023-02-09T15:54:53Z,Drop private imports in tests/conftest.py (#2569),False,1,conftest.py,tests/conftest.py,18,16,34,0,0
18e0ae45caf3b484a8b367cafc0d52e760523ef7,Florimond Manca,GitHub,2023-02-09 16:00:27+00:00,2023-02-09T16:00:27Z,Drop private imports from test_exported_members.py (#2573),False,1,test_exported_members.py,tests/test_exported_members.py,1,2,3,0,0
f0fd91925bc8663b4ec3635c302aa07fe5f8e72e,Adrian Garcia Badaracco,GitHub,2023-02-09 16:05:07+00:00,2023-02-09T16:05:07Z,fix type annotation for MockTransport (#2581),False,1,test_auth.py,tests/client/test_auth.py,1,1,2,1,0
f0fd91925bc8663b4ec3635c302aa07fe5f8e72e,Adrian Garcia Badaracco,GitHub,2023-02-09 16:05:07+00:00,2023-02-09T16:05:07Z,fix type annotation for MockTransport (#2581),False,1,test_async_client.py,tests/client/test_async_client.py,1,1,2,1,1
f0fd91925bc8663b4ec3635c302aa07fe5f8e72e,Adrian Garcia Badaracco,GitHub,2023-02-09 16:05:07+00:00,2023-02-09T16:05:07Z,fix type annotation for MockTransport (#2581),False,1,mock.py,httpx/_transports/mock.py,9,5,14,1,0
f0fd91925bc8663b4ec3635c302aa07fe5f8e72e,Adrian Garcia Badaracco,GitHub,2023-02-09 16:05:07+00:00,2023-02-09T16:05:07Z,fix type annotation for MockTransport (#2581),False,1,test_redirects.py,tests/client/test_redirects.py,1,1,2,1,0
5a3603726a1b77068b06f9c4e5328e6ba7fa42c1,florimondmanca,florimondmanca,2023-02-12 23:25:23+00:00,2023-02-13T00:25:23+01:00,Fix unclosed generator on trio,False,1,test_client.py,tests/client/test_client.py,13,0,13,1,0
5a3603726a1b77068b06f9c4e5328e6ba7fa42c1,florimondmanca,florimondmanca,2023-02-12 23:25:23+00:00,2023-02-13T00:25:23+01:00,Fix unclosed generator on trio,False,1,test_async_client.py,tests/client/test_async_client.py,29,0,29,1,0
5a3603726a1b77068b06f9c4e5328e6ba7fa42c1,florimondmanca,florimondmanca,2023-02-12 23:25:23+00:00,2023-02-13T00:25:23+01:00,Fix unclosed generator on trio,False,1,default.py,httpx/_transports/default.py,6,4,10,1,0
5a3603726a1b77068b06f9c4e5328e6ba7fa42c1,florimondmanca,florimondmanca,2023-02-12 23:25:23+00:00,2023-02-13T00:25:23+01:00,Fix unclosed generator on trio,False,1,_models.py,httpx/_models.py,26,22,48,1,0
5a3603726a1b77068b06f9c4e5328e6ba7fa42c1,florimondmanca,florimondmanca,2023-02-12 23:25:23+00:00,2023-02-13T00:25:23+01:00,Fix unclosed generator on trio,False,1,_client.py,httpx/_client.py,2,3,5,1,0
8afd29a8ceaa01112250c2462cb94cbe97857cc2,florimondmanca,florimondmanca,2023-02-13 00:02:58+00:00,2023-02-13T01:15:59+01:00,Use httpcore PR,False,1,_models.py,httpx/_models.py,1,1,2,0,1
a934c36a859cd5cf6eac19cd8b76d60aaac7109a,Florimond Manca,GitHub,2023-02-15 14:43:19+00:00,2023-02-15T14:43:19Z,Drop private imports from test_urlparse.py (#2572),False,1,test_urlparse.py,tests/test_urlparse.py,45,46,91,0,1
a934c36a859cd5cf6eac19cd8b76d60aaac7109a,Florimond Manca,GitHub,2023-02-15 14:43:19+00:00,2023-02-15T14:43:19Z,Drop private imports from test_urlparse.py (#2572),False,1,_urlparse.py,httpx/_urlparse.py,0,12,12,0,1
6779fae5eeab56575358c47e30e7d3913a09c18b,dependabot[bot],GitHub,2023-03-01 17:53:54+00:00,2023-03-01T11:53:54-06:00,Bump mypy from 0.982 to 1.0.1 (#2611),False,1,default.py,httpx/_transports/default.py,2,2,4,0,0
6779fae5eeab56575358c47e30e7d3913a09c18b,dependabot[bot],GitHub,2023-03-01 17:53:54+00:00,2023-03-01T11:53:54-06:00,Bump mypy from 0.982 to 1.0.1 (#2611),False,1,_content.py,httpx/_content.py,4,5,9,0,0
c5e9c82c909d14884e1616a7a25ec44cf0694e98,bpoirriez,GitHub,2023-03-13 12:06:21+00:00,2023-03-13T12:06:21Z,Add sslcontext to the asynclient docstring (#2609),False,1,_client.py,httpx/_client.py,2,1,3,0,0
0fc9009b90534d95c1ea1848a0463abbb6cc619f,Tom Christie,GitHub,2023-03-15 10:07:09+00:00,2023-03-15T10:07:09Z,Update _client.py,False,1,_client.py,httpx/_client.py,1,1,2,0,0
e486fbceea7a933baa4b52852681f9c6ac80ac96,Tom Christie,GitHub,2023-03-15 10:11:01+00:00,2023-03-15T10:11:01Z,Update _client.py,False,1,_client.py,httpx/_client.py,1,1,2,0,0
85c5898d8e48011ab7b660fe8aac58910e45c84b,Gianni Tedesco,GitHub,2023-03-16 14:29:15+00:00,2023-03-16T14:29:15Z,"Change LineDecoder to match stdlib splitlines, resulting in significant speed up (#2423)",False,1,test_decoders.py,tests/test_decoders.py,14,14,28,0,0
85c5898d8e48011ab7b660fe8aac58910e45c84b,Gianni Tedesco,GitHub,2023-03-16 14:29:15+00:00,2023-03-16T14:29:15Z,"Change LineDecoder to match stdlib splitlines, resulting in significant speed up (#2423)",False,1,test_responses.py,tests/models/test_responses.py,2,2,4,0,0
85c5898d8e48011ab7b660fe8aac58910e45c84b,Gianni Tedesco,GitHub,2023-03-16 14:29:15+00:00,2023-03-16T14:29:15Z,"Change LineDecoder to match stdlib splitlines, resulting in significant speed up (#2423)",False,1,_decoders.py,httpx/_decoders.py,41,51,92,0,0
f1157dbc4102ac8e227a0a0bb12a877f592eff58,Tom Christie,GitHub,2023-03-20 11:30:11+00:00,2023-03-20T11:30:11Z,Use standard logging style (#2547),False,1,utils.py,tests/utils.py,0,21,21,0,0
f1157dbc4102ac8e227a0a0bb12a877f592eff58,Tom Christie,GitHub,2023-03-20 11:30:11+00:00,2023-03-20T11:30:11Z,Use standard logging style (#2547),False,1,test_utils.py,tests/test_utils.py,55,37,92,0,1
f1157dbc4102ac8e227a0a0bb12a877f592eff58,Tom Christie,GitHub,2023-03-20 11:30:11+00:00,2023-03-20T11:30:11Z,Use standard logging style (#2547),False,1,_utils.py,httpx/_utils.py,0,46,46,0,1
f1157dbc4102ac8e227a0a0bb12a877f592eff58,Tom Christie,GitHub,2023-03-20 11:30:11+00:00,2023-03-20T11:30:11Z,Use standard logging style (#2547),False,1,_config.py,httpx/_config.py,15,12,27,0,0
f1157dbc4102ac8e227a0a0bb12a877f592eff58,Tom Christie,GitHub,2023-03-20 11:30:11+00:00,2023-03-20T11:30:11Z,Use standard logging style (#2547),False,1,_client.py,httpx/_client.py,9,6,15,0,0
daec2bdcdb96b8ce36dd12bb534ec16851937f44,Marcelo Trylesinski,GitHub,2023-04-05 10:37:10+00:00,2023-04-05T12:37:10+02:00,"Use ruff instead of flake8, autoflake and isort (#2648)",False,1,_urls.py,httpx/_urls.py,1,2,3,0,1
daec2bdcdb96b8ce36dd12bb534ec16851937f44,Marcelo Trylesinski,GitHub,2023-04-05 10:37:10+00:00,2023-04-05T12:37:10+02:00,"Use ruff instead of flake8, autoflake and isort (#2648)",False,1,check,scripts/check,1,2,3,0,1
daec2bdcdb96b8ce36dd12bb534ec16851937f44,Marcelo Trylesinski,GitHub,2023-04-05 10:37:10+00:00,2023-04-05T12:37:10+02:00,"Use ruff instead of flake8, autoflake and isort (#2648)",False,1,test_async_client.py,tests/client/test_async_client.py,1,1,2,0,0
daec2bdcdb96b8ce36dd12bb534ec16851937f44,Marcelo Trylesinski,GitHub,2023-04-05 10:37:10+00:00,2023-04-05T12:37:10+02:00,"Use ruff instead of flake8, autoflake and isort (#2648)",False,1,lint,scripts/lint,1,2,3,0,0
daec2bdcdb96b8ce36dd12bb534ec16851937f44,Marcelo Trylesinski,GitHub,2023-04-05 10:37:10+00:00,2023-04-05T12:37:10+02:00,"Use ruff instead of flake8, autoflake and isort (#2648)",False,1,test_responses.py,tests/models/test_responses.py,3,3,6,0,0
daec2bdcdb96b8ce36dd12bb534ec16851937f44,Marcelo Trylesinski,GitHub,2023-04-05 10:37:10+00:00,2023-04-05T12:37:10+02:00,"Use ruff instead of flake8, autoflake and isort (#2648)",False,1,test_wsgi.py,tests/test_wsgi.py,1,1,2,0,0
daec2bdcdb96b8ce36dd12bb534ec16851937f44,Marcelo Trylesinski,GitHub,2023-04-05 10:37:10+00:00,2023-04-05T12:37:10+02:00,"Use ruff instead of flake8, autoflake and isort (#2648)",False,1,test_requests.py,tests/models/test_requests.py,3,3,6,0,0
daec2bdcdb96b8ce36dd12bb534ec16851937f44,Marcelo Trylesinski,GitHub,2023-04-05 10:37:10+00:00,2023-04-05T12:37:10+02:00,"Use ruff instead of flake8, autoflake and isort (#2648)",False,1,test_exceptions.py,tests/test_exceptions.py,1,1,2,0,0
579a3f2fb8e1ebd151b8f3a6c1e9bc6dedf5f5bd,Tom Christie,GitHub,2023-04-11 10:00:02+00:00,2023-04-11T11:00:02+01:00,Version 0.24.0 (#2652),False,1,__version__.py,httpx/__version__.py,1,1,2,0,0
4b5a92e88e03443c2619f0905d756b159f9f0222,Piotr Staroszczyk,GitHub,2023-04-12 14:53:11+00:00,2023-04-12T15:53:11+01:00,set logging request lines to INFO level for async method also (#2656),False,1,_client.py,httpx/_client.py,7,4,11,0,0
c1cc6b2462e95b84315c67bd5aefb33df73d06c4,Alex Prengère,GitHub,2023-04-18 09:03:01+00:00,2023-04-18T10:03:01+01:00,Fixes #2666: None is the default value of file for httpx.NetRCAuth (#2667),False,1,_auth.py,httpx/_auth.py,1,1,2,1,0
15d09a3bbc20372cd87e48f17f7c9381c8220a0f,Jiayun Shen,GitHub,2023-04-19 12:14:37+00:00,2023-04-19T13:14:37+01:00,"fix: NO_PROXY should support IPv4, IPv6 and localhost (#2659)",False,1,test_utils.py,tests/test_utils.py,6,0,6,1,0
15d09a3bbc20372cd87e48f17f7c9381c8220a0f,Jiayun Shen,GitHub,2023-04-19 12:14:37+00:00,2023-04-19T13:14:37+01:00,"fix: NO_PROXY should support IPv4, IPv6 and localhost (#2659)",False,1,_utils.py,httpx/_utils.py,27,1,28,1,1
9ae170a936df39f42a6ddf8eb2c27026e20bea7e,Tom Christie,GitHub,2023-04-19 12:21:42+00:00,2023-04-19T13:21:42+01:00,Fix optional percent encoding behaviour. (#2671),False,1,test_urlparse.py,tests/test_urlparse.py,18,0,18,1,0
9ae170a936df39f42a6ddf8eb2c27026e20bea7e,Tom Christie,GitHub,2023-04-19 12:21:42+00:00,2023-04-19T13:21:42+01:00,Fix optional percent encoding behaviour. (#2671),False,1,_urlparse.py,httpx/_urlparse.py,22,6,28,1,0
cca62060cb958e89078279e625a752aa0d02c40c,Florimond Manca,GitHub,2023-04-19 13:16:29+00:00,2023-04-19T14:16:29+01:00,Drop private imports from test_decoders.py (#2570),False,1,test_decoders.py,tests/test_decoders.py,32,103,135,0,0
cca62060cb958e89078279e625a752aa0d02c40c,Florimond Manca,GitHub,2023-04-19 13:16:29+00:00,2023-04-19T14:16:29+01:00,Drop private imports from test_decoders.py (#2570),False,1,test_responses.py,tests/models/test_responses.py,11,2,13,0,1
26dc39213a2520f86b9b4e36bfa2eb2974116d5b,Tom Christie,GitHub,2023-04-20 11:17:44+00:00,2023-04-20T12:17:44+01:00,Additional context in InvalidURL exceptions (#2675),False,1,test_urlparse.py,tests/test_urlparse.py,4,4,8,0,1
26dc39213a2520f86b9b4e36bfa2eb2974116d5b,Tom Christie,GitHub,2023-04-20 11:17:44+00:00,2023-04-20T12:17:44+01:00,Additional context in InvalidURL exceptions (#2675),False,1,_urlparse.py,httpx/_urlparse.py,4,4,8,0,1
472597fb6b63fc112f2e6ab52bab871a10b08929,Leon Kuchenbecker,GitHub,2023-04-20 11:52:44+00:00,2023-04-20T12:52:44+01:00,More robust check for upload files in binary mode (#2630),False,1,_multipart.py,httpx/_multipart.py,4,4,8,0,0
32e25497a36e6222cc64a758c98275b450dac28d,Amin Alaee,GitHub,2023-04-26 07:34:33+00:00,2023-04-26T09:34:33+02:00,Fix ruff error and script (#2680),False,1,check,scripts/check,1,1,2,1,0
32e25497a36e6222cc64a758c98275b450dac28d,Amin Alaee,GitHub,2023-04-26 07:34:33+00:00,2023-04-26T09:34:33+02:00,Fix ruff error and script (#2680),False,1,_utils.py,httpx/_utils.py,2,2,4,1,1
ee432c0d3098375df258b6d5844e7569080b2369,Tom Christie,GitHub,2023-05-09 13:20:12+00:00,2023-05-09T14:20:12+01:00,Fix for gen-delims escaping behaviour in path/query/fragment (#2701),False,1,test_urlparse.py,tests/test_urlparse.py,30,0,30,1,0
ee432c0d3098375df258b6d5844e7569080b2369,Tom Christie,GitHub,2023-05-09 13:20:12+00:00,2023-05-09T14:20:12+01:00,Fix for gen-delims escaping behaviour in path/query/fragment (#2701),False,1,_urlparse.py,httpx/_urlparse.py,10,3,13,1,0
fcf1bc73dbe13bc61d18a6e998237a5021d3341c,epenet,GitHub,2023-05-18 11:03:21+00:00,2023-05-18T12:03:21+01:00,Version 0.24.1 (#2702),False,1,__version__.py,httpx/__version__.py,1,1,2,0,0
abb994c0c24b4899f1f7a39e460ef8572f7e4431,Peter Lazorchak,GitHub,2023-05-19 10:38:18+00:00,2023-05-19T11:38:18+01:00,Ensure all WSGITransport environs have a SERVER_PROTOCOL (#2708),False,1,test_wsgi.py,tests/test_wsgi.py,17,0,17,0,0
abb994c0c24b4899f1f7a39e460ef8572f7e4431,Peter Lazorchak,GitHub,2023-05-19 10:38:18+00:00,2023-05-19T11:38:18+01:00,Ensure all WSGITransport environs have a SERVER_PROTOCOL (#2708),False,1,wsgi.py,httpx/_transports/wsgi.py,1,0,1,0,0
a682f6f1c7f1c5e10c66ae5bef139aea37ef0c4e,Nik,GitHub,2023-05-21 00:17:23+00:00,2023-05-21T01:17:23+01:00,Fix exception suppression in asgi transport (#2669),False,1,test_asgi.py,tests/test_asgi.py,10,0,10,1,0
a682f6f1c7f1c5e10c66ae5bef139aea37ef0c4e,Nik,GitHub,2023-05-21 00:17:23+00:00,2023-05-21T01:17:23+01:00,Fix exception suppression in asgi transport (#2669),False,1,asgi.py,httpx/_transports/asgi.py,7,1,8,1,0
733595037ac26d272f74ee6d702150b017913d11,Karen Petrosyan,GitHub,2023-05-24 08:42:39+00:00,2023-05-24T11:42:39+03:00,Add `socket_options` argument to `httpx.HTTPTransport` class (#2716),False,1,default.py,httpx/_transports/default.py,12,0,12,0,0
301b8fb03a81447c5b5ab1ca991202e10826fbda,Karen Petrosyan,GitHub,2023-06-08 12:32:18+00:00,2023-06-08T15:32:18+03:00,Fix URLPattern examples (#2740),False,1,_utils.py,httpx/_utils.py,2,2,4,1,0
920333ea98118e9cf617f246905d7b202510941c,Zanie Adkins,GitHub,2023-06-09 09:06:56+00:00,2023-06-09T10:06:56+01:00,Always encode forward slashes as `%2F` in query parameters (#2723),False,1,_urlparse.py,httpx/_urlparse.py,10,8,18,0,1
920333ea98118e9cf617f246905d7b202510941c,Zanie Adkins,GitHub,2023-06-09 09:06:56+00:00,2023-06-09T10:06:56+01:00,Always encode forward slashes as `%2F` in query parameters (#2723),False,1,test_urlparse.py,tests/test_urlparse.py,3,3,6,0,1
920333ea98118e9cf617f246905d7b202510941c,Zanie Adkins,GitHub,2023-06-09 09:06:56+00:00,2023-06-09T10:06:56+01:00,Always encode forward slashes as `%2F` in query parameters (#2723),False,1,test_url.py,tests/models/test_url.py,2,2,4,0,0
18d7721c385bd06516d91b3e6e8c55c8af9ca7b6,Zanie,GitHub,2023-07-13 20:17:07+00:00,2023-07-13T15:17:07-05:00,Use Mozilla documentation instead of `httpstatuses.com` for HTTP error reference (#2768),False,1,_models.py,httpx/_models.py,2,2,4,1,0
18d7721c385bd06516d91b3e6e8c55c8af9ca7b6,Zanie,GitHub,2023-07-13 20:17:07+00:00,2023-07-13T15:17:07-05:00,Use Mozilla documentation instead of `httpstatuses.com` for HTTP error reference (#2768),False,1,test_responses.py,tests/models/test_responses.py,4,4,8,1,1
9415af643f23600403740baad0a466edc5cdbec1,Trim21,GitHub,2023-08-01 09:22:58+00:00,2023-08-01T10:22:58+01:00,Make `raise_for_status` chainable (#2776),False,1,test_client.py,tests/client/test_client.py,1,1,2,0,0
9415af643f23600403740baad0a466edc5cdbec1,Trim21,GitHub,2023-08-01 09:22:58+00:00,2023-08-01T10:22:58+01:00,Make `raise_for_status` chainable (#2776),False,1,test_async_client.py,tests/client/test_async_client.py,1,1,2,0,0
9415af643f23600403740baad0a466edc5cdbec1,Trim21,GitHub,2023-08-01 09:22:58+00:00,2023-08-01T10:22:58+01:00,Make `raise_for_status` chainable (#2776),False,1,_models.py,httpx/_models.py,2,2,4,0,0
76c9cb65f2a159adb764c2236d139f85b46e1506,Trim21,GitHub,2023-08-07 16:47:48+00:00,2023-08-07T18:47:48+02:00,remove unnecessary black argument (#2817),False,1,lint,scripts/lint,2,2,4,0,0
76c9cb65f2a159adb764c2236d139f85b46e1506,Trim21,GitHub,2023-08-07 16:47:48+00:00,2023-08-07T18:47:48+02:00,remove unnecessary black argument (#2817),False,1,check,scripts/check,1,1,2,0,0
b40c04dfa604db0a5f9b48c12268c0a0c63c71d2,Iurii Pliner,GitHub,2023-08-09 09:02:28+00:00,2023-08-09T10:02:28+01:00,Drop support for Python 3.7 (#2813),False,1,test_config.py,tests/test_config.py,11,14,25,0,1
b40c04dfa604db0a5f9b48c12268c0a0c63c71d2,Iurii Pliner,GitHub,2023-08-09 09:02:28+00:00,2023-08-09T10:02:28+01:00,Drop support for Python 3.7 (#2813),False,1,_compat.py,httpx/_compat.py,1,1,2,0,0
e874351f04471029b2c5dcb2d0b50baccc7b9bc0,Kalle Møller,GitHub,2023-09-07 09:24:49+00:00,2023-09-07T10:24:49+01:00,Update _models.py (#2840),False,1,_models.py,httpx/_models.py,1,1,2,0,1
adbcd0e0e7fcb174ce60772c7d6104b8b9d329ca,Kar Petrosyan,GitHub,2023-09-11 06:29:22+00:00,2023-09-11T09:29:22+03:00,Change extensions type (#2803),False,1,_types.py,httpx/_types.py,3,2,5,0,0
a54ecccd5b7e61b29ec13df45ecc0b82a2c168bb,Kar Petrosyan,GitHub,2023-09-11 09:56:01+00:00,2023-09-11T10:56:01+01:00,HTTPS proxies support (#2845),False,1,default.py,httpx/_transports/default.py,1,0,1,0,0
a54ecccd5b7e61b29ec13df45ecc0b82a2c168bb,Kar Petrosyan,GitHub,2023-09-11 09:56:01+00:00,2023-09-11T10:56:01+01:00,HTTPS proxies support (#2845),False,1,_config.py,httpx/_config.py,2,0,2,0,0
c3585a5ccfa57bec653f3846b8625a27d11dcd5e,Trim21,GitHub,2023-09-11 10:13:24+00:00,2023-09-11T11:13:24+01:00,Version 0.25.0 (#2801),False,1,__version__.py,httpx/__version__.py,1,1,2,0,0
88e84314378b31336027363af862619c519a4a3a,Musale Martin,GitHub,2023-09-15 09:52:11+00:00,2023-09-15T10:52:11+01:00,Add cookies to the retried request when performing digest authentication. (#2846),False,1,test_auth.py,tests/test_auth.py,41,2,43,0,1
88e84314378b31336027363af862619c519a4a3a,Musale Martin,GitHub,2023-09-15 09:52:11+00:00,2023-09-15T10:52:11+01:00,Add cookies to the retried request when performing digest authentication. (#2846),False,1,_auth.py,httpx/_auth.py,3,1,4,0,0
e4241c6155c8a85789566b8fe10fa2291eea20f4,Y.D.X,GitHub,2023-09-16 20:58:56+00:00,2023-09-16T21:58:56+01:00,Drop private imports from test_proxies.py (#2850),False,1,test_proxies.py,tests/client/test_proxies.py,4,4,8,0,0
59df8190a4c72c58238dda315ad446f1c132dcdc,xzmeng,GitHub,2023-09-19 07:54:32+00:00,2023-09-19T08:54:32+01:00,Raise ValueError on `Response.encoding` being set after `Response.text` has been accessed (#2852),False,1,_models.py,httpx/_models.py,10,0,10,1,0
59df8190a4c72c58238dda315ad446f1c132dcdc,xzmeng,GitHub,2023-09-19 07:54:32+00:00,2023-09-19T08:54:32+01:00,Raise ValueError on `Response.encoding` being set after `Response.text` has been accessed (#2852),False,1,test_responses.py,tests/models/test_responses.py,17,0,17,1,0
0dd72fce4ab1abd62ebf5a1f60f97492bd14f0e6,Tom Christie,Tom Christie,2023-09-20 08:46:39+00:00,2023-09-20T09:46:39+01:00,Make async dependencies optional.,False,1,_utils.py,httpx/_utils.py,2,19,21,0,0
0dd72fce4ab1abd62ebf5a1f60f97492bd14f0e6,Tom Christie,Tom Christie,2023-09-20 08:46:39+00:00,2023-09-20T09:46:39+01:00,Make async dependencies optional.,False,1,default.py,httpx/_transports/default.py,8,1,9,0,0
0dd72fce4ab1abd62ebf5a1f60f97492bd14f0e6,Tom Christie,Tom Christie,2023-09-20 08:46:39+00:00,2023-09-20T09:46:39+01:00,Make async dependencies optional.,False,1,asgi.py,httpx/_transports/asgi.py,2,2,4,0,0
7c9db49f0c6c454fa6d0d7bdbd0d71c0a0cbacfd,Hugo van Kemenade,GitHub,2023-09-21 14:35:56+00:00,2023-09-21T15:35:56+01:00,Add support for Python 3.12 (#2854),False,1,_config.py,httpx/_config.py,7,10,17,0,0
7c9db49f0c6c454fa6d0d7bdbd0d71c0a0cbacfd,Hugo van Kemenade,GitHub,2023-09-21 14:35:56+00:00,2023-09-21T15:35:56+01:00,Add support for Python 3.12 (#2854),False,1,_compat.py,httpx/_compat.py,1,3,4,0,0
e63b6594f2863b7c8274eb0991ebc6cad63661f7,robinaly,GitHub,2023-10-10 11:03:47+00:00,2023-10-10T12:03:47+01:00,Fix encode host (#2886),False,1,test_urlparse.py,tests/test_urlparse.py,6,0,6,1,0
e63b6594f2863b7c8274eb0991ebc6cad63661f7,robinaly,GitHub,2023-10-10 11:03:47+00:00,2023-10-10T12:03:47+01:00,Fix encode host (#2886),False,1,_urlparse.py,httpx/_urlparse.py,1,1,2,1,1
101924d8d85b6babc83cbec891d6b8b9288079ca,Tom Christie,Tom Christie,2023-10-19 09:43:21+00:00,2023-10-19T10:43:21+01:00,Limit which text codecs are supported,False,1,_utils.py,httpx/_utils.py,15,0,15,0,0
6366bb8993af75faf4f1fe9c2daa90d457d09644,Tom Christie,Tom Christie,2023-10-19 10:06:04+00:00,2023-10-19T11:06:04+01:00,Linting,False,1,_utils.py,httpx/_utils.py,38,2,40,0,0
8e8ef6e9c62ae9c88299cfc459fef343969999e7,Tom Christie,Tom Christie,2023-10-19 10:19:52+00:00,2023-10-19T11:19:52+01:00,Use set instead of list,False,1,_utils.py,httpx/_utils.py,2,2,4,0,1
cff58c91dbee17701e37a175c6be6cdde8a573ec,Tom Christie,Tom Christie,2023-10-19 11:23:39+00:00,2023-10-19T12:23:39+01:00,Supported text codecs should handle available aliases,False,1,_utils.py,httpx/_utils.py,45,50,95,1,0
91a11cf8c28ff541bfd00ce9dca08fffa3e56688,Tom Christie,Tom Christie,2023-10-19 11:28:27+00:00,2023-10-19T12:28:27+01:00,Update comment,False,1,_utils.py,httpx/_utils.py,4,3,7,0,0
fab863679016c6c3134e53ec0674fe106571811c,Tom Christie,Tom Christie,2023-10-19 11:30:03+00:00,2023-10-19T12:30:03+01:00,Linting,False,1,_utils.py,httpx/_utils.py,1,1,2,0,0
6d4ca0b48b1796bf704fe777e0e6a10e6b068058,Tom Christie,Tom Christie,2023-10-19 11:38:07+00:00,2023-10-19T12:38:07+01:00,Include the full set of supported UTF encodings,False,1,_utils.py,httpx/_utils.py,7,0,7,0,0
31a7bb381ac9f5d99e3e2dc68ffaff4b5d23faca,Mahmoud,GitHub,2023-10-25 07:29:20+00:00,2023-10-25T10:29:20+03:00,Delete js folder and remove extra_javascript (#2899),False,1,sidecar-1.5.0.js,docs/js/sidecar-1.5.0.js,0,6,6,0,0
31a7bb381ac9f5d99e3e2dc68ffaff4b5d23faca,Mahmoud,GitHub,2023-10-25 07:29:20+00:00,2023-10-25T10:29:20+03:00,Delete js folder and remove extra_javascript (#2899),False,1,chat.js,docs/js/chat.js,0,3,3,0,0
9751f76186c1c89d71baa571ebd4a5b6be76d117,Tom Christie,GitHub,2023-10-30 19:13:47+00:00,2023-10-30T19:13:47Z,Drop unneccessary `binascii` import (#2909),False,1,_multipart.py,httpx/_multipart.py,1,2,3,0,1
ad06741d1e0cfe4f5143c957c54f9a3fb8002e76,Tom Christie,GitHub,2023-10-30 20:07:42+00:00,2023-10-30T20:07:42Z,Lazily import 'netrc' module (#2910),False,1,_auth.py,httpx/_auth.py,4,1,5,0,0
1d73150c1f663757d63585aecfcb329d0ec00825,Tom Christie,GitHub,2023-10-31 10:10:16+00:00,2023-10-31T10:10:16Z,Cleanup response.json() method (#2911),False,1,test_utils.py,tests/test_utils.py,11,6,17,0,1
1d73150c1f663757d63585aecfcb329d0ec00825,Tom Christie,GitHub,2023-10-31 10:10:16+00:00,2023-10-31T10:10:16Z,Cleanup response.json() method (#2911),False,1,_utils.py,httpx/_utils.py,0,35,35,0,0
1d73150c1f663757d63585aecfcb329d0ec00825,Tom Christie,GitHub,2023-10-31 10:10:16+00:00,2023-10-31T10:10:16Z,Cleanup response.json() method (#2911),False,1,_models.py,httpx/_models.py,1,6,7,0,0
85669525675c20ca5f5875cce5d7995710c860ed,Tom Christie,Tom Christie,2023-10-31 10:16:14+00:00,2023-10-31T10:16:14Z,Drop unneccessary JSON encodings,False,1,_utils.py,httpx/_utils.py,0,7,7,0,0
1b7f39eb44304f76b5f402914a2d2fbf57dc24c6,Kar Petrosyan,GitHub,2023-11-02 11:48:53+00:00,2023-11-02T12:48:53+01:00,Use ruff format (#2901),False,1,lint,scripts/lint,1,1,2,0,0
1b7f39eb44304f76b5f402914a2d2fbf57dc24c6,Kar Petrosyan,GitHub,2023-11-02 11:48:53+00:00,2023-11-02T12:48:53+01:00,Use ruff format (#2901),False,1,check,scripts/check,1,1,2,0,0
1b7f39eb44304f76b5f402914a2d2fbf57dc24c6,Kar Petrosyan,GitHub,2023-11-02 11:48:53+00:00,2023-11-02T12:48:53+01:00,Use ruff format (#2901),False,1,default.py,httpx/_transports/default.py,1,1,2,0,0
b07d4e8ce40f730b5074abe36347b933f1b77814,Tom Christie,GitHub,2023-11-03 13:18:54+00:00,2023-11-03T13:18:54Z,Version 0.25.1 (#2923),False,1,__version__.py,httpx/__version__.py,1,1,2,0,0
f653b2f0cf5aea2a3ad179e5858f248e975d68f9,Michał Górny,GitHub,2023-11-10 15:07:05+00:00,2023-11-10T15:07:05Z,Inline Brotli samples in tests (#2935),False,1,test_decoders.py,tests/test_decoders.py,3,5,8,0,1
87f39f12c9ecdd0ebcd8d017235698e72567e9c7,Petr Belskiy,GitHub,2023-11-17 13:58:51+00:00,2023-11-17T17:58:51+04:00,add missing type hints to __init__(...) (#2938),False,1,_auth.py,httpx/_auth.py,2,2,4,0,1
87f39f12c9ecdd0ebcd8d017235698e72567e9c7,Petr Belskiy,GitHub,2023-11-17 13:58:51+00:00,2023-11-17T17:58:51+04:00,add missing type hints to __init__(...) (#2938),False,1,_client.py,httpx/_client.py,3,3,6,0,1
87f39f12c9ecdd0ebcd8d017235698e72567e9c7,Petr Belskiy,GitHub,2023-11-17 13:58:51+00:00,2023-11-17T17:58:51+04:00,add missing type hints to __init__(...) (#2938),False,1,_config.py,httpx/_config.py,4,4,8,0,0
87f39f12c9ecdd0ebcd8d017235698e72567e9c7,Petr Belskiy,GitHub,2023-11-17 13:58:51+00:00,2023-11-17T17:58:51+04:00,add missing type hints to __init__(...) (#2938),False,1,_content.py,httpx/_content.py,2,2,4,0,0
87f39f12c9ecdd0ebcd8d017235698e72567e9c7,Petr Belskiy,GitHub,2023-11-17 13:58:51+00:00,2023-11-17T17:58:51+04:00,add missing type hints to __init__(...) (#2938),False,1,_models.py,httpx/_models.py,3,3,6,0,1
87f39f12c9ecdd0ebcd8d017235698e72567e9c7,Petr Belskiy,GitHub,2023-11-17 13:58:51+00:00,2023-11-17T17:58:51+04:00,add missing type hints to __init__(...) (#2938),False,1,test_async_client.py,tests/client/test_async_client.py,1,1,2,0,0
87f39f12c9ecdd0ebcd8d017235698e72567e9c7,Petr Belskiy,GitHub,2023-11-17 13:58:51+00:00,2023-11-17T17:58:51+04:00,add missing type hints to __init__(...) (#2938),False,1,test_auth.py,tests/client/test_auth.py,1,1,2,0,1
87f39f12c9ecdd0ebcd8d017235698e72567e9c7,Petr Belskiy,GitHub,2023-11-17 13:58:51+00:00,2023-11-17T17:58:51+04:00,add missing type hints to __init__(...) (#2938),False,1,test_client.py,tests/client/test_client.py,1,1,2,0,0
87f39f12c9ecdd0ebcd8d017235698e72567e9c7,Petr Belskiy,GitHub,2023-11-17 13:58:51+00:00,2023-11-17T17:58:51+04:00,add missing type hints to __init__(...) (#2938),False,1,_decoders.py,httpx/_decoders.py,1,1,2,0,1
87f39f12c9ecdd0ebcd8d017235698e72567e9c7,Petr Belskiy,GitHub,2023-11-17 13:58:51+00:00,2023-11-17T17:58:51+04:00,add missing type hints to __init__(...) (#2938),False,1,default.py,httpx/_transports/default.py,2,2,4,0,1
cc206cf2dad42600479962ac1daaa44675cfaf56,Kar Petrosyan,GitHub,2023-11-24 12:33:18+00:00,2023-11-24T16:33:18+04:00,Version 0.25.2 (#2957),False,1,__version__.py,httpx/__version__.py,1,1,2,0,0
fd60b1815cf92354d097ac46aea63ebc0f34fd21,T-256,GitHub,2023-11-29 09:28:31+00:00,2023-11-29T13:28:31+04:00,Ruff linter: Use the default line-length (#2922),False,1,_multipart.py,httpx/_multipart.py,10,7,17,1,0
fd60b1815cf92354d097ac46aea63ebc0f34fd21,T-256,GitHub,2023-11-29 09:28:31+00:00,2023-11-29T13:28:31+04:00,Ruff linter: Use the default line-length (#2922),False,1,_client.py,httpx/_client.py,6,2,8,1,0
fd60b1815cf92354d097ac46aea63ebc0f34fd21,T-256,GitHub,2023-11-29 09:28:31+00:00,2023-11-29T13:28:31+04:00,Ruff linter: Use the default line-length (#2922),False,1,_decoders.py,httpx/_decoders.py,2,1,3,1,1
fd60b1815cf92354d097ac46aea63ebc0f34fd21,T-256,GitHub,2023-11-29 09:28:31+00:00,2023-11-29T13:28:31+04:00,Ruff linter: Use the default line-length (#2922),False,1,_exceptions.py,httpx/_exceptions.py,8,2,10,1,0
fd60b1815cf92354d097ac46aea63ebc0f34fd21,T-256,GitHub,2023-11-29 09:28:31+00:00,2023-11-29T13:28:31+04:00,Ruff linter: Use the default line-length (#2922),False,1,_main.py,httpx/_main.py,6,5,11,1,0
fd60b1815cf92354d097ac46aea63ebc0f34fd21,T-256,GitHub,2023-11-29 09:28:31+00:00,2023-11-29T13:28:31+04:00,Ruff linter: Use the default line-length (#2922),False,1,_models.py,httpx/_models.py,2,1,3,1,1
fd60b1815cf92354d097ac46aea63ebc0f34fd21,T-256,GitHub,2023-11-29 09:28:31+00:00,2023-11-29T13:28:31+04:00,Ruff linter: Use the default line-length (#2922),False,1,default.py,httpx/_transports/default.py,4,2,6,1,0
fd60b1815cf92354d097ac46aea63ebc0f34fd21,T-256,GitHub,2023-11-29 09:28:31+00:00,2023-11-29T13:28:31+04:00,Ruff linter: Use the default line-length (#2922),False,1,_urls.py,httpx/_urls.py,14,8,22,1,0
fd60b1815cf92354d097ac46aea63ebc0f34fd21,T-256,GitHub,2023-11-29 09:28:31+00:00,2023-11-29T13:28:31+04:00,Ruff linter: Use the default line-length (#2922),False,1,test_utils.py,tests/test_utils.py,2,1,3,1,1
fd60b1815cf92354d097ac46aea63ebc0f34fd21,T-256,GitHub,2023-11-29 09:28:31+00:00,2023-11-29T13:28:31+04:00,Ruff linter: Use the default line-length (#2922),False,1,test_multipart.py,tests/test_multipart.py,4,1,5,1,0
fd60b1815cf92354d097ac46aea63ebc0f34fd21,T-256,GitHub,2023-11-29 09:28:31+00:00,2023-11-29T13:28:31+04:00,Ruff linter: Use the default line-length (#2922),False,1,_urlparse.py,httpx/_urlparse.py,22,19,41,1,0
fd60b1815cf92354d097ac46aea63ebc0f34fd21,T-256,GitHub,2023-11-29 09:28:31+00:00,2023-11-29T13:28:31+04:00,Ruff linter: Use the default line-length (#2922),False,1,test_cookies.py,tests/models/test_cookies.py,3,3,6,1,0
fd60b1815cf92354d097ac46aea63ebc0f34fd21,T-256,GitHub,2023-11-29 09:28:31+00:00,2023-11-29T13:28:31+04:00,Ruff linter: Use the default line-length (#2922),False,1,test_auth.py,tests/client/test_auth.py,2,1,3,1,0
fd60b1815cf92354d097ac46aea63ebc0f34fd21,T-256,GitHub,2023-11-29 09:28:31+00:00,2023-11-29T13:28:31+04:00,Ruff linter: Use the default line-length (#2922),False,1,test_config.py,tests/test_config.py,4,1,5,1,0
724eced022299c1beacce399f41dd9091e16a65a,Tom Christie,GitHub,2023-12-05 13:24:34+00:00,2023-12-05T13:24:34Z,Reorganise tests in 'test_url.py' (#2981),False,1,test_url.py,tests/models/test_url.py,209,172,381,0,0
5b5f6d8e172910371b5901f6e21717097274c513,Tom Christie,GitHub,2023-12-05 15:36:05+00:00,2023-12-05T15:36:05Z,Moving test cases into 'test_url.py' (#2982),False,1,test_urlparse.py,tests/test_urlparse.py,0,285,285,0,0
5b5f6d8e172910371b5901f6e21717097274c513,Tom Christie,GitHub,2023-12-05 15:36:05+00:00,2023-12-05T15:36:05Z,Moving test cases into 'test_url.py' (#2982),False,1,test_url.py,tests/models/test_url.py,325,28,353,0,0
b471f01d668b9ef730e8843531b07b1c21b74c47,Tom Christie,GitHub,2023-12-07 10:08:14+00:00,2023-12-07T10:08:14Z,Allow URLs where username or password contains unescaped '@'. (#2986),False,1,test_url.py,tests/models/test_url.py,48,0,48,0,0
b471f01d668b9ef730e8843531b07b1c21b74c47,Tom Christie,GitHub,2023-12-07 10:08:14+00:00,2023-12-07T10:08:14Z,Allow URLs where username or password contains unescaped '@'. (#2986),False,1,_urlparse.py,httpx/_urlparse.py,2,2,4,0,0
f8981f3d124f9b8db9073fd5c8afa11acb55a738,Kar Petrosyan,GitHub,2023-12-11 13:55:52+00:00,2023-12-11T17:55:52+04:00,Add the 'proxy' parameter and deprecate 'proxies'. (#2879),False,1,_client.py,httpx/_client.py,31,4,35,0,0
f8981f3d124f9b8db9073fd5c8afa11acb55a738,Kar Petrosyan,GitHub,2023-12-11 13:55:52+00:00,2023-12-11T17:55:52+04:00,Add the 'proxy' parameter and deprecate 'proxies'. (#2879),False,1,_api.py,httpx/_api.py,20,0,20,0,0
f8981f3d124f9b8db9073fd5c8afa11acb55a738,Kar Petrosyan,GitHub,2023-12-11 13:55:52+00:00,2023-12-11T17:55:52+04:00,Add the 'proxy' parameter and deprecate 'proxies'. (#2879),False,1,_types.py,httpx/_types.py,2,1,3,0,0
f8981f3d124f9b8db9073fd5c8afa11acb55a738,Kar Petrosyan,GitHub,2023-12-11 13:55:52+00:00,2023-12-11T17:55:52+04:00,Add the 'proxy' parameter and deprecate 'proxies'. (#2879),False,1,test_proxies.py,tests/client/test_proxies.py,63,11,74,0,0
f8981f3d124f9b8db9073fd5c8afa11acb55a738,Kar Petrosyan,GitHub,2023-12-11 13:55:52+00:00,2023-12-11T17:55:52+04:00,Add the 'proxy' parameter and deprecate 'proxies'. (#2879),False,1,default.py,httpx/_transports/default.py,6,3,9,0,1
f8981f3d124f9b8db9073fd5c8afa11acb55a738,Kar Petrosyan,GitHub,2023-12-11 13:55:52+00:00,2023-12-11T17:55:52+04:00,Add the 'proxy' parameter and deprecate 'proxies'. (#2879),False,1,_main.py,httpx/_main.py,5,5,10,0,0
90538a3b4610ba49ce16c997bcfdb9101f9503be,Tom Christie,GitHub,2023-12-11 15:45:20+00:00,2023-12-11T15:45:20Z,Ensure that ASGI 'raw_path' does not include query component of URL. (#2999),False,1,test_asgi.py,tests/test_asgi.py,13,0,13,0,0
90538a3b4610ba49ce16c997bcfdb9101f9503be,Tom Christie,GitHub,2023-12-11 15:45:20+00:00,2023-12-11T15:45:20Z,Ensure that ASGI 'raw_path' does not include query component of URL. (#2999),False,1,asgi.py,httpx/_transports/asgi.py,1,1,2,0,0
1e110964736a95d822144390b99d7ecf17fca527,James Braza,GitHub,2023-12-11 22:34:25+00:00,2023-12-11T22:34:25Z,Fixed `iter_text` adding an empty string (#2998),False,1,test_decoders.py,tests/test_decoders.py,11,0,11,1,0
1e110964736a95d822144390b99d7ecf17fca527,James Braza,GitHub,2023-12-11 22:34:25+00:00,2023-12-11T22:34:25Z,Fixed `iter_text` adding an empty string (#2998),False,1,_models.py,httpx/_models.py,2,2,4,1,0
1e110964736a95d822144390b99d7ecf17fca527,James Braza,GitHub,2023-12-11 22:34:25+00:00,2023-12-11T22:34:25Z,Fixed `iter_text` adding an empty string (#2998),False,1,_decoders.py,httpx/_decoders.py,4,2,6,1,0
2318fd822cdb16435ccb5cabcba16c0b7969c1e4,James Braza,GitHub,2023-12-13 11:30:39+00:00,2023-12-13T11:30:39Z,Enabling `ruff` C416 (#3001),False,1,_content.py,httpx/_content.py,1,1,2,0,0
2318fd822cdb16435ccb5cabcba16c0b7969c1e4,James Braza,GitHub,2023-12-13 11:30:39+00:00,2023-12-13T11:30:39Z,Enabling `ruff` C416 (#3001),False,1,test_content.py,tests/test_content.py,20,20,40,0,0
2318fd822cdb16435ccb5cabcba16c0b7969c1e4,James Braza,GitHub,2023-12-13 11:30:39+00:00,2023-12-13T11:30:39Z,Enabling `ruff` C416 (#3001),False,1,test_responses.py,tests/models/test_responses.py,17,17,34,0,0
2318fd822cdb16435ccb5cabcba16c0b7969c1e4,James Braza,GitHub,2023-12-13 11:30:39+00:00,2023-12-13T11:30:39Z,Enabling `ruff` C416 (#3001),False,1,test_requests.py,tests/models/test_requests.py,1,1,2,0,0
2318fd822cdb16435ccb5cabcba16c0b7969c1e4,James Braza,GitHub,2023-12-13 11:30:39+00:00,2023-12-13T11:30:39Z,Enabling `ruff` C416 (#3001),False,1,test_redirects.py,tests/client/test_redirects.py,1,1,2,0,0
2318fd822cdb16435ccb5cabcba16c0b7969c1e4,James Braza,GitHub,2023-12-13 11:30:39+00:00,2023-12-13T11:30:39Z,Enabling `ruff` C416 (#3001),False,1,_utils.py,httpx/_utils.py,1,1,2,0,1
3b9060ee1121b48669e0b30045c9344065f4f2ae,Kar Petrosyan,GitHub,2023-12-14 14:04:04+00:00,2023-12-14T14:04:04Z,Fix environment proxies (#2741),False,1,_utils.py,httpx/_utils.py,3,1,4,1,0
3b9060ee1121b48669e0b30045c9344065f4f2ae,Kar Petrosyan,GitHub,2023-12-14 14:04:04+00:00,2023-12-14T14:04:04Z,Fix environment proxies (#2741),False,1,test_utils.py,tests/test_utils.py,1,0,1,1,0
a11fc3849b94157274c98d99501acad05cbfb221,Tom Christie,GitHub,2023-12-15 11:35:16+00:00,2023-12-15T11:35:16Z,Cleanup URL percent-encoding behavior. (#2990),False,1,test_url.py,tests/models/test_url.py,70,34,104,0,1
a11fc3849b94157274c98d99501acad05cbfb221,Tom Christie,GitHub,2023-12-15 11:35:16+00:00,2023-12-15T11:35:16Z,Cleanup URL percent-encoding behavior. (#2990),False,1,_urlparse.py,httpx/_urlparse.py,43,8,51,0,0
b4b27ff6777c8906c2b31dd879bd4cc1d9e4f6ce,Kar Petrosyan,GitHub,2023-12-19 04:53:30+00:00,2023-12-19T08:53:30+04:00,Remove unused curio check (#3010),False,1,_utils.py,httpx/_utils.py,3,7,10,0,0
08eff926a6011ac84961fd2cee22d9fd4d4b1a88,Kar Petrosyan,GitHub,2023-12-20 10:52:22+00:00,2023-12-20T14:52:22+04:00,Version 0.26.0 (#3009),False,1,__version__.py,httpx/__version__.py,1,1,2,0,0
1a660147edf1d32af440fdfb115b71238eda7498,Kar Petrosyan,GitHub,2023-12-28 12:50:43+00:00,2023-12-28T16:50:43+04:00,Add missing argument (#3023),False,1,_client.py,httpx/_client.py,1,0,1,0,0
dd5304d3eb97f0aad7126a45f3fd7041dfee0ac2,Tom Christie,GitHub,2023-12-28 13:10:37+00:00,2023-12-28T13:10:37Z,Tidy up import (#3020),False,1,test_asgi.py,tests/test_asgi.py,1,2,3,0,0
9b36a208b3357913bc032d01d611db57ddccec6f,Tom Christie,GitHub,2023-12-28 20:35:16+00:00,2023-12-28T20:35:16Z,Update httpx/_transports/default.py,False,1,default.py,httpx/_transports/default.py,2,1,3,1,0
c6907c22034e2739c4c1af89908e3c9f90602788,Kar Petrosyan,GitHub,2024-01-04 15:03:09+00:00,2024-01-04T15:03:09Z,Remove unused type: ignore (#3038),False,1,_multipart.py,httpx/_multipart.py,2,2,4,0,0
c6907c22034e2739c4c1af89908e3c9f90602788,Kar Petrosyan,GitHub,2024-01-04 15:03:09+00:00,2024-01-04T15:03:09Z,Remove unused type: ignore (#3038),False,1,_config.py,httpx/_config.py,1,1,2,0,0
ca51b4532a4495c38c8abf1a393dbd80099deae3,Kar Petrosyan,GitHub,2024-01-08 11:09:14+00:00,2024-01-08T15:09:14+04:00,Keep clients in sync (#3042),False,1,_client.py,httpx/_client.py,14,1,15,0,0
99cba6ac642b12f0331d069ae324402c54c4c600,Tereza Tomcova,GitHub,2024-01-10 10:08:42+00:00,2024-01-10T10:08:42Z,Fix RFC 2069 mode digest authentication (#3045),False,1,test_auth.py,tests/test_auth.py,165,0,165,1,0
99cba6ac642b12f0331d069ae324402c54c4c600,Tereza Tomcova,GitHub,2024-01-10 10:08:42+00:00,2024-01-10T10:08:42Z,Fix RFC 2069 mode digest authentication (#3045),False,1,_auth.py,httpx/_auth.py,4,3,7,1,0
a334a36b27d34b0fb625fdd4c71531b684f73e02,Tom Christie,Tom Christie,2024-01-11 13:54:52+00:00,2024-01-11T13:54:52Z,Unified httpx.Version parameter,False,1,__init__.py,httpx/__init__.py,2,1,3,0,0
a334a36b27d34b0fb625fdd4c71531b684f73e02,Tom Christie,Tom Christie,2024-01-11 13:54:52+00:00,2024-01-11T13:54:52Z,Unified httpx.Version parameter,False,1,_client.py,httpx/_client.py,34,32,66,0,0
a334a36b27d34b0fb625fdd4c71531b684f73e02,Tom Christie,Tom Christie,2024-01-11 13:54:52+00:00,2024-01-11T13:54:52Z,Unified httpx.Version parameter,False,1,_config.py,httpx/_config.py,15,0,15,0,1
a334a36b27d34b0fb625fdd4c71531b684f73e02,Tom Christie,Tom Christie,2024-01-11 13:54:52+00:00,2024-01-11T13:54:52Z,Unified httpx.Version parameter,False,1,default.py,httpx/_transports/default.py,26,19,45,0,0
a334a36b27d34b0fb625fdd4c71531b684f73e02,Tom Christie,Tom Christie,2024-01-11 13:54:52+00:00,2024-01-11T13:54:52Z,Unified httpx.Version parameter,False,1,test_client.py,tests/client/test_client.py,4,2,6,0,0
a334a36b27d34b0fb625fdd4c71531b684f73e02,Tom Christie,Tom Christie,2024-01-11 13:54:52+00:00,2024-01-11T13:54:52Z,Unified httpx.Version parameter,False,1,test_config.py,tests/test_config.py,12,0,12,0,1
a334a36b27d34b0fb625fdd4c71531b684f73e02,Tom Christie,Tom Christie,2024-01-11 13:54:52+00:00,2024-01-11T13:54:52Z,Unified httpx.Version parameter,False,1,test_async_client.py,tests/client/test_async_client.py,4,2,6,0,0
13483d1567ed9ad94b61ff17fe7dc08033a464a8,Tom Christie,Tom Christie,2024-01-11 15:24:26+00:00,2024-01-11T15:24:26Z,Test deprecations,False,1,test_client.py,tests/client/test_client.py,6,0,6,0,0
13483d1567ed9ad94b61ff17fe7dc08033a464a8,Tom Christie,Tom Christie,2024-01-11 15:24:26+00:00,2024-01-11T15:24:26Z,Test deprecations,False,1,test_async_client.py,tests/client/test_async_client.py,6,0,6,0,0
c9f9cb96d2c4dd074ed12e5fff451e6a5e89da89,Tom Christie,Tom Christie,2024-01-11 15:29:47+00:00,2024-01-11T15:29:47Z,Linting,False,1,test_client.py,tests/client/test_client.py,2,1,3,0,0
c9f9cb96d2c4dd074ed12e5fff451e6a5e89da89,Tom Christie,Tom Christie,2024-01-11 15:29:47+00:00,2024-01-11T15:29:47Z,Linting,False,1,test_async_client.py,tests/client/test_async_client.py,2,1,3,0,0
060e50b479255a630615f76cb86d82beda0e1816,Tom Christie,Tom Christie,2024-01-11 15:30:16+00:00,2024-01-11T15:30:16Z,Error if missing version arguments,False,1,test_config.py,tests/test_config.py,2,0,2,1,0
060e50b479255a630615f76cb86d82beda0e1816,Tom Christie,Tom Christie,2024-01-11 15:30:16+00:00,2024-01-11T15:30:16Z,Error if missing version arguments,False,1,_config.py,httpx/_config.py,3,1,4,1,0
83b5e4bf130d204fbb25b26a341c62aee4fc2d0f,Tom Christie,Tom Christie,2024-01-12 12:14:15+00:00,2024-01-12T12:14:15Z,Add NetworkOptions,False,1,test_config.py,tests/test_config.py,15,0,15,0,0
83b5e4bf130d204fbb25b26a341c62aee4fc2d0f,Tom Christie,Tom Christie,2024-01-12 12:14:15+00:00,2024-01-12T12:14:15Z,Add NetworkOptions,False,1,default.py,httpx/_transports/default.py,26,25,51,0,0
83b5e4bf130d204fbb25b26a341c62aee4fc2d0f,Tom Christie,Tom Christie,2024-01-12 12:14:15+00:00,2024-01-12T12:14:15Z,Add NetworkOptions,False,1,_config.py,httpx/_config.py,38,0,38,0,0
83b5e4bf130d204fbb25b26a341c62aee4fc2d0f,Tom Christie,Tom Christie,2024-01-12 12:14:15+00:00,2024-01-12T12:14:15Z,Add NetworkOptions,False,1,__init__.py,httpx/__init__.py,2,1,3,0,0
913ea35324c99c2052331008ea8a4b8037e5b4cb,Tom Christie,Tom Christie,2024-01-12 12:18:49+00:00,2024-01-12T12:18:49Z,Linting,False,1,_config.py,httpx/_config.py,0,1,1,0,0
913ea35324c99c2052331008ea8a4b8037e5b4cb,Tom Christie,Tom Christie,2024-01-12 12:18:49+00:00,2024-01-12T12:18:49Z,Linting,False,1,default.py,httpx/_transports/default.py,1,1,2,0,0
c7cd6aa5bdcf9f9d63e7dcea33cb78d6920aeed8,T-256,GitHub,2024-01-16 09:53:23+00:00,2024-01-16T09:53:23Z,test `obfuscate_sensitive_headers` via public api (#3063),False,1,test_utils.py,tests/test_utils.py,3,5,8,0,0
4f6edf36e93fd9f83ff95b065718fd6bd0c4d3c5,T-256,GitHub,2024-01-16 10:25:02+00:00,2024-01-16T10:25:02Z,test `parse_header_links` via public api (#3061),False,1,test_utils.py,tests/test_utils.py,7,2,9,0,0
4f6edf36e93fd9f83ff95b065718fd6bd0c4d3c5,T-256,GitHub,2024-01-16 10:25:02+00:00,2024-01-16T10:25:02Z,test `parse_header_links` via public api (#3061),False,1,_models.py,httpx/_models.py,7,7,14,0,0
371b6e946c9e70df3dce79590c195448eac3f635,Kar Petrosyan,GitHub,2024-01-24 14:30:22+00:00,2024-01-24T14:30:22Z,Use `__future__.annotations` (#3068),False,1,_api.py,httpx/_api.py,85,83,168,0,0
371b6e946c9e70df3dce79590c195448eac3f635,Kar Petrosyan,GitHub,2024-01-24 14:30:22+00:00,2024-01-24T14:30:22Z,Use `__future__.annotations` (#3068),False,1,_auth.py,httpx/_auth.py,16,24,40,0,0
371b6e946c9e70df3dce79590c195448eac3f635,Kar Petrosyan,GitHub,2024-01-24 14:30:22+00:00,2024-01-24T14:30:22Z,Use `__future__.annotations` (#3068),False,1,_client.py,httpx/_client.py,244,257,501,0,0
371b6e946c9e70df3dce79590c195448eac3f635,Kar Petrosyan,GitHub,2024-01-24 14:30:22+00:00,2024-01-24T14:30:22Z,Use `__future__.annotations` (#3068),False,1,_config.py,httpx/_config.py,17,15,32,0,0
371b6e946c9e70df3dce79590c195448eac3f635,Kar Petrosyan,GitHub,2024-01-24 14:30:22+00:00,2024-01-24T14:30:22Z,Use `__future__.annotations` (#3068),False,1,_content.py,httpx/_content.py,21,23,44,0,0
371b6e946c9e70df3dce79590c195448eac3f635,Kar Petrosyan,GitHub,2024-01-24 14:30:22+00:00,2024-01-24T14:30:22Z,Use `__future__.annotations` (#3068),False,1,_decoders.py,httpx/_decoders.py,11,9,20,0,0
371b6e946c9e70df3dce79590c195448eac3f635,Kar Petrosyan,GitHub,2024-01-24 14:30:22+00:00,2024-01-24T14:30:22Z,Use `__future__.annotations` (#3068),False,1,_exceptions.py,httpx/_exceptions.py,8,10,18,0,0
371b6e946c9e70df3dce79590c195448eac3f635,Kar Petrosyan,GitHub,2024-01-24 14:30:22+00:00,2024-01-24T14:30:22Z,Use `__future__.annotations` (#3068),False,1,_main.py,httpx/_main.py,16,14,30,0,0
371b6e946c9e70df3dce79590c195448eac3f635,Kar Petrosyan,GitHub,2024-01-24 14:30:22+00:00,2024-01-24T14:30:22Z,Use `__future__.annotations` (#3068),False,1,_models.py,httpx/_models.py,62,68,130,0,0
371b6e946c9e70df3dce79590c195448eac3f635,Kar Petrosyan,GitHub,2024-01-24 14:30:22+00:00,2024-01-24T14:30:22Z,Use `__future__.annotations` (#3068),False,1,_multipart.py,httpx/_multipart.py,13,13,26,0,0
371b6e946c9e70df3dce79590c195448eac3f635,Kar Petrosyan,GitHub,2024-01-24 14:30:22+00:00,2024-01-24T14:30:22Z,Use `__future__.annotations` (#3068),False,1,_status_codes.py,httpx/_status_codes.py,3,1,4,0,0
371b6e946c9e70df3dce79590c195448eac3f635,Kar Petrosyan,GitHub,2024-01-24 14:30:22+00:00,2024-01-24T14:30:22Z,Use `__future__.annotations` (#3068),False,1,asgi.py,httpx/_transports/asgi.py,7,5,12,0,0
371b6e946c9e70df3dce79590c195448eac3f635,Kar Petrosyan,GitHub,2024-01-24 14:30:22+00:00,2024-01-24T14:30:22Z,Use `__future__.annotations` (#3068),False,1,default.py,httpx/_transports/default.py,18,16,34,0,0
371b6e946c9e70df3dce79590c195448eac3f635,Kar Petrosyan,GitHub,2024-01-24 14:30:22+00:00,2024-01-24T14:30:22Z,Use `__future__.annotations` (#3068),False,1,mock.py,httpx/_transports/mock.py,3,1,4,0,0
371b6e946c9e70df3dce79590c195448eac3f635,Kar Petrosyan,GitHub,2024-01-24 14:30:22+00:00,2024-01-24T14:30:22Z,Use `__future__.annotations` (#3068),False,1,wsgi.py,httpx/_transports/wsgi.py,6,4,10,0,0
371b6e946c9e70df3dce79590c195448eac3f635,Kar Petrosyan,GitHub,2024-01-24 14:30:22+00:00,2024-01-24T14:30:22Z,Use `__future__.annotations` (#3068),False,1,_urlparse.py,httpx/_urlparse.py,13,13,26,0,0
371b6e946c9e70df3dce79590c195448eac3f635,Kar Petrosyan,GitHub,2024-01-24 14:30:22+00:00,2024-01-24T14:30:22Z,Use `__future__.annotations` (#3068),False,1,_urls.py,httpx/_urls.py,21,23,44,0,0
371b6e946c9e70df3dce79590c195448eac3f635,Kar Petrosyan,GitHub,2024-01-24 14:30:22+00:00,2024-01-24T14:30:22Z,Use `__future__.annotations` (#3068),False,1,_utils.py,httpx/_utils.py,25,25,50,0,1
371b6e946c9e70df3dce79590c195448eac3f635,Kar Petrosyan,GitHub,2024-01-24 14:30:22+00:00,2024-01-24T14:30:22Z,Use `__future__.annotations` (#3068),False,1,test_async_client.py,tests/client/test_async_client.py,4,2,6,0,0
371b6e946c9e70df3dce79590c195448eac3f635,Kar Petrosyan,GitHub,2024-01-24 14:30:22+00:00,2024-01-24T14:30:22Z,Use `__future__.annotations` (#3068),False,1,test_client.py,tests/client/test_client.py,4,2,6,0,0
371b6e946c9e70df3dce79590c195448eac3f635,Kar Petrosyan,GitHub,2024-01-24 14:30:22+00:00,2024-01-24T14:30:22Z,Use `__future__.annotations` (#3068),False,1,test_decoders.py,tests/test_decoders.py,3,1,4,0,0
371b6e946c9e70df3dce79590c195448eac3f635,Kar Petrosyan,GitHub,2024-01-24 14:30:22+00:00,2024-01-24T14:30:22Z,Use `__future__.annotations` (#3068),False,1,test_exceptions.py,tests/test_exceptions.py,3,1,4,0,0
371b6e946c9e70df3dce79590c195448eac3f635,Kar Petrosyan,GitHub,2024-01-24 14:30:22+00:00,2024-01-24T14:30:22Z,Use `__future__.annotations` (#3068),False,1,test_multipart.py,tests/test_multipart.py,3,1,4,0,0
371b6e946c9e70df3dce79590c195448eac3f635,Kar Petrosyan,GitHub,2024-01-24 14:30:22+00:00,2024-01-24T14:30:22Z,Use `__future__.annotations` (#3068),False,1,test_wsgi.py,tests/test_wsgi.py,9,7,16,0,0
371b6e946c9e70df3dce79590c195448eac3f635,Kar Petrosyan,GitHub,2024-01-24 14:30:22+00:00,2024-01-24T14:30:22Z,Use `__future__.annotations` (#3068),False,1,base.py,httpx/_transports/base.py,8,6,14,0,0
cabd1c095e52e2f67ab63ec17941d3a539d7c877,Tom Christie,GitHub,2024-02-02 13:29:41+00:00,2024-02-02T13:29:41Z,Deprecate `app=...` in favor of explicit `WSGITransport`/`ASGITransport`. (#3050),False,1,_client.py,httpx/_client.py,15,1,16,0,0
cabd1c095e52e2f67ab63ec17941d3a539d7c877,Tom Christie,GitHub,2024-02-02 13:29:41+00:00,2024-02-02T13:29:41Z,Deprecate `app=...` in favor of explicit `WSGITransport`/`ASGITransport`. (#3050),False,1,test_wsgi.py,tests/test_wsgi.py,27,9,36,0,0
cabd1c095e52e2f67ab63ec17941d3a539d7c877,Tom Christie,GitHub,2024-02-02 13:29:41+00:00,2024-02-02T13:29:41Z,Deprecate `app=...` in favor of explicit `WSGITransport`/`ASGITransport`. (#3050),False,1,test_asgi.py,tests/test_asgi.py,28,9,37,0,0
326b9431c761e1ef1e00b9f760d1f654c8db48c6,Tom Christie,GitHub,2024-02-21 13:06:19+00:00,2024-02-21T13:06:19Z,Version 0.27.0 (#3095),False,1,__version__.py,httpx/__version__.py,1,1,2,0,0
87713d2172053c4ad05efacf3ab7e0a5c15616fc,Kar Petrosyan,GitHub,2024-02-23 12:30:05+00:00,2024-02-23T12:30:05Z,Define and expose the API from the same place (#3106),False,1,_types.py,httpx/_types.py,2,0,2,0,0
87713d2172053c4ad05efacf3ab7e0a5c15616fc,Kar Petrosyan,GitHub,2024-02-23 12:30:05+00:00,2024-02-23T12:30:05Z,Define and expose the API from the same place (#3106),False,1,__init__.py,httpx/__init__.py,11,44,55,0,0
87713d2172053c4ad05efacf3ab7e0a5c15616fc,Kar Petrosyan,GitHub,2024-02-23 12:30:05+00:00,2024-02-23T12:30:05Z,Define and expose the API from the same place (#3106),False,1,_auth.py,httpx/_auth.py,3,0,3,0,0
87713d2172053c4ad05efacf3ab7e0a5c15616fc,Kar Petrosyan,GitHub,2024-02-23 12:30:05+00:00,2024-02-23T12:30:05Z,Define and expose the API from the same place (#3106),False,1,_client.py,httpx/_client.py,2,0,2,0,1
87713d2172053c4ad05efacf3ab7e0a5c15616fc,Kar Petrosyan,GitHub,2024-02-23 12:30:05+00:00,2024-02-23T12:30:05Z,Define and expose the API from the same place (#3106),False,1,_config.py,httpx/_config.py,2,0,2,0,0
87713d2172053c4ad05efacf3ab7e0a5c15616fc,Kar Petrosyan,GitHub,2024-02-23 12:30:05+00:00,2024-02-23T12:30:05Z,Define and expose the API from the same place (#3106),False,1,_content.py,httpx/_content.py,2,0,2,0,0
87713d2172053c4ad05efacf3ab7e0a5c15616fc,Kar Petrosyan,GitHub,2024-02-23 12:30:05+00:00,2024-02-23T12:30:05Z,Define and expose the API from the same place (#3106),False,1,_exceptions.py,httpx/_exceptions.py,31,0,31,0,0
87713d2172053c4ad05efacf3ab7e0a5c15616fc,Kar Petrosyan,GitHub,2024-02-23 12:30:05+00:00,2024-02-23T12:30:05Z,Define and expose the API from the same place (#3106),False,1,_models.py,httpx/_models.py,2,0,2,0,0
87713d2172053c4ad05efacf3ab7e0a5c15616fc,Kar Petrosyan,GitHub,2024-02-23 12:30:05+00:00,2024-02-23T12:30:05Z,Define and expose the API from the same place (#3106),False,1,_api.py,httpx/_api.py,12,0,12,0,0
87713d2172053c4ad05efacf3ab7e0a5c15616fc,Kar Petrosyan,GitHub,2024-02-23 12:30:05+00:00,2024-02-23T12:30:05Z,Define and expose the API from the same place (#3106),False,1,__init__.py,httpx/_transports/__init__.py,15,0,15,0,0
87713d2172053c4ad05efacf3ab7e0a5c15616fc,Kar Petrosyan,GitHub,2024-02-23 12:30:05+00:00,2024-02-23T12:30:05Z,Define and expose the API from the same place (#3106),False,1,_status_codes.py,httpx/_status_codes.py,2,0,2,0,0
87713d2172053c4ad05efacf3ab7e0a5c15616fc,Kar Petrosyan,GitHub,2024-02-23 12:30:05+00:00,2024-02-23T12:30:05Z,Define and expose the API from the same place (#3106),False,1,wsgi.py,httpx/_transports/wsgi.py,3,0,3,0,0
87713d2172053c4ad05efacf3ab7e0a5c15616fc,Kar Petrosyan,GitHub,2024-02-23 12:30:05+00:00,2024-02-23T12:30:05Z,Define and expose the API from the same place (#3106),False,1,mock.py,httpx/_transports/mock.py,3,0,3,0,0
87713d2172053c4ad05efacf3ab7e0a5c15616fc,Kar Petrosyan,GitHub,2024-02-23 12:30:05+00:00,2024-02-23T12:30:05Z,Define and expose the API from the same place (#3106),False,1,_urls.py,httpx/_urls.py,2,0,2,0,0
87713d2172053c4ad05efacf3ab7e0a5c15616fc,Kar Petrosyan,GitHub,2024-02-23 12:30:05+00:00,2024-02-23T12:30:05Z,Define and expose the API from the same place (#3106),False,1,base.py,httpx/_transports/base.py,2,0,2,0,0
87713d2172053c4ad05efacf3ab7e0a5c15616fc,Kar Petrosyan,GitHub,2024-02-23 12:30:05+00:00,2024-02-23T12:30:05Z,Define and expose the API from the same place (#3106),False,1,asgi.py,httpx/_transports/asgi.py,2,0,2,0,0
87713d2172053c4ad05efacf3ab7e0a5c15616fc,Kar Petrosyan,GitHub,2024-02-23 12:30:05+00:00,2024-02-23T12:30:05Z,Define and expose the API from the same place (#3106),False,1,default.py,httpx/_transports/default.py,2,0,2,0,0
4de13707ee0fbc6e3ea5b30c90cf64aae0af7fb2,Jon Finerty,GitHub,2024-02-23 13:36:45+00:00,2024-02-23T13:36:45Z,Use more permissible types in ASGIApp  (#3109),False,1,asgi.py,httpx/_transports/asgi.py,4,4,8,0,0
e745060c75d06a7a6c1c90007120af2a43b3fffc,T-256,GitHub,2024-02-23 14:11:43+00:00,2024-02-23T14:11:43Z,test `is_https_redirect` via public api (#3064),False,1,test_utils.py,tests/test_utils.py,27,10,37,0,0
fc84f7f6eb77fe5d4428261c837ac8016ec77a28,T-256,GitHub,2024-02-23 14:16:03+00:00,2024-02-23T14:16:03Z,test `same_origin` via public api (#3062),False,1,test_utils.py,tests/test_utils.py,14,7,21,0,0
6d852d319acd5d97caf14037dff15ede04b37542,Alex,GitHub,2024-02-26 16:36:58+00:00,2024-02-26T16:36:58Z,Fix client.send() timeout new Request instance (#3116),False,1,test_timeouts.py,tests/test_timeouts.py,11,0,11,1,0
6d852d319acd5d97caf14037dff15ede04b37542,Alex,GitHub,2024-02-26 16:36:58+00:00,2024-02-26T16:36:58Z,Fix client.send() timeout new Request instance (#3116),False,1,_client.py,httpx/_client.py,13,0,13,1,0
6045186f7d3a665b965c13dec413e3a346b1a01d,Nick Cameron,GitHub,2024-02-28 18:13:23+00:00,2024-02-28T18:13:23Z,Update /advanced/#<anchor> links -> /advanced/clients/#<anchor> (#3123),False,1,_client.py,httpx/_client.py,5,5,10,0,0
f3eb3c90fdd19d2e4c5239e19a3588d072ff53fb,Kar Petrosyan,GitHub,2024-02-29 13:40:07+00:00,2024-02-29T13:40:07Z,Keep clients in sync (#3120),False,1,_client.py,httpx/_client.py,4,5,9,0,0
cd03f62b7215fd3706aa6f581dd54b52190d6470,Tom Christie,Tom Christie,2024-03-01 14:52:30+00:00,2024-03-01T14:52:30Z,Stricter data typechecking,False,1,test_content.py,tests/test_content.py,19,4,23,0,0
cd03f62b7215fd3706aa6f581dd54b52190d6470,Tom Christie,Tom Christie,2024-03-01 14:52:30+00:00,2024-03-01T14:52:30Z,Stricter data typechecking,False,1,_content.py,httpx/_content.py,26,3,29,0,0
0006ed0547f8f8a3cbe2edf758e996c3c73b5e7d,T-256,GitHub,2024-03-01 19:49:23+00:00,2024-03-01T19:49:23Z,format (#3131),False,1,_exceptions.py,httpx/_exceptions.py,1,0,1,0,0
0006ed0547f8f8a3cbe2edf758e996c3c73b5e7d,T-256,GitHub,2024-03-01 19:49:23+00:00,2024-03-01T19:49:23Z,format (#3131),False,1,_compat.py,httpx/_compat.py,1,0,1,0,0
0006ed0547f8f8a3cbe2edf758e996c3c73b5e7d,T-256,GitHub,2024-03-01 19:49:23+00:00,2024-03-01T19:49:23Z,format (#3131),False,1,_decoders.py,httpx/_decoders.py,1,0,1,0,0
0006ed0547f8f8a3cbe2edf758e996c3c73b5e7d,T-256,GitHub,2024-03-01 19:49:23+00:00,2024-03-01T19:49:23Z,format (#3131),False,1,_urlparse.py,httpx/_urlparse.py,1,0,1,0,1
0006ed0547f8f8a3cbe2edf758e996c3c73b5e7d,T-256,GitHub,2024-03-01 19:49:23+00:00,2024-03-01T19:49:23Z,format (#3131),False,1,test_auth.py,tests/client/test_auth.py,1,0,1,0,0
0006ed0547f8f8a3cbe2edf758e996c3c73b5e7d,T-256,GitHub,2024-03-01 19:49:23+00:00,2024-03-01T19:49:23Z,format (#3131),False,1,test_auth.py,tests/test_auth.py,1,0,1,0,0
0006ed0547f8f8a3cbe2edf758e996c3c73b5e7d,T-256,GitHub,2024-03-01 19:49:23+00:00,2024-03-01T19:49:23Z,format (#3131),False,1,test_multipart.py,tests/test_multipart.py,2,2,4,0,0
0006ed0547f8f8a3cbe2edf758e996c3c73b5e7d,T-256,GitHub,2024-03-01 19:49:23+00:00,2024-03-01T19:49:23Z,format (#3131),False,1,default.py,httpx/_transports/default.py,1,0,1,0,1
392dbe45f086d0877bd288c5d68abf860653b680,Michiel W. Beijen,GitHub,2024-03-21 10:17:15+00:00,2024-03-21T10:17:15Z,Add support for zstd decoding (#3139),False,1,test_main.py,tests/test_main.py,2,2,4,0,0
392dbe45f086d0877bd288c5d68abf860653b680,Michiel W. Beijen,GitHub,2024-03-21 10:17:15+00:00,2024-03-21T10:17:15Z,Add support for zstd decoding (#3139),False,1,test_decoders.py,tests/test_decoders.py,49,0,49,0,1
392dbe45f086d0877bd288c5d68abf860653b680,Michiel W. Beijen,GitHub,2024-03-21 10:17:15+00:00,2024-03-21T10:17:15Z,Add support for zstd decoding (#3139),False,1,test_asgi.py,tests/test_asgi.py,1,1,2,0,0
392dbe45f086d0877bd288c5d68abf860653b680,Michiel W. Beijen,GitHub,2024-03-21 10:17:15+00:00,2024-03-21T10:17:15Z,Add support for zstd decoding (#3139),False,1,test_headers.py,tests/client/test_headers.py,8,8,16,0,1
392dbe45f086d0877bd288c5d68abf860653b680,Michiel W. Beijen,GitHub,2024-03-21 10:17:15+00:00,2024-03-21T10:17:15Z,Add support for zstd decoding (#3139),False,1,test_event_hooks.py,tests/client/test_event_hooks.py,6,6,12,0,0
392dbe45f086d0877bd288c5d68abf860653b680,Michiel W. Beijen,GitHub,2024-03-21 10:17:15+00:00,2024-03-21T10:17:15Z,Add support for zstd decoding (#3139),False,1,test_client.py,tests/client/test_client.py,1,1,2,0,0
392dbe45f086d0877bd288c5d68abf860653b680,Michiel W. Beijen,GitHub,2024-03-21 10:17:15+00:00,2024-03-21T10:17:15Z,Add support for zstd decoding (#3139),False,1,_models.py,httpx/_models.py,2,2,4,0,0
392dbe45f086d0877bd288c5d68abf860653b680,Michiel W. Beijen,GitHub,2024-03-21 10:17:15+00:00,2024-03-21T10:17:15Z,Add support for zstd decoding (#3139),False,1,_decoders.py,httpx/_decoders.py,42,1,43,0,0
392dbe45f086d0877bd288c5d68abf860653b680,Michiel W. Beijen,GitHub,2024-03-21 10:17:15+00:00,2024-03-21T10:17:15Z,Add support for zstd decoding (#3139),False,1,_compat.py,httpx/_compat.py,21,0,21,0,0
7354ed70ceb1a0f072af82e2cb784ef6b2512ed3,dependabot[bot],GitHub,2024-04-09 20:38:43+00:00,2024-04-09T21:38:43+01:00,Bump the python-packages group with 8 updates (#3156),False,1,conftest.py,tests/conftest.py,1,1,2,0,0
a7092af2fda78d92daaad7627e4cf0cf5e94b019,Tom Christie,GitHub,2024-05-03 00:09:08+00:00,2024-05-03T01:09:08+01:00,Resolve queryparam quoting (#3187),False,1,test_url.py,tests/models/test_url.py,48,3,51,1,0
a7092af2fda78d92daaad7627e4cf0cf5e94b019,Tom Christie,GitHub,2024-05-03 00:09:08+00:00,2024-05-03T01:09:08+01:00,Resolve queryparam quoting (#3187),False,1,_urlparse.py,httpx/_urlparse.py,7,29,36,1,0
88a81c5d31a4a8b4bd0a860dedd3bb12dc09ff86,manav-a,GitHub,2024-05-10 10:42:50+00:00,2024-05-10T06:42:50-04:00,[fix] Use proxy ssl context consistently (#3175),False,1,default.py,httpx/_transports/default.py,1,0,1,1,0
37593c1952f4972040f6163da67e3777fd3d2e94,Tom Christie,GitHub,2024-05-17 17:25:38+00:00,2024-05-17T18:25:38+01:00,Fast path returns for normalize_path cases (#3189),False,1,_urlparse.py,httpx/_urlparse.py,10,1,11,0,0
92e9dfb3997ab07353bbe98f9b5a6e69b7701c70,Michael Feil,GitHub,2024-06-06 15:36:07+00:00,2024-06-06T16:36:07+01:00,Update asgi.py docstring (#3210),False,1,asgi.py,httpx/_transports/asgi.py,1,10,11,0,0
db9072f998b53ff66d50778bf5edee8e2cc8ede1,Tom Christie,GitHub,2024-06-13 13:46:36+00:00,2024-06-13T14:46:36+01:00,Add URL parsing tests from WHATWG (#3188),False,1,test_whatwg.py,tests/models/test_whatwg.py,52,0,52,0,0
db9072f998b53ff66d50778bf5edee8e2cc8ede1,Tom Christie,GitHub,2024-06-13 13:46:36+00:00,2024-06-13T14:46:36+01:00,Add URL parsing tests from WHATWG (#3188),False,1,test_url.py,tests/models/test_url.py,4,10,14,0,1
db9072f998b53ff66d50778bf5edee8e2cc8ede1,Tom Christie,GitHub,2024-06-13 13:46:36+00:00,2024-06-13T14:46:36+01:00,Add URL parsing tests from WHATWG (#3188),False,1,_urlparse.py,httpx/_urlparse.py,17,13,30,0,1
acd83dac70eb9df52518add421498959a5f157e7,Kar Petrosyan,GitHub,2024-06-13 15:25:24+00:00,2024-06-13T19:25:24+04:00,Add documentation for socket_options,False,1,_config.py,httpx/_config.py,1,1,2,0,0
359f77d4f6ea722d02c3731e9581456c6386e188,Tom Christie,GitHub,2024-07-23 14:46:47+00:00,2024-07-23T15:46:47+01:00,Clean up URL signature. (#3245),False,1,_urls.py,httpx/_urls.py,2,2,4,0,0
359f77d4f6ea722d02c3731e9581456c6386e188,Tom Christie,GitHub,2024-07-23 14:46:47+00:00,2024-07-23T15:46:47+01:00,Clean up URL signature. (#3245),False,1,_types.py,httpx/_types.py,2,4,6,0,0
359f77d4f6ea722d02c3731e9581456c6386e188,Tom Christie,GitHub,2024-07-23 14:46:47+00:00,2024-07-23T15:46:47+01:00,Clean up URL signature. (#3245),False,1,_config.py,httpx/_config.py,2,2,4,0,0
359f77d4f6ea722d02c3731e9581456c6386e188,Tom Christie,GitHub,2024-07-23 14:46:47+00:00,2024-07-23T15:46:47+01:00,Clean up URL signature. (#3245),False,1,_client.py,httpx/_client.py,24,25,49,0,0
359f77d4f6ea722d02c3731e9581456c6386e188,Tom Christie,GitHub,2024-07-23 14:46:47+00:00,2024-07-23T15:46:47+01:00,Clean up URL signature. (#3245),False,1,_api.py,httpx/_api.py,10,10,20,0,0
7c0cda153d301bde9a011e1dd7157d7e2b20889d,Tom Christie,GitHub,2024-07-26 08:36:03+00:00,2024-07-26T09:36:03+01:00,Improve InvalidURL error message. (#3250),False,1,test_url.py,tests/models/test_url.py,6,4,10,1,0
7c0cda153d301bde9a011e1dd7157d7e2b20889d,Tom Christie,GitHub,2024-07-26 08:36:03+00:00,2024-07-26T09:36:03+01:00,Improve InvalidURL error message. (#3250),False,1,_urlparse.py,httpx/_urlparse.py,14,3,17,1,0
1bf1ba51242e6433f6a4cfa45a9338eb85bd7559,Michiel W. Beijen,GitHub,2024-08-22 15:03:23+00:00,2024-08-22T16:03:23+01:00,Version 0.27.1 (#3275),False,1,__version__.py,httpx/__version__.py,1,1,2,0,0
609df7ecc0f7cb10a1c998aa9c269bba77337c5f,Tom Christie,GitHub,2024-08-27 12:52:05+00:00,2024-08-27T13:52:05+01:00,Reintroduce `URLTypes`. (#3288),False,1,_types.py,httpx/_types.py,2,0,2,0,0
609df7ecc0f7cb10a1c998aa9c269bba77337c5f,Tom Christie,GitHub,2024-08-27 12:52:05+00:00,2024-08-27T13:52:05+01:00,Reintroduce `URLTypes`. (#3288),False,1,__version__.py,httpx/__version__.py,1,1,2,0,0
49d74a2e7f773f88a84dd4af900d7a8543636ae2,Polina Beskorovainaia,GitHub,2024-09-26 17:01:47+00:00,2024-09-26T18:01:47+01:00,Clarified error when header value is None (#3312),False,1,test_headers.py,tests/client/test_headers.py,8,0,8,1,0
49d74a2e7f773f88a84dd4af900d7a8543636ae2,Polina Beskorovainaia,GitHub,2024-09-26 17:01:47+00:00,2024-09-26T18:01:47+01:00,Clarified error when header value is None (#3312),False,1,_utils.py,httpx/_utils.py,2,0,2,1,0
3f76571d3429497c4ee4ecf5d8bc034b6f765957,Tom Christie,GitHub,2024-10-25 13:27:54+00:00,2024-10-25T14:27:54+01:00,Concise URL instantiation. (#3364),False,1,_models.py,httpx/_models.py,1,3,4,0,0
8e36f2bc685dfbe43cd7503bc1c422a6ed6e05a5,Tom Christie,GitHub,2024-10-28 14:30:08+00:00,2024-10-28T14:30:08Z,Introduce new `SSLContext` API & escalate deprecations. (#3319),False,1,_main.py,httpx/_main.py,3,4,7,0,0
8e36f2bc685dfbe43cd7503bc1c422a6ed6e05a5,Tom Christie,GitHub,2024-10-28 14:30:08+00:00,2024-10-28T14:30:08Z,Introduce new `SSLContext` API & escalate deprecations. (#3319),False,1,_decoders.py,httpx/_decoders.py,25,7,32,0,1
8e36f2bc685dfbe43cd7503bc1c422a6ed6e05a5,Tom Christie,GitHub,2024-10-28 14:30:08+00:00,2024-10-28T14:30:08Z,Introduce new `SSLContext` API & escalate deprecations. (#3319),False,1,_content.py,httpx/_content.py,1,1,2,0,0
8e36f2bc685dfbe43cd7503bc1c422a6ed6e05a5,Tom Christie,GitHub,2024-10-28 14:30:08+00:00,2024-10-28T14:30:08Z,Introduce new `SSLContext` API & escalate deprecations. (#3319),False,1,_config.py,httpx/_config.py,90,162,252,0,0
8e36f2bc685dfbe43cd7503bc1c422a6ed6e05a5,Tom Christie,GitHub,2024-10-28 14:30:08+00:00,2024-10-28T14:30:08Z,Introduce new `SSLContext` API & escalate deprecations. (#3319),False,1,_api.py,httpx/_api.py,66,66,132,0,0
8e36f2bc685dfbe43cd7503bc1c422a6ed6e05a5,Tom Christie,GitHub,2024-10-28 14:30:08+00:00,2024-10-28T14:30:08Z,Introduce new `SSLContext` API & escalate deprecations. (#3319),False,1,_client.py,httpx/_client.py,79,140,219,0,0
8e36f2bc685dfbe43cd7503bc1c422a6ed6e05a5,Tom Christie,GitHub,2024-10-28 14:30:08+00:00,2024-10-28T14:30:08Z,Introduce new `SSLContext` API & escalate deprecations. (#3319),False,1,__version__.py,httpx/__version__.py,1,1,2,0,0
8e36f2bc685dfbe43cd7503bc1c422a6ed6e05a5,Tom Christie,GitHub,2024-10-28 14:30:08+00:00,2024-10-28T14:30:08Z,Introduce new `SSLContext` API & escalate deprecations. (#3319),False,1,__init__.py,httpx/__init__.py,1,0,1,0,0
8e36f2bc685dfbe43cd7503bc1c422a6ed6e05a5,Tom Christie,GitHub,2024-10-28 14:30:08+00:00,2024-10-28T14:30:08Z,Introduce new `SSLContext` API & escalate deprecations. (#3319),False,1,_compat.py,httpx/_compat.py,0,63,63,0,0
8e36f2bc685dfbe43cd7503bc1c422a6ed6e05a5,Tom Christie,GitHub,2024-10-28 14:30:08+00:00,2024-10-28T14:30:08Z,Introduce new `SSLContext` API & escalate deprecations. (#3319),False,1,asgi.py,httpx/_transports/asgi.py,19,6,25,0,0
8e36f2bc685dfbe43cd7503bc1c422a6ed6e05a5,Tom Christie,GitHub,2024-10-28 14:30:08+00:00,2024-10-28T14:30:08Z,Introduce new `SSLContext` API & escalate deprecations. (#3319),False,1,_types.py,httpx/_types.py,0,22,22,0,1
8e36f2bc685dfbe43cd7503bc1c422a6ed6e05a5,Tom Christie,GitHub,2024-10-28 14:30:08+00:00,2024-10-28T14:30:08Z,Introduce new `SSLContext` API & escalate deprecations. (#3319),False,1,_urls.py,httpx/_urls.py,1,17,18,0,0
8e36f2bc685dfbe43cd7503bc1c422a6ed6e05a5,Tom Christie,GitHub,2024-10-28 14:30:08+00:00,2024-10-28T14:30:08Z,Introduce new `SSLContext` API & escalate deprecations. (#3319),False,1,_utils.py,httpx/_utils.py,0,43,43,0,0
8e36f2bc685dfbe43cd7503bc1c422a6ed6e05a5,Tom Christie,GitHub,2024-10-28 14:30:08+00:00,2024-10-28T14:30:08Z,Introduce new `SSLContext` API & escalate deprecations. (#3319),False,1,test_proxies.py,tests/client/test_proxies.py,12,86,98,0,0
8e36f2bc685dfbe43cd7503bc1c422a6ed6e05a5,Tom Christie,GitHub,2024-10-28 14:30:08+00:00,2024-10-28T14:30:08Z,Introduce new `SSLContext` API & escalate deprecations. (#3319),False,1,conftest.py,tests/conftest.py,0,20,20,0,0
8e36f2bc685dfbe43cd7503bc1c422a6ed6e05a5,Tom Christie,GitHub,2024-10-28 14:30:08+00:00,2024-10-28T14:30:08Z,Introduce new `SSLContext` API & escalate deprecations. (#3319),False,1,test_url.py,tests/models/test_url.py,0,16,16,0,0
8e36f2bc685dfbe43cd7503bc1c422a6ed6e05a5,Tom Christie,GitHub,2024-10-28 14:30:08+00:00,2024-10-28T14:30:08Z,Introduce new `SSLContext` API & escalate deprecations. (#3319),False,1,test_asgi.py,tests/test_asgi.py,0,10,10,0,0
8e36f2bc685dfbe43cd7503bc1c422a6ed6e05a5,Tom Christie,GitHub,2024-10-28 14:30:08+00:00,2024-10-28T14:30:08Z,Introduce new `SSLContext` API & escalate deprecations. (#3319),False,1,test_config.py,tests/test_config.py,32,65,97,0,0
8e36f2bc685dfbe43cd7503bc1c422a6ed6e05a5,Tom Christie,GitHub,2024-10-28 14:30:08+00:00,2024-10-28T14:30:08Z,Introduce new `SSLContext` API & escalate deprecations. (#3319),False,1,test_utils.py,tests/test_utils.py,0,64,64,0,0
8e36f2bc685dfbe43cd7503bc1c422a6ed6e05a5,Tom Christie,GitHub,2024-10-28 14:30:08+00:00,2024-10-28T14:30:08Z,Introduce new `SSLContext` API & escalate deprecations. (#3319),False,1,test_wsgi.py,tests/test_wsgi.py,0,9,9,0,0
8e36f2bc685dfbe43cd7503bc1c422a6ed6e05a5,Tom Christie,GitHub,2024-10-28 14:30:08+00:00,2024-10-28T14:30:08Z,Introduce new `SSLContext` API & escalate deprecations. (#3319),False,1,default.py,httpx/_transports/default.py,21,10,31,0,0
9fd6f0ca6616d0310a3ee0b0c6ef509a97995797,BERRADA-Omar,GitHub,2024-10-28 14:40:22+00:00,2024-10-28T14:40:22Z,Ensure JSON representation is compact. #3363 (#3367),False,1,_content.py,httpx/_content.py,3,1,4,0,0
9fd6f0ca6616d0310a3ee0b0c6ef509a97995797,BERRADA-Omar,GitHub,2024-10-28 14:40:22+00:00,2024-10-28T14:40:22Z,Ensure JSON representation is compact. #3363 (#3367),False,1,test_auth.py,tests/client/test_auth.py,2,2,4,0,0
9fd6f0ca6616d0310a3ee0b0c6ef509a97995797,BERRADA-Omar,GitHub,2024-10-28 14:40:22+00:00,2024-10-28T14:40:22Z,Ensure JSON representation is compact. #3363 (#3367),False,1,test_requests.py,tests/models/test_requests.py,4,4,8,0,0
9fd6f0ca6616d0310a3ee0b0c6ef509a97995797,BERRADA-Omar,GitHub,2024-10-28 14:40:22+00:00,2024-10-28T14:40:22Z,Ensure JSON representation is compact. #3363 (#3367),False,1,test_whatwg.py,tests/models/test_whatwg.py,1,1,2,0,0
9fd6f0ca6616d0310a3ee0b0c6ef509a97995797,BERRADA-Omar,GitHub,2024-10-28 14:40:22+00:00,2024-10-28T14:40:22Z,Ensure JSON representation is compact. #3363 (#3367),False,1,test_content.py,tests/test_content.py,40,3,43,0,1
9fd6f0ca6616d0310a3ee0b0c6ef509a97995797,BERRADA-Omar,GitHub,2024-10-28 14:40:22+00:00,2024-10-28T14:40:22Z,Ensure JSON representation is compact. #3363 (#3367),False,1,test_main.py,tests/test_main.py,1,1,2,0,0
9fd6f0ca6616d0310a3ee0b0c6ef509a97995797,BERRADA-Omar,GitHub,2024-10-28 14:40:22+00:00,2024-10-28T14:40:22Z,Ensure JSON representation is compact. #3363 (#3367),False,1,test_responses.py,tests/models/test_responses.py,2,2,4,0,0
d293374b6603816420a2bb8e7f4fe5a5f09cbfcc,Tom Christie,GitHub,2024-10-28 15:06:10+00:00,2024-10-28T15:06:10Z,"Review URL percent escaping sets, from whatwg. (#3371)",False,1,test_url.py,tests/models/test_url.py,3,3,6,0,0
d293374b6603816420a2bb8e7f4fe5a5f09cbfcc,Tom Christie,GitHub,2024-10-28 15:06:10+00:00,2024-10-28T15:06:10Z,"Review URL percent escaping sets, from whatwg. (#3371)",False,1,_urlparse.py,httpx/_urlparse.py,68,24,92,0,0
ba2e51215e4e619540f2a24282b84ed8a738e6fd,Tom Christie,GitHub,2024-10-28 16:19:59+00:00,2024-10-28T16:19:59Z,"Review urlescape percent-safe set, and use + behavior for form spaces. (#3373)",False,1,test_url.py,tests/models/test_url.py,8,12,20,0,1
ba2e51215e4e619540f2a24282b84ed8a738e6fd,Tom Christie,GitHub,2024-10-28 16:19:59+00:00,2024-10-28T16:19:59Z,"Review urlescape percent-safe set, and use + behavior for form spaces. (#3373)",False,1,_urls.py,httpx/_urls.py,17,10,27,0,1
ba2e51215e4e619540f2a24282b84ed8a738e6fd,Tom Christie,GitHub,2024-10-28 16:19:59+00:00,2024-10-28T16:19:59Z,"Review urlescape percent-safe set, and use + behavior for form spaces. (#3373)",False,1,_urlparse.py,httpx/_urlparse.py,3,25,28,0,0
5dda2aa30692e8529555f57efa7bcd203a7d5ac1,Tom Christie,GitHub,2024-10-28 17:38:16+00:00,2024-10-28T17:38:16Z,Just use default `safe=...` characters for `urlescape` (#3376),False,1,test_url.py,tests/models/test_url.py,2,2,4,1,0
5dda2aa30692e8529555f57efa7bcd203a7d5ac1,Tom Christie,GitHub,2024-10-28 17:38:16+00:00,2024-10-28T17:38:16Z,Just use default `safe=...` characters for `urlescape` (#3376),False,1,_urls.py,httpx/_urls.py,1,15,16,1,0
eeb5e3c2a3ff2403ec47b5926715ecd61143d92d,Tom Christie,GitHub,2024-10-28 17:38:33+00:00,2024-10-28T17:38:33Z,Cleanup unneccessary test case (#3375),False,1,test_auth.py,tests/client/test_auth.py,0,23,23,0,0
e9cabc8e1deb6548c5c5e2f453e343d39a2a5321,Joe Marshall,GitHub,2024-10-29 13:18:39+00:00,2024-10-29T13:18:39Z,made dependencies on certifi and httpcore only load when required (#3377),False,1,__version__.py,httpx/__version__.py,1,1,2,0,1
e9cabc8e1deb6548c5c5e2f453e343d39a2a5321,Joe Marshall,GitHub,2024-10-29 13:18:39+00:00,2024-10-29T13:18:39Z,made dependencies on certifi and httpcore only load when required (#3377),False,1,_config.py,httpx/_config.py,2,2,4,0,0
e9cabc8e1deb6548c5c5e2f453e343d39a2a5321,Joe Marshall,GitHub,2024-10-29 13:18:39+00:00,2024-10-29T13:18:39Z,made dependencies on certifi and httpcore only load when required (#3377),False,1,_main.py,httpx/_main.py,3,1,4,0,0
e9cabc8e1deb6548c5c5e2f453e343d39a2a5321,Joe Marshall,GitHub,2024-10-29 13:18:39+00:00,2024-10-29T13:18:39Z,made dependencies on certifi and httpcore only load when required (#3377),False,1,test_api.py,tests/test_api.py,15,0,15,0,0
e9cabc8e1deb6548c5c5e2f453e343d39a2a5321,Joe Marshall,GitHub,2024-10-29 13:18:39+00:00,2024-10-29T13:18:39Z,made dependencies on certifi and httpcore only load when required (#3377),False,1,test_config.py,tests/test_config.py,15,0,15,0,0
e9cabc8e1deb6548c5c5e2f453e343d39a2a5321,Joe Marshall,GitHub,2024-10-29 13:18:39+00:00,2024-10-29T13:18:39Z,made dependencies on certifi and httpcore only load when required (#3377),False,1,default.py,httpx/_transports/default.py,36,20,56,0,0
12be5c44caa7a34bfe19f82eace5150ddeba2612,Bin Liu,GitHub,2024-10-29 14:10:33+00:00,2024-10-29T14:10:33Z,add socks5h proxy support (#3178),False,1,test_proxies.py,tests/client/test_proxies.py,9,8,17,0,0
12be5c44caa7a34bfe19f82eace5150ddeba2612,Bin Liu,GitHub,2024-10-29 14:10:33+00:00,2024-10-29T14:10:33Z,add socks5h proxy support (#3178),False,1,default.py,httpx/_transports/default.py,4,4,8,0,0
12be5c44caa7a34bfe19f82eace5150ddeba2612,Bin Liu,GitHub,2024-10-29 14:10:33+00:00,2024-10-29T14:10:33Z,add socks5h proxy support (#3178),False,1,_config.py,httpx/_config.py,1,1,2,0,0
66225539796d819b5114ead2fd5e4d61865ab708,Tom Christie,GitHub,2024-10-29 15:31:31+00:00,2024-10-29T15:31:31Z,Cleanup `Request` method parameter. (#3378),False,1,_models.py,httpx/_models.py,2,6,8,0,0
83a85189c79708b732d04e7b906e388fb0fbde94,Mayank Sinha,GitHub,2024-10-30 17:12:21+00:00,2024-10-30T17:12:21Z,Move normalize header functions from _utils.py to _models.py (#3382),False,1,_utils.py,httpx/_utils.py,0,27,27,0,0
83a85189c79708b732d04e7b906e388fb0fbde94,Mayank Sinha,GitHub,2024-10-30 17:12:21+00:00,2024-10-30T17:12:21Z,Move normalize header functions from _utils.py to _models.py (#3382),False,1,_models.py,httpx/_models.py,30,22,52,0,0
6212e8fa3bf90154b891c7721f6d29737caac861,RafaelWO,GitHub,2024-11-01 12:54:13+00:00,2024-11-01T12:54:13Z,Move utility functions from _utils.py to _multipart.py (#3388),False,1,_utils.py,httpx/_utils.py,0,28,28,0,0
6212e8fa3bf90154b891c7721f6d29737caac861,RafaelWO,GitHub,2024-11-01 12:54:13+00:00,2024-11-01T12:54:13Z,Move utility functions from _utils.py to _multipart.py (#3388),False,1,_multipart.py,httpx/_multipart.py,37,6,43,0,0
41597adffa9d34171a63f7511fc0f702558dd08c,RafaelWO,GitHub,2024-11-01 19:20:18+00:00,2024-11-01T19:20:18Z,Move remaining utility functions from _utils.py to _models.py  (#3387),False,1,_models.py,httpx/_models.py,74,10,84,0,1
41597adffa9d34171a63f7511fc0f702558dd08c,RafaelWO,GitHub,2024-11-01 19:20:18+00:00,2024-11-01T19:20:18Z,Move remaining utility functions from _utils.py to _models.py  (#3387),False,1,_utils.py,httpx/_utils.py,0,70,70,0,0
41597adffa9d34171a63f7511fc0f702558dd08c,RafaelWO,GitHub,2024-11-01 19:20:18+00:00,2024-11-01T19:20:18Z,Move remaining utility functions from _utils.py to _models.py  (#3387),False,1,test_headers.py,tests/models/test_headers.py,43,0,43,0,0
41597adffa9d34171a63f7511fc0f702558dd08c,RafaelWO,GitHub,2024-11-01 19:20:18+00:00,2024-11-01T19:20:18Z,Move remaining utility functions from _utils.py to _models.py  (#3387),False,1,test_utils.py,tests/test_utils.py,0,43,43,0,0
41597adffa9d34171a63f7511fc0f702558dd08c,RafaelWO,GitHub,2024-11-01 19:20:18+00:00,2024-11-01T19:20:18Z,Move remaining utility functions from _utils.py to _models.py  (#3387),False,1,lint,scripts/lint,1,1,2,0,0
54b8d24a6e17e308994104c09fcde3fa71b2d117,Tom Christie,Tom Christie,2024-11-05 14:55:32+00:00,2024-11-05T14:55:32Z,Use system proxies,False,1,test_proxies.py,tests/client/test_proxies.py,0,265,265,0,0
54b8d24a6e17e308994104c09fcde3fa71b2d117,Tom Christie,Tom Christie,2024-11-05 14:55:32+00:00,2024-11-05T14:55:32Z,Use system proxies,False,1,test_client.py,tests/client/test_client.py,0,73,73,0,0
54b8d24a6e17e308994104c09fcde3fa71b2d117,Tom Christie,Tom Christie,2024-11-05 14:55:32+00:00,2024-11-05T14:55:32Z,Use system proxies,False,1,test_async_client.py,tests/client/test_async_client.py,0,66,66,0,0
54b8d24a6e17e308994104c09fcde3fa71b2d117,Tom Christie,Tom Christie,2024-11-05 14:55:32+00:00,2024-11-05T14:55:32Z,Use system proxies,False,1,_utils.py,httpx/_utils.py,0,176,176,0,0
54b8d24a6e17e308994104c09fcde3fa71b2d117,Tom Christie,Tom Christie,2024-11-05 14:55:32+00:00,2024-11-05T14:55:32Z,Use system proxies,False,1,default.py,httpx/_transports/default.py,18,0,18,0,0
54b8d24a6e17e308994104c09fcde3fa71b2d117,Tom Christie,Tom Christie,2024-11-05 14:55:32+00:00,2024-11-05T14:55:32Z,Use system proxies,False,1,_config.py,httpx/_config.py,0,9,9,0,0
54b8d24a6e17e308994104c09fcde3fa71b2d117,Tom Christie,Tom Christie,2024-11-05 14:55:32+00:00,2024-11-05T14:55:32Z,Use system proxies,False,1,_client.py,httpx/_client.py,24,237,261,0,0
54b8d24a6e17e308994104c09fcde3fa71b2d117,Tom Christie,Tom Christie,2024-11-05 14:55:32+00:00,2024-11-05T14:55:32Z,Use system proxies,False,1,test_utils.py,tests/test_utils.py,0,70,70,0,0
1805ee0d22f96e2b29f0500dd3076e10020004bf,Tom Christie,GitHub,2024-11-12 11:31:42+00:00,2024-11-12T11:31:42Z,Graceful upgrade path for 0.28. (#3394),False,1,_client.py,httpx/_client.py,23,60,83,0,0
1805ee0d22f96e2b29f0500dd3076e10020004bf,Tom Christie,GitHub,2024-11-12 11:31:42+00:00,2024-11-12T11:31:42Z,Graceful upgrade path for 0.28. (#3394),False,1,_config.py,httpx/_config.py,12,100,112,0,0
1805ee0d22f96e2b29f0500dd3076e10020004bf,Tom Christie,GitHub,2024-11-12 11:31:42+00:00,2024-11-12T11:31:42Z,Graceful upgrade path for 0.28. (#3394),False,1,__init__.py,httpx/__init__.py,0,1,1,0,0
1805ee0d22f96e2b29f0500dd3076e10020004bf,Tom Christie,GitHub,2024-11-12 11:31:42+00:00,2024-11-12T11:31:42Z,Graceful upgrade path for 0.28. (#3394),False,1,default.py,httpx/_transports/default.py,5,19,24,0,0
1805ee0d22f96e2b29f0500dd3076e10020004bf,Tom Christie,GitHub,2024-11-12 11:31:42+00:00,2024-11-12T11:31:42Z,Graceful upgrade path for 0.28. (#3394),False,1,_main.py,httpx/_main.py,1,5,6,0,0
1805ee0d22f96e2b29f0500dd3076e10020004bf,Tom Christie,GitHub,2024-11-12 11:31:42+00:00,2024-11-12T11:31:42Z,Graceful upgrade path for 0.28. (#3394),False,1,test_config.py,tests/test_config.py,12,33,45,0,0
1805ee0d22f96e2b29f0500dd3076e10020004bf,Tom Christie,GitHub,2024-11-12 11:31:42+00:00,2024-11-12T11:31:42Z,Graceful upgrade path for 0.28. (#3394),False,1,_api.py,httpx/_api.py,25,66,91,0,0
1805ee0d22f96e2b29f0500dd3076e10020004bf,Tom Christie,GitHub,2024-11-12 11:31:42+00:00,2024-11-12T11:31:42Z,Graceful upgrade path for 0.28. (#3394),False,1,_urls.py,httpx/_urls.py,16,0,16,0,0
2ea2286db4da3ba6d318e617ac03217225e9f962,Tom Christie,GitHub,2024-11-15 10:17:42+00:00,2024-11-15T10:17:42Z,Import ssl on demand (#3401),False,1,_config.py,httpx/_config.py,3,1,4,0,0
b47d94c90445921dc74f42c8390a474892c3f097,Tom Christie,GitHub,2024-11-15 10:26:56+00:00,2024-11-15T10:26:56Z,Avoid private imports in test cases. (#3403),False,1,test_content.py,tests/test_content.py,8,13,21,1,0
7b19cd5f4b749064c6452892a5e58a3758da1d1b,RafaelWO,GitHub,2024-11-15 11:42:52+00:00,2024-11-15T11:42:52Z,Move utility functions from _utils.py to _client.py (#3389),False,1,test_utils.py,tests/test_utils.py,1,60,61,0,0
7b19cd5f4b749064c6452892a5e58a3758da1d1b,RafaelWO,GitHub,2024-11-15 11:42:52+00:00,2024-11-15T11:42:52Z,Move utility functions from _utils.py to _client.py (#3389),False,1,test_headers.py,tests/client/test_headers.py,56,0,56,0,0
7b19cd5f4b749064c6452892a5e58a3758da1d1b,RafaelWO,GitHub,2024-11-15 11:42:52+00:00,2024-11-15T11:42:52Z,Move utility functions from _utils.py to _client.py (#3389),False,1,_utils.py,httpx/_utils.py,0,32,32,0,0
7b19cd5f4b749064c6452892a5e58a3758da1d1b,RafaelWO,GitHub,2024-11-15 11:42:52+00:00,2024-11-15T11:42:52Z,Move utility functions from _utils.py to _client.py (#3389),False,1,_client.py,httpx/_client.py,35,8,43,0,0
3769c569edcb24e327a48b8f7264a2253a2f4728,Tom Christie,GitHub,2024-11-21 11:15:26+00:00,2024-11-21T11:15:26Z,Truststore,False,1,_config.py,httpx/_config.py,2,2,4,0,0
83fbd7106346010e043345bc3ded5f35dde4172d,Tom Christie,GitHub,2024-11-21 11:31:57+00:00,2024-11-21T11:31:57Z,Update _config.py,False,1,_config.py,httpx/_config.py,1,1,2,0,1
15ffaf9e1ad5d99305cd2a0b42ee9aed15736bab,Tom Christie,GitHub,2024-11-21 11:38:53+00:00,2024-11-21T11:38:53Z,Update test_config.py,False,1,test_config.py,tests/test_config.py,0,6,6,0,0
cc72d348f8513c8ff33227a21eabdc39d13f3a45,Tom Christie,GitHub,2024-11-21 11:44:32+00:00,2024-11-21T11:44:32Z,Update test_config.py,False,1,test_config.py,tests/test_config.py,0,15,15,0,0
3933a88c2b61f84eb6de62492904425865d57e93,Tom Christie,GitHub,2024-11-21 11:47:42+00:00,2024-11-21T11:47:42Z,Update test_config.py,False,1,test_config.py,tests/test_config.py,0,2,2,0,0
47f4a96ffaaaa07dca1614409549b5d7a6e7af49,Tom Christie,GitHub,2024-11-22 11:42:51+00:00,2024-11-22T11:42:51Z,Handle empty zstd responses (#3412),False,1,test_decoders.py,tests/test_decoders.py,19,0,19,1,0
47f4a96ffaaaa07dca1614409549b5d7a6e7af49,Tom Christie,GitHub,2024-11-22 11:42:51+00:00,2024-11-22T11:42:51Z,Handle empty zstd responses (#3412),False,1,_decoders.py,httpx/_decoders.py,4,0,4,1,0
47f4a96ffaaaa07dca1614409549b5d7a6e7af49,Tom Christie,GitHub,2024-11-22 11:42:51+00:00,2024-11-22T11:42:51Z,Handle empty zstd responses (#3412),False,1,__version__.py,httpx/__version__.py,1,1,2,1,0
ce7e14da27abba6574be9b3ea7cd5990556a9343,Tom Christie,GitHub,2024-11-28 11:46:59+00:00,2024-11-28T11:46:59Z,Error on verify as str. (#3418),False,1,_config.py,httpx/_config.py,8,0,8,1,0
a33c87852b8a0dddc65e5f739af1e0a6fca4b91f,Tom Christie,GitHub,2024-11-28 13:31:17+00:00,2024-11-28T13:31:17Z,Fix `extensions` type annotation. (#3380),False,1,_models.py,httpx/_models.py,2,2,4,1,0
a33c87852b8a0dddc65e5f739af1e0a6fca4b91f,Tom Christie,GitHub,2024-11-28 13:31:17+00:00,2024-11-28T13:31:17Z,Fix `extensions` type annotation. (#3380),False,1,_types.py,httpx/_types.py,2,3,5,1,0
80960fa31918d7663c3f4c3ad61661cf0e80628f,Tom Christie,GitHub,2024-11-28 14:50:04+00:00,2024-11-28T14:50:04Z,Version 0.28.0. (#3419),False,1,_types.py,httpx/_types.py,1,0,1,0,0
80960fa31918d7663c3f4c3ad61661cf0e80628f,Tom Christie,GitHub,2024-11-28 14:50:04+00:00,2024-11-28T14:50:04Z,Version 0.28.0. (#3419),False,1,default.py,httpx/_transports/default.py,9,5,14,0,1
80960fa31918d7663c3f4c3ad61661cf0e80628f,Tom Christie,GitHub,2024-11-28 14:50:04+00:00,2024-11-28T14:50:04Z,Version 0.28.0. (#3419),False,1,_config.py,httpx/_config.py,36,9,45,0,1
80960fa31918d7663c3f4c3ad61661cf0e80628f,Tom Christie,GitHub,2024-11-28 14:50:04+00:00,2024-11-28T14:50:04Z,Version 0.28.0. (#3419),False,1,_client.py,httpx/_client.py,34,7,41,0,0
80960fa31918d7663c3f4c3ad61661cf0e80628f,Tom Christie,GitHub,2024-11-28 14:50:04+00:00,2024-11-28T14:50:04Z,Version 0.28.0. (#3419),False,1,_api.py,httpx/_api.py,9,9,18,0,0
15e21e9ea3cad4f06e22a7e704aabefdf43d2e29,Daniel Arvelini,GitHub,2024-11-29 11:15:56+00:00,2024-11-29T11:15:56Z,Updating deprecated docstring Client() class (#3426),False,1,_client.py,httpx/_client.py,0,2,2,0,0
8ecb86f0d74ffc52d4663214fae9526bee89358d,Elaina,GitHub,2024-12-03 16:12:27+00:00,2024-12-03T16:12:27Z,Add test for request params behavior changes (#3364) (#3440),False,1,test_requests.py,tests/models/test_requests.py,13,0,13,0,0
89599a9541af14bcf906fc4ed58ccbdf403802ba,Tom Christie,GitHub,2024-12-04 11:29:09+00:00,2024-12-04T11:29:09Z,"Fix `verify=False`, `cert=...` case. (#3442)",False,1,_config.py,httpx/_config.py,3,4,7,1,0
26d48e0634e6ee9cdc0533996db289ce4b430177,Tom Christie,GitHub,2024-12-06 15:35:41+00:00,2024-12-06T15:35:41Z,Version 0.28.1 (#3445),False,1,__version__.py,httpx/__version__.py,1,1,2,0,0
cfa72f32010c004edf40b5548d5058c2c8c419cf,GitHub Action,GitHub Action,2024-12-06 15:37:25+00:00,2024-12-06T15:37:25Z,Deployed 26d48e0 with MkDocs version: 1.6.1,False,0,lunr.it.min.js,assets/javascripts/lunr/min/lunr.it.min.js,18,0,18,0,0
cfa72f32010c004edf40b5548d5058c2c8c419cf,GitHub Action,GitHub Action,2024-12-06 15:37:25+00:00,2024-12-06T15:37:25Z,Deployed 26d48e0 with MkDocs version: 1.6.1,False,0,lunr.hy.min.js,assets/javascripts/lunr/min/lunr.hy.min.js,1,0,1,0,0
cfa72f32010c004edf40b5548d5058c2c8c419cf,GitHub Action,GitHub Action,2024-12-06 15:37:25+00:00,2024-12-06T15:37:25Z,Deployed 26d48e0 with MkDocs version: 1.6.1,False,0,lunr.hu.min.js,assets/javascripts/lunr/min/lunr.hu.min.js,18,0,18,0,0
cfa72f32010c004edf40b5548d5058c2c8c419cf,GitHub Action,GitHub Action,2024-12-06 15:37:25+00:00,2024-12-06T15:37:25Z,Deployed 26d48e0 with MkDocs version: 1.6.1,False,0,lunr.hi.min.js,assets/javascripts/lunr/min/lunr.hi.min.js,1,0,1,0,0
cfa72f32010c004edf40b5548d5058c2c8c419cf,GitHub Action,GitHub Action,2024-12-06 15:37:25+00:00,2024-12-06T15:37:25Z,Deployed 26d48e0 with MkDocs version: 1.6.1,False,0,lunr.fi.min.js,assets/javascripts/lunr/min/lunr.fi.min.js,18,0,18,0,0
cfa72f32010c004edf40b5548d5058c2c8c419cf,GitHub Action,GitHub Action,2024-12-06 15:37:25+00:00,2024-12-06T15:37:25Z,Deployed 26d48e0 with MkDocs version: 1.6.1,False,0,lunr.he.min.js,assets/javascripts/lunr/min/lunr.he.min.js,1,0,1,0,0
cfa72f32010c004edf40b5548d5058c2c8c419cf,GitHub Action,GitHub Action,2024-12-06 15:37:25+00:00,2024-12-06T15:37:25Z,Deployed 26d48e0 with MkDocs version: 1.6.1,False,0,lunr.fr.min.js,assets/javascripts/lunr/min/lunr.fr.min.js,18,0,18,0,0
cfa72f32010c004edf40b5548d5058c2c8c419cf,GitHub Action,GitHub Action,2024-12-06 15:37:25+00:00,2024-12-06T15:37:25Z,Deployed 26d48e0 with MkDocs version: 1.6.1,False,0,lunr.ja.min.js,assets/javascripts/lunr/min/lunr.ja.min.js,1,0,1,0,0
cfa72f32010c004edf40b5548d5058c2c8c419cf,GitHub Action,GitHub Action,2024-12-06 15:37:25+00:00,2024-12-06T15:37:25Z,Deployed 26d48e0 with MkDocs version: 1.6.1,False,0,lunr.es.min.js,assets/javascripts/lunr/min/lunr.es.min.js,18,0,18,0,0
cfa72f32010c004edf40b5548d5058c2c8c419cf,GitHub Action,GitHub Action,2024-12-06 15:37:25+00:00,2024-12-06T15:37:25Z,Deployed 26d48e0 with MkDocs version: 1.6.1,False,0,lunr.ar.min.js,assets/javascripts/lunr/min/lunr.ar.min.js,1,0,1,0,0
cfa72f32010c004edf40b5548d5058c2c8c419cf,GitHub Action,GitHub Action,2024-12-06 15:37:25+00:00,2024-12-06T15:37:25Z,Deployed 26d48e0 with MkDocs version: 1.6.1,False,0,lunr.du.min.js,assets/javascripts/lunr/min/lunr.du.min.js,18,0,18,0,0
cfa72f32010c004edf40b5548d5058c2c8c419cf,GitHub Action,GitHub Action,2024-12-06 15:37:25+00:00,2024-12-06T15:37:25Z,Deployed 26d48e0 with MkDocs version: 1.6.1,False,0,lunr.de.min.js,assets/javascripts/lunr/min/lunr.de.min.js,18,0,18,0,0
cfa72f32010c004edf40b5548d5058c2c8c419cf,GitHub Action,GitHub Action,2024-12-06 15:37:25+00:00,2024-12-06T15:37:25Z,Deployed 26d48e0 with MkDocs version: 1.6.1,False,0,lunr.da.min.js,assets/javascripts/lunr/min/lunr.da.min.js,18,0,18,0,0
cfa72f32010c004edf40b5548d5058c2c8c419cf,GitHub Action,GitHub Action,2024-12-06 15:37:25+00:00,2024-12-06T15:37:25Z,Deployed 26d48e0 with MkDocs version: 1.6.1,False,0,bundle.83f73b43.min.js.map,assets/javascripts/bundle.83f73b43.min.js.map,7,0,7,0,0
cfa72f32010c004edf40b5548d5058c2c8c419cf,GitHub Action,GitHub Action,2024-12-06 15:37:25+00:00,2024-12-06T15:37:25Z,Deployed 26d48e0 with MkDocs version: 1.6.1,False,0,bundle.83f73b43.min.js,assets/javascripts/bundle.83f73b43.min.js,16,0,16,0,0
cfa72f32010c004edf40b5548d5058c2c8c419cf,GitHub Action,GitHub Action,2024-12-06 15:37:25+00:00,2024-12-06T15:37:25Z,Deployed 26d48e0 with MkDocs version: 1.6.1,False,0,CNAME,CNAME,1,0,1,0,0
cfa72f32010c004edf40b5548d5058c2c8c419cf,GitHub Action,GitHub Action,2024-12-06 15:37:25+00:00,2024-12-06T15:37:25Z,Deployed 26d48e0 with MkDocs version: 1.6.1,False,0,.nojekyll,.nojekyll,0,0,0,0,0
cfa72f32010c004edf40b5548d5058c2c8c419cf,GitHub Action,GitHub Action,2024-12-06 15:37:25+00:00,2024-12-06T15:37:25Z,Deployed 26d48e0 with MkDocs version: 1.6.1,False,0,lunr.jp.min.js,assets/javascripts/lunr/min/lunr.jp.min.js,1,0,1,0,0
cfa72f32010c004edf40b5548d5058c2c8c419cf,GitHub Action,GitHub Action,2024-12-06 15:37:25+00:00,2024-12-06T15:37:25Z,Deployed 26d48e0 with MkDocs version: 1.6.1,False,0,lunr.el.min.js,assets/javascripts/lunr/min/lunr.el.min.js,1,0,1,0,0
cfa72f32010c004edf40b5548d5058c2c8c419cf,GitHub Action,GitHub Action,2024-12-06 15:37:25+00:00,2024-12-06T15:37:25Z,Deployed 26d48e0 with MkDocs version: 1.6.1,False,0,lunr.kn.min.js,assets/javascripts/lunr/min/lunr.kn.min.js,1,0,1,0,0
cfa72f32010c004edf40b5548d5058c2c8c419cf,GitHub Action,GitHub Action,2024-12-06 15:37:25+00:00,2024-12-06T15:37:25Z,Deployed 26d48e0 with MkDocs version: 1.6.1,False,0,lunr.ta.min.js,assets/javascripts/lunr/min/lunr.ta.min.js,1,0,1,0,0
cfa72f32010c004edf40b5548d5058c2c8c419cf,GitHub Action,GitHub Action,2024-12-06 15:37:25+00:00,2024-12-06T15:37:25Z,Deployed 26d48e0 with MkDocs version: 1.6.1,False,0,lunr.multi.min.js,assets/javascripts/lunr/min/lunr.multi.min.js,1,0,1,0,0
cfa72f32010c004edf40b5548d5058c2c8c419cf,GitHub Action,GitHub Action,2024-12-06 15:37:25+00:00,2024-12-06T15:37:25Z,Deployed 26d48e0 with MkDocs version: 1.6.1,False,0,main.6f8fc17f.min.css.map,assets/stylesheets/main.6f8fc17f.min.css.map,1,0,1,0,0
cfa72f32010c004edf40b5548d5058c2c8c419cf,GitHub Action,GitHub Action,2024-12-06 15:37:25+00:00,2024-12-06T15:37:25Z,Deployed 26d48e0 with MkDocs version: 1.6.1,False,0,search.6ce7567c.min.js.map,assets/javascripts/workers/search.6ce7567c.min.js.map,7,0,7,0,0
cfa72f32010c004edf40b5548d5058c2c8c419cf,GitHub Action,GitHub Action,2024-12-06 15:37:25+00:00,2024-12-06T15:37:25Z,Deployed 26d48e0 with MkDocs version: 1.6.1,False,0,search.6ce7567c.min.js,assets/javascripts/workers/search.6ce7567c.min.js,42,0,42,0,0
cfa72f32010c004edf40b5548d5058c2c8c419cf,GitHub Action,GitHub Action,2024-12-06 15:37:25+00:00,2024-12-06T15:37:25Z,Deployed 26d48e0 with MkDocs version: 1.6.1,False,0,wordcut.js,assets/javascripts/lunr/wordcut.js,6708,0,6708,0,0
cfa72f32010c004edf40b5548d5058c2c8c419cf,GitHub Action,GitHub Action,2024-12-06 15:37:25+00:00,2024-12-06T15:37:25Z,Deployed 26d48e0 with MkDocs version: 1.6.1,False,0,tinyseg.js,assets/javascripts/lunr/tinyseg.js,206,0,206,0,0
cfa72f32010c004edf40b5548d5058c2c8c419cf,GitHub Action,GitHub Action,2024-12-06 15:37:25+00:00,2024-12-06T15:37:25Z,Deployed 26d48e0 with MkDocs version: 1.6.1,False,0,lunr.zh.min.js,assets/javascripts/lunr/min/lunr.zh.min.js,1,0,1,0,0
cfa72f32010c004edf40b5548d5058c2c8c419cf,GitHub Action,GitHub Action,2024-12-06 15:37:25+00:00,2024-12-06T15:37:25Z,Deployed 26d48e0 with MkDocs version: 1.6.1,False,0,lunr.vi.min.js,assets/javascripts/lunr/min/lunr.vi.min.js,1,0,1,0,0
cfa72f32010c004edf40b5548d5058c2c8c419cf,GitHub Action,GitHub Action,2024-12-06 15:37:25+00:00,2024-12-06T15:37:25Z,Deployed 26d48e0 with MkDocs version: 1.6.1,False,0,lunr.tr.min.js,assets/javascripts/lunr/min/lunr.tr.min.js,18,0,18,0,0
cfa72f32010c004edf40b5548d5058c2c8c419cf,GitHub Action,GitHub Action,2024-12-06 15:37:25+00:00,2024-12-06T15:37:25Z,Deployed 26d48e0 with MkDocs version: 1.6.1,False,0,lunr.te.min.js,assets/javascripts/lunr/min/lunr.te.min.js,1,0,1,0,0
cfa72f32010c004edf40b5548d5058c2c8c419cf,GitHub Action,GitHub Action,2024-12-06 15:37:25+00:00,2024-12-06T15:37:25Z,Deployed 26d48e0 with MkDocs version: 1.6.1,False,0,lunr.th.min.js,assets/javascripts/lunr/min/lunr.th.min.js,1,0,1,0,0
cfa72f32010c004edf40b5548d5058c2c8c419cf,GitHub Action,GitHub Action,2024-12-06 15:37:25+00:00,2024-12-06T15:37:25Z,Deployed 26d48e0 with MkDocs version: 1.6.1,False,0,lunr.sv.min.js,assets/javascripts/lunr/min/lunr.sv.min.js,18,0,18,0,0
cfa72f32010c004edf40b5548d5058c2c8c419cf,GitHub Action,GitHub Action,2024-12-06 15:37:25+00:00,2024-12-06T15:37:25Z,Deployed 26d48e0 with MkDocs version: 1.6.1,False,0,lunr.stemmer.support.min.js,assets/javascripts/lunr/min/lunr.stemmer.support.min.js,1,0,1,0,0
cfa72f32010c004edf40b5548d5058c2c8c419cf,GitHub Action,GitHub Action,2024-12-06 15:37:25+00:00,2024-12-06T15:37:25Z,Deployed 26d48e0 with MkDocs version: 1.6.1,False,0,lunr.sa.min.js,assets/javascripts/lunr/min/lunr.sa.min.js,1,0,1,0,0
cfa72f32010c004edf40b5548d5058c2c8c419cf,GitHub Action,GitHub Action,2024-12-06 15:37:25+00:00,2024-12-06T15:37:25Z,Deployed 26d48e0 with MkDocs version: 1.6.1,False,0,lunr.ru.min.js,assets/javascripts/lunr/min/lunr.ru.min.js,18,0,18,0,0
cfa72f32010c004edf40b5548d5058c2c8c419cf,GitHub Action,GitHub Action,2024-12-06 15:37:25+00:00,2024-12-06T15:37:25Z,Deployed 26d48e0 with MkDocs version: 1.6.1,False,0,lunr.ro.min.js,assets/javascripts/lunr/min/lunr.ro.min.js,18,0,18,0,0
cfa72f32010c004edf40b5548d5058c2c8c419cf,GitHub Action,GitHub Action,2024-12-06 15:37:25+00:00,2024-12-06T15:37:25Z,Deployed 26d48e0 with MkDocs version: 1.6.1,False,0,lunr.pt.min.js,assets/javascripts/lunr/min/lunr.pt.min.js,18,0,18,0,0
cfa72f32010c004edf40b5548d5058c2c8c419cf,GitHub Action,GitHub Action,2024-12-06 15:37:25+00:00,2024-12-06T15:37:25Z,Deployed 26d48e0 with MkDocs version: 1.6.1,False,0,lunr.no.min.js,assets/javascripts/lunr/min/lunr.no.min.js,18,0,18,0,0
cfa72f32010c004edf40b5548d5058c2c8c419cf,GitHub Action,GitHub Action,2024-12-06 15:37:25+00:00,2024-12-06T15:37:25Z,Deployed 26d48e0 with MkDocs version: 1.6.1,False,0,lunr.nl.min.js,assets/javascripts/lunr/min/lunr.nl.min.js,18,0,18,0,0
cfa72f32010c004edf40b5548d5058c2c8c419cf,GitHub Action,GitHub Action,2024-12-06 15:37:25+00:00,2024-12-06T15:37:25Z,Deployed 26d48e0 with MkDocs version: 1.6.1,False,0,palette.06af60db.min.css.map,assets/stylesheets/palette.06af60db.min.css.map,1,0,1,0,0
cfa72f32010c004edf40b5548d5058c2c8c419cf,GitHub Action,GitHub Action,2024-12-06 15:37:25+00:00,2024-12-06T15:37:25Z,Deployed 26d48e0 with MkDocs version: 1.6.1,False,0,lunr.ko.min.js,assets/javascripts/lunr/min/lunr.ko.min.js,1,0,1,0,0
4965a61830a81525f2faffc27742798de1db4436,Kar Petrosyan,Kar Petrosyan,2025-02-27 15:19:45+00:00,2025-02-27T19:19:45+04:00,Make all the tests from test_redirects to be async,False,1,test_redirects.py,tests/client/test_redirects.py,226,217,443,0,0
3848ad120a2866a455f8aa5d5dc2a8405cd94c2c,Kar Petrosyan,Kar Petrosyan,2025-02-27 15:23:00+00:00,2025-02-27T19:23:00+04:00,Make all the tests from test_queryparams to be async,False,1,test_queryparams.py,tests/client/test_queryparams.py,22,15,37,0,0
ca6f520772467e48465d4dffeac77f0df24d4fbd,Kar Petrosyan,Kar Petrosyan,2025-02-27 15:30:49+00:00,2025-02-27T19:30:49+04:00,Make all the tests from test_proxies to be async,False,1,test_proxies.py,tests/client/test_proxies.py,44,51,95,0,0
c3f1ee12039f84dfef80a4986971536bf7b19a48,Kar Petrosyan,Kar Petrosyan,2025-02-27 15:40:59+00:00,2025-02-27T19:40:59+04:00,Make all the tests from test_headers and test_properties to be async,False,1,test_headers.py,tests/client/test_headers.py,177,152,329,0,0
c3f1ee12039f84dfef80a4986971536bf7b19a48,Kar Petrosyan,Kar Petrosyan,2025-02-27 15:40:59+00:00,2025-02-27T19:40:59+04:00,Make all the tests from test_headers and test_properties to be async,False,1,test_properties.py,tests/client/test_properties.py,50,41,91,0,0
b1d5fca5ea2caa83d908c2603e2afa100d928fbe,Kar Petrosyan,Kar Petrosyan,2025-02-27 15:46:52+00:00,2025-02-27T19:46:52+04:00,Make all the tests from test_headers and test_event_hooks to be async,False,1,test_event_hooks.py,tests/client/test_event_hooks.py,3,109,112,0,0
a8038137022b8618a936b9b3f48dfb76f0ad67f8,Kar Petrosyan,Kar Petrosyan,2025-02-27 15:53:57+00:00,2025-02-27T19:53:57+04:00,Make all the tests from test_headers and test_cookies to be async,False,1,test_cookies.py,tests/client/test_cookies.py,65,51,116,0,0
a8038137022b8618a936b9b3f48dfb76f0ad67f8,Kar Petrosyan,Kar Petrosyan,2025-02-27 15:53:57+00:00,2025-02-27T19:53:57+04:00,Make all the tests from test_headers and test_cookies to be async,False,1,test_client.py,tests/client/test_client.py,0,462,462,0,0
6baba9c1ce838c4fab546e6761f52debc5600613,Kar Petrosyan,Kar Petrosyan,2025-02-27 16:01:04+00:00,2025-02-27T20:01:04+04:00,Make all the tests from test_headers and test_auth to be async,False,1,test_auth.py,tests/client/test_auth.py,31,106,137,0,0
a2fc6825a513abe8ed3ca269510ba14e8b61683f,Kar Petrosyan,Kar Petrosyan,2025-02-27 16:38:08+00:00,2025-02-27T20:38:08+04:00,Use unasync for tests,False,1,__init__.py,tests/client/sync/__init__.py,0,0,0,0,0
a2fc6825a513abe8ed3ca269510ba14e8b61683f,Kar Petrosyan,Kar Petrosyan,2025-02-27 16:38:08+00:00,2025-02-27T20:38:08+04:00,Use unasync for tests,False,1,test_redirects.py,tests/client/async/test_redirects.py,456,0,456,0,0
a2fc6825a513abe8ed3ca269510ba14e8b61683f,Kar Petrosyan,Kar Petrosyan,2025-02-27 16:38:08+00:00,2025-02-27T20:38:08+04:00,Use unasync for tests,False,1,test_queryparams.py,tests/client/async/test_queryparams.py,42,0,42,0,0
a2fc6825a513abe8ed3ca269510ba14e8b61683f,Kar Petrosyan,Kar Petrosyan,2025-02-27 16:38:08+00:00,2025-02-27T20:38:08+04:00,Use unasync for tests,False,1,test_proxies.py,tests/client/async/test_proxies.py,258,0,258,0,0
a2fc6825a513abe8ed3ca269510ba14e8b61683f,Kar Petrosyan,Kar Petrosyan,2025-02-27 16:38:08+00:00,2025-02-27T20:38:08+04:00,Use unasync for tests,False,1,test_properties.py,tests/client/async/test_properties.py,77,0,77,0,0
a2fc6825a513abe8ed3ca269510ba14e8b61683f,Kar Petrosyan,Kar Petrosyan,2025-02-27 16:38:08+00:00,2025-02-27T20:38:08+04:00,Use unasync for tests,False,1,test_headers.py,tests/client/async/test_headers.py,318,0,318,0,0
a2fc6825a513abe8ed3ca269510ba14e8b61683f,Kar Petrosyan,Kar Petrosyan,2025-02-27 16:38:08+00:00,2025-02-27T20:38:08+04:00,Use unasync for tests,False,1,test_auth.py,tests/client/sync/test_auth.py,655,0,655,0,1
a2fc6825a513abe8ed3ca269510ba14e8b61683f,Kar Petrosyan,Kar Petrosyan,2025-02-27 16:38:08+00:00,2025-02-27T20:38:08+04:00,Use unasync for tests,False,1,test_cookies.py,tests/client/async/test_cookies.py,182,0,182,0,0
a2fc6825a513abe8ed3ca269510ba14e8b61683f,Kar Petrosyan,Kar Petrosyan,2025-02-27 16:38:08+00:00,2025-02-27T20:38:08+04:00,Use unasync for tests,False,1,test_auth.py,tests/client/async/test_auth.py,695,0,695,0,0
a2fc6825a513abe8ed3ca269510ba14e8b61683f,Kar Petrosyan,Kar Petrosyan,2025-02-27 16:38:08+00:00,2025-02-27T20:38:08+04:00,Use unasync for tests,False,1,__init__.py,tests/client/async/__init__.py,0,0,0,0,0
a2fc6825a513abe8ed3ca269510ba14e8b61683f,Kar Petrosyan,Kar Petrosyan,2025-02-27 16:38:08+00:00,2025-02-27T20:38:08+04:00,Use unasync for tests,False,1,unasync.py,scripts/unasync.py,92,0,92,0,0
a2fc6825a513abe8ed3ca269510ba14e8b61683f,Kar Petrosyan,Kar Petrosyan,2025-02-27 16:38:08+00:00,2025-02-27T20:38:08+04:00,Use unasync for tests,False,1,lint,scripts/lint,1,0,1,0,1
a2fc6825a513abe8ed3ca269510ba14e8b61683f,Kar Petrosyan,Kar Petrosyan,2025-02-27 16:38:08+00:00,2025-02-27T20:38:08+04:00,Use unasync for tests,False,1,check,scripts/check,1,0,1,0,1
a2fc6825a513abe8ed3ca269510ba14e8b61683f,Kar Petrosyan,Kar Petrosyan,2025-02-27 16:38:08+00:00,2025-02-27T20:38:08+04:00,Use unasync for tests,False,1,test_event_hooks.py,tests/client/async/test_event_hooks.py,122,0,122,0,0
a2fc6825a513abe8ed3ca269510ba14e8b61683f,Kar Petrosyan,Kar Petrosyan,2025-02-27 16:38:08+00:00,2025-02-27T20:38:08+04:00,Use unasync for tests,False,1,test_client.py,tests/client/sync/test_client.py,339,0,339,0,1
a2fc6825a513abe8ed3ca269510ba14e8b61683f,Kar Petrosyan,Kar Petrosyan,2025-02-27 16:38:08+00:00,2025-02-27T20:38:08+04:00,Use unasync for tests,False,1,test_client.py,tests/client/async/test_client.py,364,0,364,0,0
a2fc6825a513abe8ed3ca269510ba14e8b61683f,Kar Petrosyan,Kar Petrosyan,2025-02-27 16:38:08+00:00,2025-02-27T20:38:08+04:00,Use unasync for tests,False,1,test_event_hooks.py,tests/client/sync/test_event_hooks.py,117,0,117,0,1
a2fc6825a513abe8ed3ca269510ba14e8b61683f,Kar Petrosyan,Kar Petrosyan,2025-02-27 16:38:08+00:00,2025-02-27T20:38:08+04:00,Use unasync for tests,False,1,test_headers.py,tests/client/sync/test_headers.py,297,0,297,0,1
a2fc6825a513abe8ed3ca269510ba14e8b61683f,Kar Petrosyan,Kar Petrosyan,2025-02-27 16:38:08+00:00,2025-02-27T20:38:08+04:00,Use unasync for tests,False,1,test_properties.py,tests/client/sync/test_properties.py,67,0,67,0,1
a2fc6825a513abe8ed3ca269510ba14e8b61683f,Kar Petrosyan,Kar Petrosyan,2025-02-27 16:38:08+00:00,2025-02-27T20:38:08+04:00,Use unasync for tests,False,1,test_proxies.py,tests/client/sync/test_proxies.py,247,0,247,0,1
a2fc6825a513abe8ed3ca269510ba14e8b61683f,Kar Petrosyan,Kar Petrosyan,2025-02-27 16:38:08+00:00,2025-02-27T20:38:08+04:00,Use unasync for tests,False,1,test_queryparams.py,tests/client/sync/test_queryparams.py,37,0,37,0,1
a2fc6825a513abe8ed3ca269510ba14e8b61683f,Kar Petrosyan,Kar Petrosyan,2025-02-27 16:38:08+00:00,2025-02-27T20:38:08+04:00,Use unasync for tests,False,1,test_redirects.py,tests/client/sync/test_redirects.py,426,0,426,0,1
a2fc6825a513abe8ed3ca269510ba14e8b61683f,Kar Petrosyan,Kar Petrosyan,2025-02-27 16:38:08+00:00,2025-02-27T20:38:08+04:00,Use unasync for tests,False,1,test_async_client.py,tests/client/test_async_client.py,0,375,375,0,0
a2fc6825a513abe8ed3ca269510ba14e8b61683f,Kar Petrosyan,Kar Petrosyan,2025-02-27 16:38:08+00:00,2025-02-27T20:38:08+04:00,Use unasync for tests,False,1,test_auth.py,tests/client/test_auth.py,0,697,697,0,0
a2fc6825a513abe8ed3ca269510ba14e8b61683f,Kar Petrosyan,Kar Petrosyan,2025-02-27 16:38:08+00:00,2025-02-27T20:38:08+04:00,Use unasync for tests,False,1,test_cookies.py,tests/client/test_cookies.py,0,182,182,0,0
a2fc6825a513abe8ed3ca269510ba14e8b61683f,Kar Petrosyan,Kar Petrosyan,2025-02-27 16:38:08+00:00,2025-02-27T20:38:08+04:00,Use unasync for tests,False,1,test_event_hooks.py,tests/client/test_event_hooks.py,0,122,122,0,0
a2fc6825a513abe8ed3ca269510ba14e8b61683f,Kar Petrosyan,Kar Petrosyan,2025-02-27 16:38:08+00:00,2025-02-27T20:38:08+04:00,Use unasync for tests,False,1,test_headers.py,tests/client/test_headers.py,0,318,318,0,0
a2fc6825a513abe8ed3ca269510ba14e8b61683f,Kar Petrosyan,Kar Petrosyan,2025-02-27 16:38:08+00:00,2025-02-27T20:38:08+04:00,Use unasync for tests,False,1,test_properties.py,tests/client/test_properties.py,0,77,77,0,0
a2fc6825a513abe8ed3ca269510ba14e8b61683f,Kar Petrosyan,Kar Petrosyan,2025-02-27 16:38:08+00:00,2025-02-27T20:38:08+04:00,Use unasync for tests,False,1,test_proxies.py,tests/client/test_proxies.py,0,258,258,0,0
a2fc6825a513abe8ed3ca269510ba14e8b61683f,Kar Petrosyan,Kar Petrosyan,2025-02-27 16:38:08+00:00,2025-02-27T20:38:08+04:00,Use unasync for tests,False,1,test_queryparams.py,tests/client/test_queryparams.py,0,42,42,0,0
a2fc6825a513abe8ed3ca269510ba14e8b61683f,Kar Petrosyan,Kar Petrosyan,2025-02-27 16:38:08+00:00,2025-02-27T20:38:08+04:00,Use unasync for tests,False,1,test_redirects.py,tests/client/test_redirects.py,0,456,456,0,0
a2fc6825a513abe8ed3ca269510ba14e8b61683f,Kar Petrosyan,Kar Petrosyan,2025-02-27 16:38:08+00:00,2025-02-27T20:38:08+04:00,Use unasync for tests,False,1,test_cookies.py,tests/client/sync/test_cookies.py,167,0,167,0,1
4189b7f051c6c51ce74c3bee1a5f269f9c50c6b2,Kar Petrosyan,GitHub,2025-02-27 16:38:39+00:00,2025-02-27T20:38:39+04:00,fix typo (#3519),False,1,_client.py,httpx/_client.py,1,1,2,0,1
4189b7f051c6c51ce74c3bee1a5f269f9c50c6b2,Kar Petrosyan,GitHub,2025-02-27 16:38:39+00:00,2025-02-27T20:38:39+04:00,fix typo (#3519),False,1,_models.py,httpx/_models.py,3,3,6,0,0
e7668b6ea021d1c98092930a0e5c436b105d4c81,Kar Petrosyan,Kar Petrosyan,2025-02-27 16:47:41+00:00,2025-02-27T20:47:41+04:00,fix unasync,False,1,test_redirects.py,tests/client/sync/test_redirects.py,32,2,34,1,0
e7668b6ea021d1c98092930a0e5c436b105d4c81,Kar Petrosyan,Kar Petrosyan,2025-02-27 16:47:41+00:00,2025-02-27T20:47:41+04:00,fix unasync,False,1,test_queryparams.py,tests/client/sync/test_queryparams.py,5,0,5,1,0
e7668b6ea021d1c98092930a0e5c436b105d4c81,Kar Petrosyan,Kar Petrosyan,2025-02-27 16:47:41+00:00,2025-02-27T20:47:41+04:00,fix unasync,False,1,test_proxies.py,tests/client/sync/test_proxies.py,13,2,15,1,0
e7668b6ea021d1c98092930a0e5c436b105d4c81,Kar Petrosyan,Kar Petrosyan,2025-02-27 16:47:41+00:00,2025-02-27T20:47:41+04:00,fix unasync,False,1,test_properties.py,tests/client/sync/test_properties.py,10,0,10,1,0
e7668b6ea021d1c98092930a0e5c436b105d4c81,Kar Petrosyan,Kar Petrosyan,2025-02-27 16:47:41+00:00,2025-02-27T20:47:41+04:00,fix unasync,False,1,test_headers.py,tests/client/sync/test_headers.py,23,2,25,1,0
e7668b6ea021d1c98092930a0e5c436b105d4c81,Kar Petrosyan,Kar Petrosyan,2025-02-27 16:47:41+00:00,2025-02-27T20:47:41+04:00,fix unasync,False,1,test_event_hooks.py,tests/client/sync/test_event_hooks.py,5,0,5,1,0
e7668b6ea021d1c98092930a0e5c436b105d4c81,Kar Petrosyan,Kar Petrosyan,2025-02-27 16:47:41+00:00,2025-02-27T20:47:41+04:00,fix unasync,False,1,test_cookies.py,tests/client/sync/test_cookies.py,19,4,23,1,0
e7668b6ea021d1c98092930a0e5c436b105d4c81,Kar Petrosyan,Kar Petrosyan,2025-02-27 16:47:41+00:00,2025-02-27T20:47:41+04:00,fix unasync,False,1,test_client.py,tests/client/sync/test_client.py,26,1,27,1,0
e7668b6ea021d1c98092930a0e5c436b105d4c81,Kar Petrosyan,Kar Petrosyan,2025-02-27 16:47:41+00:00,2025-02-27T20:47:41+04:00,fix unasync,False,1,test_auth.py,tests/client/sync/test_auth.py,46,6,52,1,0
9c5a2d1646a50e309aa5b2d086a942177d4e649b,Kar Petrosyan,Kar Petrosyan,2025-02-27 16:56:49+00:00,2025-02-27T20:56:49+04:00,ignore ruff for generated sync tests,False,1,unasync.py,scripts/unasync.py,28,28,56,0,0
039baa0cad7ffade15609a1c33eb8ddcdcc587a6,Kar Petrosyan,Kar Petrosyan,2025-02-27 17:01:59+00:00,2025-02-27T21:01:59+04:00,fix cov,False,1,_client.py,httpx/_client.py,2,2,4,1,0
e30c099c6fe4f06acb19118a33064b1c62c2f2cc,Tom Christie,GitHub,2025-03-04 11:26:04+00:00,2025-03-04T11:26:04Z,Update version to 0.28.2,False,1,__version__.py,httpx/__version__.py,1,1,2,0,0
336204f0121a9aefdebac5cacd81f912bafe8057,Emmanuel Ferdman,GitHub,2025-06-02 19:29:52+00:00,2025-06-02T20:29:52+01:00,Display proxy protocol scheme on error (#3571),False,1,default.py,httpx/_transports/default.py,1,1,2,1,0
2f737cadc1815245c49fbf00f25e14a50f7c46e7,Kar Petrosyan,Kar Petrosyan,2025-06-10 19:03:04+00:00,2025-06-10T23:03:04+04:00,feat: add socket_options to Client and AsyncClient classes,False,1,_client.py,httpx/_client.py,15,1,16,0,0
364697efcafe39290358745da8be451a40a3eab2,Christian Clauss,GitHub,2025-09-03 11:17:26+00:00,2025-09-03T06:17:26-05:00,Upgrade Python formatter ruff (#3651),False,1,_exceptions.py,httpx/_exceptions.py,1,3,4,0,0
364697efcafe39290358745da8be451a40a3eab2,Christian Clauss,GitHub,2025-09-03 11:17:26+00:00,2025-09-03T06:17:26-05:00,Upgrade Python formatter ruff (#3651),False,1,test_content.py,tests/test_content.py,6,6,12,0,0
364697efcafe39290358745da8be451a40a3eab2,Christian Clauss,GitHub,2025-09-03 11:17:26+00:00,2025-09-03T06:17:26-05:00,Upgrade Python formatter ruff (#3651),False,1,_urls.py,httpx/_urls.py,1,1,2,0,0
b55d4635701d9dc22928ee647880c76b078ba3f2,Christian Clauss,GitHub,2025-09-04 13:48:49+00:00,2025-09-04T08:48:49-05:00,Upgrade Python type checker mypy (#3654),False,1,test_queryparams.py,tests/client/test_queryparams.py,1,1,2,0,0
b55d4635701d9dc22928ee647880c76b078ba3f2,Christian Clauss,GitHub,2025-09-04 13:48:49+00:00,2025-09-04T08:48:49-05:00,Upgrade Python type checker mypy (#3654),False,1,test_properties.py,tests/client/test_properties.py,6,6,12,0,0
b55d4635701d9dc22928ee647880c76b078ba3f2,Christian Clauss,GitHub,2025-09-04 13:48:49+00:00,2025-09-04T08:48:49-05:00,Upgrade Python type checker mypy (#3654),False,1,test_auth.py,tests/client/test_auth.py,1,1,2,0,0
77589cc6f7b0b395f29df49c767cda6d144812bc,Tom Christie,Tom Christie,2025-09-16 17:59:11+00:00,2025-09-16T18:59:11+01:00,Initial commit,False,0,__init__.py,src/httpx/__init__.py,65,0,65,0,0
77589cc6f7b0b395f29df49c767cda6d144812bc,Tom Christie,Tom Christie,2025-09-16 17:59:11+00:00,2025-09-16T18:59:11+01:00,Initial commit,False,0,_urls.py,src/ahttpx/_urls.py,552,0,552,0,0
77589cc6f7b0b395f29df49c767cda6d144812bc,Tom Christie,Tom Christie,2025-09-16 17:59:11+00:00,2025-09-16T18:59:11+01:00,Initial commit,False,0,_urlparse.py,src/ahttpx/_urlparse.py,534,0,534,0,0
77589cc6f7b0b395f29df49c767cda6d144812bc,Tom Christie,Tom Christie,2025-09-16 17:59:11+00:00,2025-09-16T18:59:11+01:00,Initial commit,False,0,_urlencode.py,src/ahttpx/_urlencode.py,85,0,85,0,0
77589cc6f7b0b395f29df49c767cda6d144812bc,Tom Christie,Tom Christie,2025-09-16 17:59:11+00:00,2025-09-16T18:59:11+01:00,Initial commit,False,0,_streams.py,src/ahttpx/_streams.py,235,0,235,0,0
77589cc6f7b0b395f29df49c767cda6d144812bc,Tom Christie,Tom Christie,2025-09-16 17:59:11+00:00,2025-09-16T18:59:11+01:00,Initial commit,False,0,_server.py,src/ahttpx/_server.py,126,0,126,0,0
77589cc6f7b0b395f29df49c767cda6d144812bc,Tom Christie,Tom Christie,2025-09-16 17:59:11+00:00,2025-09-16T18:59:11+01:00,Initial commit,False,0,_response.py,src/ahttpx/_response.py,158,0,158,0,0
77589cc6f7b0b395f29df49c767cda6d144812bc,Tom Christie,Tom Christie,2025-09-16 17:59:11+00:00,2025-09-16T18:59:11+01:00,Initial commit,False,0,_request.py,src/ahttpx/_request.py,93,0,93,0,0
77589cc6f7b0b395f29df49c767cda6d144812bc,Tom Christie,Tom Christie,2025-09-16 17:59:11+00:00,2025-09-16T18:59:11+01:00,Initial commit,False,0,_quickstart.py,src/ahttpx/_quickstart.py,49,0,49,0,0
77589cc6f7b0b395f29df49c767cda6d144812bc,Tom Christie,Tom Christie,2025-09-16 17:59:11+00:00,2025-09-16T18:59:11+01:00,Initial commit,False,0,_pool.py,src/ahttpx/_pool.py,284,0,284,0,0
77589cc6f7b0b395f29df49c767cda6d144812bc,Tom Christie,Tom Christie,2025-09-16 17:59:11+00:00,2025-09-16T18:59:11+01:00,Initial commit,False,0,_parsers.py,src/ahttpx/_parsers.py,515,0,515,0,0
77589cc6f7b0b395f29df49c767cda6d144812bc,Tom Christie,Tom Christie,2025-09-16 17:59:11+00:00,2025-09-16T18:59:11+01:00,Initial commit,False,0,_headers.py,src/ahttpx/_headers.py,243,0,243,0,0
77589cc6f7b0b395f29df49c767cda6d144812bc,Tom Christie,Tom Christie,2025-09-16 17:59:11+00:00,2025-09-16T18:59:11+01:00,Initial commit,False,0,_content.py,src/ahttpx/_content.py,378,0,378,0,0
77589cc6f7b0b395f29df49c767cda6d144812bc,Tom Christie,Tom Christie,2025-09-16 17:59:11+00:00,2025-09-16T18:59:11+01:00,Initial commit,False,0,_client.py,src/ahttpx/_client.py,156,0,156,0,0
77589cc6f7b0b395f29df49c767cda6d144812bc,Tom Christie,Tom Christie,2025-09-16 17:59:11+00:00,2025-09-16T18:59:11+01:00,Initial commit,False,0,__version__.py,src/ahttpx/__version__.py,2,0,2,0,0
77589cc6f7b0b395f29df49c767cda6d144812bc,Tom Christie,Tom Christie,2025-09-16 17:59:11+00:00,2025-09-16T18:59:11+01:00,Initial commit,False,0,__init__.py,src/ahttpx/__init__.py,65,0,65,0,0
77589cc6f7b0b395f29df49c767cda6d144812bc,Tom Christie,Tom Christie,2025-09-16 17:59:11+00:00,2025-09-16T18:59:11+01:00,Initial commit,False,0,unasync,scripts/unasync,29,0,29,0,0
77589cc6f7b0b395f29df49c767cda6d144812bc,Tom Christie,Tom Christie,2025-09-16 17:59:11+00:00,2025-09-16T18:59:11+01:00,Initial commit,False,0,test,scripts/test,10,0,10,0,1
77589cc6f7b0b395f29df49c767cda6d144812bc,Tom Christie,Tom Christie,2025-09-16 17:59:11+00:00,2025-09-16T18:59:11+01:00,Initial commit,False,0,publish,scripts/publish,15,0,15,0,1
77589cc6f7b0b395f29df49c767cda6d144812bc,Tom Christie,Tom Christie,2025-09-16 17:59:11+00:00,2025-09-16T18:59:11+01:00,Initial commit,False,0,install,scripts/install,13,0,13,0,0
77589cc6f7b0b395f29df49c767cda6d144812bc,Tom Christie,Tom Christie,2025-09-16 17:59:11+00:00,2025-09-16T18:59:11+01:00,Initial commit,False,0,docs,scripts/docs,153,0,153,0,1
77589cc6f7b0b395f29df49c767cda6d144812bc,Tom Christie,Tom Christie,2025-09-16 17:59:11+00:00,2025-09-16T18:59:11+01:00,Initial commit,False,0,build,scripts/build,32,0,32,0,1
77589cc6f7b0b395f29df49c767cda6d144812bc,Tom Christie,Tom Christie,2025-09-16 17:59:11+00:00,2025-09-16T18:59:11+01:00,Initial commit,False,0,.gitignore,.gitignore,8,0,8,0,0
77589cc6f7b0b395f29df49c767cda6d144812bc,Tom Christie,Tom Christie,2025-09-16 17:59:11+00:00,2025-09-16T18:59:11+01:00,Initial commit,False,0,_network.py,src/ahttpx/_network.py,120,0,120,0,0
77589cc6f7b0b395f29df49c767cda6d144812bc,Tom Christie,Tom Christie,2025-09-16 17:59:11+00:00,2025-09-16T18:59:11+01:00,Initial commit,False,0,_client.py,src/httpx/_client.py,156,0,156,0,0
77589cc6f7b0b395f29df49c767cda6d144812bc,Tom Christie,Tom Christie,2025-09-16 17:59:11+00:00,2025-09-16T18:59:11+01:00,Initial commit,False,0,__version__.py,src/httpx/__version__.py,2,0,2,0,0
77589cc6f7b0b395f29df49c767cda6d144812bc,Tom Christie,Tom Christie,2025-09-16 17:59:11+00:00,2025-09-16T18:59:11+01:00,Initial commit,False,0,_headers.py,src/httpx/_headers.py,243,0,243,0,0
77589cc6f7b0b395f29df49c767cda6d144812bc,Tom Christie,Tom Christie,2025-09-16 17:59:11+00:00,2025-09-16T18:59:11+01:00,Initial commit,False,0,test_urls.py,tests/test_urls.py,164,0,164,0,0
77589cc6f7b0b395f29df49c767cda6d144812bc,Tom Christie,Tom Christie,2025-09-16 17:59:11+00:00,2025-09-16T18:59:11+01:00,Initial commit,False,0,test_urlencode.py,tests/test_urlencode.py,33,0,33,0,0
77589cc6f7b0b395f29df49c767cda6d144812bc,Tom Christie,Tom Christie,2025-09-16 17:59:11+00:00,2025-09-16T18:59:11+01:00,Initial commit,False,0,test_streams.py,tests/test_streams.py,82,0,82,0,0
77589cc6f7b0b395f29df49c767cda6d144812bc,Tom Christie,Tom Christie,2025-09-16 17:59:11+00:00,2025-09-16T18:59:11+01:00,Initial commit,False,0,test_response.py,tests/test_response.py,64,0,64,0,0
77589cc6f7b0b395f29df49c767cda6d144812bc,Tom Christie,Tom Christie,2025-09-16 17:59:11+00:00,2025-09-16T18:59:11+01:00,Initial commit,False,0,test_request.py,tests/test_request.py,79,0,79,0,0
77589cc6f7b0b395f29df49c767cda6d144812bc,Tom Christie,Tom Christie,2025-09-16 17:59:11+00:00,2025-09-16T18:59:11+01:00,Initial commit,False,0,test_quickstart.py,tests/test_quickstart.py,78,0,78,0,0
77589cc6f7b0b395f29df49c767cda6d144812bc,Tom Christie,Tom Christie,2025-09-16 17:59:11+00:00,2025-09-16T18:59:11+01:00,Initial commit,False,0,test_pool.py,tests/test_pool.py,126,0,126,0,0
77589cc6f7b0b395f29df49c767cda6d144812bc,Tom Christie,Tom Christie,2025-09-16 17:59:11+00:00,2025-09-16T18:59:11+01:00,Initial commit,False,0,test_parsers.py,tests/test_parsers.py,748,0,748,0,0
77589cc6f7b0b395f29df49c767cda6d144812bc,Tom Christie,Tom Christie,2025-09-16 17:59:11+00:00,2025-09-16T18:59:11+01:00,Initial commit,False,0,test_network.py,tests/test_network.py,101,0,101,0,0
77589cc6f7b0b395f29df49c767cda6d144812bc,Tom Christie,Tom Christie,2025-09-16 17:59:11+00:00,2025-09-16T18:59:11+01:00,Initial commit,False,0,test_content.py,tests/test_content.py,285,0,285,0,0
77589cc6f7b0b395f29df49c767cda6d144812bc,Tom Christie,Tom Christie,2025-09-16 17:59:11+00:00,2025-09-16T18:59:11+01:00,Initial commit,False,0,test_client.py,tests/test_client.py,112,0,112,0,0
77589cc6f7b0b395f29df49c767cda6d144812bc,Tom Christie,Tom Christie,2025-09-16 17:59:11+00:00,2025-09-16T18:59:11+01:00,Initial commit,False,0,test_headers.py,tests/test_headers.py,109,0,109,0,0
77589cc6f7b0b395f29df49c767cda6d144812bc,Tom Christie,Tom Christie,2025-09-16 17:59:11+00:00,2025-09-16T18:59:11+01:00,Initial commit,False,0,_urls.py,src/httpx/_urls.py,552,0,552,0,0
77589cc6f7b0b395f29df49c767cda6d144812bc,Tom Christie,Tom Christie,2025-09-16 17:59:11+00:00,2025-09-16T18:59:11+01:00,Initial commit,False,0,_network.py,src/httpx/_network.py,243,0,243,0,0
77589cc6f7b0b395f29df49c767cda6d144812bc,Tom Christie,Tom Christie,2025-09-16 17:59:11+00:00,2025-09-16T18:59:11+01:00,Initial commit,False,0,_parsers.py,src/httpx/_parsers.py,515,0,515,0,0
77589cc6f7b0b395f29df49c767cda6d144812bc,Tom Christie,Tom Christie,2025-09-16 17:59:11+00:00,2025-09-16T18:59:11+01:00,Initial commit,False,0,__init__.py,tests/__init__.py,0,0,0,0,0
77589cc6f7b0b395f29df49c767cda6d144812bc,Tom Christie,Tom Christie,2025-09-16 17:59:11+00:00,2025-09-16T18:59:11+01:00,Initial commit,False,0,_quickstart.py,src/httpx/_quickstart.py,49,0,49,0,0
77589cc6f7b0b395f29df49c767cda6d144812bc,Tom Christie,Tom Christie,2025-09-16 17:59:11+00:00,2025-09-16T18:59:11+01:00,Initial commit,False,0,_request.py,src/httpx/_request.py,93,0,93,0,0
77589cc6f7b0b395f29df49c767cda6d144812bc,Tom Christie,Tom Christie,2025-09-16 17:59:11+00:00,2025-09-16T18:59:11+01:00,Initial commit,False,0,_pool.py,src/httpx/_pool.py,284,0,284,0,0
77589cc6f7b0b395f29df49c767cda6d144812bc,Tom Christie,Tom Christie,2025-09-16 17:59:11+00:00,2025-09-16T18:59:11+01:00,Initial commit,False,0,_server.py,src/httpx/_server.py,126,0,126,0,0
77589cc6f7b0b395f29df49c767cda6d144812bc,Tom Christie,Tom Christie,2025-09-16 17:59:11+00:00,2025-09-16T18:59:11+01:00,Initial commit,False,0,_streams.py,src/httpx/_streams.py,235,0,235,0,0
77589cc6f7b0b395f29df49c767cda6d144812bc,Tom Christie,Tom Christie,2025-09-16 17:59:11+00:00,2025-09-16T18:59:11+01:00,Initial commit,False,0,_urlencode.py,src/httpx/_urlencode.py,85,0,85,0,0
77589cc6f7b0b395f29df49c767cda6d144812bc,Tom Christie,Tom Christie,2025-09-16 17:59:11+00:00,2025-09-16T18:59:11+01:00,Initial commit,False,0,_urlparse.py,src/httpx/_urlparse.py,534,0,534,0,0
77589cc6f7b0b395f29df49c767cda6d144812bc,Tom Christie,Tom Christie,2025-09-16 17:59:11+00:00,2025-09-16T18:59:11+01:00,Initial commit,False,0,_response.py,src/httpx/_response.py,158,0,158,0,0
77589cc6f7b0b395f29df49c767cda6d144812bc,Tom Christie,Tom Christie,2025-09-16 17:59:11+00:00,2025-09-16T18:59:11+01:00,Initial commit,False,0,_content.py,src/httpx/_content.py,378,0,378,0,0
4acf5c2c37714cc63b5cf71b3e284fca83c90311,Kim Christie,GitHub,2025-09-18 12:15:06+00:00,2025-09-18T13:15:06+01:00,Update FileStream API (#3670),False,1,test_streams.py,tests/test_streams.py,3,3,6,0,0
4acf5c2c37714cc63b5cf71b3e284fca83c90311,Kim Christie,GitHub,2025-09-18 12:15:06+00:00,2025-09-18T13:15:06+01:00,Update FileStream API (#3670),False,1,_streams.py,src/httpx/_streams.py,16,28,44,0,0
4acf5c2c37714cc63b5cf71b3e284fca83c90311,Kim Christie,GitHub,2025-09-18 12:15:06+00:00,2025-09-18T13:15:06+01:00,Update FileStream API (#3670),False,1,_content.py,src/httpx/_content.py,2,1,3,0,0
4acf5c2c37714cc63b5cf71b3e284fca83c90311,Kim Christie,GitHub,2025-09-18 12:15:06+00:00,2025-09-18T13:15:06+01:00,Update FileStream API (#3670),False,1,_streams.py,src/ahttpx/_streams.py,16,28,44,0,0
4acf5c2c37714cc63b5cf71b3e284fca83c90311,Kim Christie,GitHub,2025-09-18 12:15:06+00:00,2025-09-18T13:15:06+01:00,Update FileStream API (#3670),False,1,_content.py,src/ahttpx/_content.py,2,1,3,0,0
5e054470f1baec3e1feeac89554e48218e35b5e7,Tom Christie,Tom Christie,2025-09-18 12:24:02+00:00,2025-09-18T13:24:02+01:00,Drop __title__ and __version__,False,1,__init__.py,src/ahttpx/__init__.py,0,3,3,0,0
5e054470f1baec3e1feeac89554e48218e35b5e7,Tom Christie,Tom Christie,2025-09-18 12:24:02+00:00,2025-09-18T13:24:02+01:00,Drop __title__ and __version__,False,1,__version__.py,src/ahttpx/__version__.py,0,2,2,0,0
5e054470f1baec3e1feeac89554e48218e35b5e7,Tom Christie,Tom Christie,2025-09-18 12:24:02+00:00,2025-09-18T13:24:02+01:00,Drop __title__ and __version__,False,1,__version__.py,src/httpx/__version__.py,0,2,2,0,0
5e054470f1baec3e1feeac89554e48218e35b5e7,Tom Christie,Tom Christie,2025-09-18 12:24:02+00:00,2025-09-18T13:24:02+01:00,Drop __title__ and __version__,False,1,__init__.py,src/httpx/__init__.py,0,3,3,0,0
68989ae47d9fd10381a3859619a3880014d187f6,Kim Christie,GitHub,2025-09-19 11:03:13+00:00,2025-09-19T12:03:13+01:00,Server connection handling. (#3672),False,1,test_parsers.py,tests/test_parsers.py,5,5,10,0,0
68989ae47d9fd10381a3859619a3880014d187f6,Kim Christie,GitHub,2025-09-19 11:03:13+00:00,2025-09-19T12:03:13+01:00,Server connection handling. (#3672),False,1,_server.py,src/httpx/_server.py,11,5,16,0,0
68989ae47d9fd10381a3859619a3880014d187f6,Kim Christie,GitHub,2025-09-19 11:03:13+00:00,2025-09-19T12:03:13+01:00,Server connection handling. (#3672),False,1,_pool.py,src/httpx/_pool.py,4,4,8,0,0
68989ae47d9fd10381a3859619a3880014d187f6,Kim Christie,GitHub,2025-09-19 11:03:13+00:00,2025-09-19T12:03:13+01:00,Server connection handling. (#3672),False,1,_parsers.py,src/httpx/_parsers.py,10,2,12,0,0
68989ae47d9fd10381a3859619a3880014d187f6,Kim Christie,GitHub,2025-09-19 11:03:13+00:00,2025-09-19T12:03:13+01:00,Server connection handling. (#3672),False,1,_network.py,src/httpx/_network.py,11,1,12,0,0
68989ae47d9fd10381a3859619a3880014d187f6,Kim Christie,GitHub,2025-09-19 11:03:13+00:00,2025-09-19T12:03:13+01:00,Server connection handling. (#3672),False,1,_server.py,src/ahttpx/_server.py,7,4,11,0,0
68989ae47d9fd10381a3859619a3880014d187f6,Kim Christie,GitHub,2025-09-19 11:03:13+00:00,2025-09-19T12:03:13+01:00,Server connection handling. (#3672),False,1,_pool.py,src/ahttpx/_pool.py,4,4,8,0,0
68989ae47d9fd10381a3859619a3880014d187f6,Kim Christie,GitHub,2025-09-19 11:03:13+00:00,2025-09-19T12:03:13+01:00,Server connection handling. (#3672),False,1,_parsers.py,src/ahttpx/_parsers.py,10,2,12,0,0
ae25e86f5ca5625d5bffd13865b458ba5fadf50d,Kim Christie,GitHub,2025-10-13 14:00:49+00:00,2025-10-13T15:00:49+01:00,Add `.wait_ready` to parser for clean server disconnects (#3690),False,1,_parsers.py,src/ahttpx/_parsers.py,16,0,16,0,0
ae25e86f5ca5625d5bffd13865b458ba5fadf50d,Kim Christie,GitHub,2025-10-13 14:00:49+00:00,2025-10-13T15:00:49+01:00,Add `.wait_ready` to parser for clean server disconnects (#3690),False,1,_server.py,src/httpx/_server.py,10,5,15,0,0
ae25e86f5ca5625d5bffd13865b458ba5fadf50d,Kim Christie,GitHub,2025-10-13 14:00:49+00:00,2025-10-13T15:00:49+01:00,Add `.wait_ready` to parser for clean server disconnects (#3690),False,1,_parsers.py,src/httpx/_parsers.py,16,0,16,0,0
ae25e86f5ca5625d5bffd13865b458ba5fadf50d,Kim Christie,GitHub,2025-10-13 14:00:49+00:00,2025-10-13T15:00:49+01:00,Add `.wait_ready` to parser for clean server disconnects (#3690),False,1,_server.py,src/ahttpx/_server.py,9,1,10,0,0
6d121eae8dea893bc2ef709b17838a9e4e0ac718,Kar Petrosyan,Kar Petrosyan,2025-12-10 13:32:45+00:00,2025-12-10T17:32:45+04:00,Adopt uv,False,1,test_content.py,tests/test_content.py,6,6,12,0,1
6d121eae8dea893bc2ef709b17838a9e4e0ac718,Kar Petrosyan,Kar Petrosyan,2025-12-10 13:32:45+00:00,2025-12-10T17:32:45+04:00,Adopt uv,False,1,install,scripts/install,4,16,20,0,1
61630c4a4b0450cd895ce6fa3a90c1635bcca112,Kar Petrosyan,Kar Petrosyan,2025-12-10 13:41:54+00:00,2025-12-10T17:41:54+04:00,get rid of prefix variables in sh,False,1,build,scripts/build,3,9,12,1,0
61630c4a4b0450cd895ce6fa3a90c1635bcca112,Kar Petrosyan,Kar Petrosyan,2025-12-10 13:41:54+00:00,2025-12-10T17:41:54+04:00,get rid of prefix variables in sh,False,1,check,scripts/check,9,7,16,1,0
61630c4a4b0450cd895ce6fa3a90c1635bcca112,Kar Petrosyan,Kar Petrosyan,2025-12-10 13:41:54+00:00,2025-12-10T17:41:54+04:00,get rid of prefix variables in sh,False,1,coverage,scripts/coverage,1,5,6,1,0
61630c4a4b0450cd895ce6fa3a90c1635bcca112,Kar Petrosyan,Kar Petrosyan,2025-12-10 13:41:54+00:00,2025-12-10T17:41:54+04:00,get rid of prefix variables in sh,False,1,publish,scripts/publish,2,7,9,1,0
61630c4a4b0450cd895ce6fa3a90c1635bcca112,Kar Petrosyan,Kar Petrosyan,2025-12-10 13:41:54+00:00,2025-12-10T17:41:54+04:00,get rid of prefix variables in sh,False,1,lint,scripts/lint,5,6,11,1,0
61630c4a4b0450cd895ce6fa3a90c1635bcca112,Kar Petrosyan,Kar Petrosyan,2025-12-10 13:41:54+00:00,2025-12-10T17:41:54+04:00,get rid of prefix variables in sh,False,1,test_content.py,tests/test_content.py,6,6,12,1,0
61630c4a4b0450cd895ce6fa3a90c1635bcca112,Kar Petrosyan,Kar Petrosyan,2025-12-10 13:41:54+00:00,2025-12-10T17:41:54+04:00,get rid of prefix variables in sh,False,1,docs,scripts/docs,1,6,7,1,0
9d59507dc40f8532917653bc784f977c4b32a2ff,Kar Petrosyan,Kar Petrosyan,2025-12-10 13:49:29+00:00,2025-12-10T17:49:29+04:00,more fixes,False,1,test,scripts/test,1,6,7,1,0
9d59507dc40f8532917653bc784f977c4b32a2ff,Kar Petrosyan,Kar Petrosyan,2025-12-10 13:49:29+00:00,2025-12-10T17:49:29+04:00,more fixes,False,1,install,scripts/install,0,3,3,1,0
be7ef24aeae8cba875a7a0d88b9573b2416ec46f,Kar Petrosyan,Kar Petrosyan,2025-12-10 14:03:20+00:00,2025-12-10T18:03:20+04:00,properly support python 3.14,False,1,test_timeouts.py,tests/test_timeouts.py,2,0,2,0,0
be7ef24aeae8cba875a7a0d88b9573b2416ec46f,Kar Petrosyan,Kar Petrosyan,2025-12-10 14:03:20+00:00,2025-12-10T18:03:20+04:00,properly support python 3.14,False,1,conftest.py,tests/conftest.py,12,5,17,0,0
ae1b9f66238f75ced3ced5e4485408435de10768,Josh Cannon,GitHub,2025-12-10 14:58:48+00:00,2025-12-10T18:58:48+04:00,Expose `FunctionAuth` in `__all__` (#3699),False,1,_auth.py,httpx/_auth.py,1,1,2,0,0
ae1b9f66238f75ced3ced5e4485408435de10768,Josh Cannon,GitHub,2025-12-10 14:58:48+00:00,2025-12-10T18:58:48+04:00,Expose `FunctionAuth` in `__all__` (#3699),False,1,__init__.py,httpx/__init__.py,1,0,1,0,0
39db1717215dcbdf144b312a814d9f07dbc6f771,Kim Christie,GitHub,2025-12-17 12:52:50+00:00,2025-12-17T12:52:50Z,Enhance test coverage for httpx requests,False,1,test_request.py,tests/test_request.py,11,0,11,0,0
1068c67f5a102f7ba119e5e41418f1451506980d,Kim Christie,GitHub,2025-12-17 13:57:27+00:00,2025-12-17T13:57:27Z,Validate URL scheme and host in request,False,1,_request.py,src/ahttpx/_request.py,5,0,5,0,0
6b99aaed1194812edf11f5d265f0d761fd2274c5,Kim Christie,GitHub,2025-12-17 13:57:56+00:00,2025-12-17T13:57:56Z,Validate URL scheme and ensure host presence,False,1,_request.py,src/httpx/_request.py,5,0,5,0,0
b5addb64f0161ff6bfe94c124ef76f6a1fba5254,Ben Beasley,GitHub,2026-02-23 10:40:42+00:00,2026-02-23T10:40:42Z,Adapt test_response_decode_text_using_autodetect for chardet 6.0 (#3773),False,1,test_responses.py,tests/models/test_responses.py,4,1,5,0,0
