repo,file_path,risk_score,risk_label,total_commits,unique_authors,bug_fix_rate,file_age_days,avg_nloc
pytest,_pytest/nose.py,100.0,🔴 High,27,9,0.5185185185185185,2748,41.34615384615385
django,django/utils/cache.py,100.0,🔴 High,100,46,0.67,7557,157.06
pytest,_pytest/_code/code.py,100.0,🔴 High,44,19,0.7727272727272727,908,616.1590909090909
django,django/urls/resolvers.py,100.0,🔴 High,88,50,0.7272727272727273,3636,501.3863636363636
scikit-learn,sklearn/externals/joblib/parallel.py,100.0,🔴 High,40,16,0.5,2622,315.07894736842104
django,django/utils/_os.py,100.0,🔴 High,40,19,0.5,6757,38.6
django,django/utils/archive.py,100.0,🔴 High,30,18,0.5666666666666667,5016,139.16666666666666
django,django/utils/autoreload.py,100.0,🔴 High,124,46,0.6451612903225806,7602,276.3225806451613
scikit-learn,sklearn/externals/joblib/numpy_pickle.py,100.0,🔴 High,30,13,0.5,3030,189.2
pytest,_pytest/_code/source.py,100.0,🔴 High,35,8,0.6857142857142857,908,288.45714285714286
django,django/utils/crypto.py,100.0,🔴 High,65,25,0.5384615384615384,5713,66.64615384615385
django,django/utils/datastructures.py,100.0,🔴 High,127,45,0.6535433070866141,7315,229.64566929133855
django,django/utils/dateformat.py,100.0,🔴 High,79,30,0.569620253164557,7315,217.13924050632912
django,django/utils/dateparse.py,100.0,🔴 High,35,26,0.6,5117,77.91428571428571
django,django/utils/dates.py,100.0,🔴 High,12,11,0.5833333333333334,6049,46.25
django,django/utils/decorators.py,100.0,🔴 High,58,32,0.6379310344827587,7418,79.48275862068965
django,django/urls/base.py,100.0,🔴 High,21,16,0.5714285714285714,3269,110.42857142857144
pytest,_pytest/assertion/__init__.py,100.0,🔴 High,68,14,0.5147058823529411,2554,100.5
django,django/template/loaders/app_directories.py,100.0,🔴 High,35,13,0.5142857142857142,5756,37.885714285714286
django,django/templatetags/i18n.py,100.0,🔴 High,81,35,0.6666666666666666,6096,255.65432098765433
django,django/template/loaders/eggs.py,100.0,🔴 High,27,10,0.4814814814814814,3895,29.925925925925927
django,django/template/loaders/filesystem.py,100.0,🔴 High,31,12,0.5161290322580645,5756,31.774193548387096
django,django/template/response.py,100.0,🔴 High,38,20,0.5263157894736842,5202,90.65789473684212
pytest,_pytest/assertion/util.py,100.0,🔴 High,46,16,0.6739130434782609,2553,216.1086956521739
pytest,_pytest/assertion/rewrite.py,100.0,🔴 High,124,27,0.5967741935483871,2556,533.3467741935484
django,django/templatetags/cache.py,100.0,🔴 High,30,17,0.6666666666666666,6479,48.8
django,django/test/_doctest.py,100.0,🔴 High,34,17,0.5,2467,1092.7941176470588
django,django/test/utils.py,100.0,🔴 High,197,66,0.6294416243654822,7235,347.0456852791878
django,django/test/client.py,100.0,🔴 High,239,99,0.7698744769874477,7162,464.43514644351467
django,django/test/runner.py,100.0,🔴 High,160,53,0.7,4635,541.25625
django,django/test/selenium.py,100.0,🔴 High,25,16,0.44,3454,113.56
django,django/test/signals.py,100.0,🔴 High,74,32,0.6216216216216216,7118,109.36486486486488
django,django/test/simple.py,100.0,🔴 High,72,16,0.75,2740,157.125
django,django/test/testcases.py,100.0,🔴 High,367,103,0.6784741144414169,7171,798.9155313351498
django,django/utils/deprecation.py,100.0,🔴 High,62,30,0.3709677419354839,4857,104.08064516129032
django,django/utils/encoding.py,100.0,🔴 High,98,32,0.5102040816326531,6980,105.18367346938776
django,django/utils/feedgenerator.py,100.0,🔴 High,103,38,0.5631067961165048,7430,257.29126213592235
django,django/utils/translation/trans_null.py,100.0,🔴 High,38,19,0.6578947368421053,6142,36.5
django,django/utils/six.py,100.0,🔴 High,32,12,0.3125,1646,423.5
django,django/utils/text.py,100.0,🔴 High,141,56,0.6099290780141844,7532,216.31914893617025
django,django/utils/timesince.py,100.0,🔴 High,49,29,0.7142857142857143,7315,49.285714285714285
django,django/utils/timezone.py,100.0,🔴 High,63,24,0.5873015873015873,4840,139.06349206349208
django,django/utils/translation/__init__.py,100.0,🔴 High,89,35,0.6629213483146067,6415,129.59550561797752
requests,test_requests.py,100.0,🔴 High,366,104,0.3114754098360656,1845,607.7704918032787
django,django/utils/translation/trans_real.py,100.0,🔴 High,200,60,0.695,7254,382.76
django,django/utils/formats.py,100.0,🔴 High,68,29,0.6617647058823529,4762,142.97058823529412
django,django/utils/tree.py,100.0,🔴 High,39,21,0.4358974358974359,5030,60.41025641025641
requests,tests/test_requests.py,100.0,🔴 High,253,96,0.3596837944664031,5228,1355.209486166008
requests,tests/test_utils.py,100.0,🔴 High,69,31,0.3478260869565217,4946,453.6231884057971
django,django/views/admin/main.py,100.0,🔴 High,42,3,0.6904761904761905,87,927.0
scikit-learn,sklearn/ensemble/voting_classifier.py,100.0,🔴 High,39,25,0.5384615384615384,1404,98.6923076923077
django,django/views/csrf.py,100.0,🔴 High,37,22,0.7027027027027027,6040,104.88888888888889
requests,requests/utils.py,100.0,🔴 High,271,103,0.3025830258302583,4378,305.6309963099631
django,django/utils/safestring.py,100.0,🔴 High,40,20,0.425,6113,50.75
django,django/utils/regex_helper.py,100.0,🔴 High,33,17,0.4848484848484848,6521,204.6969696969697
scikit-learn,sklearn/externals/joblib/func_inspect.py,100.0,🔴 High,24,10,0.5833333333333334,2554,169.8421052631579
django,django/utils/numberformat.py,100.0,🔴 High,30,20,0.6333333333333333,5798,50.3
django,django/utils/module_loading.py,100.0,🔴 High,43,23,0.5348837209302325,5877,73.04651162790698
scikit-learn,sklearn/externals/joblib/hashing.py,100.0,🔴 High,21,9,0.5714285714285714,2510,90.8125
requests,requests/structures.py,100.0,🔴 High,41,20,0.3170731707317073,4031,47.90243902439025
requests,requests/status_codes.py,100.0,🔴 High,32,20,0.375,3912,76.1875
django,django/utils/log.py,100.0,🔴 High,70,36,0.7285714285714285,5723,115.14285714285714
django,django/utils/jslex.py,100.0,🔴 High,22,17,0.5,4615,100.0
django,django/utils/itercompat.py,100.0,🔴 High,25,13,0.76,6268,27.16
django,django/utils/ipv6.py,100.0,🔴 High,27,19,0.5555555555555556,4966,95.96296296296296
django,django/utils/http.py,100.0,🔴 High,125,58,0.664,6923,172.56
scikit-learn,sklearn/externals/joblib/memory.py,100.0,🔴 High,30,11,0.5666666666666667,2622,378.04
django,django/utils/html.py,100.0,🔴 High,184,68,0.6358695652173914,7615,204.07065217391303
django,django/utils/functional.py,100.0,🔴 High,150,59,0.5933333333333334,7444,200.28
django,django/template/loaders/cached.py,100.0,🔴 High,46,23,0.5217391304347826,4434,58.67391304347826
django,django/template/loader_tags.py,100.0,🔴 High,94,41,0.5957446808510638,7022,188.9255319148936
django,django/views/decorators/cache.py,100.0,🔴 High,38,17,0.5789473684210527,7506,34.026315789473685
django,django/forms/forms.py,100.0,🔴 High,172,74,0.6686046511627907,6361,343.14619883040933
django,django/dispatch/saferef.py,100.0,🔴 High,24,12,0.625,2781,93.875
pytest,_pytest/monkeypatch.py,100.0,🔴 High,46,16,0.7608695652173914,2748,125.68888888888888
django,django/forms/__init__.py,100.0,🔴 High,29,11,0.7586206896551724,3417,508.2758620689655
django,django/forms/boundfield.py,100.0,🔴 High,50,21,0.62,3715,188.82
django,django/forms/extras/widgets.py,100.0,🔴 High,27,15,0.8888888888888888,2382,101.5925925925926
django,django/forms/fields.py,100.0,🔴 High,261,100,0.7509578544061303,6527,767.4923076923077
django,django/forms/formsets.py,100.0,🔴 High,129,58,0.6666666666666666,6213,273.984375
scikit-learn,sklearn/feature_extraction/tests/test_feature_hasher.py,100.0,🔴 High,44,26,0.3181818181818182,5016,97.8409090909091
django,django/forms/models.py,100.0,🔴 High,340,109,0.8058823529411765,6508,784.9233038348083
django,django/forms/util.py,100.0,🔴 High,24,15,0.5416666666666666,2077,43.69565217391305
django,django/forms/utils.py,100.0,🔴 High,46,26,0.6086956521739131,4101,120.42222222222222
django,django/forms/widgets.py,100.0,🔴 High,260,91,0.7,6535,664.1274131274131
django,django/http/__init__.py,100.0,🔴 High,160,24,0.76875,6004,370.525
django,django/http/cookie.py,100.0,🔴 High,21,9,0.4285714285714285,3392,41.19047619047619
scikit-learn,sklearn/feature_extraction/tests/test_dict_vectorizer.py,100.0,🔴 High,33,18,0.2424242424242424,4475,107.90625
django,django/db/utils.py,100.0,🔴 High,109,35,0.5963302752293578,5691,187.3302752293578
django,django/template/loader.py,100.0,🔴 High,66,21,0.4090909090909091,5756,86.01515151515152
django,django/db/models/query_utils.py,100.0,🔴 High,126,52,0.6507936507936508,6569,185.55555555555551
django,django/db/models/loading.py,100.0,🔴 High,72,20,0.5972222222222222,2861,120.98611111111111
django,django/db/models/lookups.py,100.0,🔴 High,121,45,0.6198347107438017,4433,427.793388429752
django,django/db/models/manager.py,100.0,🔴 High,79,33,0.7215189873417721,5866,140.43037974683546
django,django/db/models/manipulators.py,100.0,🔴 High,22,6,0.7272727272727273,829,240.0
django,django/db/models/options.py,100.0,🔴 High,224,72,0.6160714285714286,7317,438.25892857142856
django,django/db/models/query.py,100.0,🔴 High,637,174,0.7346938775510204,7359,1111.5667189952903
django,django/db/models/related.py,100.0,🔴 High,21,12,0.6666666666666666,2957,64.0952380952381
django,django/db/models/sql/where.py,100.0,🔴 High,99,40,0.6666666666666666,6591,201.1717171717172
django,django/db/models/signals.py,100.0,🔴 High,34,17,0.5294117647058824,5756,33.85294117647059
django,django/db/models/sql/aggregates.py,100.0,🔴 High,22,12,0.7272727272727273,2419,73.22727272727273
django,django/db/models/sql/compiler.py,100.0,🔴 High,376,98,0.7101063829787234,6009,1048.787234042553
django,django/db/models/sql/expressions.py,100.0,🔴 High,25,8,0.84,1960,81.04
django,django/db/models/sql/query.py,100.0,🔴 High,599,129,0.7529215358931552,6614,1340.043405676127
django,django/db/models/sql/subqueries.py,100.0,🔴 High,103,42,0.7766990291262136,6296,164.84466019417476
django,django/http/multipartparser.py,100.0,🔴 High,100,53,0.63,6526,399.81
django,django/http/request.py,100.0,🔴 High,123,61,0.6585365853658537,4955,394.8373983739837
django,django/http/response.py,100.0,🔴 High,128,66,0.703125,4975,372.140625
django,django/template/base.py,100.0,🔴 High,199,69,0.5879396984924623,5670,782.2613065326633
pytest,_pytest/debugging.py,100.0,🔴 High,28,11,0.4285714285714285,697,99.11111111111111
pytest,_pytest/config.py,100.0,🔴 High,230,43,0.4521739130434782,2748,805.0608695652174
django,django/template/__init__.py,100.0,🔴 High,113,20,0.7345132743362832,7201,534.4778761061947
pytest,_pytest/compat.py,100.0,🔴 High,50,17,0.68,682,172.0
django,django/template/backends/django.py,100.0,🔴 High,25,14,0.4,3397,72.24
pytest,_pytest/capture.py,100.0,🔴 High,113,25,0.504424778761062,2748,352.3125
django,django/template/context.py,100.0,🔴 High,86,41,0.6627906976744186,7317,139.80232558139534
django,django/http/utils.py,100.0,🔴 High,12,9,0.8333333333333334,2679,31.916666666666668
django,django/template/debug.py,100.0,🔴 High,21,13,0.8571428571428571,2612,83.14285714285714
django,django/template/defaultfilters.py,100.0,🔴 High,204,64,0.7598039215686274,7295,498.7696078431373
django,django/template/defaulttags.py,100.0,🔴 High,270,77,0.6888888888888889,7268,671.9074074074074
django,django/template/engine.py,100.0,🔴 High,46,15,0.3260869565217391,3853,157.7391304347826
pytest,_pytest/cacheprovider.py,100.0,🔴 High,33,14,0.4848484848484848,1047,175.3030303030303
django,django/template/library.py,100.0,🔴 High,26,19,0.5384615384615384,4015,260.88461538461536
django,django/shortcuts/__init__.py,100.0,🔴 High,31,12,0.6129032258064516,2741,42.12903225806452
django,django/shortcuts.py,100.0,🔴 High,36,19,0.3611111111111111,4385,82.74285714285715
pytest,_pytest/doctest.py,100.0,🔴 High,70,20,0.6571428571428571,2748,195.56521739130432
pytest,_pytest/fixtures.py,100.0,🔴 High,101,22,0.7326732673267327,978,760.3366336633663
scikit-learn,sklearn/feature_extraction/_dict_vectorizer.py,100.0,🔴 High,32,20,0.21875,2328,182.8709677419355
pytest,_pytest/helpconfig.py,100.0,🔴 High,59,15,0.4406779661016949,2748,137.76271186440678
pytest,_pytest/hookspec.py,100.0,🔴 High,79,20,0.2911392405063291,2748,66.45569620253164
pytest,_pytest/junitxml.py,100.0,🔴 High,86,31,0.5,2750,245.9058823529412
pytest,_pytest/main.py,100.0,🔴 High,199,51,0.457286432160804,2724,530.1557788944724
django,django/middleware/locale.py,100.0,🔴 High,43,31,0.8372093023255814,7531,44.627906976744185
django,django/middleware/gzip.py,100.0,🔴 High,29,20,0.7586206896551724,7557,27.275862068965516
scikit-learn,sklearn/feature_extraction/hashing.py,100.0,🔴 High,31,13,0.2903225806451613,2669,47.806451612903224
django,django/middleware/csrf.py,100.0,🔴 High,105,48,0.6476190476190476,6078,180.62857142857143
scikit-learn,sklearn/feature_extraction/image.py,100.0,🔴 High,94,56,0.4574468085106383,5333,212.4891304347826
django,django/middleware/common.py,100.0,🔴 High,107,47,0.7476635514018691,7645,86.42990654205607
django,django/middleware/cache.py,100.0,🔴 High,64,32,0.671875,7639,80.8125
pytest,_pytest/mark.py,100.0,🔴 High,89,22,0.5393258426966292,2664,219.60227272727272
django,django/views/debug.py,100.0,🔴 High,278,92,0.7661870503597122,7520,654.5143884892086
scikit-learn,sklearn/ensemble/tests/test_weight_boosting.py,100.0,🔴 High,114,52,0.4210526315789473,5185,273.42477876106193
pytest,testing/python/fixture.py,100.0,🔴 High,151,29,0.7880794701986755,2332,2794.4701986754967
scikit-learn,sklearn/decomposition/_lda.py,100.0,🔴 High,45,25,0.4,2104,345.02272727272725
django,tests/aggregation/tests.py,100.0,🔴 High,132,43,0.6590909090909091,4868,1359.5114503816794
django,tests/aggregation_regress/tests.py,100.0,🔴 High,91,41,0.6923076923076923,5076,1163.388888888889
django,tests/annotations/tests.py,100.0,🔴 High,84,38,0.7023809523809523,4511,755.2738095238095
scikit-learn,sklearn/decomposition/_pca.py,100.0,🔴 High,68,41,0.2058823529411764,2458,250.22058823529412
django,tests/app_loading/tests.py,100.0,🔴 High,36,10,0.1944444444444444,3960,71.88571428571429
scikit-learn,sklearn/decomposition/_nmf.py,100.0,🔴 High,70,34,0.2285714285714285,2387,793.4571428571429
scikit-learn,sklearn/decomposition/_kernel_pca.py,100.0,🔴 High,63,33,0.365079365079365,2165,168.17741935483872
django,tests/admin_widgets/models.py,100.0,🔴 High,25,19,0.6,3529,96.875
scikit-learn,sklearn/decomposition/_fastica.py,100.0,🔴 High,51,29,0.2156862745098039,2352,270.88
scikit-learn,sklearn/decomposition/_factor_analysis.py,100.0,🔴 High,37,21,0.2702702702702703,2100,170.44444444444446
scikit-learn,sklearn/decomposition/_dict_learning.py,100.0,🔴 High,103,48,0.3398058252427184,2261,796.6764705882352
scikit-learn,sklearn/decomposition/_base.py,100.0,🔴 High,26,18,0.1923076923076923,2458,71.0
scikit-learn,sklearn/datasets/twenty_newsgroups.py,100.0,🔴 High,58,34,0.3793103448275862,2877,164.23214285714286
scikit-learn,sklearn/datasets/tests/test_svmlight_format.py,100.0,🔴 High,77,34,0.2987012987012987,4658,249.0
django,tests/admin_widgets/tests.py,100.0,🔴 High,174,78,0.7413793103448276,4781,987.1965317919075
django,tests/admin_views/tests.py,100.0,🔴 High,470,202,0.7574468085106383,4884,4865.982942430704
rich,rich/live.py,100.0,🔴 High,70,9,0.3714285714285714,1927,270.4428571428571
django,tests/admin_views/admin.py,100.0,🔴 High,138,81,0.8260869565217391,4838,753.9635036496351
scikit-learn,sklearn/decomposition/nmf.py,100.0,🔴 High,111,42,0.4324324324324324,2977,322.8198198198198
scikit-learn,sklearn/decomposition/kernel_pca.py,100.0,🔴 High,54,31,0.5555555555555556,2924,107.1346153846154
django,tests/admin_scripts/tests.py,100.0,🔴 High,207,77,0.6714975845410628,4832,1678.6844660194174
rich,rich/logging.py,100.0,🔴 High,74,21,0.1756756756756756,2264,147.24324324324326
django,tests/admin_utils/test_logentry.py,100.0,🔴 High,32,17,0.59375,3694,221.53125
django,tests/admin_utils/tests.py,100.0,🔴 High,51,28,0.6078431372549019,4187,305.4901960784314
django,tests/admin_views/models.py,100.0,🔴 High,96,63,0.8125,4838,570.8315789473684
rich,rich/markdown.py,100.0,🔴 High,150,12,0.24,2344,411.5133333333333
django,tests/admin_views/test_actions.py,100.0,🔴 High,26,20,0.6153846153846154,3374,465.5
django,tests/admin_views/test_adminsite.py,100.0,🔴 High,15,11,0.6,3767,70.13333333333334
django,tests/admin_views/test_autocomplete_view.py,100.0,🔴 High,23,13,0.4347826086956521,2715,361.39130434782606
scikit-learn,sklearn/decomposition/fastica_.py,100.0,🔴 High,115,35,0.391304347826087,2946,189.76106194690263
scikit-learn,sklearn/decomposition/factor_analysis.py,100.0,🔴 High,67,18,0.2686567164179104,2547,108.34328358208955
scikit-learn,sklearn/decomposition/dict_learning.py,100.0,🔴 High,129,40,0.3643410852713178,2922,424.04651162790697
django,tests/apps/tests.py,100.0,🔴 High,72,28,0.5694444444444444,4228,219.31944444444449
scikit-learn,sklearn/datasets/tests/test_openml.py,100.0,🔴 High,77,32,0.3376623376623376,2858,1032.6233766233763
django,tests/asgi/tests.py,100.0,🔴 High,37,21,0.7297297297297297,2653,362.2432432432432
django,tests/auth_tests/test_models.py,100.0,🔴 High,46,29,0.5,4115,314.9782608695652
django,tests/auth_tests/test_basic.py,100.0,🔴 High,23,14,0.5652173913043478,3815,126.69565217391305
flask,setup.py,100.0,🔴 High,121,34,0.140495867768595,4507,52.47933884297521
django,tests/auth_tests/test_forms.py,100.0,🔴 High,84,42,0.6666666666666666,4081,885.797619047619
django,tests/auth_tests/test_hashers.py,100.0,🔴 High,71,25,0.6338028169014085,4153,490.07042253521126
scikit-learn,sklearn/datasets/_twenty_newsgroups.py,100.0,🔴 High,36,23,0.3333333333333333,2202,247.36111111111111
django,tests/auth_tests/test_management.py,100.0,🔴 High,83,36,0.4819277108433735,4116,764.722891566265
django,tests/auth_tests/test_remote_user.py,100.0,🔴 High,28,17,0.4642857142857143,4098,217.1428571428571
scikit-learn,sklearn/datasets/tests/test_lfw.py,100.0,🔴 High,35,20,0.2857142857142857,5358,125.74285714285716
django,tests/auth_tests/test_tokens.py,100.0,🔴 High,24,15,0.5833333333333334,2550,73.25
django,tests/auth_tests/test_validators.py,100.0,🔴 High,28,21,0.6785714285714286,4089,221.32142857142856
django,tests/auth_tests/test_views.py,100.0,🔴 High,104,52,0.6153846153846154,4068,995.0192307692308
django,tests/auth_tests/urls.py,100.0,🔴 High,26,18,0.5384615384615384,4043,109.6
scikit-learn,sklearn/datasets/_samples_generator.py,100.0,🔴 High,98,58,0.1428571428571428,2326,732.1734693877551
scikit-learn,sklearn/datasets/_rcv1.py,100.0,🔴 High,25,17,0.28,2326,165.88
django,tests/auth_tests/test_auth_backends.py,100.0,🔴 High,43,29,0.5348837209302325,4101,552.1860465116279
scikit-learn,sklearn/datasets/base.py,100.0,🔴 High,97,50,0.4123711340206185,2971,210.71134020618555
scikit-learn,sklearn/datasets/california_housing.py,100.0,🔴 High,31,23,0.5161290322580645,2434,48.225806451612904
scikit-learn,sklearn/datasets/covtype.py,100.0,🔴 High,27,19,0.5925925925925926,2341,52.666666666666664
scikit-learn,sklearn/datasets/lfw.py,100.0,🔴 High,48,35,0.4166666666666667,2965,209.125
scikit-learn,sklearn/datasets/mldata.py,100.0,🔴 High,28,17,0.5,2745,83.60714285714286
scikit-learn,sklearn/datasets/olivetti_faces.py,100.0,🔴 High,30,23,0.4666666666666667,2877,48.464285714285715
scikit-learn,sklearn/datasets/openml.py,100.0,🔴 High,21,11,0.3333333333333333,427,323.95238095238096
scikit-learn,sklearn/datasets/rcv1.py,100.0,🔴 High,23,15,0.6086956521739131,1473,137.2608695652174
scikit-learn,sklearn/datasets/samples_generator.py,100.0,🔴 High,139,46,0.4460431654676259,2938,385.9856115107914
flask,src/flask/app.py,100.0,🔴 High,134,30,0.3059701492537313,2455,774.5187969924812
scikit-learn,sklearn/datasets/species_distributions.py,100.0,🔴 High,39,27,0.4102564102564102,2760,87.07692307692308
scikit-learn,sklearn/datasets/svmlight_format.py,100.0,🔴 High,84,32,0.3333333333333333,2952,104.26829268292684
scikit-learn,sklearn/datasets/tests/test_20news.py,100.0,🔴 High,30,20,0.1666666666666666,4604,56.266666666666666
flask,src/flask/cli.py,100.0,🔴 High,66,18,0.2575757575757575,2555,636.6769230769231
scikit-learn,sklearn/datasets/tests/test_base.py,100.0,🔴 High,74,45,0.3378378378378378,5103,210.28378378378375
flask,src/flask/helpers.py,100.0,🔴 High,88,22,0.2386363636363636,2468,297.5977011494253
scikit-learn,sklearn/decomposition/online_lda.py,100.0,🔴 High,77,37,0.4415584415584415,1836,285.72727272727275
flask,tests/flask_tests.py,100.0,🔴 High,126,10,0.3968253968253968,498,1043.968253968254
django,django/views/decorators/csrf.py,100.0,🔴 High,23,14,0.391304347826087,5939,37.608695652173914
scikit-learn,sklearn/ensemble/base.py,100.0,🔴 High,48,17,0.3333333333333333,2919,38.729166666666664
scikit-learn,sklearn/ensemble/tests/test_forest.py,100.0,🔴 High,227,77,0.3348017621145374,5241,708.4229074889868
scikit-learn,sklearn/ensemble/tests/test_base.py,100.0,🔴 High,38,25,0.2368421052631578,4596,58.21052631578947
scikit-learn,sklearn/ensemble/tests/test_bagging.py,100.0,🔴 High,93,54,0.4086021505376344,4591,589.6129032258065
scikit-learn,sklearn/ensemble/partial_dependence.py,100.0,🔴 High,53,24,0.4716981132075472,2521,187.377358490566
scikit-learn,sklearn/ensemble/gradient_boosting.py,100.0,🔴 High,374,74,0.320855614973262,2950,559.0882352941177
scikit-learn,sklearn/ensemble/forest.py,100.0,🔴 High,350,81,0.3342857142857143,2901,459.5342857142857
scikit-learn,sklearn/ensemble/bagging.py,100.0,🔴 High,84,44,0.3214285714285714,2921,405.5357142857143
scikit-learn,sklearn/ensemble/tests/test_iforest.py,100.0,🔴 High,55,32,0.3818181818181818,4115,195.87272727272727
scikit-learn,sklearn/ensemble/_weight_boosting.py,100.0,🔴 High,72,46,0.2222222222222222,2446,387.9861111111111
scikit-learn,sklearn/ensemble/_voting.py,100.0,🔴 High,64,36,0.265625,2435,176.625
scikit-learn,sklearn/ensemble/_stacking.py,100.0,🔴 High,64,35,0.234375,2455,294.234375
scikit-learn,sklearn/ensemble/_iforest.py,100.0,🔴 High,67,34,0.2537313432835821,2399,187.55223880597015
scikit-learn,sklearn/ensemble/_hist_gradient_boosting/tests/test_gradient_boosting.py,100.0,🔴 High,72,25,0.4305555555555556,2607,739.5972222222222
scikit-learn,sklearn/ensemble/_hist_gradient_boosting/grower.py,100.0,🔴 High,39,16,0.2051282051282051,2569,379.1794871794872
scikit-learn,sklearn/ensemble/tests/test_gradient_boosting.py,100.0,🔴 High,215,69,0.2883720930232558,5354,691.5627906976745
django,docs/_ext/djangodocs.py,100.0,🔴 High,84,36,0.5714285714285714,6525,228.9404761904762
scikit-learn,sklearn/decomposition/pca.py,100.0,🔴 High,148,56,0.4324324324324324,2902,204.02027027027023
django,django/views/generic/detail.py,100.0,🔴 High,41,25,0.7560975609756098,5391,95.07317073170732
django,django/views/decorators/http.py,100.0,🔴 High,49,27,0.6326530612244898,7418,75.42857142857143
django,django/views/defaults.py,100.0,🔴 High,51,21,0.7058823529411765,6695,53.03921568627451
django,django/views/generic/base.py,100.0,🔴 High,66,36,0.7575757575757576,5667,134.1969696969697
django,django/views/generic/create_update.py,100.0,🔴 High,35,7,0.7142857142857143,2077,137.9142857142857
django,django/views/generic/date_based.py,100.0,🔴 High,37,9,0.7027027027027027,2321,211.8108108108108
django,django/views/generic/dates.py,100.0,🔴 High,61,27,0.7213114754098361,5391,366.344262295082
django,django/views/generic/edit.py,100.0,🔴 High,51,29,0.6666666666666666,5387,141.76470588235293
scikit-learn,sklearn/ensemble/tests/test_stacking.py,100.0,🔴 High,35,24,0.2857142857142857,2463,612.3714285714286
django,django/views/generic/list.py,100.0,🔴 High,44,24,0.7272727272727273,5070,114.0909090909091
django,django/views/i18n.py,100.0,🔴 High,107,42,0.5794392523364486,7273,155.66355140186917
flask,tests/test_templating.py,100.0,🔴 High,35,14,0.2,3911,313.4
scikit-learn,sklearn/ensemble/tests/test_voting_classifier.py,100.0,🔴 High,27,20,0.5925925925925926,1301,266.81481481481484
django,django/views/static.py,100.0,🔴 High,81,25,0.5679012345679012,7235,91.4074074074074
scikit-learn,sklearn/ensemble/tests/test_voting.py,100.0,🔴 High,56,23,0.3928571428571428,2624,488.75
scikit-learn,sklearn/ensemble/_hist_gradient_boosting/gradient_boosting.py,100.0,🔴 High,138,51,0.2826086956521739,2645,834.9927536231884
scikit-learn,sklearn/ensemble/_hist_gradient_boosting/binning.py,100.0,🔴 High,32,15,0.375,2616,103.3125
django,scripts/manage_translations.py,100.0,🔴 High,33,12,0.2727272727272727,4585,134.54545454545453
scikit-learn,sklearn/decomposition/tests/test_sparse_pca.py,100.0,🔴 High,54,30,0.2962962962962963,5143,182.83333333333337
django,tests/admin_ordering/tests.py,100.0,🔴 High,29,19,0.5172413793103449,3785,106.67857142857144
django,tests/admin_registration/tests.py,100.0,🔴 High,21,14,0.4285714285714285,4128,91.65
scikit-learn,sklearn/dummy.py,100.0,🔴 High,157,57,0.2356687898089172,4728,214.35031847133757
rich,rich/console.py,100.0,🔴 High,467,42,0.2376873661670235,2343,1049.7858672376874
scikit-learn,sklearn/discriminant_analysis.py,100.0,🔴 High,111,68,0.2972972972972973,4142,304.27927927927925
scikit-learn,sklearn/decomposition/truncated_svd.py,100.0,🔴 High,41,19,0.4146341463414634,2433,57.24390243902439
scikit-learn,sklearn/decomposition/tests/test_pca.py,100.0,🔴 High,121,59,0.371900826446281,5437,449.83193277310926
django,setup.py,100.0,🔴 High,120,31,0.3833333333333333,6046,67.95
scikit-learn,sklearn/decomposition/tests/test_online_lda.py,100.0,🔴 High,47,24,0.2765957446808511,3996,264.8510638297872
scikit-learn,sklearn/decomposition/tests/test_kernel_pca.py,100.0,🔴 High,64,30,0.328125,5239,186.8709677419355
scikit-learn,sklearn/decomposition/tests/test_incremental_pca.py,100.0,🔴 High,23,19,0.2608695652173913,3990,276.17391304347825
scikit-learn,sklearn/decomposition/tests/test_fastica.py,100.0,🔴 High,84,39,0.3571428571428571,4974,187.6219512195122
scikit-learn,sklearn/decomposition/tests/test_dict_learning.py,100.0,🔴 High,84,40,0.3928571428571428,5306,410.3855421686747
scikit-learn,sklearn/decomposition/sparse_pca.py,100.0,🔴 High,43,26,0.4418604651162791,2924,93.63414634146342
django,tests/admin_inlines/tests.py,100.0,🔴 High,123,66,0.7398373983739838,4837,1054.688524590164
rich,rich/box.py,100.0,🔴 High,56,9,0.1607142857142857,2026,312.30357142857144
django,tests/admin_inlines/models.py,100.0,🔴 High,31,24,0.6774193548387096,4771,173.23333333333332
django,tests/admin_inlines/admin.py,100.0,🔴 High,38,26,0.7368421052631579,4768,195.72972972972977
django,tests/admin_filters/tests.py,100.0,🔴 High,70,41,0.6428571428571429,4889,855.1449275362319
django,tests/admin_docs/tests.py,100.0,🔴 High,41,21,0.6341463414634146,3183,217.7073170731707
django,tests/admin_docs/test_views.py,100.0,🔴 High,36,25,0.6111111111111112,3646,349.02777777777777
scikit-learn,sklearn/ensemble/_bagging.py,100.0,🔴 High,70,34,0.2714285714285714,2428,549.1714285714286
scikit-learn,sklearn/ensemble/_base.py,100.0,🔴 High,46,24,0.2608695652173913,2112,126.17777777777778
scikit-learn,sklearn/ensemble/_forest.py,100.0,🔴 High,127,63,0.2992125984251969,2458,847.6456692913385
django,tests/admin_custom_urls/tests.py,100.0,🔴 High,27,19,0.6666666666666666,3264,82.1923076923077
django,tests/admin_checks/tests.py,100.0,🔴 High,53,38,0.6792452830188679,4202,579.7358490566038
rich,rich/align.py,100.0,🔴 High,42,9,0.1428571428571428,1996,187.6428571428571
django,tests/admin_changelist/tests.py,100.0,🔴 High,144,76,0.6944444444444444,4834,973.965034965035
flask,tests/test_basic.py,100.0,🔴 High,133,48,0.3533834586466165,4190,1357.872180451128
scikit-learn,sklearn/ensemble/_gb.py,100.0,🔴 High,104,48,0.2115384615384615,2458,732.0576923076923
flask,tests/test_blueprints.py,100.0,🔴 High,58,17,0.3793103448275862,4190,597.6551724137931
django,django/db/models/indexes.py,100.0,🔴 High,51,18,0.6274509803921569,3401,137.3921568627451
scikit-learn,sklearn/feature_extraction/tests/test_image.py,100.0,🔴 High,59,31,0.4576271186440678,5333,224.03508771929825
scikit-learn,sklearn/feature_extraction/tests/test_text.py,100.0,🔴 High,196,71,0.3418367346938775,5358,713.734693877551
scikit-learn,sklearn/impute/_base.py,100.0,🔴 High,86,46,0.3023255813953488,2552,435.5697674418605
django,django/contrib/sites/management.py,100.0,🔴 High,24,15,0.625,5756,19.375
django,django/contrib/sites/managers.py,100.0,🔴 High,21,13,0.4285714285714285,5737,38.0
pytest,testing/test_runner.py,100.0,🔴 High,167,39,0.5568862275449101,5601,718.9759036144578
pytest,testing/test_runner_xunit.py,100.0,🔴 High,30,12,0.5333333333333333,4965,267.2068965517241
django,django/contrib/sites/models.py,100.0,🔴 High,45,24,0.6222222222222222,6119,64.08888888888889
django,django/contrib/sites/tests.py,100.0,🔴 High,26,11,0.7307692307692307,2411,56.5
pytest,testing/test_session.py,100.0,🔴 High,80,21,0.475,5724,273.64102564102564
pytest,testing/test_reports.py,100.0,🔴 High,44,13,0.4318181818181818,2651,353.29545454545456
scikit-learn,sklearn/impute.py,100.0,🔴 High,28,18,0.3214285714285714,424,404.67857142857144
django,django/contrib/staticfiles/finders.py,100.0,🔴 High,48,26,0.5416666666666666,5434,177.25
django,django/contrib/staticfiles/handlers.py,100.0,🔴 High,33,16,0.6666666666666666,5750,44.48484848484848
django,django/contrib/staticfiles/management/commands/collectstatic.py,100.0,🔴 High,91,38,0.7032967032967034,5616,238.5934065934066
django,django/contrib/staticfiles/management/commands/findstatic.py,100.0,🔴 High,21,12,0.4761904761904761,4980,35.04761904761905
django,django/contrib/staticfiles/storage.py,100.0,🔴 High,114,46,0.7719298245614035,5711,252.26315789473685
pytest,testing/test_resultlog.py,100.0,🔴 High,36,11,0.5,3548,190.57142857142856
pytest,testing/test_recwarn.py,100.0,🔴 High,89,29,0.5168539325842697,5729,276.1931818181818
django,django/contrib/sessions/middleware.py,100.0,🔴 High,48,27,0.75,7352,54.208333333333336
pytest,testing/test_parseopt.py,100.0,🔴 High,106,28,0.4056603773584906,6033,243.94285714285715
django,django/contrib/sessions/tests.py,100.0,🔴 High,81,26,0.7530864197530864,2809,260.037037037037
scikit-learn,sklearn/impute/tests/test_impute.py,100.0,🔴 High,57,39,0.3684210526315789,2590,1155.7719298245613
django,django/contrib/sitemaps/__init__.py,100.0,🔴 High,60,36,0.65,6900,111.7457627118644
pytest,testing/test_monkeypatch.py,100.0,🔴 High,76,24,0.6578947368421053,5721,300.5733333333333
pytest,testing/test_nodes.py,100.0,🔴 High,38,13,0.4473684210526316,3064,80.07894736842105
pytest,testing/test_nose.py,100.0,🔴 High,61,19,0.5573770491803278,4605,342.76666666666665
pytest,testing/test_pastebin.py,100.0,🔴 High,42,15,0.5952380952380952,5657,108.14634146341464
django,django/contrib/sitemaps/views.py,100.0,🔴 High,41,22,0.6341463414634146,6745,66.125
pytest,testing/test_pathlib.py,100.0,🔴 High,60,17,0.6666666666666666,2719,640.1833333333333
pytest,testing/test_pdb.py,100.0,🔴 High,134,25,0.5373134328358209,3351,650.4586466165414
scikit-learn,sklearn/impute/_knn.py,100.0,🔴 High,49,25,0.2448979591836734,2155,133.6326530612245
pytest,testing/test_pluginmanager.py,100.0,🔴 High,89,22,0.4606741573033708,6033,349.67045454545456
django,django/contrib/sitemaps/tests/test_http.py,100.0,🔴 High,21,9,0.4761904761904761,665,133.5
pytest,testing/test_pytester.py,100.0,🔴 High,122,26,0.4508196721311475,5421,439.7190082644628
pytest,testing/test_skipping.py,100.0,🔴 High,149,40,0.5503355704697986,5457,967.3175675675676
django,django/contrib/staticfiles/utils.py,100.0,🔴 High,21,13,0.7142857142857143,4124,38.0
django,django/contrib/staticfiles/views.py,100.0,🔴 High,23,11,0.5652173913043478,4846,39.65217391304348
pytest,testing/test_warnings.py,100.0,🔴 High,120,27,0.5583333333333333,3530,494.14166666666665
pytest,doc/en/example/assertion/failure_demo.py,100.0,🔴 High,33,13,0.3636363636363636,4600,183.34375
django,django/core/checks/urls.py,100.0,🔴 High,21,15,0.6666666666666666,3798,76.76190476190476
scikit-learn,sklearn/gaussian_process/_gpr.py,100.0,🔴 High,54,37,0.3703703703703703,2380,252.41509433962264
scikit-learn,sklearn/gaussian_process/_gpc.py,100.0,🔴 High,37,25,0.1081081081081081,2101,329.8888888888889
django,django/core/context_processors.py,100.0,🔴 High,33,13,0.6363636363636364,3467,43.60606060606061
pytest,doc/en/conf.py,100.0,🔴 High,151,38,0.3774834437086092,5161,122.86
django,django/core/exceptions.py,100.0,🔴 High,48,28,0.625,7610,83.41666666666667
django,django/contrib/syndication/views.py,100.0,🔴 High,53,25,0.6037735849056604,7192,146.0943396226415
django,django/core/files/base.py,100.0,🔴 High,56,23,0.625,6326,106.58928571428572
django,django/core/files/images.py,100.0,🔴 High,23,16,0.5652173913043478,6187,46.17391304347826
django,django/core/files/locks.py,100.0,🔴 High,20,14,0.45,5686,59.63157894736842
django,django/core/files/move.py,100.0,🔴 High,31,19,0.6774193548387096,6230,47.61290322580645
django,django/core/files/storage.py,100.0,🔴 High,95,48,0.7368421052631579,4989,185.1052631578947
scikit-learn,sklearn/feature_selection/univariate_selection.py,100.0,🔴 High,124,39,0.4677419354838709,2952,189.45901639344265
django,django/core/checks/registry.py,100.0,🔴 High,34,24,0.5882352941176471,4527,61.088235294117645
scikit-learn,sklearn/gaussian_process/gaussian_process.py,100.0,🔴 High,75,33,0.5066666666666667,2209,418.12
scikit-learn,sklearn/gaussian_process/kernels.py,100.0,🔴 High,113,40,0.3539823008849557,4063,595.5398230088496
scikit-learn,sklearn/gaussian_process/tests/test_gpc.py,100.0,🔴 High,51,22,0.1764705882352941,4145,122.94117647058825
pytest,testing/test_unittest.py,100.0,🔴 High,127,32,0.5826771653543307,5691,874.9603174603175
scikit-learn,sklearn/gaussian_process/tests/test_gpr.py,100.0,🔴 High,74,35,0.2837837837837837,4094,277.7027027027027
pytest,testing/test_tmpdir.py,100.0,🔴 High,110,19,0.5181818181818182,5729,260.79816513761466
scikit-learn,sklearn/gaussian_process/tests/test_kernels.py,100.0,🔴 High,60,23,0.3166666666666666,3532,181.2
django,django/core/cache/backends/memcached.py,100.0,🔴 High,80,35,0.6875,7088,112.4125
django,django/core/cache/backends/locmem.py,100.0,🔴 High,46,26,0.7608695652173914,6945,106.02173913043478
django,django/core/cache/backends/filebased.py,100.0,🔴 High,57,30,0.631578947368421,7427,117.29824561403508
django,django/core/cache/backends/db.py,100.0,🔴 High,76,36,0.6447368421052632,7408,159.68421052631578
django,django/core/cache/backends/base.py,100.0,🔴 High,60,38,0.7333333333333333,7237,114.83333333333331
django,django/core/cache/__init__.py,100.0,🔴 High,64,27,0.640625,7084,64.765625
scikit-learn,sklearn/grid_search.py,100.0,🔴 High,227,51,0.4185022026431718,2380,242.41409691629957
pytest,testing/test_terminal.py,100.0,🔴 High,290,73,0.5482758620689655,5730,1421.8235294117646
scikit-learn,sklearn/hmm.py,100.0,🔴 High,103,21,0.3592233009708738,1214,543.6019417475728
django,django/contrib/sessions/models.py,100.0,🔴 High,33,15,0.7878787878787878,5756,36.36363636363637
django,django/contrib/sessions/backends/file.py,100.0,🔴 High,62,30,0.7096774193548387,6515,115.30645161290325
django,django/db/models/functions/text.py,100.0,🔴 High,29,14,0.5172413793103449,2839,188.13793103448276
scikit-learn,sklearn/linear_model/_least_angle.py,100.0,🔴 High,83,41,0.2891566265060241,2421,770.8674698795181
pytest,testing/test_collection.py,100.0,🔴 High,204,45,0.5245098039215687,5683,1008.6617647058824
pytest,testing/test_compat.py,100.0,🔴 High,53,19,0.490566037735849,5774,141.75
pytest,testing/test_config.py,100.0,🔴 High,319,68,0.4733542319749216,6036,1182.638364779874
scikit-learn,sklearn/linear_model/_omp.py,100.0,🔴 High,58,33,0.2413793103448276,2421,443.1206896551725
scikit-learn,sklearn/linear_model/_logistic.py,100.0,🔴 High,131,49,0.3053435114503817,2463,987.8549618320612
pytest,testing/test_conftest.py,100.0,🔴 High,122,32,0.5655737704918032,5756,441.2295081967213
scikit-learn,sklearn/linear_model/_huber.py,100.0,🔴 High,31,16,0.1290322580645161,2106,123.29032258064515
scikit-learn,sklearn/linear_model/_ransac.py,100.0,🔴 High,63,31,0.3015873015873015,2421,283.3492063492063
scikit-learn,sklearn/linear_model/_glm/tests/test_glm.py,100.0,🔴 High,38,16,0.1842105263157894,2331,689.3421052631579
django,django/contrib/markup/templatetags/markup.py,100.0,🔴 High,21,10,0.6666666666666666,2575,45.857142857142854
django,django/contrib/markup/tests.py,100.0,🔴 High,12,9,0.8333333333333334,1861,70.9090909090909
pytest,testing/test_debugging.py,100.0,🔴 High,35,19,0.3428571428571428,3042,1084.2058823529412
pytest,testing/test_doctest.py,100.0,🔴 High,144,43,0.6111111111111112,5720,891.6293706293707
scikit-learn,sklearn/linear_model/_glm/glm.py,100.0,🔴 High,56,25,0.1964285714285714,2332,289.375
pytest,testing/test_capture.py,100.0,🔴 High,220,41,0.5136363636363637,5670,1105.2054794520548
pytest,testing/test_cacheprovider.py,100.0,🔴 High,99,27,0.494949494949495,2913,876.3571428571429
django,django/contrib/sessions/backends/db.py,100.0,🔴 High,37,22,0.7297297297297297,6815,64.05405405405405
scikit-learn,sklearn/linear_model/bayes.py,100.0,🔴 High,50,33,0.54,2943,181.0
scikit-learn,sklearn/linear_model/logistic.py,100.0,🔴 High,251,74,0.4183266932270916,2971,445.3092369477912
pytest,testing/python/integration.py,100.0,🔴 High,62,19,0.6935483870967742,4697,332.7258064516129
scikit-learn,sklearn/linear_model/least_angle.py,100.0,🔴 High,203,61,0.4532019704433497,2951,450.1133004926109
pytest,testing/python/metafunc.py,100.0,🔴 High,200,44,0.61,5009,1365.05
pytest,testing/python/raises.py,100.0,🔴 High,94,37,0.5851063829787234,4946,199.7340425531915
scikit-learn,sklearn/linear_model/coordinate_descent.py,100.0,🔴 High,287,83,0.4529616724738676,2951,456.7595818815331
scikit-learn,sklearn/linear_model/base.py,100.0,🔴 High,179,57,0.3798882681564245,2971,217.2122905027933
scikit-learn,sklearn/linear_model/_ridge.py,100.0,🔴 High,134,61,0.2835820895522388,2463,1123.5597014925372
scikit-learn,sklearn/linear_model/_theil_sen.py,100.0,🔴 High,35,19,0.2,2178,167.37142857142857
pytest,testing/test_argcomplete.py,100.0,🔴 High,31,12,0.6129032258064516,3968,71.96774193548387
pytest,testing/test_assertion.py,100.0,🔴 High,220,55,0.5363636363636364,5729,907.7442922374428
pytest,testing/test_assertrewrite.py,100.0,🔴 High,251,56,0.5139442231075697,5546,927.8525896414344
scikit-learn,sklearn/linear_model/_stochastic_gradient.py,100.0,🔴 High,101,44,0.2475247524752475,2385,1147.5841584158416
pytest,testing/test_cache.py,100.0,🔴 High,28,10,0.4642857142857143,929,310.2142857142857
django,django/contrib/messages/storage/base.py,100.0,🔴 High,21,17,0.3333333333333333,5066,85.66666666666667
django,django/contrib/messages/storage/cookie.py,100.0,🔴 High,50,24,0.68,5853,94.68
scikit-learn,sklearn/linear_model/_coordinate_descent.py,100.0,🔴 High,144,73,0.2708333333333333,2466,995.3472222222222
pytest,testing/test_junitxml.py,100.0,🔴 High,194,58,0.5463917525773195,5675,937.1088082901556
scikit-learn,sklearn/inspection/_plot/tests/test_boundary_decision_display.py,100.0,🔴 High,32,15,0.5,1540,521.96875
scikit-learn,sklearn/inspection/_plot/partial_dependence.py,100.0,🔴 High,61,34,0.2950819672131147,2246,531.311475409836
pytest,testing/test_helpconfig.py,100.0,🔴 High,54,17,0.4814814814814814,5732,75.98113207547169
django,django/contrib/postgres/indexes.py,100.0,🔴 High,42,12,0.6904761904761905,3203,113.26190476190476
django,django/contrib/postgres/search.py,100.0,🔴 High,41,27,0.6097560975609756,3638,224.3170731707317
scikit-learn,sklearn/inspection/_plot/decision_boundary.py,100.0,🔴 High,36,17,0.5,1533,206.66666666666663
django,django/contrib/redirects/middleware.py,100.0,🔴 High,24,13,0.5,7524,34.666666666666664
pytest,testing/test_faulthandler.py,100.0,🔴 High,28,10,0.7857142857142857,2307,105.5
scikit-learn,sklearn/inspection/_permutation_importance.py,100.0,🔴 High,36,24,0.3333333333333333,2450,97.28571428571428
scikit-learn,sklearn/inspection/_partial_dependence.py,100.0,🔴 High,60,25,0.25,2367,289.3050847457627
pytest,testing/test_mark.py,100.0,🔴 High,192,38,0.5052083333333334,5670,791.1047120418848
django,django/contrib/sessions/backends/base.py,100.0,🔴 High,74,33,0.6891891891891891,6715,185.9189189189189
django,django/contrib/sessions/backends/cache.py,100.0,🔴 High,34,20,0.7941176470588235,5875,47.794117647058826
django,django/contrib/sessions/backends/cached_db.py,100.0,🔴 High,28,22,0.7142857142857143,6388,51.142857142857146
django,django/contrib/postgres/fields/ranges.py,100.0,🔴 High,35,21,0.6,3969,204.4
scikit-learn,sklearn/inspection/_plot/tests/test_plot_partial_dependence.py,100.0,🔴 High,39,19,0.282051282051282,2272,783.3947368421053
django,django/contrib/postgres/fields/jsonb.py,100.0,🔴 High,24,13,0.7083333333333334,2475,100.70833333333331
django,django/contrib/postgres/fields/array.py,100.0,🔴 High,71,36,0.6619718309859155,4271,237.30985915492957
scikit-learn,sklearn/inspection/tests/test_partial_dependence.py,100.0,🔴 High,51,22,0.3529411764705882,2634,589.5098039215686
django,django/contrib/postgres/constraints.py,100.0,🔴 High,40,20,0.675,2371,180.3
django,django/contrib/postgres/aggregates/general.py,100.0,🔴 High,32,21,0.6875,4086,52.25
scikit-learn,sklearn/inspection/tests/test_permutation_importance.py,100.0,🔴 High,23,18,0.217391304347826,2526,284.04347826086956
scikit-learn,sklearn/isotonic.py,100.0,🔴 High,115,51,0.3304347826086956,4639,127.54782608695652
scikit-learn,sklearn/kernel_approximation.py,100.0,🔴 High,153,62,0.2875816993464052,5286,233.55921052631575
scikit-learn,sklearn/kernel_ridge.py,100.0,🔴 High,68,29,0.3088235294117647,3894,57.9264705882353
scikit-learn,sklearn/lda.py,100.0,🔴 High,93,22,0.3225806451612903,1885,129.59139784946237
scikit-learn,sklearn/learning_curve.py,100.0,🔴 High,46,19,0.3478260869565217,1342,110.17391304347828
scikit-learn,sklearn/linear_model/__init__.py,100.0,🔴 High,58,33,0.1034482758620689,5079,52.55172413793103
scikit-learn,sklearn/linear_model/_base.py,100.0,🔴 High,104,51,0.2307692307692307,2463,350.06796116504853
scikit-learn,sklearn/linear_model/_bayes.py,100.0,🔴 High,54,31,0.2037037037037037,2384,310.8703703703704
django,django/contrib/messages/tests/base.py,100.0,🔴 High,45,18,0.7333333333333333,1875,283.46666666666664
django,django/core/files/uploadedfile.py,100.0,🔴 High,43,20,0.627906976744186,6356,86.51162790697674
django,django/core/files/uploadhandler.py,100.0,🔴 High,42,26,0.6190476190476191,6475,99.39024390243902
django,django/core/handlers/base.py,100.0,🔴 High,153,39,0.7320261437908496,7497,158.11111111111111
django,django/db/backends/sqlite3/features.py,100.0,🔴 High,104,42,0.7115384615384616,3998,84.63461538461539
django,django/db/backends/postgresql_psycopg2/operations.py,100.0,🔴 High,38,17,0.6842105263157895,1587,141.52631578947367
pytest,_pytest/skipping.py,100.0,🔴 High,92,20,0.4891304347826087,2748,259.7912087912088
pytest,_pytest/runner.py,100.0,🔴 High,111,27,0.5495495495495496,2748,355.5
django,django/db/backends/schema.py,100.0,🔴 High,97,19,0.5773195876288659,932,531.6082474226804
django,django/db/backends/sqlite3/base.py,100.0,🔴 High,273,67,0.6153846153846154,7039,302.2234432234432
django,django/db/backends/sqlite3/creation.py,100.0,🔴 High,62,32,0.6451612903225806,7241,73.53225806451613
django,django/db/backends/sqlite3/introspection.py,100.0,🔴 High,93,35,0.6344086021505376,7201,211.96774193548387
django,django/db/backends/postgresql_psycopg2/creation.py,100.0,🔴 High,27,14,0.5185185185185185,3369,57.24
django,django/db/backends/sqlite3/operations.py,100.0,🔴 High,86,43,0.6627906976744186,4050,230.8953488372093
django,django/db/backends/sqlite3/schema.py,100.0,🔴 High,126,51,0.6825396825396826,5017,226.05555555555551
scikit-learn,sklearn/feature_selection/_mutual_info.py,100.0,🔴 High,23,19,0.217391304347826,2100,162.27272727272728
django,django/db/backends/util.py,100.0,🔴 High,49,13,0.6938775510204082,2886,94.53061224489797
scikit-learn,sklearn/feature_selection/_from_model.py,100.0,🔴 High,53,32,0.2641509433962264,2220,180.6981132075472
django,django/db/migrations/autodetector.py,100.0,🔴 High,210,74,0.6714285714285714,4571,800.4904761904762
django,django/db/backends/postgresql_psycopg2/introspection.py,100.0,🔴 High,47,17,0.5106382978723404,3369,105.27659574468083
django,django/db/backends/postgresql_psycopg2/base.py,100.0,🔴 High,165,28,0.5818181818181818,3369,149.73333333333332
django,django/core/handlers/exception.py,100.0,🔴 High,26,15,0.5769230769230769,3686,102.1923076923077
scikit-learn,sklearn/feature_selection/_sequential.py,100.0,🔴 High,39,19,0.282051282051282,1976,123.82051282051282
django,django/db/backends/oracle/compiler.py,100.0,🔴 High,21,13,0.7142857142857143,3200,35.95238095238095
django,django/db/backends/oracle/introspection.py,100.0,🔴 High,84,33,0.6190476190476191,7177,229.5952380952381
django,django/db/backends/oracle/operations.py,100.0,🔴 High,139,51,0.6474820143884892,4141,446.9064748201439
pytest,_pytest/unittest.py,100.0,🔴 High,69,13,0.6521739130434783,2748,152.5735294117647
django,django/db/backends/oracle/schema.py,100.0,🔴 High,53,22,0.6415094339622641,4844,121.22641509433964
django,django/db/backends/oracle/utils.py,100.0,🔴 High,24,11,0.6666666666666666,3921,55.25
django,django/db/backends/postgresql/base.py,100.0,🔴 High,154,42,0.5844155844155844,7317,214.8823529411765
pytest,_pytest/terminal.py,100.0,🔴 High,143,31,0.4825174825174825,2748,477.6971830985915
django,django/db/backends/postgresql/client.py,100.0,🔴 High,27,21,0.7777777777777778,6506,39.11538461538461
scikit-learn,sklearn/feature_selection/_rfe.py,100.0,🔴 High,76,41,0.2894736842105263,2415,254.43421052631575
django,django/db/backends/postgresql/creation.py,100.0,🔴 High,39,22,0.717948717948718,6432,49.26315789473684
django,django/db/backends/postgresql/introspection.py,100.0,🔴 High,64,26,0.53125,7201,193.0793650793651
django,django/db/backends/postgresql/operations.py,100.0,🔴 High,101,41,0.7128712871287128,6669,187.32
django,django/db/backends/postgresql/schema.py,100.0,🔴 High,67,34,0.7611940298507462,3761,193.27272727272728
django,django/db/migrations/executor.py,100.0,🔴 High,70,26,0.6142857142857143,4554,164.31428571428572
django,django/db/migrations/graph.py,100.0,🔴 High,54,28,0.4814814814814814,4633,153.6851851851852
django,django/db/migrations/loader.py,100.0,🔴 High,109,39,0.6055045871559633,4574,180.3577981651376
django,django/db/models/fields/related_lookups.py,100.0,🔴 High,35,19,0.6285714285714286,3823,108.71428571428572
django,django/db/models/fields/__init__.py,100.0,🔴 High,540,143,0.7129629629629629,7340,1368.6296296296296
pytest,_pytest/pytester.py,100.0,🔴 High,133,22,0.5037593984962406,2748,603.9473684210526
django,django/db/models/fields/files.py,100.0,🔴 High,129,63,0.7209302325581395,6318,261.9612403100775
django,django/db/models/fields/json.py,100.0,🔴 High,43,17,0.6511627906976745,2554,469.7906976744186
django,django/db/models/fields/related.py,100.0,🔴 High,469,115,0.7142857142857143,7252,1134.8742004264393
django,django/db/models/fields/related_descriptors.py,100.0,🔴 High,114,50,0.6228070175438597,3765,802.3859649122807
django,django/db/models/fields/reverse_related.py,100.0,🔴 High,40,25,0.5,3774,198.05
pytest,_pytest/recwarn.py,100.0,🔴 High,40,9,0.575,2748,117.33333333333331
django,django/db/models/fields/subclassing.py,100.0,🔴 High,15,10,0.6,2786,42.6
django,django/db/models/functions/__init__.py,100.0,🔴 High,30,17,0.5666666666666667,3542,50.233333333333334
django,django/db/models/functions/comparison.py,100.0,🔴 High,28,21,0.5357142857142857,3070,109.67857142857144
django,django/db/models/functions/datetime.py,100.0,🔴 High,47,24,0.6808510638297872,3635,232.68085106382975
scikit-learn,sklearn/feature_selection/__init__.py,100.0,🔴 High,37,17,0.054054054054054,5079,31.11428571428571
scikit-learn,sklearn/feature_extraction/text.py,100.0,🔴 High,353,134,0.3682719546742209,5303,522.0455840455841
scikit-learn,sklearn/feature_selection/_base.py,100.0,🔴 High,37,21,0.1621621621621621,2397,104.16666666666669
django,django/db/models/expressions.py,100.0,🔴 High,284,90,0.704225352112676,6271,955.8450704225352
django,django/db/models/deletion.py,100.0,🔴 High,89,42,0.6292134831460674,5456,229.1011235955056
pytest,_pytest/python.py,100.0,🔴 High,486,70,0.5576131687242798,2748,1232.9567901234568
django,django/db/models/base.py,100.0,🔴 High,528,133,0.7481060606060606,7351,1027.840909090909
django,django/db/models/aggregates.py,100.0,🔴 High,73,29,0.6301369863013698,6301,142.6164383561644
django,django/db/models/__init__.py,100.0,🔴 High,78,36,0.5769230769230769,7243,42.44871794871795
django,django/db/migrations/writer.py,100.0,🔴 High,96,36,0.6875,4428,259.875
django,django/db/migrations/state.py,100.0,🔴 High,164,50,0.5975609756097561,4640,360.4512195121951
django,django/db/migrations/serializer.py,100.0,🔴 High,52,27,0.6346153846153846,3568,288.09615384615387
django,django/db/migrations/recorder.py,100.0,🔴 High,30,17,0.3666666666666666,4752,40.8
django,django/db/migrations/questioner.py,100.0,🔴 High,50,29,0.56,4030,156.98
django,django/db/migrations/optimizer.py,100.0,🔴 High,37,14,0.3783783783783784,3046,177.83783783783784
pytest,_pytest/python_api.py,100.0,🔴 High,44,13,0.4090909090909091,977,204.0681818181818
django,django/db/migrations/operations/special.py,100.0,🔴 High,41,21,0.6097560975609756,4528,111.60975609756098
django,django/db/migrations/operations/models.py,100.0,🔴 High,137,50,0.5620437956204379,4422,568.7664233576643
django,django/db/migrations/operations/fields.py,100.0,🔴 High,71,27,0.4647887323943662,4420,221.7887323943662
django,django/db/backends/oracle/base.py,100.0,🔴 High,335,63,0.6447761194029851,7293,463.934328358209
django,django/db/backends/mysql/validation.py,100.0,🔴 High,30,16,0.6333333333333333,4924,30.7
django,django/db/backends/mysql/schema.py,100.0,🔴 High,63,34,0.746031746031746,4818,94.85714285714286
django,django/core/management/commands/makemessages.py,100.0,🔴 High,160,56,0.70625,6225,397.16875
django,django/core/management/commands/diffsettings.py,100.0,🔴 High,24,18,0.75,6550,42.75
django,django/core/management/commands/dumpdata.py,100.0,🔴 High,89,39,0.651685393258427,6550,153.58426966292134
django,django/core/management/commands/flush.py,100.0,🔴 High,79,27,0.5443037974683544,6730,70.64556962025317
django,django/core/management/commands/inspectdb.py,100.0,🔴 High,102,49,0.7450980392156863,6901,211.0
scikit-learn,sklearn/feature_selection/tests/test_chi2.py,100.0,🔴 High,19,14,0.3684210526315789,4392,49.76470588235294
django,django/core/management/commands/loaddata.py,100.0,🔴 High,134,49,0.6716417910447762,6110,213.96268656716416
django,django/core/management/commands/makemigrations.py,100.0,🔴 High,96,39,0.625,4551,214.55208333333337
django,django/core/management/commands/test.py,100.0,🔴 High,46,26,0.6521739130434783,6050,45.73913043478261
django,django/core/management/commands/migrate.py,100.0,🔴 High,126,37,0.5396825396825397,4779,271.9047619047619
django,django/core/management/commands/runserver.py,100.0,🔴 High,88,42,0.6818181818181818,6738,114.32954545454544
django,django/core/management/commands/shell.py,100.0,🔴 High,57,31,0.6491228070175439,6550,93.17543859649123
django,django/core/management/commands/showmigrations.py,100.0,🔴 High,22,16,0.6363636363636364,3535,102.5909090909091
requests,requests/compat.py,100.0,🔴 High,41,24,0.2926829268292683,3749,45.926829268292686
django,django/core/management/commands/squashmigrations.py,100.0,🔴 High,41,24,0.5609756097560976,4113,152.609756097561
django,django/core/management/commands/createcachetable.py,100.0,🔴 High,47,24,0.6382978723404256,6110,69.63829787234043
django,django/core/management/commands/compilemessages.py,100.0,🔴 High,56,23,0.6607142857142857,6086,90.48214285714286
scikit-learn,sklearn/feature_selection/tests/test_feature_select.py,100.0,🔴 High,81,39,0.3209876543209876,4604,407.8024691358025
scikit-learn,sklearn/feature_selection/tests/test_from_model.py,100.0,🔴 High,61,36,0.4262295081967213,4789,291.3
django,django/core/management/commands/check.py,100.0,🔴 High,16,10,0.625,3970,49.75
requests,requests/async.py,100.0,🔴 High,34,11,0.1764705882352941,646,36.0625
django,django/core/management/color.py,100.0,🔴 High,30,23,0.6333333333333333,5862,36.2
django,django/core/management/base.py,100.0,🔴 High,170,56,0.6294117647058823,6699,251.78823529411764
django,django/core/management/__init__.py,100.0,🔴 High,178,48,0.6348314606741573,6550,194.56741573033707
django,django/core/management.py,100.0,🔴 High,187,5,0.679144385026738,755,926.9786096256684
django,django/core/mail/message.py,100.0,🔴 High,109,44,0.6972477064220184,6063,288.11009174311926
scikit-learn,sklearn/feature_selection/tests/test_mutual_info.py,100.0,🔴 High,28,18,0.1785714285714285,4398,124.71428571428572
requests,requests/api.py,100.0,🔴 High,141,58,0.2978723404255319,4425,33.262411347517734
requests,requests/adapters.py,100.0,🔴 High,152,50,0.3552631578947368,3892,197.1315789473684
django,django/core/mail/backends/smtp.py,100.0,🔴 High,40,24,0.675,6035,102.525
django,django/core/handlers/wsgi.py,100.0,🔴 High,160,49,0.69375,7309,172.48125
django,django/core/handlers/modpython.py,100.0,🔴 High,60,7,0.75,2342,150.53333333333333
django,django/core/management/commands/syncdb.py,100.0,🔴 High,55,17,0.6363636363636364,2621,102.41818181818182
django,django/core/management/commands/testserver.py,100.0,🔴 High,26,15,0.6923076923076923,6333,32.23076923076923
django,django/db/backends/mysql/operations.py,100.0,🔴 High,99,34,0.7272727272727273,4139,238.96969696969697
django,django/db/backends/base/schema.py,100.0,🔴 High,186,70,0.7580645161290323,4170,999.9408602150538
django,django/db/__init__.py,100.0,🔴 High,68,20,0.7058823529411765,6624,45.838235294117645
django,django/db/backends/__init__.py,100.0,🔴 High,265,38,0.5886792452830188,3177,434.9163498098859
django,django/db/backends/base/base.py,100.0,🔴 High,54,32,0.5555555555555556,3989,381.9259259259259
django,django/db/backends/base/creation.py,100.0,🔴 High,47,25,0.5319148936170213,4161,192.5744680851064
django,django/db/backends/base/introspection.py,100.0,🔴 High,28,17,0.6428571428571429,3944,92.5
django,django/db/backends/base/operations.py,100.0,🔴 High,107,50,0.6355140186915887,4070,288.4859813084112
django,django/db/backends/creation.py,100.0,🔴 High,99,27,0.6767676767676768,2671,324.5050505050505
django,django/core/management/sql.py,100.0,🔴 High,109,28,0.5596330275229358,5285,195.1559633027523
django,django/db/backends/mysql/base.py,100.0,🔴 High,278,53,0.6258992805755396,7201,269.44604316546764
django,django/db/backends/mysql/client.py,100.0,🔴 High,24,16,0.7916666666666666,5862,36.0
django,django/db/backends/mysql/compiler.py,100.0,🔴 High,26,13,0.6923076923076923,5785,33.07692307692308
django,django/db/backends/mysql/creation.py,100.0,🔴 High,44,25,0.6818181818181818,6714,49.5
django,django/db/backends/mysql/features.py,100.0,🔴 High,115,43,0.808695652173913,4113,184.80869565217392
django,django/db/backends/mysql/introspection.py,100.0,🔴 High,88,36,0.625,7201,165.0340909090909
django,django/core/validators.py,100.0,🔴 High,211,83,0.7677725118483413,7672,330.54502369668245
django,django/core/urlresolvers.py,100.0,🔴 High,151,39,0.8278145695364238,3822,302.89403973509934
requests,requests/models.py,100.0,🔴 High,717,200,0.3542538354253835,4473,418.32357043235703
requests,requests/hooks.py,100.0,🔴 High,29,14,0.2413793103448276,3908,13.79310344827586
requests,requests/core.py,100.0,🔴 High,131,9,0.1679389312977099,248,152.6259541984733
scikit-learn,sklearn/feature_selection/rfe.py,100.0,🔴 High,117,47,0.5042735042735043,2973,125.35652173913044
django,django/core/servers/fastcgi.py,100.0,🔴 High,25,11,0.76,2899,99.68
django,django/core/servers/basehttp.py,100.0,🔴 High,108,43,0.7314814814814815,7309,218.3796296296296
django,django/core/serializers/xml_serializer.py,100.0,🔴 High,84,43,0.6666666666666666,7300,250.71428571428572
django,django/core/serializers/pyyaml.py,100.0,🔴 High,47,23,0.6170212765957447,6977,38.638297872340424
django,django/core/serializers/python.py,100.0,🔴 High,80,38,0.6875,7120,107.7125
requests,requests/cookies.py,100.0,🔴 High,80,31,0.3,4112,235.4875
django,django/core/serializers/json.py,100.0,🔴 High,59,24,0.6271186440677966,7266,64.84745762711864
django,django/core/serializers/base.py,100.0,🔴 High,82,39,0.6951219512195121,7071,117.70731707317071
django,django/core/serializers/__init__.py,100.0,🔴 High,39,20,0.5641025641025641,6964,83.58974358974359
django,django/core/management/validation.py,100.0,🔴 High,67,25,0.8208955223880597,2327,259.05970149253733
django,django/core/management/templates.py,100.0,🔴 High,80,41,0.7,5239,251.7875
scikit-learn,sklearn/datasets/_openml.py,100.0,🔴 High,53,30,0.3773584905660377,2419,521.622641509434
scikit-learn,sklearn/datasets/_olivetti_faces.py,100.0,🔴 High,25,17,0.24,2400,61.44
scikit-learn,sklearn/datasets/_lfw.py,100.0,🔴 High,38,22,0.3421052631578947,2101,267.0
django,tests/modeltests/fixtures/tests.py,100.0,🔴 High,22,11,0.7727272727272727,922,222.77272727272728
django,tests/modeltests/basic/models.py,100.0,🔴 High,30,10,0.6666666666666666,2294,108.66666666666669
django,tests/modeltests/basic/tests.py,100.0,🔴 High,17,10,0.7058823529411765,844,451.8235294117647
django,tests/modeltests/custom_pk/models.py,100.0,🔴 High,20,9,0.65,2294,36.0
django,tests/sites_tests/tests.py,100.0,🔴 High,31,20,0.5161290322580645,4136,215.3870967741935
scikit-learn,examples/gaussian_process/plot_compare_gpr_krr.py,100.0,🔴 High,17,12,0.1764705882352941,3825,105.47058823529412
django,tests/modeltests/fixtures/models.py,100.0,🔴 High,25,10,0.72,1990,37.08
django,tests/modeltests/generic_relations/models.py,100.0,🔴 High,25,12,0.84,2422,45.28
django,tests/modeladmin/test_checks.py,100.0,🔴 High,37,27,0.7567567567567568,3441,1117.027027027027
django,tests/modeltests/invalid_models/models.py,100.0,🔴 High,29,11,0.8620689655172413,1939,195.17857142857144
django,tests/sitemaps_tests/test_http.py,100.0,🔴 High,34,24,0.4117647058823529,3995,252.55882352941177
django,tests/modeltests/lookup/models.py,100.0,🔴 High,39,12,0.7692307692307693,2294,37.94871794871795
scikit-learn,examples/gaussian_process/plot_gpr_co2.py,100.0,🔴 High,36,15,0.1944444444444444,3876,62.114285714285714
django,tests/signing/tests.py,100.0,🔴 High,36,20,0.5,4811,146.42857142857142
scikit-learn,examples/gaussian_process/plot_gpr_noisy_targets.py,100.0,🔴 High,21,12,0.2857142857142857,3365,53.45
django,tests/modeladmin/tests.py,100.0,🔴 High,106,59,0.6320754716981132,4871,908.6476190476192
django,tests/model_regress/test_pickle.py,100.0,🔴 High,21,12,0.6190476190476191,2799,60.666666666666664
django,tests/model_forms/test_modelchoicefield.py,100.0,🔴 High,21,11,0.5714285714285714,2904,290.76190476190476
django,tests/model_inheritance_regress/tests.py,100.0,🔴 High,45,25,0.6444444444444445,4578,372.15909090909093
django,tests/model_forms/tests.py,100.0,🔴 High,184,71,0.7119565217391305,4732,2077.9234972677596
django,tests/model_formsets/tests.py,100.0,🔴 High,76,46,0.7236842105263158,4865,1462.8933333333334
django,tests/model_formsets_regress/tests.py,100.0,🔴 High,34,22,0.5,4534,388.8484848484849
django,tests/model_indexes/tests.py,100.0,🔴 High,29,16,0.7586206896551724,2183,144.75862068965515
django,tests/model_inheritance/models.py,100.0,🔴 High,24,16,0.4583333333333333,3986,99.65217391304348
django,tests/model_inheritance/test_abstract_inheritance.py,100.0,🔴 High,17,11,0.4705882352941176,3669,293.88235294117646
scikit-learn,examples/ensemble/plot_partial_dependence.py,100.0,🔴 High,29,12,0.3103448275862069,2286,53.10344827586207
scikit-learn,examples/exercises/plot_cv_diabetes.py,100.0,🔴 High,32,20,0.34375,4518,41.54838709677419
django,tests/staticfiles_tests/tests.py,100.0,🔴 High,51,22,0.6274509803921569,829,597.3
django,tests/model_meta/tests.py,100.0,🔴 High,32,19,0.59375,3850,218.59375
scikit-learn,examples/ensemble/plot_stack_predictors.py,100.0,🔴 High,23,15,0.2608695652173913,2439,118.8695652173913
django,tests/staticfiles_tests/test_storage.py,100.0,🔴 High,63,33,0.6666666666666666,4022,524.8888888888889
django,tests/staticfiles_tests/test_management.py,100.0,🔴 High,49,26,0.4897959183673469,3714,304.7959183673469
django,tests/staticfiles_tests/test_liveserver.py,100.0,🔴 High,24,16,0.3333333333333333,3868,55.166666666666664
django,tests/signals/tests.py,100.0,🔴 High,37,22,0.5675675675675675,4852,329.6111111111111
scikit-learn,examples/gaussian_process/plot_gpr_prior_posterior.py,100.0,🔴 High,22,11,0.2272727272727272,3897,82.80952380952381
django,tests/shell/tests.py,100.0,🔴 High,19,14,0.7368421052631579,3541,180.94736842105263
django,tests/schema/tests.py,100.0,🔴 High,283,80,0.7420494699646644,4669,2178.190812720848
django,tests/select_related_regress/tests.py,100.0,🔴 High,25,14,0.56,4574,130.875
django,tests/modeltests/test_client/models.py,100.0,🔴 High,49,14,0.7142857142857143,2216,233.0612244897959
django,tests/modeltests/test_client/views.py,100.0,🔴 High,27,9,0.6666666666666666,2148,125.07407407407408
django,tests/select_related/tests.py,100.0,🔴 High,30,21,0.4666666666666667,4861,158.31034482758622
django,tests/modeltests/transactions/models.py,100.0,🔴 High,19,8,0.4736842105263157,2294,69.52631578947368
django,tests/select_for_update/tests.py,100.0,🔴 High,56,26,0.5535714285714286,4536,252.0
scikit-learn,examples/impute/plot_missing_values.py,100.0,🔴 High,22,14,0.2272727272727272,2673,122.95454545454544
django,tests/modeltests/many_to_one/models.py,100.0,🔴 High,23,8,0.782608695652174,2294,62.91304347826087
django,tests/schema/models.py,100.0,🔴 High,43,20,0.627906976744186,4101,102.3720930232558
scikit-learn,examples/inspection/plot_linear_model_coefficient_interpretation.py,100.0,🔴 High,25,17,0.32,2078,293.16
scikit-learn,scikits/learn/base.py,100.0,🔴 High,54,14,0.2777777777777778,415,104.05882352941175
django,tests/runtests.py,100.0,🔴 High,328,72,0.5030487804878049,7581,331.2408536585366
django,tests/modeltests/validation/models.py,100.0,🔴 High,35,14,0.5428571428571428,2314,66.0
scikit-learn,examples/inspection/plot_permutation_importance.py,100.0,🔴 High,23,15,0.3043478260869565,2542,82.69565217391305
django,tests/modeltests/serializers/models.py,100.0,🔴 High,28,8,0.7142857142857143,2239,67.64285714285714
django,tests/serializers/test_data.py,100.0,🔴 High,33,13,0.4545454545454545,3786,335.6666666666667
scikit-learn,examples/grid_search_text_feature_extraction.py,100.0,🔴 High,27,12,0.3703703703703703,1076,49.80769230769231
scikit-learn,scikits/learn/cross_val.py,100.0,🔴 High,77,15,0.3116883116883117,667,220.01298701298705
django,tests/modeltests/one_to_one/models.py,100.0,🔴 High,18,9,0.7222222222222222,2294,48.166666666666664
scikit-learn,scikits/learn/datasets/base.py,100.0,🔴 High,60,14,0.3166666666666666,546,92.98333333333332
django,tests/serializers/tests.py,100.0,🔴 High,74,35,0.4864864864864865,4529,385.8904109589041
django,tests/serializers_regress/models.py,100.0,🔴 High,21,12,0.5714285714285714,1151,153.35
django,tests/serializers_regress/tests.py,100.0,🔴 High,39,16,0.4615384615384615,1151,394.2894736842105
django,tests/servers/test_basehttp.py,100.0,🔴 High,24,13,0.625,3946,80.91666666666667
django,tests/servers/tests.py,100.0,🔴 High,64,33,0.5625,4780,159.15873015873015
django,tests/modeltests/model_formsets/tests.py,100.0,🔴 High,19,11,0.631578947368421,1424,757.0526315789474
django,tests/modeltests/model_formsets/models.py,100.0,🔴 High,41,12,0.7804878048780488,1485,85.82926829268293
django,tests/modeltests/model_forms/tests.py,100.0,🔴 High,35,15,0.8285714285714286,1096,937.9714285714284
django,tests/modeltests/model_forms/models.py,100.0,🔴 High,113,18,0.7522123893805309,2196,166.94690265486724
django,tests/sessions_tests/tests.py,100.0,🔴 High,71,36,0.6619718309859155,4436,596.7
django,tests/settings_tests/tests.py,100.0,🔴 High,80,42,0.625,4529,347.88607594936707
scikit-learn,examples/ensemble/plot_gradient_boosting_regularization.py,100.0,🔴 High,26,13,0.1923076923076923,4486,40.0
django,tests/model_forms/models.py,100.0,🔴 High,59,31,0.559322033898305,4642,289.63793103448273
django,tests/messages_tests/base.py,100.0,🔴 High,21,17,0.2857142857142857,3249,281.3333333333333
django,tests/template_tests/syntax_tests/test_url.py,100.0,🔴 High,18,12,0.4444444444444444,2640,217.16666666666663
django,tests/template_tests/test_loaders.py,100.0,🔴 High,57,23,0.4912280701754385,3225,187.03571428571428
django,tests/template_tests/test_custom.py,100.0,🔴 High,34,17,0.4705882352941176,4602,341.1818181818182
django,tests/template_tests/templatetags/custom.py,100.0,🔴 High,28,24,0.6785714285714286,4642,136.33333333333334
scikit-learn,examples/decomposition/plot_faces_decomposition.py,100.0,🔴 High,67,30,0.3134328358208955,5217,97.98507462686568
scikit-learn,examples/decomposition/plot_ica_blind_source_separation.py,100.0,🔴 High,26,15,0.1538461538461538,4852,34.291666666666664
scikit-learn,examples/decomposition/plot_ica_vs_pca.py,100.0,🔴 High,35,19,0.2571428571428571,4895,49.15151515151515
django,tests/template_tests/syntax_tests/test_static.py,100.0,🔴 High,15,11,0.2666666666666666,2641,54.333333333333336
scikit-learn,examples/datasets/plot_iris_dataset.py,100.0,🔴 High,26,17,0.3846153846153846,4461,31.56
scikit-learn,examples/decomposition/plot_image_denoising.py,100.0,🔴 High,32,26,0.3125,5166,97.2258064516129
django,tests/migrations/test_autodetector.py,100.0,🔴 High,194,66,0.7216494845360825,4612,1791.8917525773195
django,tests/migrations/test_base.py,100.0,🔴 High,35,23,0.6571428571428571,4565,206.71428571428572
django,tests/migrations/test_commands.py,100.0,🔴 High,205,83,0.6780487804878049,4722,1082.4048780487806
django,tests/migrations/test_executor.py,100.0,🔴 High,63,20,0.6031746031746031,4778,370.55555555555554
django,tests/migrations/test_graph.py,100.0,🔴 High,35,22,0.5714285714285714,3558,204.62857142857143
django,tests/template_tests/test_parser.py,100.0,🔴 High,30,15,0.5,4620,104.06896551724138
django,tests/template_tests/test_response.py,100.0,🔴 High,46,25,0.4565217391304347,3949,263.0
django,tests/model_fields/tests.py,100.0,🔴 High,104,56,0.6826923076923077,4783,451.0873786407767
django,tests/middleware/tests.py,100.0,🔴 High,106,55,0.6132075471698113,4865,582.6190476190476
scikit-learn,examples/covariance/plot_covariance_estimation.py,100.0,🔴 High,40,20,0.275,5392,51.9
scikit-learn,examples/covariance/plot_lw_vs_oas.py,100.0,🔴 High,25,15,0.32,5392,52.88
django,tests/test_client_regress/views.py,100.0,🔴 High,31,19,0.5483870967741935,4551,101.43333333333334
django,tests/test_client_regress/tests.py,100.0,🔴 High,99,50,0.6161616161616161,4668,1076.091836734694
scikit-learn,examples/covariance/plot_mahalanobis_distances.py,100.0,🔴 High,28,19,0.25,5402,66.39285714285714
django,tests/middleware/test_security.py,100.0,🔴 High,21,13,0.6190476190476191,3966,132.66666666666666
scikit-learn,examples/covariance/plot_outlier_detection.py,100.0,🔴 High,25,14,0.44,2282,57.68
django,tests/template_tests/tests.py,100.0,🔴 High,134,46,0.6268656716417911,4731,820.9626865671642
scikit-learn,examples/covariance/plot_robust_vs_empirical_covariance.py,100.0,🔴 High,25,15,0.36,4858,82.92
django,tests/middleware_exceptions/tests.py,100.0,🔴 High,40,25,0.5,3626,476.6666666666667
django,tests/test_client/views.py,100.0,🔴 High,42,36,0.6666666666666666,4800,257.5609756097561
scikit-learn,examples/covariance/plot_sparse_cov.py,100.0,🔴 High,26,16,0.1538461538461538,4604,64.6923076923077
django,tests/test_client/urls.py,100.0,🔴 High,28,21,0.6785714285714286,3912,44.629629629629626
django,tests/test_client/tests.py,100.0,🔴 High,105,66,0.7333333333333333,4787,591.125
django,tests/migrations/test_loader.py,100.0,🔴 High,77,31,0.6493506493506493,4790,285.76623376623377
django,tests/template_tests/syntax_tests/test_include.py,100.0,🔴 High,24,14,0.4166666666666667,3676,232.95833333333337
django,tests/template_tests/syntax_tests/test_if_changed.py,100.0,🔴 High,17,12,0.4705882352941176,3906,164.47058823529412
django,tests/model_fields/test_decimalfield.py,100.0,🔴 High,18,13,0.7777777777777778,3590,70.61111111111111
django,tests/migrations/test_state.py,100.0,🔴 High,113,43,0.584070796460177,4448,753.4247787610619
django,tests/migrations/test_writer.py,100.0,🔴 High,146,58,0.6095890410958904,4532,488.2054794520548
scikit-learn,examples/ensemble/plot_forest_importances.py,100.0,🔴 High,29,15,0.1379310344827586,4936,32.86206896551724
scikit-learn,examples/ensemble/plot_forest_iris.py,100.0,🔴 High,31,15,0.2580645161290322,4883,68.51612903225806
django,tests/model_fields/models.py,100.0,🔴 High,89,51,0.6741573033707865,4835,266.32954545454544
scikit-learn,examples/ensemble/plot_gradient_boosting_oob.py,100.0,🔴 High,30,15,0.1666666666666666,3983,69.3
scikit-learn,examples/ensemble/plot_gradient_boosting_regression.py,100.0,🔴 High,39,25,0.2051282051282051,5344,49.17948717948718
django,tests/template_tests/syntax_tests/test_if.py,100.0,🔴 High,18,10,0.4444444444444444,2641,444.1666666666667
scikit-learn,scikits/learn/feature_extraction/text.py,100.0,🔴 High,39,9,0.358974358974359,514,237.67567567567568
django,tests/model_fields/test_imagefield.py,100.0,🔴 High,34,24,0.4411764705882353,4485,240.84848484848484
django,tests/model_fields/test_jsonfield.py,100.0,🔴 High,57,20,0.6666666666666666,2480,928.3859649122808
django,tests/syndication_tests/tests.py,100.0,🔴 High,37,24,0.5675675675675675,4557,413.1111111111111
scikit-learn,scikits/learn/feature_extraction/tests/test_text.py,100.0,🔴 High,32,9,0.40625,332,186.71875
django,tests/model_fields/test_uuid.py,100.0,🔴 High,25,17,0.68,2760,142.96
django,tests/migrations/test_optimizer.py,100.0,🔴 High,53,24,0.5471698113207547,4653,682.3962264150944
django,tests/migrations/test_operations.py,100.0,🔴 High,270,73,0.6962962962962963,4778,2331.8333333333335
scikit-learn,examples/ensemble/plot_feature_transformation.py,100.0,🔴 High,25,15,0.24,3248,69.6
scikit-learn,examples/ensemble/plot_adaboost_twoclass.py,100.0,🔴 High,29,11,0.1034482758620689,4470,63.55172413793103
scikit-learn,examples/ensemble/plot_adaboost_regression.py,100.0,🔴 High,22,15,0.2272727272727272,4553,25.227272727272727
django,tests/template_tests/filter_tests/test_floatformat.py,100.0,🔴 High,23,15,0.5652173913043478,3535,101.7391304347826
scikit-learn,examples/ensemble/plot_adaboost_hastie_10_2.py,100.0,🔴 High,24,11,0.1666666666666666,3814,66.33333333333333
django,tests/template_tests/filter_tests/test_urlize.py,100.0,🔴 High,27,17,0.6296296296296297,4005,312.3703703703704
django,tests/template_tests/filters.py,100.0,🔴 High,18,13,0.8333333333333334,623,230.47058823529412
scikit-learn,examples/document_clustering.py,100.0,🔴 High,41,10,0.2439024390243902,1043,73.48780487804878
scikit-learn,scikits/learn/grid_search.py,100.0,🔴 High,81,14,0.3086419753086419,428,117.01234567901234
scikit-learn,examples/document_classification_20newsgroups.py,100.0,🔴 High,78,17,0.2435897435897435,1280,142.84615384615384
scikit-learn,examples/decomposition/plot_sparse_coding.py,100.0,🔴 High,26,18,0.1923076923076923,4861,65.8076923076923
scikit-learn,examples/decomposition/plot_pca_vs_fa_model_selection.py,100.0,🔴 High,26,16,0.0769230769230769,3943,65.64
scikit-learn,scikits/learn/hmm.py,100.0,🔴 High,55,11,0.3636363636363636,426,414.4363636363637
scikit-learn,examples/decomposition/plot_pca_iris.py,100.0,🔴 High,26,17,0.3076923076923077,4944,34.76923076923077
scikit-learn,examples/decomposition/plot_kernel_pca.py,100.0,🔴 High,22,16,0.4090909090909091,4817,50.65
django,tests/modeltests/validation/test_unique.py,100.0,🔴 High,19,8,0.6842105263157895,884,92.21052631578948
django,tests/multiple_database/tests.py,100.0,🔴 High,79,35,0.5316455696202531,4834,1445.7435897435898
django,tests/requests/tests.py,100.0,🔴 High,97,48,0.6391752577319587,3538,611.8125
scikit-learn,examples/manifold/plot_swissroll.py,100.0,🔴 High,27,17,0.1851851851851851,4921,26.59259259259259
django,tests/regressiontests/file_uploads/tests.py,100.0,🔴 High,37,11,0.7027027027027027,1582,247.9189189189189
django,tests/regressiontests/fixtures_regress/models.py,100.0,🔴 High,32,11,0.875,1955,81.09375
django,tests/regressiontests/fixtures_regress/tests.py,100.0,🔴 High,33,10,0.696969696969697,801,473.8484848484849
django,tests/regressiontests/syndication/tests.py,100.0,🔴 High,22,10,0.7272727272727273,1802,171.6818181818182
django,tests/regressiontests/forms/fields.py,100.0,🔴 High,38,9,0.8947368421052632,1117,181.52631578947367
scikit-learn,examples/plot_precision_recall.py,100.0,🔴 High,29,11,0.2758620689655172,1449,35.206896551724135
django,tests/regressiontests/staticfiles_tests/tests.py,100.0,🔴 High,66,12,0.7121212121212122,857,336.24242424242425
django,tests/regressiontests/file_storage/tests.py,100.0,🔴 High,52,13,0.7692307692307693,1660,268.7692307692308
scikit-learn,examples/plot_multilabel.py,100.0,🔴 High,19,12,0.3684210526315789,2476,58.36842105263158
django,tests/regressiontests/settings_tests/tests.py,100.0,🔴 High,34,11,0.6176470588235294,1108,151.3939393939394
django,tests/regressiontests/serializers_regress/tests.py,100.0,🔴 High,52,12,0.8269230769230769,2169,295.5576923076923
django,tests/regressiontests/serializers_regress/models.py,100.0,🔴 High,29,9,0.896551724137931,2097,124.41379310344828
scikit-learn,examples/plot_kernel_approximation.py,100.0,🔴 High,28,13,0.4285714285714285,2810,87.14814814814815
scikit-learn,examples/plot_johnson_lindenstrauss_bound.py,100.0,🔴 High,21,13,0.4761904761904761,2459,75.05
scikit-learn,examples/manifold/plot_mds.py,100.0,🔴 High,37,16,0.3243243243243243,4942,56.189189189189186
django,tests/regressiontests/templates/filters.py,100.0,🔴 High,39,13,0.8974358974358975,1840,174.5897435897436
django,tests/one_to_one/tests.py,100.0,🔴 High,59,32,0.6949152542372882,4529,296.63793103448273
django,tests/regressiontests/templates/tests.py,100.0,🔴 High,200,22,0.85,2373,773.93
django,tests/regressiontests/comment_tests/tests/comment_view_tests.py,100.0,🔴 High,18,9,0.6666666666666666,1643,181.77777777777777
scikit-learn,examples/linear_model/plot_theilsen.py,100.0,🔴 High,22,10,0.1363636363636363,4022,51.72727272727273
django,tests/regressiontests/test_client_regress/views.py,100.0,🔴 High,25,9,0.88,1923,52.36
django,tests/regressiontests/csrf_tests/tests.py,100.0,🔴 High,31,10,0.7096774193548387,1201,186.5806451612903
scikit-learn,examples/linear_model/plot_tweedie_regression_insurance_claims.py,100.0,🔴 High,28,15,0.4285714285714285,1867,355.14285714285717
django,tests/regressiontests/test_client_regress/models.py,100.0,🔴 High,69,14,0.8405797101449275,1848,507.7352941176471
scikit-learn,examples/preprocessing/plot_discretization_classification.py,100.0,🔴 High,22,14,0.2727272727272727,3123,139.9090909090909
scikit-learn,examples/manifold/plot_manifold_sphere.py,100.0,🔴 High,42,21,0.2619047619047619,4733,86.47619047619048
scikit-learn,examples/manifold/plot_compare_methods.py,100.0,🔴 High,71,33,0.2816901408450704,5258,64.92957746478874
scikit-learn,examples/manifold/plot_lle_digits.py,100.0,🔴 High,77,33,0.2727272727272727,5392,106.41558441558442
scikit-learn,examples/plot_roc_crossval.py,100.0,🔴 High,25,13,0.24,1447,38.88
django,tests/regressiontests/decorators/tests.py,100.0,🔴 High,25,9,0.6,1764,123.16
django,tests/regressiontests/defaultfilters/tests.py,100.0,🔴 High,64,15,0.78125,2289,237.8571428571429
scikit-learn,examples/plot_roc.py,100.0,🔴 High,29,11,0.1724137931034483,1567,38.86206896551724
scikit-learn,examples/mixture/plot_gmm.py,100.0,🔴 High,25,14,0.08,4990,39.44
django,tests/regressiontests/forms/models.py,100.0,🔴 High,29,14,0.6896551724137931,2199,35.81481481481482
scikit-learn,examples/mixture/plot_gmm_classifier.py,100.0,🔴 High,27,12,0.2222222222222222,1795,60.0
django,tests/regressiontests/model_forms_regress/tests.py,100.0,🔴 High,35,14,0.8571428571428571,1214,216.25714285714287
django,tests/regressiontests/model_regress/models.py,100.0,🔴 High,21,10,0.8571428571428571,1868,37.0
scikit-learn,examples/neural_networks/plot_mlp_alpha.py,100.0,🔴 High,17,15,0.2352941176470588,4004,78.17647058823529
scikit-learn,examples/neighbors/plot_species_kde.py,100.0,🔴 High,24,18,0.25,4484,59.458333333333336
django,tests/regressiontests/i18n/tests.py,100.0,🔴 High,94,19,0.7872340425531915,2062,597.0957446808511
django,tests/regressiontests/model_formsets_regress/tests.py,100.0,🔴 High,21,12,0.8095238095238095,1363,235.95238095238096
django,tests/regressiontests/introspection/tests.py,100.0,🔴 High,28,12,0.8571428571428571,1397,90.53571428571428
django,tests/regressiontests/model_forms_regress/models.py,100.0,🔴 High,18,11,0.8333333333333334,1522,34.44444444444444
django,tests/regressiontests/forms/tests.py,100.0,🔴 High,153,11,0.6862745098039216,1450,14.973856209150329
django,tests/regressiontests/model_fields/tests.py,100.0,🔴 High,44,18,0.8409090909090909,2035,167.86363636363637
django,tests/regressiontests/model_fields/models.py,100.0,🔴 High,23,11,0.9130434782608696,1914,79.27272727272727
scikit-learn,examples/neighbors/plot_classification.py,100.0,🔴 High,23,16,0.2608695652173913,5385,33.17391304347826
django,tests/regressiontests/middleware/tests.py,100.0,🔴 High,28,11,0.8214285714285714,1899,316.7142857142857
django,tests/regressiontests/mail/tests.py,100.0,🔴 High,44,12,0.8409090909090909,1629,287.9318181818182
scikit-learn,examples/model_selection/plot_learning_curve.py,100.0,🔴 High,23,19,0.391304347826087,4509,71.5909090909091
django,tests/regressiontests/modeladmin/tests.py,100.0,🔴 High,21,9,0.8095238095238095,675,1020.7619047619048
django,tests/regressiontests/multiple_database/tests.py,100.0,🔴 High,42,12,0.7380952380952381,1144,1075.690476190476
scikit-learn,examples/mlcomp_sparse_document_classification.py,100.0,🔴 High,32,11,0.34375,1091,70.65625
django,tests/regressiontests/i18n/commands/extraction.py,100.0,🔴 High,36,9,0.6666666666666666,847,201.62857142857143
django,tests/regressiontests/httpwrappers/tests.py,100.0,🔴 High,57,14,0.7894736842105263,2366,225.08928571428572
django,tests/regressiontests/generic_views/urls.py,100.0,🔴 High,25,12,0.88,846,189.84
scikit-learn,examples/mixture/plot_gmm_sin.py,100.0,🔴 High,30,18,0.1333333333333333,4837,58.9
scikit-learn,examples/mixture/plot_gmm_selection.py,100.0,🔴 High,18,16,0.2777777777777778,4554,67.61111111111111
django,tests/regressiontests/generic_views/dates.py,100.0,🔴 High,24,8,0.875,846,366.875
django,tests/regressiontests/generic_views/base.py,100.0,🔴 High,21,10,0.8571428571428571,848,193.0952380952381
django,tests/regressiontests/generic_inline_admin/tests.py,100.0,🔴 High,27,13,0.7777777777777778,1551,139.37037037037038
scikit-learn,examples/plot_digits_classification.py,100.0,🔴 High,23,17,0.217391304347826,1484,24.782608695652176
scikit-learn,examples/plot_feature_selection.py,100.0,🔴 High,22,8,0.4090909090909091,1490,33.27272727272727
django,tests/regressiontests/queries/models.py,100.0,🔴 High,101,14,0.8613861386138614,1760,183.6633663366337
django,tests/regressiontests/queries/tests.py,100.0,🔴 High,61,17,0.819672131147541,1403,1340.885245901639
django,tests/regressiontests/forms/tests/widgets.py,100.0,🔴 High,24,11,0.75,801,848.375
django,tests/regressiontests/forms/tests/fields.py,100.0,🔴 High,51,14,0.6862745098039216,829,826.0
django,tests/regressiontests/test_runner/tests.py,100.0,🔴 High,29,10,0.6206896551724138,1160,177.17241379310346
django,tests/regressiontests/test_utils/tests.py,100.0,🔴 High,33,11,0.7878787878787878,1657,210.3030303030303
django,tests/regressiontests/text/tests.py,100.0,🔴 High,16,8,0.6875,1896,35.4375
django,tests/proxy_models/tests.py,100.0,🔴 High,51,26,0.4705882352941176,4725,292.16
django,tests/postgres_tests/test_search.py,100.0,🔴 High,36,17,0.6388888888888888,3705,464.1666666666667
scikit-learn,examples/linear_model/plot_lasso_coordinate_descent_path.py,100.0,🔴 High,31,21,0.3225806451612903,4953,51.354838709677416
django,tests/prefetch_related/models.py,100.0,🔴 High,33,21,0.7272727272727273,4763,179.5625
django,tests/prefetch_related/tests.py,100.0,🔴 High,106,45,0.6698113207547169,4542,1133.6761904761904
scikit-learn,examples/tree/plot_iris.py,100.0,🔴 High,22,10,0.3181818181818182,2618,39.68181818181818
scikit-learn,examples/linear_model/plot_lasso_model_selection.py,100.0,🔴 High,33,20,0.303030303030303,4695,79.45454545454545
django,tests/queries/models.py,100.0,🔴 High,58,31,0.7586206896551724,4263,410.0175438596491
django,tests/raw_query/tests.py,100.0,🔴 High,38,26,0.6578947368421053,4026,208.67567567567568
scikit-learn,examples/text/plot_document_classification_20newsgroups.py,100.0,🔴 High,24,14,0.0833333333333333,2682,220.625
django,tests/queries/test_explain.py,100.0,🔴 High,29,10,0.5862068965517241,2968,119.27586206896552
django,tests/queries/test_q.py,100.0,🔴 High,23,17,0.5652173913043478,3422,179.34782608695653
django,tests/queries/test_qs_combinators.py,100.0,🔴 High,65,27,0.7384615384615385,3461,384.3076923076923
scikit-learn,examples/linear_model/plot_logistic_l1_l2_sparsity.py,100.0,🔴 High,23,14,0.2608695652173913,5014,42.65217391304348
django,tests/queries/tests.py,100.0,🔴 High,246,77,0.6991869918699187,5112,2816.1102040816327
django,tests/postgres_tests/test_ranges.py,100.0,🔴 High,52,30,0.6538461538461539,3968,662.4230769230769
django,tests/postgres_tests/test_json.py,100.0,🔴 High,37,20,0.7837837837837838,1711,330.27027027027026
scikit-learn,examples/linear_model/plot_lasso_and_elasticnet.py,100.0,🔴 High,28,20,0.2857142857142857,5055,48.642857142857146
django,tests/postgres_tests/test_indexes.py,100.0,🔴 High,45,14,0.6222222222222222,3103,345.31111111111113
django,tests/postgres_tests/test_hstore.py,100.0,🔴 High,39,22,0.6410256410256411,3918,263.0769230769231
django,tests/postgres_tests/test_constraints.py,100.0,🔴 High,51,25,0.7058823529411765,2489,899.6862745098039
django,tests/postgres_tests/test_array.py,100.0,🔴 High,110,48,0.7181818181818181,4316,836.2818181818182
django,tests/postgres_tests/test_aggregates.py,100.0,🔴 High,54,30,0.6666666666666666,4086,544.8703703703703
django,tests/postgres_tests/migrations/0001_setup_extensions.py,100.0,🔴 High,24,14,0.4583333333333333,3476,25.916666666666668
django,tests/regressiontests/views/tests/debug.py,100.0,🔴 High,28,10,0.75,1371,207.21428571428572
django,tests/regressiontests/views/tests/i18n.py,100.0,🔴 High,23,12,0.782608695652174,1988,81.91304347826087
django,tests/pagination/tests.py,100.0,🔴 High,49,31,0.6122448979591837,4529,323.9166666666667
django,tests/regressiontests/views/urls.py,100.0,🔴 High,25,9,0.92,1908,75.12
django,tests/regressiontests/views/views.py,100.0,🔴 High,28,14,0.8214285714285714,1962,86.17857142857143
scikit-learn,examples/linear_model/plot_bayesian_ridge.py,100.0,🔴 High,24,18,0.2916666666666667,4131,49.583333333333336
scikit-learn,examples/linear_model/plot_ard.py,100.0,🔴 High,28,23,0.3928571428571428,5436,58.035714285714285
django,tests/ordering/tests.py,100.0,🔴 High,44,26,0.6818181818181818,4712,370.09302325581393
django,tests/queryset_pickle/tests.py,100.0,🔴 High,50,25,0.56,4725,151.14285714285714
django,tests/regressiontests/admin_changelist/tests.py,100.0,🔴 High,31,14,0.8709677419354839,1291,220.93548387096777
django,tests/regressiontests/cache/tests.py,100.0,🔴 High,102,19,0.7352941176470589,2374,892.9117647058823
scikit-learn,examples/linear_model/plot_sgd_iris.py,100.0,🔴 High,26,16,0.3461538461538461,5622,48.28
django,tests/regressiontests/admin_views/models.py,100.0,🔴 High,84,23,0.9166666666666666,1619,385.6190476190476
django,tests/regressiontests/admin_views/tests.py,100.0,🔴 High,200,31,0.83,1681,1788.9396984924624
django,tests/regressiontests/admin_widgets/models.py,100.0,🔴 High,23,11,0.782608695652174,1603,48.69565217391305
django,tests/regressiontests/admin_widgets/tests.py,100.0,🔴 High,41,13,0.6341463414634146,1495,299.5365853658537
django,tests/regressiontests/utils/datastructures.py,100.0,🔴 High,25,10,0.6,1852,148.68
django,tests/regressiontests/aggregation_regress/tests.py,100.0,🔴 High,32,12,0.84375,1065,584.9375
django,tests/regressiontests/backends/models.py,100.0,🔴 High,21,10,0.6190476190476191,1985,32.476190476190474
django,tests/regressiontests/utils/tests.py,100.0,🔴 High,39,13,0.8717948717948718,2029,83.46153846153847
django,tests/regressiontests/backends/tests.py,100.0,🔴 High,63,18,0.7301587301587301,1500,297.8095238095238
scikit-learn,examples/semi_supervised/plot_label_propagation_versus_svm_iris.py,100.0,🔴 High,22,13,0.3636363636363636,3024,40.80952380952381
scikit-learn,examples/semi_supervised/plot_label_propagation_structure.py,100.0,🔴 High,38,22,0.2105263157894736,5041,45.78378378378378
scikit-learn,examples/semi_supervised/plot_label_propagation_digits_active_learning.py,100.0,🔴 High,27,18,0.2962962962962963,5041,60.92592592592592
django,tests/regressiontests/urlpatterns_reverse/tests.py,100.0,🔴 High,46,15,0.8043478260869565,2361,272.5
scikit-learn,examples/semi_supervised/plot_label_propagation_digits.py,100.0,🔴 High,32,16,0.3125,4718,42.125
django,tests/regressiontests/admin_views/admin.py,100.0,🔴 High,21,11,0.8095238095238095,517,437.1428571428572
django,tests/regressiontests/admin_util/tests.py,100.0,🔴 High,22,10,0.7727272727272727,1108,181.86363636363637
django,tests/regressiontests/admin_scripts/tests.py,100.0,🔴 High,80,18,0.775,1660,991.7875
scikit-learn,examples/svm/plot_iris.py,100.0,🔴 High,27,12,0.2962962962962963,2378,32.592592592592595
scikit-learn,examples/linear_model/plot_polynomial_interpolation.py,100.0,🔴 High,21,14,0.0952380952380952,4834,46.142857142857146
scikit-learn,examples/linear_model/plot_poisson_regression_non_normal_loss.py,100.0,🔴 High,21,10,0.238095238095238,1802,222.42857142857144
scikit-learn,examples/svm/plot_oneclass.py,100.0,🔴 High,24,15,0.375,5085,38.69565217391305
scikit-learn,examples/svm/plot_rbf_parameters.py,100.0,🔴 High,40,23,0.375,5260,61.55
scikit-learn,examples/svm/plot_separating_hyperplane_unbalanced.py,100.0,🔴 High,26,16,0.3846153846153846,5359,33.03846153846154
scikit-learn,examples/linear_model/plot_omp.py,100.0,🔴 High,38,18,0.0789473684210526,4785,39.05263157894737
scikit-learn,examples/svm/plot_svm_kernels.py,100.0,🔴 High,26,13,0.4230769230769231,4844,61.72
scikit-learn,examples/svm/plot_svm_margin.py,100.0,🔴 High,28,15,0.3214285714285714,5203,45.629629629629626
scikit-learn,examples/svm/plot_svm_scale_c.py,100.0,🔴 High,41,22,0.3170731707317073,5031,53.80487804878049
scikit-learn,examples/svm/plot_weighted_samples.py,100.0,🔴 High,24,12,0.125,5177,27.0
django,tests/regressiontests/admin_filters/tests.py,100.0,🔴 High,26,7,0.7307692307692307,600,407.88461538461536
scikit-learn,examples/linear_model/plot_ols.py,100.0,🔴 High,30,19,0.1666666666666666,5075,20.833333333333332
scikit-learn,examples/linear_model/plot_logistic_path.py,100.0,🔴 High,23,17,0.2608695652173913,5479,32.26086956521739
django,tests/messages_tests/test_cookie.py,100.0,🔴 High,26,13,0.5384615384615384,3815,124.03846153846152
scikit-learn,examples/compose/plot_column_transformer_mixed_types.py,100.0,🔴 High,30,18,0.3333333333333333,2856,59.86666666666667
scikit-learn,sklearn/datasets/_kddcup99.py,100.0,🔴 High,28,20,0.3928571428571428,2400,207.03571428571428
flask,flask/blueprints.py,100.0,🔴 High,54,25,0.3333333333333333,2946,172.25925925925927
scikit-learn,sklearn/_build_utils/__init__.py,100.0,🔴 High,31,13,0.1290322580645161,3185,55.1
scikit-learn,sklearn/__init__.py,100.0,🔴 High,113,38,0.2566371681415929,5374,48.530973451327434
flask,flask/config.py,100.0,🔴 High,42,19,0.1904761904761904,3275,71.35714285714286
scikit-learn,setup.py,100.0,🔴 High,215,51,0.2232558139534883,5276,222.0
rich,tests/test_console.py,100.0,🔴 High,137,19,0.2846715328467153,2297,485.8540145985401
flask,flask/cli.py,100.0,🔴 High,117,44,0.3333333333333333,1892,400.1794871794872
flask,flask/app.py,100.0,🔴 High,354,106,0.4124293785310734,3281,583.319209039548
flask,flask/debughelpers.py,100.0,🔴 High,21,8,0.2857142857142857,2878,64.71428571428571
django,tests/constraints/models.py,100.0,🔴 High,22,11,0.7727272727272727,3027,81.31818181818181
django,tests/constraints/tests.py,100.0,🔴 High,60,21,0.7666666666666667,3474,703.9833333333333
django,tests/contenttypes_tests/models.py,100.0,🔴 High,17,13,0.4117647058823529,4389,55.05882352941177
flask,flask/_compat.py,100.0,🔴 High,24,16,0.375,2226,54.0
django,tests/contenttypes_tests/test_models.py,100.0,🔴 High,28,15,0.5,4019,202.88888888888889
django,tests/context_processors/tests.py,100.0,🔴 High,17,12,0.3529411764705882,4449,51.4375
flask,flask/ctx.py,100.0,🔴 High,70,22,0.3428571428571428,3277,111.47142857142858
scikit-learn,sklearn/_config.py,100.0,🔴 High,39,24,0.2307692307692307,3003,56.41025641025641
scikit-learn,sklearn/cluster/_mean_shift.py,100.0,🔴 High,44,26,0.2045454545454545,2448,167.97674418604652
scikit-learn,sklearn/cluster/_birch.py,100.0,🔴 High,52,28,0.2115384615384615,2158,313.8235294117647
flask,flask/testing.py,100.0,🔴 High,48,20,0.2708333333333333,3274,83.66666666666667
flask,flask/templating.py,100.0,🔴 High,40,14,0.2,3275,69.475
scikit-learn,sklearn/cluster/_hdbscan/hdbscan.py,100.0,🔴 High,31,20,0.4516129032258064,1128,401.38709677419354
flask,flask/sessions.py,100.0,🔴 High,57,23,0.2982456140350877,2907,145.35087719298247
django,tests/commands_sql/tests.py,100.0,🔴 High,23,12,0.4347826086956521,671,62.54545454545455
scikit-learn,sklearn/cluster/_bisect_k_means.py,100.0,🔴 High,22,13,0.3181818181818182,1402,209.0
scikit-learn,sklearn/cluster/_bicluster.py,100.0,🔴 High,49,29,0.0816326530612244,2339,272.5416666666667
flask,flask/helpers.py,100.0,🔴 High,204,67,0.3676470588235294,3285,304.9656862745098
scikit-learn,sklearn/cluster/_agglomerative.py,100.0,🔴 High,75,45,0.28,2408,505.84
scikit-learn,sklearn/cluster/_affinity_propagation.py,100.0,🔴 High,54,29,0.2037037037037037,2216,216.622641509434
scikit-learn,sklearn/base.py,100.0,🔴 High,245,85,0.3142857142857143,5380,290.6666666666667
scikit-learn,sklearn/_loss/tests/test_loss.py,100.0,🔴 High,34,13,0.2352941176470588,1699,1041.2941176470588
scikit-learn,sklearn/_loss/loss.py,100.0,🔴 High,24,11,0.0833333333333333,1664,472.9583333333333
flask,flask/json.py,100.0,🔴 High,41,22,0.3170731707317073,2010,85.2439024390244
django,tests/csrf_tests/tests.py,100.0,🔴 High,95,37,0.4210526315789473,4529,639.2765957446809
rich,tests/test_pretty.py,100.0,🔴 High,65,15,0.2307692307692307,1887,279.38461538461536
rich,tests/test_progress.py,100.0,🔴 High,80,14,0.3375,2059,326.975
django,tests/view_tests/tests/test_csrf.py,100.0,🔴 High,30,22,0.5,4573,78.73333333333333
scikit-learn,scikits/learn/svm/tests/test_svm.py,100.0,🔴 High,59,8,0.2542372881355932,338,209.11864406779665
django,tests/view_tests/tests/test_static.py,100.0,🔴 High,36,22,0.5833333333333334,4490,108.28571428571428
scikit-learn,benchmarks/bench_plot_svd.py,100.0,🔴 High,21,13,0.1904761904761904,5251,57.95
django,tests/view_tests/tests/test_i18n.py,100.0,🔴 High,88,37,0.5340909090909091,4490,234.9885057471264
django,tests/view_tests/tests/test_defaults.py,100.0,🔴 High,31,18,0.6774193548387096,4796,97.03333333333332
django,tests/view_tests/tests/test_debug.py,100.0,🔴 High,163,75,0.7361963190184049,5014,905.067901234568
scikit-learn,benchmarks/bench_saga.py,100.0,🔴 High,17,11,0.3529411764705882,3306,291.7647058823529
django,tests/custom_lookups/tests.py,100.0,🔴 High,48,27,0.6041666666666666,4300,432.5416666666667
scikit-learn,benchmarks/bench_sgd_regression.py,100.0,🔴 High,22,13,0.3181818181818182,4836,108.86363636363636
django,tests/validators/tests.py,100.0,🔴 High,76,51,0.6973684210526315,4853,440.28
django,tests/validation/tests.py,100.0,🔴 High,26,18,0.6538461538461539,4145,136.64
django,tests/decorators/tests.py,100.0,🔴 High,46,30,0.5869565217391305,4721,284.46666666666664
django,tests/defaultfilters/tests.py,100.0,🔴 High,42,21,0.7142857142857143,659,552.0975609756098
django,tests/defer/tests.py,100.0,🔴 High,37,23,0.6216216216216216,4796,222.36111111111111
django,tests/view_tests/urls.py,100.0,🔴 High,37,20,0.6756756756756757,3563,66.0
django,tests/view_tests/views.py,100.0,🔴 High,44,28,0.6363636363636364,4988,200.06976744186048
scikit-learn,benchmarks/bench_plot_randomized_svd.py,100.0,🔴 High,22,18,0.4090909090909091,3856,336.95454545454544
django,tests/wsgi/tests.py,100.0,🔴 High,27,16,0.5185185185185185,4502,76.0
scikit-learn,benchmarks/bench_plot_omp_lars.py,100.0,🔴 High,30,19,0.1666666666666666,4639,91.0
flask,docs/conf.py,100.0,🔴 High,78,14,0.3076923076923077,5546,79.51282051282051
scikit-learn,benchmarks/bench_plot_nmf.py,100.0,🔴 High,46,23,0.2826086956521739,4934,182.45652173913044
scikit-learn,benchmarks/bench_plot_lasso_path.py,100.0,🔴 High,22,14,0.2727272727272727,5251,84.95454545454545
scikit-learn,benchmarks/bench_plot_fastkmeans.py,100.0,🔴 High,24,16,0.25,5110,106.54166666666669
scikit-learn,benchmarks/bench_mnist.py,100.0,🔴 High,28,17,0.25,4004,133.78571428571428
scikit-learn,benchmarks/bench_lasso.py,100.0,🔴 High,24,13,0.25,4883,67.30434782608695
django,tests/db_functions/datetime/test_extract_trunc.py,100.0,🔴 High,38,25,0.6052631578947368,3169,1414.3157894736842
scikit-learn,benchmarks/bench_covertype.py,100.0,🔴 High,36,19,0.3055555555555556,4489,138.77777777777777
django,tests/datatypes/tests.py,100.0,🔴 High,21,13,0.4285714285714285,4529,69.55
django,tests/custom_pk/tests.py,100.0,🔴 High,19,16,0.2631578947368421,3829,158.94444444444446
scikit-learn,scikits/learn/utils/__init__.py,100.0,🔴 High,43,10,0.2325581395348837,604,82.95121951219512
django,tests/custom_managers/tests.py,100.0,🔴 High,35,25,0.5428571428571428,4529,397.6470588235294
scikit-learn,sklearn/cluster/_kmeans.py,100.0,🔴 High,121,57,0.2975206611570248,2263,880.425
scikit-learn,sklearn/cluster/_optics.py,100.0,🔴 High,59,40,0.2542372881355932,2114,379.29824561403507
scikit-learn,examples/compose/plot_column_transformer.py,100.0,🔴 High,18,14,0.2777777777777778,2731,79.47058823529412
scikit-learn,sklearn/covariance/tests/test_covariance.py,100.0,🔴 High,57,28,0.2456140350877192,5437,197.6315789473684
django,tests/backends/tests.py,100.0,🔴 High,161,53,0.6459627329192547,4640,677.33125
rich,rich/syntax.py,100.0,🔴 High,125,17,0.272,2327,423.416
scikit-learn,sklearn/covariance/tests/test_graphical_lasso.py,100.0,🔴 High,33,20,0.303030303030303,2835,172.3939393939394
django,tests/basic/tests.py,100.0,🔴 High,107,60,0.5981308411214953,4935,639.8962264150944
rich,rich/table.py,100.0,🔴 High,170,14,0.2235294117647059,2247,487.3117647058823
scikit-learn,sklearn/covariance/tests/test_graph_lasso.py,100.0,🔴 High,29,15,0.4137931034482758,2673,69.71428571428571
scikit-learn,sklearn/covariance/shrunk_covariance_.py,100.0,🔴 High,59,32,0.423728813559322,2952,132.75438596491227
scikit-learn,sklearn/cross_decomposition/_pls.py,100.0,🔴 High,68,30,0.3088235294117647,2225,391.6865671641791
scikit-learn,sklearn/covariance/robust_covariance.py,100.0,🔴 High,83,33,0.4337349397590361,2921,265.93975903614455
scikit-learn,sklearn/covariance/outlier_detection.py,100.0,🔴 High,38,16,0.3684210526315789,2079,44.078947368421055
django,tests/bulk_create/tests.py,100.0,🔴 High,50,36,0.74,4636,376.265306122449
scikit-learn,sklearn/covariance/graph_lasso_.py,100.0,🔴 High,93,44,0.4838709677419355,2778,282.4673913043478
rich,rich/text.py,100.0,🔴 High,210,14,0.2428571428571428,2265,594.4238095238095
rich,rich/traceback.py,100.0,🔴 High,124,24,0.314516129032258,2118,459.5241935483871
scikit-learn,sklearn/covariance/tests/test_robust_covariance.py,100.0,🔴 High,36,24,0.4166666666666667,5091,75.30555555555556
rich,rich/style.py,100.0,🔴 High,128,10,0.203125,2159,395.4453125
scikit-learn,sklearn/cluster/_spectral.py,100.0,🔴 High,64,37,0.265625,2458,208.09375
rich,rich/prompt.py,100.0,🔴 High,23,13,0.4782608695652174,1942,201.7391304347826
rich,rich/pretty.py,100.0,🔴 High,159,23,0.2893081761006289,2191,495.6729559748427
django,tests/backends/base/test_operations.py,100.0,🔴 High,26,18,0.6923076923076923,3132,151.73076923076923
scikit-learn,sklearn/datasets/_covtype.py,100.0,🔴 High,26,20,0.3076923076923077,2101,91.5
rich,rich/progress.py,100.0,🔴 High,210,32,0.2428571428571428,2148,729.4571428571429
scikit-learn,sklearn/datasets/_california_housing.py,100.0,🔴 High,28,20,0.2142857142857142,2304,86.21428571428571
scikit-learn,sklearn/datasets/_base.py,100.0,🔴 High,93,52,0.2580645161290322,2403,460.6847826086956
scikit-learn,sklearn/datasets/__init__.py,100.0,🔴 High,52,26,0.1346153846153846,5079,85.36538461538461
django,tests/backends/sqlite/tests.py,100.0,🔴 High,34,14,0.6764705882352942,3287,179.8235294117647
django,tests/backends/oracle/tests.py,100.0,🔴 High,22,10,0.4090909090909091,2860,76.95454545454545
scikit-learn,sklearn/cross_validation.py,100.0,🔴 High,267,80,0.3970037453183521,2393,575.6779026217229
flask,flask/wrappers.py,100.0,🔴 High,79,30,0.2278481012658227,3277,65.27848101265823
flask,flask/views.py,100.0,🔴 High,27,19,0.3703703703703703,2916,42.629629629629626
scikit-learn,sklearn/cross_decomposition/pls_.py,100.0,🔴 High,57,22,0.5614035087719298,2263,249.71428571428572
rich,rich/segment.py,100.0,🔴 High,132,9,0.2575757575757575,2329,288.29545454545456
scikit-learn,sklearn/covariance/empirical_covariance_.py,100.0,🔴 High,61,26,0.3934426229508196,2952,74.1864406779661
django,tests/cache/tests.py,100.0,🔴 High,247,100,0.6072874493927125,4919,1697.5081300813008
scikit-learn,sklearn/covariance/_shrunk_covariance.py,100.0,🔴 High,51,34,0.0588235294117647,2457,161.74
scikit-learn,sklearn/cluster/k_means_.py,100.0,🔴 High,267,71,0.3820224719101123,2952,495.0566037735849
scikit-learn,sklearn/cluster/tests/test_bicluster.py,100.0,🔴 High,26,19,0.1538461538461538,4005,198.84615384615384
scikit-learn,sklearn/cluster/tests/test_affinity_propagation.py,100.0,🔴 High,56,33,0.2678571428571428,4521,114.88888888888889
scikit-learn,sklearn/cluster/spectral.py,100.0,🔴 High,121,43,0.4297520661157025,2938,132.7983193277311
scikit-learn,sklearn/cluster/setup.py,100.0,🔴 High,29,16,0.2413793103448276,3576,33.18518518518518
scikit-learn,sklearn/cluster/optics_.py,100.0,🔴 High,36,13,0.4444444444444444,415,279.22222222222223
scikit-learn,sklearn/cluster/mean_shift_.py,100.0,🔴 High,74,33,0.4324324324324324,2954,110.84722222222224
scikit-learn,sklearn/cluster/hierarchical.py,100.0,🔴 High,231,52,0.4025974025974026,2963,291.414847161572
scikit-learn,sklearn/covariance/_robust_covariance.py,100.0,🔴 High,34,20,0.2058823529411764,2208,345.75757575757575
flask,flask/testsuite/config.py,100.0,🔴 High,22,7,0.2272727272727272,1065,220.63636363636363
scikit-learn,sklearn/cluster/dbscan_.py,100.0,🔴 High,77,37,0.4025974025974026,2938,64.89333333333333
scikit-learn,sklearn/cluster/birch.py,100.0,🔴 High,58,19,0.3275862068965517,1777,262.6896551724138
scikit-learn,sklearn/cluster/bicluster.py,100.0,🔴 High,21,15,0.4285714285714285,1828,232.42857142857144
scikit-learn,sklearn/cluster/affinity_propagation_.py,100.0,🔴 High,72,32,0.3472222222222222,2924,116.8
flask,flask/testsuite/basic.py,100.0,🔴 High,61,13,0.4590163934426229,1418,992.4754098360656
scikit-learn,sklearn/cluster/tests/test_birch.py,100.0,🔴 High,44,20,0.1590909090909091,3974,120.0
flask,flask/testsuite/helpers.py,100.0,🔴 High,54,11,0.4074074074074074,1096,404.6666666666667
scikit-learn,sklearn/cluster/tests/test_dbscan.py,100.0,🔴 High,42,25,0.3333333333333333,4746,205.8571428571429
django,tests/check_framework/test_urls.py,100.0,🔴 High,27,16,0.6666666666666666,3798,157.55555555555554
django,tests/check_framework/test_security.py,100.0,🔴 High,29,19,0.6206896551724138,4253,384.6896551724138
scikit-learn,sklearn/cluster/tests/test_k_means.py,100.0,🔴 High,205,66,0.4097560975609756,5303,530.0443349753695
scikit-learn,sklearn/cluster/tests/test_mean_shift.py,100.0,🔴 High,44,30,0.25,5103,89.95238095238095
scikit-learn,sklearn/cluster/tests/test_optics.py,100.0,🔴 High,42,22,0.3809523809523809,2598,446.8571428571428
scikit-learn,sklearn/cluster/tests/test_spectral.py,100.0,🔴 High,108,46,0.3611111111111111,5347,158.52830188679246
scikit-learn,sklearn/compose/_column_transformer.py,100.0,🔴 High,160,60,0.3875,2932,447.00625
scikit-learn,sklearn/compose/_target.py,100.0,🔴 High,56,29,0.2857142857142857,3007,119.92857142857144
scikit-learn,sklearn/compose/tests/test_column_transformer.py,100.0,🔴 High,115,44,0.4260869565217391,2901,1428.0260869565218
scikit-learn,sklearn/compose/tests/test_target.py,100.0,🔴 High,23,19,0.391304347826087,3020,258.6521739130435
scikit-learn,sklearn/conftest.py,100.0,🔴 High,52,17,0.2692307692307692,2598,184.57692307692307
scikit-learn,sklearn/covariance/_elliptic_envelope.py,100.0,🔴 High,29,19,0.2068965517241379,2208,42.82142857142857
scikit-learn,sklearn/covariance/_empirical_covariance.py,100.0,🔴 High,42,22,0.0714285714285714,2457,94.36585365853658
scikit-learn,sklearn/covariance/_graph_lasso.py,100.0,🔴 High,59,29,0.2372881355932203,2414,427.63793103448273
django,tests/defer_regress/tests.py,100.0,🔴 High,43,17,0.4186046511627907,4574,220.8095238095238
django,tests/delete/models.py,100.0,🔴 High,21,12,0.5714285714285714,4654,121.0
django,tests/delete/tests.py,100.0,🔴 High,59,28,0.6610169491525424,4650,445.1896551724138
django,tests/httpwrappers/tests.py,100.0,🔴 High,89,46,0.5842696629213483,4837,558.5681818181819
django,tests/urlpatterns/tests.py,100.0,🔴 High,31,23,0.7096774193548387,3504,272.96774193548384
django,tests/gis_tests/relatedapp/tests.py,100.0,🔴 High,36,13,0.4444444444444444,3973,240.13888888888889
django,tests/gis_tests/test_geoforms.py,100.0,🔴 High,43,19,0.627906976744186,3994,327.1904761904762
django,tests/gis_tests/test_geoip2.py,100.0,🔴 High,34,16,0.5882352941176471,3424,156.23529411764707
django,tests/handlers/tests.py,100.0,🔴 High,60,27,0.5666666666666667,4827,162.0677966101695
scikit-learn,examples/cluster/plot_adjusted_for_chance_measures.py,100.0,🔴 High,34,14,0.3235294117647059,4662,71.9090909090909
django,tests/humanize_tests/tests.py,100.0,🔴 High,25,17,0.52,3922,397.76
scikit-learn,examples/classification/plot_classifier_comparison.py,100.0,🔴 High,24,17,0.1666666666666666,4090,100.95652173913044
scikit-learn,examples/cluster/plot_affinity_propagation.py,100.0,🔴 High,33,17,0.2424242424242424,5078,39.36363636363637
scikit-learn,scikits/learn/metrics/pairwise.py,100.0,🔴 High,36,11,0.2777777777777778,264,59.02777777777778
django,tests/update_only_fields/tests.py,100.0,🔴 High,21,15,0.5238095238095238,4403,216.2
django,tests/update/tests.py,100.0,🔴 High,32,19,0.5625,4573,155.80645161290323
django,tests/i18n/patterns/tests.py,100.0,🔴 High,45,25,0.5333333333333333,4810,267.70454545454544
django,tests/transactions_regress/tests.py,100.0,🔴 High,25,9,0.4,464,234.95833333333337
django,tests/gis_tests/rasterapp/test_rasterfield.py,100.0,🔴 High,29,13,0.6206896551724138,3867,223.68965517241375
django,tests/gis_tests/layermap/tests.py,100.0,🔴 High,27,15,0.4074074074074074,3815,229.15384615384616
django,tests/delete_regress/tests.py,100.0,🔴 High,33,18,0.4545454545454545,4840,225.4375
django,tests/gis_tests/geo3d/tests.py,100.0,🔴 High,29,11,0.4482758620689655,3914,212.8928571428571
django,tests/gis_tests/distapp/tests.py,100.0,🔴 High,61,18,0.5737704918032787,3995,363.1311475409836
django,tests/gis_tests/gdal_tests/test_ds.py,100.0,🔴 High,24,11,0.5416666666666666,3815,195.75
django,tests/gis_tests/gdal_tests/test_geom.py,100.0,🔴 High,34,12,0.3823529411764705,3815,592.2941176470588
django,tests/gis_tests/gdal_tests/test_raster.py,100.0,🔴 High,55,20,0.5454545454545454,4172,532.2777777777778
django,tests/gis_tests/gdal_tests/test_srs.py,100.0,🔴 High,20,12,0.55,3815,300.89473684210526
scikit-learn,examples/calibration/plot_calibration.py,100.0,🔴 High,17,12,0.1764705882352941,3625,70.76470588235294
django,tests/gis_tests/geoapp/test_functions.py,100.0,🔴 High,94,22,0.6170212765957447,3921,467.2659574468085
django,tests/gis_tests/inspectapp/tests.py,100.0,🔴 High,37,10,0.5405405405405406,4068,168.21621621621622
django,tests/urlpatterns_reverse/namespace_urls.py,100.0,🔴 High,17,10,0.5882352941176471,3317,45.5
django,tests/gis_tests/geoapp/tests.py,100.0,🔴 High,76,24,0.5394736842105263,3985,513.1184210526316
scikit-learn,scikits/learn/pipeline.py,100.0,🔴 High,42,11,0.3095238095238095,402,61.95238095238095
django,tests/gis_tests/geogapp/tests.py,100.0,🔴 High,31,11,0.4838709677419355,3837,105.64516129032258
django,tests/gis_tests/geos_tests/test_geos.py,100.0,🔴 High,92,22,0.6521739130434783,3815,1002.5434782608696
django,tests/gis_tests/gis_migrations/test_operations.py,100.0,🔴 High,25,9,0.52,3476,173.68
django,tests/transactions/tests.py,100.0,🔴 High,56,22,0.5,4805,381.3454545454546
scikit-learn,examples/cluster/plot_birch_vs_minibatchkmeans.py,100.0,🔴 High,22,10,0.1818181818181818,3513,62.54545454545455
scikit-learn,examples/cluster/plot_cluster_comparison.py,100.0,🔴 High,58,23,0.2413793103448276,4937,101.20689655172414
scikit-learn,examples/cluster/plot_ward_structured_vs_unstructured.py,100.0,🔴 High,29,21,0.2758620689655172,5272,46.827586206896555
django,tests/lookup/tests.py,100.0,🔴 High,99,48,0.7171717171717171,4731,945.0102040816328
scikit-learn,examples/cluster/plot_kmeans_stability_low_dim_dense.py,100.0,🔴 High,26,14,0.2307692307692307,4606,71.12
scikit-learn,examples/cluster/plot_mini_batch_kmeans.py,100.0,🔴 High,43,19,0.2093023255813953,4827,68.55813953488372
django,tests/m2m_through/tests.py,100.0,🔴 High,30,22,0.5666666666666667,4529,373.58620689655174
django,tests/m2m_through_regress/tests.py,100.0,🔴 High,24,15,0.5,4709,203.04347826086956
django,tests/test_runner/tests.py,100.0,🔴 High,110,38,0.5818181818181818,4620,410.7155963302752
django,tests/test_runner/test_parallel.py,100.0,🔴 High,28,15,0.6071428571428571,3447,118.89285714285714
django,tests/timezones/tests.py,100.0,🔴 High,91,37,0.5384615384615384,4529,988.8333333333334
django,tests/test_runner/test_discover_runner.py,100.0,🔴 High,69,29,0.7536231884057971,4461,303.7391304347826
django,tests/mail/tests.py,100.0,🔴 High,164,63,0.5853658536585366,4852,1245.9754601226994
django,tests/managers_regress/tests.py,100.0,🔴 High,39,16,0.4102564102564102,3264,189.1052631578947
django,tests/many_to_many/tests.py,100.0,🔴 High,44,24,0.5227272727272727,4529,452.5348837209302
django,tests/many_to_one/tests.py,100.0,🔴 High,69,40,0.6086956521739131,4796,543.3823529411765
django,tests/many_to_one_null/tests.py,100.0,🔴 High,20,13,0.55,4529,94.3157894736842
scikit-learn,examples/cluster/plot_kmeans_digits.py,100.0,🔴 High,40,23,0.3,5471,75.58974358974359
django,tests/lookup/models.py,100.0,🔴 High,29,20,0.6206896551724138,3723,54.535714285714285
scikit-learn,examples/cluster/plot_feature_agglomeration_vs_univariate_selection.py,100.0,🔴 High,38,19,0.2631578947368421,4894,63.81578947368421
django,tests/logging_tests/tests.py,100.0,🔴 High,89,39,0.5730337078651685,4795,384.47727272727275
django,tests/test_utils/tests.py,100.0,🔴 High,169,73,0.650887573964497,4813,1177.2916666666667
django,tests/invalid_models_tests/test_relative_fields.py,100.0,🔴 High,62,42,0.6612903225806451,4432,1370.2903225806451
django,tests/invalid_models_tests/test_models.py,100.0,🔴 High,95,43,0.6842105263157895,4289,1215.252631578947
django,tests/introspection/tests.py,100.0,🔴 High,74,30,0.5405405405405406,4721,187.43835616438355
django,tests/inspectdb/tests.py,100.0,🔴 High,98,43,0.5612244897959183,4886,308.91752577319585
django,tests/inspectdb/models.py,100.0,🔴 High,36,25,0.7222222222222222,4880,79.88571428571429
django,tests/inline_formsets/tests.py,100.0,🔴 High,23,16,0.5217391304347826,4851,133.8181818181818
django,tests/indexes/tests.py,100.0,🔴 High,50,24,0.58,4106,257.7959183673469
scikit-learn,examples/cluster/plot_dbscan.py,100.0,🔴 High,38,21,0.2894736842105263,5011,45.473684210526315
scikit-learn,examples/cluster/plot_color_quantization.py,100.0,🔴 High,30,17,0.2333333333333333,4676,52.172413793103445
django,tests/i18n/tests.py,100.0,🔴 High,212,87,0.6839622641509434,4782,1305.4218009478673
django,tests/i18n/test_extraction.py,100.0,🔴 High,92,45,0.6413043478260869,4551,558.1413043478261
scikit-learn,examples/cluster/plot_cluster_iris.py,100.0,🔴 High,28,15,0.3928571428571428,4520,51.888888888888886
django,tests/urlpatterns_reverse/tests.py,100.0,🔴 High,130,53,0.6307692307692307,4529,793.7364341085271
django,tests/get_or_create/tests.py,100.0,🔴 High,48,27,0.6458333333333334,4529,284.9148936170213
django,tests/get_earliest_or_latest/tests.py,100.0,🔴 High,23,16,0.391304347826087,4727,142.4090909090909
scikit-learn,doc/conf.py,100.0,🔴 High,270,68,0.2037037037037037,6017,248.0074074074074
django,tests/fixtures/tests.py,100.0,🔴 High,84,45,0.6071428571428571,4907,538.9638554216867
django,tests/utils_tests/test_module_loading.py,100.0,🔴 High,32,17,0.40625,4790,165.38709677419354
scikit-learn,build_tools/update_environments_and_lock_files.py,100.0,🔴 High,132,25,0.106060606060606,1509,567.6742424242424
django,tests/fixtures_regress/tests.py,100.0,🔴 High,72,35,0.6111111111111112,4940,602.5211267605633
scikit-learn,conftest.py,100.0,🔴 High,34,17,0.2941176470588235,1369,49.666666666666664
scikit-learn,doc/api_reference.py,100.0,🔴 High,26,16,0.1153846153846153,751,1243.7307692307693
scikit-learn,doc/conftest.py,100.0,🔴 High,36,18,0.25,2713,104.27777777777776
django,tests/utils_tests/test_encoding.py,100.0,🔴 High,38,18,0.4210526315789473,3880,103.16216216216216
django,tests/utils_tests/test_lazyobject.py,100.0,🔴 High,23,18,0.5652173913043478,4341,285.4782608695652
django,tests/utils_tests/test_jslex.py,100.0,🔴 High,18,13,0.4444444444444444,3946,107.11764705882354
django,tests/foreign_object/tests.py,100.0,🔴 High,53,30,0.490566037735849,4589,420.2264150943397
django,tests/utils_tests/test_http.py,100.0,🔴 High,72,37,0.625,4819,262.7042253521127
django,tests/utils_tests/test_html.py,100.0,🔴 High,72,35,0.625,4631,245.98591549295776
scikit-learn,doc/sphinxext/gen_rst.py,100.0,🔴 High,132,22,0.3333333333333333,2073,527.689393939394
django,tests/filtered_relation/tests.py,100.0,🔴 High,24,18,0.75,3063,804.0833333333334
django,tests/files/tests.py,100.0,🔴 High,59,36,0.6101694915254238,4655,199.29310344827587
django,tests/file_uploads/views.py,100.0,🔴 High,29,13,0.3793103448275862,4728,93.57142857142856
django,tests/file_uploads/tests.py,100.0,🔴 High,83,43,0.5421686746987951,4812,504.219512195122
django,tests/file_storage/tests.py,100.0,🔴 High,120,59,0.5916666666666667,4656,618.2268907563025
django,tests/utils_tests/test_safestring.py,100.0,🔴 High,29,15,0.4827586206896552,4129,65.51724137931035
scikit-learn,scikits/learn/svm/base.py,100.0,🔴 High,65,9,0.3076923076923077,338,209.6875
django,tests/field_deconstruction/tests.py,100.0,🔴 High,48,24,0.6458333333333334,4448,354.3958333333333
django,tests/extra_regress/tests.py,100.0,🔴 High,26,20,0.5,4529,286.48
django,tests/expressions_window/tests.py,100.0,🔴 High,36,17,0.7222222222222222,2864,1074.361111111111
django,tests/utils_tests/test_text.py,100.0,🔴 High,61,28,0.5737704918032787,4707,211.75
django,tests/expressions_case/tests.py,100.0,🔴 High,45,29,0.5777777777777777,4108,1178.6888888888889
django,tests/expressions/tests.py,100.0,🔴 High,188,69,0.7393617021276596,4749,1416.9732620320856
django,tests/utils_tests/test_timesince.py,100.0,🔴 High,21,15,0.7142857142857143,4490,143.9
django,tests/distinct_on_fields/tests.py,100.0,🔴 High,30,20,0.6,4622,109.65517241379312
django,tests/dispatch/tests.py,100.0,🔴 High,17,11,0.5882352941176471,4033,184.8125
django,tests/deprecation/tests.py,100.0,🔴 High,39,20,0.5128205128205128,4837,133.84615384615384
django,tests/utils_tests/test_functional.py,100.0,🔴 High,38,25,0.5526315789473685,4490,132.6216216216216
django,tests/utils_tests/test_dateparse.py,100.0,🔴 High,28,21,0.6071428571428571,4612,118.96296296296296
django,tests/generic_views/views.py,100.0,🔴 High,30,27,0.6,3631,190.17241379310343
django,tests/generic_relations_regress/models.py,100.0,🔴 High,25,19,0.56,3702,130.625
scikit-learn,examples/applications/plot_face_recognition.py,100.0,🔴 High,41,17,0.2926829268292683,5667,78.94594594594595
scikit-learn,examples/applications/plot_prediction_latency.py,100.0,🔴 High,34,19,0.2647058823529412,3909,181.44117647058823
django,tests/generic_inline_admin/tests.py,100.0,🔴 High,55,35,0.5454545454545454,4762,327.22222222222223
scikit-learn,examples/applications/plot_species_distribution_modeling.py,100.0,🔴 High,39,27,0.2307692307692307,5244,120.34210526315788
scikit-learn,examples/applications/plot_stock_market.py,100.0,🔴 High,57,35,0.3508771929824561,4902,154.66666666666666
django,tests/generic_relations/tests.py,100.0,🔴 High,63,39,0.6666666666666666,4534,430.241935483871
django,tests/generic_relations_regress/tests.py,100.0,🔴 High,39,27,0.6153846153846154,4529,187.28947368421052
django,tests/utils_tests/test_dateformat.py,100.0,🔴 High,31,13,0.4193548387096774,4490,157.43333333333334
scikit-learn,examples/applications/svm_gui.py,100.0,🔴 High,24,16,0.125,4580,248.2173913043478
django,tests/generic_views/test_base.py,100.0,🔴 High,54,36,0.5740740740740741,4766,335.3018867924528
django,tests/generic_views/test_dates.py,100.0,🔴 High,36,25,0.4722222222222222,4688,557.1428571428571
django,tests/generic_views/test_edit.py,100.0,🔴 High,46,25,0.4782608695652174,4732,331.84444444444443
django,tests/generic_views/test_list.py,100.0,🔴 High,17,13,0.4705882352941176,4490,199.6875
django,tests/generic_views/urls.py,100.0,🔴 High,32,21,0.6875,3996,238.16129032258064
django,tests/forms_tests/widget_tests/test_selectdatewidget.py,100.0,🔴 High,25,18,0.56,3793,580.96
scikit-learn,examples/applications/plot_cyclical_feature_engineering.py,100.0,🔴 High,26,16,0.4230769230769231,1724,327.96153846153845
scikit-learn,examples/applications/face_recognition.py,100.0,🔴 High,25,12,0.24,1987,73.78260869565217
django,tests/user_commands/tests.py,100.0,🔴 High,78,34,0.6666666666666666,4699,224.8571428571429
django,tests/forms_tests/widget_tests/test_clearablefileinput.py,100.0,🔴 High,26,18,0.6538461538461539,3793,128.57692307692307
django,tests/utils_tests/test_autoreload.py,100.0,🔴 High,69,28,0.6811594202898551,4504,405.82608695652175
django,tests/forms_tests/tests/tests.py,100.0,🔴 High,52,31,0.5576923076923077,4985,295.46153846153845
django,tests/forms_tests/tests/test_widgets.py,100.0,🔴 High,54,30,0.6851851851851852,4358,781.188679245283
django,tests/forms_tests/tests/test_utils.py,100.0,🔴 High,24,16,0.4166666666666667,3721,153.625
django,tests/forms_tests/tests/test_media.py,100.0,🔴 High,37,23,0.6216216216216216,4813,594.5833333333334
django,tests/forms_tests/tests/test_input_formats.py,100.0,🔴 High,21,14,0.4761904761904761,4490,520.5
django,tests/forms_tests/tests/test_formsets.py,100.0,🔴 High,81,45,0.7037037037037037,4736,1075.5625
django,tests/forms_tests/tests/test_forms.py,100.0,🔴 High,172,75,0.6976744186046512,4972,2694.6023391812864
django,tests/forms_tests/tests/test_fields.py,100.0,🔴 High,66,32,0.7424242424242424,1097,1136.430769230769
django,tests/forms_tests/tests/test_extra.py,100.0,🔴 High,28,18,0.6785714285714286,653,733.2857142857143
django,tests/forms_tests/tests/test_error_messages.py,100.0,🔴 High,34,19,0.5294117647058824,4267,251.15151515151516
django,tests/utils_tests/test_datastructures.py,100.0,🔴 High,43,27,0.4651162790697674,4440,184.6904761904762
pytest,testing/python/fixtures.py,100.0,🔴 High,143,38,0.7062937062937062,2700,4136.211267605634
scikit-learn,examples/model_selection/plot_roc_crossval.py,100.0,🔴 High,25,20,0.2,4706,57.92
pytest,testing/python/collect.py,100.0,🔴 High,176,37,0.5852272727272727,5008,1117.6306818181818
scikit-learn,sklearn/metrics/tests/test_classification.py,100.0,🔴 High,170,88,0.3470588235294117,4613,1679.1411764705883
django,django/contrib/gis/db/backends/base.py,100.0,🔴 High,31,13,0.4838709677419355,1804,241.29032258064515
scikit-learn,sklearn/metrics/_classification.py,100.0,🔴 High,204,104,0.2598039215686274,2464,1064.871921182266
scikit-learn,sklearn/metrics/_plot/confusion_matrix.py,100.0,🔴 High,43,25,0.3255813953488372,2083,123.30232558139537
scikit-learn,sklearn/metrics/_plot/det_curve.py,100.0,🔴 High,29,15,0.3103448275862069,2142,103.96551724137932
scikit-learn,sklearn/svm/base.py,100.0,🔴 High,266,62,0.424812030075188,2957,425.56439393939394
pytest,testing/path/test_local.py,100.0,🔴 High,24,2,0.625,362,494.2083333333333
scikit-learn,sklearn/metrics/_plot/roc_curve.py,100.0,🔴 High,58,27,0.3448275862068966,2449,134.5344827586207
pytest,testing/logging/test_reporting.py,100.0,🔴 High,84,24,0.3214285714285714,3130,819.6666666666666
scikit-learn,sklearn/svm/_base.py,100.0,🔴 High,57,31,0.3157894736842105,2358,688.8070175438596
scikit-learn,sklearn/metrics/_plot/tests/test_precision_recall_display.py,100.0,🔴 High,21,14,0.1904761904761904,1707,301.5238095238095
scikit-learn,sklearn/metrics/_plot/tests/test_roc_curve_display.py,100.0,🔴 High,26,17,0.2307692307692307,1691,431.15384615384613
scikit-learn,sklearn/metrics/_ranking.py,100.0,🔴 High,135,75,0.3185185185185185,2450,570.8592592592593
scikit-learn,sklearn/metrics/_regression.py,100.0,🔴 High,95,55,0.4105263157894737,2463,481.7340425531915
pytest,testing/logging/test_fixture.py,100.0,🔴 High,39,16,0.4358974358974359,3130,190.07692307692307
django,django/contrib/gis/admin/widgets.py,100.0,🔴 High,31,14,0.5161290322580645,5007,75.93548387096774
django,django/contrib/gis/admin/options.py,100.0,🔴 High,40,15,0.625,5270,106.0
pytest,scripts/update-plugin-list.py,100.0,🔴 High,30,18,0.3666666666666666,1762,113.56666666666666
django,django/contrib/gis/db/backends/base/features.py,100.0,🔴 High,34,11,0.4117647058823529,4072,61.911764705882355
django,django/contrib/gis/db/backends/base/operations.py,100.0,🔴 High,43,17,0.4883720930232558,4074,103.65116279069768
django,django/contrib/gis/db/backends/mysql/operations.py,100.0,🔴 High,70,23,0.6571428571428571,5787,78.2
scikit-learn,sklearn/svm/src/liblinear/liblinear_helper.c,100.0,🔴 High,30,12,0.4333333333333333,4583,201.21428571428572
django,django/contrib/gis/db/backends/spatialite/introspection.py,100.0,🔴 High,20,10,0.6,5664,50.55
django,django/contrib/gis/db/backends/spatialite/creation.py,100.0,🔴 High,31,14,0.5806451612903226,1809,65.64516129032258
scikit-learn,sklearn/manifold/tests/test_t_sne.py,100.0,🔴 High,86,38,0.3720930232558139,4257,553.1279069767442
django,django/contrib/gis/db/backends/spatialite/base.py,100.0,🔴 High,32,15,0.5,4426,54.6875
django,django/contrib/gis/db/backends/postgis/schema.py,100.0,🔴 High,30,15,0.6333333333333333,4432,63.166666666666664
scikit-learn,sklearn/svm/src/liblinear/linear.cpp,100.0,🔴 High,39,19,0.358974358974359,5428,2328.675675675676
django,django/contrib/gis/db/backends/postgis/operations.py,100.0,🔴 High,118,36,0.6186440677966102,5872,306.8898305084746
django,django/contrib/gis/db/backends/postgis/introspection.py,100.0,🔴 High,27,20,0.4814814814814814,5664,63.592592592592595
scikit-learn,sklearn/svm/sparse/base.py,100.0,🔴 High,32,10,0.3125,477,93.6
django,django/conf/global_settings.py,100.0,🔴 High,370,85,0.727027027027027,7630,205.8459459459459
django,django/conf/locale/__init__.py,100.0,🔴 High,50,19,0.32,5898,520.7142857142857
django,django/contrib/gis/db/backends/postgis/base.py,100.0,🔴 High,21,12,0.4285714285714285,4808,30.857142857142858
django,django/contrib/gis/db/backends/postgis/adapter.py,100.0,🔴 High,26,15,0.3846153846153846,5548,34.57692307692308
django,django/contrib/gis/db/backends/oracle/operations.py,100.0,🔴 High,93,30,0.5913978494623656,5814,175.8709677419355
pytest,scripts/release.py,100.0,🔴 High,24,13,0.4166666666666667,2514,90.08333333333331
scikit-learn,sklearn/svm/sparse/classes.py,100.0,🔴 High,42,13,0.4761904761904761,479,48.666666666666664
scikit-learn,sklearn/metrics/_scorer.py,100.0,🔴 High,71,36,0.3098591549295774,2450,472.9718309859155
django,django/contrib/formtools/wizard/views.py,100.0,🔴 High,36,19,0.75,1174,346.80555555555554
scikit-learn,sklearn/setup.py,100.0,🔴 High,52,30,0.2307692307692307,3738,63.58
pytest,src/_pytest/compat.py,100.0,🔴 High,139,28,0.4316546762589928,2727,205.17391304347825
scikit-learn,sklearn/metrics/ranking.py,100.0,🔴 High,81,44,0.4074074074074074,2146,211.96296296296296
scikit-learn,sklearn/semi_supervised/_self_training.py,100.0,🔴 High,38,19,0.2368421052631578,2026,186.78947368421052
pytest,src/_pytest/assertion/util.py,100.0,🔴 High,110,31,0.4545454545454545,2940,350.35779816513764
pytest,src/_pytest/cacheprovider.py,100.0,🔴 High,131,26,0.3969465648854962,2805,353.08527131782944
django,django/conf/urls/__init__.py,100.0,🔴 High,28,15,0.4285714285714285,6049,49.148148148148145
scikit-learn,sklearn/semi_supervised/_label_propagation.py,100.0,🔴 High,39,25,0.282051282051282,2332,204.47368421052633
pytest,src/_pytest/capture.py,100.0,🔴 High,137,27,0.5328467153284672,3075,589.375
scikit-learn,sklearn/random_projection.py,100.0,🔴 High,146,49,0.2602739726027397,5274,160.46575342465752
pytest,src/_pytest/assertion/truncate.py,100.0,🔴 High,27,9,0.2962962962962963,2955,66.23076923076923
pytest,testing/python/approx.py,100.0,🔴 High,96,38,0.5,3760,512.84375
django,django/contrib/admin/checks.py,100.0,🔴 High,92,59,0.7282608695652174,4475,893.4239130434783
django,django/contrib/formtools/preview.py,100.0,🔴 High,23,12,0.8260869565217391,2524,72.52173913043478
django,django/contrib/admin/filters.py,100.0,🔴 High,74,41,0.6756756756756757,4675,348.7432432432432
django,django/contrib/admin/helpers.py,100.0,🔴 High,133,66,0.7368421052631579,6187,302.38345864661653
scikit-learn,sklearn/metrics/scorer.py,100.0,🔴 High,94,36,0.3829787234042553,2447,187.20212765957447
scikit-learn,sklearn/qda.py,100.0,🔴 High,48,16,0.2916666666666667,1885,79.04166666666667
django,django/contrib/formtools/tests/wizard/namedwizardtests/tests.py,100.0,🔴 High,15,10,0.8,1030,303.6
scikit-learn,sklearn/metrics/pairwise.py,100.0,🔴 High,403,136,0.2729528535980149,5437,466.7617866004963
scikit-learn,sklearn/metrics/cluster/_supervised.py,100.0,🔴 High,79,54,0.2784810126582278,2463,262.746835443038
scikit-learn,sklearn/metrics/cluster/unsupervised.py,100.0,🔴 High,47,28,0.3191489361702128,2924,57.5
scikit-learn,sklearn/metrics/cluster/_unsupervised.py,100.0,🔴 High,42,29,0.1428571428571428,2463,142.02439024390245
scikit-learn,sklearn/metrics/cluster/supervised.py,100.0,🔴 High,125,45,0.448,2926,152.25806451612902
scikit-learn,sklearn/metrics/cluster/tests/test_supervised.py,100.0,🔴 High,76,39,0.4078947368421052,5306,221.47368421052633
pytest,setup.py,100.0,🔴 High,494,38,0.3866396761133603,4937,81.70040485829959
scikit-learn,sklearn/semi_supervised/tests/test_label_propagation.py,100.0,🔴 High,32,21,0.34375,5006,121.16129032258064
scikit-learn,sklearn/semi_supervised/label_propagation.py,100.0,🔴 High,56,29,0.375,2809,144.71428571428572
pytest,testing/io/test_terminalwriter.py,100.0,🔴 High,21,12,0.4761904761904761,1701,228.42857142857144
pytest,testing/io/test_saferepr.py,100.0,🔴 High,24,10,0.5833333333333334,2581,96.45833333333331
pytest,src/_pytest/assertion/rewrite.py,100.0,🔴 High,184,35,0.4565217391304347,2982,740.5956284153006
pytest,src/_pytest/_code/code.py,100.0,🔴 High,176,33,0.4431818181818182,2931,854.3542857142858
pytest,src/_pytest/_code/source.py,100.0,🔴 High,62,12,0.4193548387096774,2978,219.1639344262295
pytest,src/_pytest/_io/saferepr.py,100.0,🔴 High,33,13,0.5454545454545454,2581,70.57575757575758
django,django/conf/project_template/project_name/settings.py,100.0,🔴 High,29,11,0.8275862068965517,1420,53.785714285714285
django,django/conf/project_template/settings.py,100.0,🔴 High,45,9,0.8444444444444444,2158,48.31111111111111
pytest,src/_pytest/assertion/__init__.py,100.0,🔴 High,49,13,0.3265306122448979,2940,106.85416666666669
scikit-learn,sklearn/metrics/metrics.py,100.0,🔴 High,269,47,0.3828996282527881,1509,399.275092936803
django,django/contrib/gis/db/backends/spatialite/operations.py,100.0,🔴 High,112,34,0.6160714285714286,5987,196.2053571428571
django,django/contrib/gis/db/backends/spatialite/schema.py,100.0,🔴 High,19,12,0.5789473684210527,4109,133.0
scikit-learn,sklearn/svm/src/libsvm/svm.cpp,100.0,🔴 High,26,20,0.4615384615384615,5686,2519.75
scikit-learn,sklearn/tests/test_metaestimators_metadata_routing.py,100.0,🔴 High,46,10,0.2608695652173913,1129,587.3478260869565
click,tests/test_types.py,100.0,🔴 High,21,10,0.4761904761904761,2165,163.95238095238096
click,tests/test_utils.py,100.0,🔴 High,81,35,0.382716049382716,4440,314.65432098765433
scikit-learn,sklearn/tests/test_naive_bayes.py,100.0,🔴 High,116,55,0.25,5437,364.20175438596493
scikit-learn,sklearn/tests/test_multioutput.py,100.0,🔴 High,69,40,0.4057971014492754,3812,421.1014492753623
scikit-learn,sklearn/tests/test_multiclass.py,100.0,🔴 High,134,54,0.3582089552238806,5401,395.97014925373134
django,django/contrib/gis/gdal/tests/test_ds.py,100.0,🔴 High,22,9,0.6363636363636364,2152,149.27272727272728
django,django/contrib/gis/gdal/srs.py,100.0,🔴 High,41,21,0.5609756097560976,6490,199.1951219512195
scikit-learn,sklearn/tests/test_metadata_routing.py,100.0,🔴 High,33,8,0.3333333333333333,1103,797.969696969697
django,django/contrib/gis/gdal/tests/test_geom.py,100.0,🔴 High,34,14,0.6764705882352942,2160,378.44117647058823
scikit-learn,sklearn/tests/test_kernel_approximation.py,100.0,🔴 High,60,35,0.25,5330,199.08474576271183
scikit-learn,sklearn/tests/test_isotonic.py,100.0,🔴 High,68,37,0.2352941176470588,4743,230.66176470588235
scikit-learn,sklearn/tests/test_impute.py,100.0,🔴 High,24,14,0.3333333333333333,424,555.7916666666666
django,django/contrib/gis/gdal/prototypes/srs.py,100.0,🔴 High,20,13,0.55,5614,44.55
scikit-learn,sklearn/tests/test_hmm.py,100.0,🔴 High,36,13,0.1944444444444444,1277,490.5833333333333
django,django/contrib/gis/gdal/prototypes/raster.py,100.0,🔴 High,26,10,0.5769230769230769,3342,73.96153846153847
django,django/contrib/gis/gdal/prototypes/geom.py,100.0,🔴 High,27,12,0.4814814814814814,6320,85.85185185185185
scikit-learn,sklearn/tests/test_pipeline.py,100.0,🔴 High,174,87,0.4080459770114942,5437,921.8837209302326
scikit-learn,sklearn/manifold/tests/test_isomap.py,100.0,🔴 High,31,16,0.1612903225806451,4394,121.38709677419357
scikit-learn,sklearn/tests/test_grid_search.py,100.0,🔴 High,101,26,0.4752475247524752,2380,318.8217821782178
scikit-learn,sklearn/manifold/spectral_embedding_.py,100.0,🔴 High,61,41,0.4754098360655737,2295,190.53333333333333
click,src/click/termui.py,100.0,🔴 High,75,35,0.2933333333333333,2836,337.5405405405405
django,django/contrib/gis/geos/collections.py,100.0,🔴 High,37,18,0.5135135135135135,6195,81.48648648648648
click,src/click/testing.py,100.0,🔴 High,47,21,0.2765957446808511,2571,305.7826086956522
click,src/click/types.py,100.0,🔴 High,83,33,0.3012048192771084,2662,573.6219512195122
click,src/click/utils.py,100.0,🔴 High,55,21,0.1818181818181818,2323,272.8703703703704
click,tests/test_basic.py,100.0,🔴 High,57,19,0.2807017543859649,4451,402.1578947368421
click,tests/test_context.py,100.0,🔴 High,30,13,0.3,4211,222.7
django,django/contrib/gis/geoip2/base.py,100.0,🔴 High,24,12,0.2916666666666667,3046,139.41666666666666
click,tests/test_testing.py,100.0,🔴 High,46,25,0.3260869565217391,4450,262.32608695652175
click,tests/test_formatting.py,100.0,🔴 High,33,19,0.4242424242424242,4438,203.96969696969697
click,tests/test_imports.py,100.0,🔴 High,32,14,0.25,4428,34.875
click,tests/test_options.py,100.0,🔴 High,128,53,0.5,4445,822.6875
scikit-learn,sklearn/tests/test_preprocessing.py,100.0,🔴 High,62,10,0.2741935483870967,551,481.40983606557376
click,tests/test_shell_completion.py,100.0,🔴 High,31,21,0.3870967741935484,2151,337.06451612903226
django,django/contrib/gis/geoip/base.py,100.0,🔴 High,21,12,0.6666666666666666,1418,166.0
click,tests/test_termui.py,100.0,🔴 High,64,31,0.265625,4341,433.265625
django,django/contrib/gis/gdal/prototypes/generation.py,100.0,🔴 High,21,13,0.5238095238095238,6052,84.0
django,django/contrib/gis/gdal/prototypes/errcheck.py,100.0,🔴 High,22,14,0.4090909090909091,6190,71.22727272727273
django,django/contrib/gis/db/models/aggregates.py,100.0,🔴 High,31,18,0.5806451612903226,5820,42.32258064516129
django,django/contrib/gis/db/models/proxy.py,100.0,🔴 High,23,17,0.4347826086956521,6490,32.21739130434783
scikit-learn,sklearn/manifold/tests/test_locally_linear.py,100.0,🔴 High,52,24,0.2115384615384615,4431,90.26923076923076
django,django/contrib/gis/db/models/sql/query.py,100.0,🔴 High,34,10,0.8235294117647058,2281,124.41176470588236
django,django/contrib/gis/db/models/sql/conversion.py,100.0,🔴 High,25,16,0.64,5488,37.76
django,django/contrib/gis/db/models/sql/compiler.py,100.0,🔴 High,42,17,0.8571428571428571,1841,182.02380952380952
django,django/contrib/gis/db/models/sql/aggregates.py,100.0,🔴 High,19,10,0.6842105263157895,2349,40.578947368421055
django,django/contrib/gis/db/models/query.py,100.0,🔴 High,63,22,0.6190476190476191,3024,377.25396825396825
scikit-learn,sklearn/svm/tests/test_svm.py,100.0,🔴 High,225,72,0.4444444444444444,5400,553.5066666666667
scikit-learn,sklearn/manifold/tests/test_mds.py,100.0,🔴 High,29,15,0.5862068965517241,5080,78.3103448275862
django,django/apps/registry.py,100.0,🔴 High,77,26,0.4935064935064935,4551,204.63636363636363
scikit-learn,sklearn/svm/tests/test_sparse.py,100.0,🔴 High,94,42,0.3617021276595745,5281,222.25531914893617
django,django/contrib/gis/db/models/lookups.py,100.0,🔴 High,44,17,0.5454545454545454,4350,193.95454545454547
scikit-learn,sklearn/svm/tests/test_bounds.py,100.0,🔴 High,36,27,0.2777777777777778,5239,68.08333333333333
django,django/contrib/gis/db/models/functions.py,100.0,🔴 High,72,20,0.6388888888888888,3837,366.56944444444446
django,django/contrib/gis/db/models/fields.py,100.0,🔴 High,87,30,0.5632183908045977,5814,209.66666666666663
django,django/conf/__init__.py,100.0,🔴 High,153,52,0.7058823529411765,7633,125.36842105263158
scikit-learn,sklearn/manifold/tests/test_spectral_embedding.py,100.0,🔴 High,98,41,0.3469387755102041,4953,225.05154639175257
django,django/contrib/gis/feeds.py,100.0,🔴 High,21,16,0.4285714285714285,6179,86.0
django,django/contrib/gis/forms/fields.py,100.0,🔴 High,34,18,0.6470588235294118,6373,66.1470588235294
scikit-learn,sklearn/tests/test_docstring_parameters.py,100.0,🔴 High,149,57,0.2348993288590604,3256,207.61744966442953
django,django/contrib/gis/gdal/feature.py,100.0,🔴 High,32,18,0.5625,6190,75.625
scikit-learn,sklearn/tests/test_discriminant_analysis.py,100.0,🔴 High,55,38,0.3454545454545454,3878,331.03636363636366
django,django/contrib/gis/gdal/prototypes/ds.py,100.0,🔴 High,22,11,0.5454545454545454,6052,62.45454545454545
django,django/contrib/gis/gdal/libgdal.py,100.0,🔴 High,61,21,0.7049180327868853,6484,75.91803278688525
django,django/contrib/gis/gdal/layer.py,100.0,🔴 High,29,17,0.4827586206896552,6190,133.9655172413793
django,django/contrib/gis/gdal/geomtype.py,100.0,🔴 High,26,13,0.4615384615384615,5621,71.8076923076923
django,django/contrib/gis/gdal/geometries.py,100.0,🔴 High,90,26,0.4888888888888889,6195,473.18888888888887
django,django/contrib/gis/gdal/field.py,100.0,🔴 High,26,17,0.6538461538461539,6195,142.1153846153846
scikit-learn,sklearn/tests/test_cross_validation.py,100.0,🔴 High,162,48,0.4320987654320987,2376,483.5740740740741
django,django/apps/config.py,100.0,🔴 High,31,19,0.5161290322580645,2930,119.36666666666666
django,django/contrib/gis/gdal/envelope.py,100.0,🔴 High,21,13,0.3809523809523809,6375,117.8095238095238
scikit-learn,sklearn/tests/test_config.py,100.0,🔴 High,24,12,0.2916666666666667,3197,89.29166666666667
scikit-learn,sklearn/tests/test_common.py,100.0,🔴 High,539,143,0.222634508348794,5122,393.48979591836735
scikit-learn,sklearn/tests/test_calibration.py,100.0,🔴 High,88,43,0.2954545454545454,4172,542.875
django,django/contrib/gis/gdal/driver.py,100.0,🔴 High,21,13,0.4761904761904761,6215,51.19047619047619
scikit-learn,sklearn/tests/test_base.py,100.0,🔴 High,116,49,0.3534482758620689,5380,388.7844827586207
django,django/contrib/gis/gdal/__init__.py,100.0,🔴 High,29,13,0.5172413793103449,6190,20.896551724137932
pytest,src/_pytest/config/__init__.py,100.0,🔴 High,370,66,0.4459459459459459,2971,1058.8048780487804
django,django/contrib/flatpages/views.py,100.0,🔴 High,21,15,0.6666666666666666,5928,33.57142857142857
scikit-learn,sklearn/tests/test_random_projection.py,100.0,🔴 High,71,22,0.2112676056338028,4424,180.19718309859155
pytest,src/_pytest/config/argparsing.py,100.0,🔴 High,100,23,0.39,2971,345.56
django,django/contrib/admin/templatetags/admin_list.py,100.0,🔴 High,168,60,0.7678571428571429,7391,306.45238095238096
django,django/contrib/admin/templatetags/admin_modify.py,100.0,🔴 High,56,28,0.75,7452,118.32142857142856
django,django/contrib/auth/tests/views.py,100.0,🔴 High,50,16,0.82,1699,304.34
pytest,src/_pytest/mark/expression.py,100.0,🔴 High,35,12,0.4571428571428571,2209,178.77142857142857
django,django/contrib/admin/templatetags/log.py,100.0,🔴 High,23,16,0.4782608695652174,7217,35.08695652173913
django,django/contrib/admin/tests.py,100.0,🔴 High,59,29,0.6610169491525424,4961,93.42372881355932
pytest,src/_pytest/mark/structures.py,100.0,🔴 High,155,34,0.5032258064516129,2943,326.03246753246754
django,django/contrib/admin/util.py,100.0,🔴 High,57,22,0.7719298245614035,2048,240.1578947368421
django,django/contrib/admin/utils.py,100.0,🔴 High,110,66,0.6636363636363637,7508,351.9816513761468
django,django/contrib/admin/validation.py,100.0,🔴 High,66,23,0.7424242424242424,2363,292.3939393939394
django,django/contrib/auth/tests/urls.py,100.0,🔴 High,25,14,0.72,2127,57.4
pytest,src/_pytest/monkeypatch.py,100.0,🔴 High,58,18,0.5689655172413793,2919,204.80701754385964
django,django/contrib/auth/tests/test_views.py,100.0,🔴 High,44,20,0.6590909090909091,838,609.8837209302326
pytest,src/_pytest/unittest.py,100.0,🔴 High,86,14,0.5581395348837209,2933,297.21176470588233
django,django/contrib/admin/views/decorators.py,100.0,🔴 High,36,13,0.6388888888888888,5952,63.5
django,django/contrib/admin/views/main.py,100.0,🔴 High,217,65,0.7695852534562212,7391,410.06944444444446
django,django/contrib/admin/widgets.py,100.0,🔴 High,148,66,0.7972972972972973,6463,282.06081081081084
django,django/contrib/auth/views.py,100.0,🔴 High,139,58,0.7050359712230215,7132,244.02158273381295
pytest,src/_pytest/mark/__init__.py,100.0,🔴 High,67,21,0.373134328358209,2716,167.37878787878788
scikit-learn,sklearn/multiclass.py,100.0,🔴 High,202,76,0.3613861386138614,5303,288.105
scikit-learn,sklearn/mixture/tests/test_gaussian_mixture.py,100.0,🔴 High,61,37,0.360655737704918,3751,914.7868852459015
scikit-learn,sklearn/neighbors/regression.py,100.0,🔴 High,70,33,0.3,2946,64.14285714285714
django,django/contrib/comments/views/comments.py,100.0,🔴 High,51,14,0.5882352941176471,3117,172.2
scikit-learn,sklearn/mixture/gmm.py,100.0,🔴 High,128,41,0.4296875,2397,330.8046875
scikit-learn,sklearn/neighbors/lof.py,100.0,🔴 High,26,20,0.3846153846153846,1058,98.73076923076924
pytest,src/_pytest/warning_types.py,100.0,🔴 High,53,13,0.4716981132075472,2759,47.45283018867924
scikit-learn,sklearn/mixture/tests/test_bayesian_mixture.py,100.0,🔴 High,22,15,0.2727272727272727,3149,353.8181818181818
django,django/contrib/comments/templatetags/comments.py,100.0,🔴 High,43,12,0.7441860465116279,3149,220.1190476190476
scikit-learn,sklearn/neighbors/graph.py,100.0,🔴 High,27,19,0.4074074074074074,2948,35.333333333333336
scikit-learn,sklearn/multioutput.py,100.0,🔴 High,126,68,0.3809523809523809,3812,296.8333333333333
django,django/contrib/comments/models.py,100.0,🔴 High,30,10,0.7,2822,162.76666666666668
scikit-learn,sklearn/neighbors/_regression.py,100.0,🔴 High,51,29,0.196078431372549,2441,110.62745098039215
scikit-learn,sklearn/neighbors/_nca.py,100.0,🔴 High,34,20,0.1470588235294117,2423,219.94117647058823
scikit-learn,sklearn/neighbors/_graph.py,100.0,🔴 High,43,27,0.1860465116279069,2106,149.06976744186048
scikit-learn,sklearn/neighbors/_classification.py,100.0,🔴 High,54,29,0.2222222222222222,2394,267.98148148148147
scikit-learn,sklearn/neighbors/_base.py,100.0,🔴 High,82,41,0.3170731707317073,2330,695.719512195122
scikit-learn,sklearn/naive_bayes.py,100.0,🔴 High,233,81,0.3133047210300429,5437,277.9871244635193
pytest,src/_pytest/tmpdir.py,100.0,🔴 High,100,21,0.45,2866,144.06060606060606
scikit-learn,sklearn/model_selection/__init__.py,100.0,🔴 High,21,14,0.2857142857142857,3707,69.0
django,django/contrib/auth/tests/test_management.py,100.0,🔴 High,46,18,0.5869565217391305,709,303.5111111111111
scikit-learn,sklearn/model_selection/tests/test_split.py,100.0,🔴 High,125,67,0.496,4065,1127.88
django,django/contrib/auth/tests/basic.py,100.0,🔴 High,23,13,0.782608695652174,1686,111.56521739130434
django,django/contrib/auth/management/__init__.py,100.0,🔴 High,80,36,0.6,6420,105.2
scikit-learn,sklearn/model_selection/_search.py,100.0,🔴 High,232,106,0.4482758620689655,4022,482.82327586206895
django,django/contrib/auth/tests/auth_backends.py,100.0,🔴 High,25,10,0.84,1154,208.0
django,django/contrib/auth/management/commands/changepassword.py,100.0,🔴 High,26,19,0.7307692307692307,5213,54.15384615384615
django,django/contrib/auth/management/commands/createsuperuser.py,100.0,🔴 High,68,36,0.7205882352941176,6554,150.47058823529412
django,django/contrib/auth/middleware.py,100.0,🔴 High,50,28,0.68,7352,89.54
scikit-learn,sklearn/model_selection/tests/test_search.py,100.0,🔴 High,169,80,0.4556213017751479,4046,1407.3313609467457
django,django/contrib/auth/hashers.py,100.0,🔴 High,119,42,0.6722689075630253,5298,366.9747899159664
pytest,src/_pytest/python_api.py,100.0,🔴 High,187,57,0.4545454545454545,2950,362.52150537634407
pytest,src/_pytest/raises.py,100.0,🔴 High,22,11,0.5454545454545454,422,916.2727272727273
django,django/contrib/auth/password_validation.py,100.0,🔴 High,43,27,0.627906976744186,4089,136.88372093023256
pytest,src/_pytest/recwarn.py,100.0,🔴 High,108,29,0.4537037037037037,2978,171.73831775700936
django,django/contrib/auth/models.py,100.0,🔴 High,180,82,0.7,7276,271.30555555555554
pytest,src/_pytest/reports.py,100.0,🔴 High,107,19,0.3271028037383177,2684,355.02803738317755
scikit-learn,sklearn/model_selection/_split.py,100.0,🔴 High,190,107,0.4526315789473684,4061,647.8368421052631
pytest,src/_pytest/python.py,100.0,🔴 High,365,56,0.4493150684931506,3205,1148.925824175824
pytest,src/_pytest/pytester.py,100.0,🔴 High,237,36,0.379746835443038,2919,935.3898305084746
scikit-learn,sklearn/model_selection/tests/test_validation.py,100.0,🔴 High,159,75,0.4025157232704403,4066,1413.4842767295595
django,django/contrib/auth/admin.py,100.0,🔴 High,87,43,0.6896551724137931,6073,141.183908045977
django,django/contrib/auth/tests/test_forms.py,100.0,🔴 High,22,13,0.5909090909090909,665,380.1428571428572
pytest,src/_pytest/terminal.py,100.0,🔴 High,245,57,0.4081632653061224,2980,1006.0573770491804
scikit-learn,sklearn/model_selection/tests/test_successive_halving.py,100.0,🔴 High,22,13,0.3636363636363636,2101,526.5909090909091
pytest,src/_pytest/outcomes.py,100.0,🔴 High,71,20,0.4084507042253521,2850,99.54285714285714
django,django/contrib/admindocs/utils.py,100.0,🔴 High,47,36,0.6595744680851063,6518,139.7173913043478
django,django/contrib/admindocs/views.py,100.0,🔴 High,109,55,0.5963302752293578,6518,329.8348623853211
django,django/contrib/auth/__init__.py,100.0,🔴 High,103,44,0.7087378640776699,7488,125.45098039215686
django,django/contrib/auth/tests/test_auth_backends.py,100.0,🔴 High,21,13,0.7142857142857143,672,350.76190476190476
django,django/contrib/auth/tests/forms.py,100.0,🔴 High,41,15,0.8292682926829268,1699,244.41463414634143
pytest,src/_pytest/stepwise.py,100.0,🔴 High,30,12,0.3333333333333333,2285,92.79310344827586
django,django/contrib/auth/base_user.py,100.0,🔴 High,34,20,0.5,3542,85.79411764705883
pytest,src/_pytest/pathlib.py,100.0,🔴 High,126,28,0.5476190476190477,2851,389.76984126984127
django,django/contrib/auth/decorators.py,100.0,🔴 High,48,25,0.7708333333333334,7345,43.375
pytest,src/_pytest/skipping.py,100.0,🔴 High,72,20,0.3611111111111111,2931,218.0845070422535
pytest,src/_pytest/setuponly.py,100.0,🔴 High,27,12,0.5185185185185185,2481,73.03846153846153
django,django/contrib/auth/forms.py,100.0,🔴 High,180,78,0.75,7037,255.13888888888889
pytest,src/_pytest/warnings.py,100.0,🔴 High,73,15,0.4931506849315068,2979,117.84722222222224
pytest,src/_pytest/main.py,100.0,🔴 High,243,32,0.3950617283950617,2971,661.904958677686
scikit-learn,sklearn/neighbors/tests/test_kd_tree.py,100.0,🔴 High,34,20,0.4411764705882353,4889,133.94117647058823
django,django/contrib/admin/static/admin/js/admin/RelatedObjectLookups.js,100.0,🔴 High,42,25,0.7142857142857143,5406,161.4878048780488
scikit-learn,sklearn/preprocessing/tests/test_data.py,100.0,🔴 High,194,91,0.3659793814432989,4745,1467.9329896907216
scikit-learn,sklearn/preprocessing/tests/test_common.py,100.0,🔴 High,23,14,0.0869565217391304,2690,106.6086956521739
django,django/contrib/admin/models.py,100.0,🔴 High,52,31,0.5961538461538461,6889,89.23076923076923
scikit-learn,sklearn/preprocessing/label.py,100.0,🔴 High,89,40,0.4606741573033708,2232,262.4269662921348
django,django/contrib/admin/options.py,100.0,🔴 High,505,170,0.7841584158415842,6550,1234.479207920792
django,django/contrib/admin/sites.py,100.0,🔴 High,185,77,0.7567567567567568,6535,304.2608695652174
django,django/contrib/admin/static/admin/js/admin/DateTimeShortcuts.js,100.0,🔴 High,47,25,0.7446808510638298,5419,317.5531914893617
scikit-learn,sklearn/preprocessing/imputation.py,100.0,🔴 High,44,21,0.3636363636363636,2044,212.88636363636363
scikit-learn,sklearn/metrics/tests/test_pairwise_distances_reduction.py,100.0,🔴 High,33,10,0.3333333333333333,1153,902.0909090909092
pytest,testing/acceptance_test.py,100.0,🔴 High,280,52,0.6,5799,780.6487455197133
scikit-learn,sklearn/metrics/tests/test_score_objects.py,100.0,🔴 High,149,60,0.436241610738255,4930,556.3355704697987
pytest,testing/_py/test_local.py,100.0,🔴 High,36,14,0.4444444444444444,1362,1262.8333333333333
django,django/contrib/admin/static/admin/js/core.js,100.0,🔴 High,32,18,0.59375,5406,163.09677419354838
scikit-learn,sklearn/mixture/_base.py,100.0,🔴 High,32,21,0.15625,2470,261.19354838709677
scikit-learn,sklearn/mixture/_bayesian_mixture.py,100.0,🔴 High,36,24,0.3055555555555556,2451,324.97222222222223
scikit-learn,sklearn/mixture/_gaussian_mixture.py,100.0,🔴 High,45,30,0.1555555555555555,2470,320.64444444444445
scikit-learn,sklearn/preprocessing/tests/test_discretization.py,100.0,🔴 High,42,27,0.3095238095238095,3201,301.7142857142857
scikit-learn,sklearn/preprocessing/tests/test_encoders.py,100.0,🔴 High,89,47,0.4719101123595505,2879,1048.9101123595506
pytest,src/_pytest/faulthandler.py,100.0,🔴 High,28,9,0.6428571428571429,2307,66.75
scikit-learn,sklearn/metrics/tests/test_dist_metrics.py,100.0,🔴 High,22,12,0.4545454545454545,1264,267.3636363636364
pytest,src/_pytest/config/findpaths.py,100.0,🔴 High,67,18,0.4626865671641791,2943,153.01492537313433
django,django/contrib/admin/media/js/admin/DateTimeShortcuts.js,100.0,🔴 High,18,10,0.8333333333333334,1903,173.88235294117646
scikit-learn,sklearn/metrics/tests/test_common.py,100.0,🔴 High,198,75,0.3131313131313131,4612,1370.7373737373737
pytest,src/_pytest/debugging.py,100.0,🔴 High,86,20,0.5,3029,232.89411764705883
pytest,testing/deprecated_test.py,100.0,🔴 High,148,25,0.5337837837837838,3652,171.11486486486487
pytest,testing/conftest.py,100.0,🔴 High,74,17,0.4324324324324324,6031,103.38356164383562
scikit-learn,sklearn/preprocessing/tests/test_polynomial.py,100.0,🔴 High,42,22,0.2142857142857142,2005,777.3333333333334
scikit-learn,sklearn/metrics/tests/test_metrics.py,100.0,🔴 High,188,35,0.3617021276595745,1048,1102.731182795699
scikit-learn,sklearn/preprocessing/tests/test_function_transformer.py,100.0,🔴 High,43,25,0.3488372093023256,3988,221.67441860465115
scikit-learn,sklearn/preprocessing/tests/test_label.py,100.0,🔴 High,69,40,0.3623188405797101,4744,416.27536231884056
pytest,testing/code/test_source.py,100.0,🔴 High,114,23,0.4736842105263157,6161,507.78761061946904
pytest,src/_pytest/deprecated.py,100.0,🔴 High,149,17,0.4496644295302013,2981,60.99324324324324
pytest,testing/code/test_excinfo.py,100.0,🔴 High,178,45,0.5393258426966292,6121,1159.1864406779662
pytest,testing/code/test_code.py,100.0,🔴 High,54,15,0.4814814814814814,6109,144.47169811320754
scikit-learn,sklearn/preprocessing/tests/test_imputation.py,100.0,🔴 High,23,15,0.217391304347826,2070,225.2173913043478
scikit-learn,sklearn/metrics/tests/test_pairwise.py,100.0,🔴 High,188,73,0.2765957446808511,5408,627.489247311828
pytest,src/_pytest/doctest.py,100.0,🔴 High,108,28,0.5,2969,495.5514018691589
pytest,src/_pytest/fixtures.py,100.0,🔴 High,351,54,0.698005698005698,2981,1127.3771428571429
django,django/contrib/contenttypes/fields.py,100.0,🔴 High,100,43,0.63,4444,495.03
pytest,src/_pytest/legacypath.py,100.0,🔴 High,31,10,0.4193548387096774,1740,215.6129032258065
scikit-learn,sklearn/neural_network/tests/test_mlp.py,100.0,🔴 High,64,39,0.375,4673,525.203125
pytest,src/_pytest/junitxml.py,100.0,🔴 High,103,34,0.4466019417475728,2924,478.0392156862746
scikit-learn,sklearn/neural_network/rbm.py,100.0,🔴 High,66,19,0.3484848484848485,2411,106.0
scikit-learn,sklearn/neural_network/multilayer_perceptron.py,100.0,🔴 High,52,31,0.4038461538461538,2262,480.38461538461536
scikit-learn,sklearn/neural_network/_rbm.py,100.0,🔴 High,40,20,0.125,2148,152.45
scikit-learn,sklearn/neural_network/_multilayer_perceptron.py,100.0,🔴 High,73,39,0.2602739726027397,2410,636.8219178082192
django,django/contrib/contenttypes/management/commands/remove_stale_contenttypes.py,100.0,🔴 High,17,14,0.7647058823529411,3668,80.05882352941177
pytest,src/_pytest/logging.py,100.0,🔴 High,139,37,0.3597122302158273,2920,506.231884057971
scikit-learn,sklearn/pipeline.py,100.0,🔴 High,253,105,0.383399209486166,5397,405.9209486166008
scikit-learn,sklearn/neighbors/tests/test_neighbors.py,100.0,🔴 High,199,80,0.271356783919598,5396,975.6683417085428
django,django/contrib/contenttypes/management.py,100.0,🔴 High,47,16,0.5957446808510638,3679,66.93617021276596
django,django/contrib/contenttypes/generic.py,100.0,🔴 High,100,29,0.79,2486,311.1818181818182
scikit-learn,sklearn/neighbors/tests/test_nearest_centroid.py,100.0,🔴 High,29,20,0.3103448275862069,4599,95.6206896551724
scikit-learn,sklearn/neighbors/tests/test_nca.py,100.0,🔴 High,23,15,0.1304347826086956,2660,376.7826086956522
scikit-learn,sklearn/neighbors/tests/test_lof.py,100.0,🔴 High,27,14,0.3333333333333333,2792,162.1851851851852
scikit-learn,sklearn/neighbors/tests/test_kde.py,100.0,🔴 High,40,27,0.375,3658,144.4
scikit-learn,sklearn/neural_network/tests/test_rbm.py,100.0,🔴 High,52,21,0.2115384615384615,4583,112.5576923076923
scikit-learn,sklearn/pls.py,100.0,🔴 High,36,16,0.3333333333333333,705,224.88888888888889
scikit-learn,sklearn/preprocessing/data.py,100.0,🔴 High,194,77,0.4278350515463917,2232,720.520618556701
scikit-learn,sklearn/preprocessing/_label.py,100.0,🔴 High,53,31,0.2830188679245283,2465,377.2307692307692
pytest,src/_pytest/helpconfig.py,100.0,🔴 High,62,21,0.3387096774193548,2981,214.68852459016392
scikit-learn,sklearn/mixture/base.py,100.0,🔴 High,28,22,0.6071428571428571,1238,214.42857142857144
django,django/contrib/admin/static/admin/js/urlify.js,100.0,🔴 High,23,17,0.6521739130434783,5406,179.6818181818182
pytest,src/_pytest/hookspec.py,100.0,🔴 High,137,26,0.2846715328467153,3282,141.11764705882354
django,django/contrib/contenttypes/views.py,100.0,🔴 High,26,19,0.6923076923076923,6036,57.26923076923077
scikit-learn,sklearn/preprocessing/_target_encoder.py,100.0,🔴 High,24,11,0.2083333333333333,1204,194.54166666666663
scikit-learn,sklearn/preprocessing/_polynomial.py,100.0,🔴 High,61,31,0.1967213114754098,2005,514.1803278688525
scikit-learn,sklearn/mixture/dpgmm.py,100.0,🔴 High,91,37,0.3186813186813186,2393,418.46067415730334
scikit-learn,sklearn/preprocessing.py,100.0,🔴 High,111,18,0.4234234234234234,551,424.72727272727275
scikit-learn,sklearn/preprocessing/_function_transformer.py,100.0,🔴 High,66,40,0.3181818181818182,3944,105.03076923076924
django,django/contrib/contenttypes/tests.py,100.0,🔴 High,31,15,0.6129032258064516,2146,126.51612903225806
scikit-learn,sklearn/mixture/gaussian_mixture.py,100.0,🔴 High,27,15,0.5185185185185185,1216,254.25925925925927
scikit-learn,sklearn/preprocessing/_encoders.py,100.0,🔴 High,142,60,0.3873239436619718,2933,505.6830985915493
scikit-learn,sklearn/preprocessing/_discretization.py,100.0,🔴 High,80,47,0.275,2838,170.225
scikit-learn,sklearn/preprocessing/_data.py,100.0,🔴 High,150,80,0.24,2465,1126.6933333333334
scikit-learn,sklearn/preprocessing/__init__.py,100.0,🔴 High,68,27,0.1617647058823529,5079,114.08823529411764
django,django/contrib/gis/geos/coordseq.py,100.0,🔴 High,29,16,0.3793103448275862,6332,138.0344827586207
scikit-learn,sklearn/model_selection/_validation.py,100.0,🔴 High,198,103,0.404040404040404,4065,630.0555555555555
click,src/click/formatting.py,100.0,🔴 High,22,9,0.0909090909090909,2266,182.9047619047619
django,django/contrib/gis/tests/distapp/tests.py,100.0,🔴 High,35,14,0.5714285714285714,2366,215.97142857142856
click,click/_winconsole.py,100.0,🔴 High,21,9,0.6190476190476191,1350,199.9047619047619
click,click/_termui_impl.py,100.0,🔴 High,64,26,0.375,2103,408.21875
click,click/_compat.py,100.0,🔴 High,79,26,0.3544303797468354,2125,393.493670886076
scikit-learn,sklearn/manifold/_t_sne.py,100.0,🔴 High,67,38,0.2238805970149253,2332,448.09090909090907
scikit-learn,sklearn/linear_model/sparse/coordinate_descent.py,100.0,🔴 High,26,8,0.0769230769230769,279,67.79166666666667
scikit-learn,sklearn/manifold/_spectral_embedding.py,100.0,🔴 High,56,32,0.2321428571428571,2367,262.05454545454546
scikit-learn,sklearn/utils/tests/test_extmath.py,100.0,🔴 High,133,61,0.2857142857142857,5024,427.50375939849624
scikit-learn,sklearn/utils/_metadata_requests.py,100.0,🔴 High,45,9,0.4,1129,582.0222222222222
scikit-learn,sklearn/utils/tests/test_estimator_checks.py,100.0,🔴 High,138,60,0.3333333333333333,4035,614.268115942029
pytest,py/__init__.py,100.0,🔴 High,172,9,0.2732558139534883,1350,131.97093023255815
scikit-learn,sklearn/manifold/_mds.py,100.0,🔴 High,52,23,0.25,2345,204.66666666666663
scikit-learn,sklearn/manifold/_locally_linear.py,100.0,🔴 High,44,27,0.25,2332,327.7906976744186
scikit-learn,sklearn/utils/_mocking.py,100.0,🔴 High,26,16,0.3076923076923077,2126,123.76
scikit-learn,sklearn/utils/tests/test_array_api.py,100.0,🔴 High,62,22,0.4032258064516129,1400,506.8387096774194
scikit-learn,sklearn/manifold/_isomap.py,100.0,🔴 High,40,20,0.225,2332,136.25641025641025
scikit-learn,sklearn/utils/stats.py,100.0,🔴 High,32,18,0.28125,4439,36.9375
scikit-learn,sklearn/linear_model/stochastic_gradient.py,100.0,🔴 High,294,63,0.3809523809523809,2954,475.687074829932
scikit-learn,sklearn/linear_model/tests/test_base.py,100.0,🔴 High,82,41,0.3292682926829268,5367,406.0125
django,django/contrib/humanize/tests.py,100.0,🔴 High,34,15,0.6764705882352942,1222,184.35294117647055
click,click/core.py,100.0,🔴 High,176,41,0.3920454545454545,2129,798.9772727272727
cli,httpie/input.py,100.0,🔴 High,94,13,0.2340425531914893,2592,387.6595744680851
pytest,extra/get_issues.py,100.0,🔴 High,22,8,0.6363636363636364,3863,60.54545454545455
scikit-learn,sklearn/manifold/locally_linear.py,100.0,🔴 High,77,31,0.4155844155844156,2952,262.4
django,django/contrib/gis/maps/google/gmap.py,100.0,🔴 High,25,13,0.72,2366,143.76
django,django/contrib/gis/maps/google/overlays.py,100.0,🔴 High,19,11,0.5789473684210527,2694,103.63157894736842
scikit-learn,sklearn/utils/tests/test_pprint.py,100.0,🔴 High,26,16,0.5769230769230769,2731,460.0
scikit-learn,sklearn/utils/_array_api.py,100.0,🔴 High,90,28,0.2777777777777778,1399,490.1
scikit-learn,sklearn/utils/tests/test_param_validation.py,100.0,🔴 High,33,11,0.2727272727272727,1394,456.1818181818182
scikit-learn,sklearn/utils/_encode.py,100.0,🔴 High,23,15,0.1739130434782608,2261,164.34782608695653
scikit-learn,sklearn/utils/tests/test_multiclass.py,100.0,🔴 High,81,37,0.3580246913580246,4930,324.75308641975306
cli,httpie/client.py,100.0,🔴 High,108,13,0.2962962962962963,4005,156.4814814814815
pytest,py/_plugin/pytest_terminal.py,100.0,🔴 High,28,3,0.2857142857142857,264,391.962962962963
django,django/contrib/gis/sitemaps/views.py,100.0,🔴 High,40,16,0.5,6172,69.725
scikit-learn,sklearn/utils/tests/test_metaestimators.py,100.0,🔴 High,18,13,0.4444444444444444,3105,49.72222222222222
scikit-learn,sklearn/manifold/isomap.py,100.0,🔴 High,43,22,0.3488372093023256,2954,58.95348837209303
click,click/utils.py,100.0,🔴 High,47,10,0.3617021276595745,1592,168.14893617021278
click,click/types.py,100.0,🔴 High,56,22,0.4642857142857143,2115,280.14285714285717
click,click/testing.py,100.0,🔴 High,23,13,0.3043478260869565,2041,196.08695652173913
scikit-learn,sklearn/linear_model/sag.py,100.0,🔴 High,22,20,0.5909090909090909,1723,114.63636363636364
scikit-learn,sklearn/linear_model/setup.py,100.0,🔴 High,23,17,0.1739130434782608,3629,32.42857142857143
click,click/exceptions.py,100.0,🔴 High,27,10,0.5185185185185185,1835,86.25925925925925
django,django/contrib/humanize/templatetags/humanize.py,100.0,🔴 High,63,27,0.6825396825396826,6989,170.11111111111111
pytest,testing/plugin/test_pytest_terminal.py,100.0,🔴 High,34,2,0.3529411764705882,336,562.6176470588235
scikit-learn,sklearn/tree/tests/test_tree.py,100.0,🔴 High,301,74,0.3255813953488372,5423,905.1129568106312
django,django/contrib/gis/tests/geo3d/tests.py,100.0,🔴 High,26,14,0.6153846153846154,1898,165.30769230769232
scikit-learn,sklearn/linear_model/tests/test_huber.py,100.0,🔴 High,22,15,0.2272727272727272,3192,137.13636363636363
scikit-learn,sklearn/linear_model/tests/test_ridge.py,100.0,🔴 High,193,73,0.3989637305699481,5437,870.8341968911917
scikit-learn,sklearn/linear_model/tests/test_ransac.py,100.0,🔴 High,74,33,0.3243243243243243,4455,274.67123287671234
scikit-learn,sklearn/linear_model/tests/test_randomized_l1.py,100.0,🔴 High,23,13,0.3478260869565217,2401,96.08695652173913
scikit-learn,sklearn/utils/_testing.py,100.0,🔴 High,94,36,0.3404255319148936,2456,639.3085106382979
django,django/contrib/gis/tests/geoapp/test_feeds.py,100.0,🔴 High,24,12,0.5416666666666666,2355,60.333333333333336
scikit-learn,sklearn/linear_model/tests/test_least_angle.py,100.0,🔴 High,141,54,0.3971631205673759,5400,357.74468085106383
django,django/contrib/gis/tests/relatedapp/tests.py,100.0,🔴 High,48,16,0.6458333333333334,2368,180.77083333333337
django,django/contrib/gis/tests/geoapp/test_regress.py,100.0,🔴 High,36,14,0.7222222222222222,2146,55.22222222222222
scikit-learn,sklearn/linear_model/tests/test_logistic.py,100.0,🔴 High,242,74,0.4421487603305785,5437,1056.6239669421489
cli,setup.py,100.0,🔴 High,118,22,0.2966101694915254,4405,69.49152542372882
django,django/contrib/gis/tests/geoapp/test_sitemaps.py,100.0,🔴 High,28,12,0.4285714285714285,2348,68.25
django,django/contrib/gis/tests/geoapp/tests.py,100.0,🔴 High,82,22,0.6829268292682927,2375,517.3414634146342
scikit-learn,sklearn/utils/_test_common/instance_generator.py,100.0,🔴 High,46,16,0.2608695652173913,687,1027.2608695652175
scikit-learn,sklearn/linear_model/tests/test_omp.py,100.0,🔴 High,55,33,0.2909090909090909,4672,169.26415094339623
django,django/contrib/gis/tests/layermap/tests.py,100.0,🔴 High,41,14,0.6341463414634146,2366,182.21951219512195
pytest,py/test/dist/dsession.py,100.0,🔴 High,31,2,0.1935483870967742,166,201.25806451612905
pytest,py/test/dist/testing/test_dsession.py,100.0,🔴 High,34,3,0.1176470588235294,160,320.0
scikit-learn,sklearn/utils/_set_output.py,100.0,🔴 High,29,13,0.5172413793103449,1369,161.13793103448276
scikit-learn,sklearn/linear_model/tests/test_coordinate_descent.py,100.0,🔴 High,190,84,0.3263157894736842,5439,699.2021276595744
scikit-learn,sklearn/linear_model/tests/test_sag.py,100.0,🔴 High,36,17,0.4444444444444444,4058,697.6111111111111
scikit-learn,sklearn/linear_model/tests/test_sgd.py,100.0,🔴 High,201,66,0.3532338308457711,5358,850.273631840796
scikit-learn,sklearn/utils/fixes.py,100.0,🔴 High,191,62,0.5078534031413613,5397,173.74074074074073
django,django/contrib/gis/utils/srs.py,100.0,🔴 High,22,11,0.5,6190,31.09090909090909
django,django/contrib/gis/utils/ogrinspect.py,100.0,🔴 High,35,17,0.3428571428571428,6195,111.05714285714286
scikit-learn,sklearn/utils/setup.py,100.0,🔴 High,58,27,0.1034482758620689,3960,57.410714285714285
scikit-learn,sklearn/utils/random.py,100.0,🔴 High,44,20,0.2272727272727272,4476,83.18181818181819
scikit-learn,sklearn/utils/multiclass.py,100.0,🔴 High,127,49,0.3464566929133858,4868,169.8976377952756
scikit-learn,sklearn/utils/_param_validation.py,100.0,🔴 High,35,14,0.2285714285714285,1394,407.1142857142857
scikit-learn,sklearn/linear_model/tests/test_bayes.py,100.0,🔴 High,42,33,0.3571428571428571,5363,137.1904761904762
django,django/contrib/gis/tests/test_spatialrefsys.py,100.0,🔴 High,31,14,0.5483870967741935,2366,79.7741935483871
scikit-learn,sklearn/utils/extmath.py,100.0,🔴 High,240,96,0.275,5437,253.5625
scikit-learn,sklearn/linear_model/tests/test_sparse_coordinate_descent.py,100.0,🔴 High,62,33,0.2258064516129032,5161,212.17741935483872
scikit-learn,sklearn/utils/_pprint.py,100.0,🔴 High,17,9,0.3529411764705882,2617,277.29411764705884
django,django/contrib/gis/tests/test_geoforms.py,100.0,🔴 High,28,10,0.6071428571428571,2103,164.35714285714286
django,django/contrib/gis/tests/geoapp/models.py,100.0,🔴 High,20,9,0.6,2285,40.75
scikit-learn,sklearn/utils/estimator_checks.py,100.0,🔴 High,489,138,0.3578732106339468,4598,2128.3026584867075
scikit-learn,sklearn/utils/deprecation.py,100.0,🔴 High,39,24,0.282051282051282,3774,59.64102564102564
cli,tests/test_sessions.py,100.0,🔴 High,58,12,0.3275862068965517,3602,268.0344827586207
scikit-learn,sklearn/utils/class_weight.py,100.0,🔴 High,54,32,0.3888888888888889,4947,79.44444444444444
scikit-learn,sklearn/linear_model/tests/test_theil_sen.py,100.0,🔴 High,45,20,0.2222222222222222,4100,202.51111111111112
scikit-learn,sklearn/utils/__init__.py,100.0,🔴 High,237,87,0.3333333333333333,5303,264.56540084388183
scikit-learn,sklearn/utils/_show_versions.py,100.0,🔴 High,23,15,0.0869565217391304,2857,57.21739130434783
click,src/click/core.py,100.0,🔴 High,227,78,0.3568281938325991,2764,1521.9070796460178
scikit-learn,sklearn/utils/tests/test_stats.py,100.0,🔴 High,24,17,0.25,4467,203.83333333333337
django,django/contrib/gis/geos/prototypes/topology.py,100.0,🔴 High,20,11,0.45,6052,44.2
scikit-learn,sklearn/linear_model/ridge.py,100.0,🔴 High,258,82,0.4186046511627907,2973,408.00387596899225
scikit-learn,sklearn/tree/_classes.py,100.0,🔴 High,107,46,0.2429906542056074,2472,568.3018867924528
click,src/click/_termui_impl.py,100.0,🔴 High,63,28,0.2698412698412698,2948,535.7903225806451
click,src/click/_compat.py,100.0,🔴 High,41,12,0.2195121951219512,2323,450.025
django,django/contrib/gis/geos/tests/test_mutable_list.py,100.0,🔴 High,22,11,0.7727272727272727,2044,321.3181818181818
django,django/contrib/gis/geos/mutable_list.py,100.0,🔴 High,34,15,0.3823529411764705,6144,205.55882352941177
scikit-learn,sklearn/linear_model/passive_aggressive.py,100.0,🔴 High,51,25,0.4117647058823529,2522,75.7
scikit-learn,sklearn/utils/tests/test_testing.py,100.0,🔴 High,78,36,0.2948717948717949,5116,420.20512820512823
scikit-learn,sklearn/utils/tests/test_utils.py,100.0,🔴 High,105,42,0.2857142857142857,4624,322.0
django,django/contrib/gis/geos/tests/test_geos.py,100.0,🔴 High,64,19,0.65625,2148,750.546875
scikit-learn,sklearn/tree/_export.py,100.0,🔴 High,46,29,0.3478260869565217,2434,628.7608695652174
cli,httpie/cli.py,100.0,🔴 High,117,18,0.2307692307692307,2736,351.8205128205128
scikit-learn,sklearn/linear_model/randomized_l1.py,100.0,🔴 High,89,39,0.4606741573033708,2442,236.6931818181818
django,django/contrib/gis/geos/point.py,100.0,🔴 High,32,13,0.5,5965,111.1875
pytest,py/test/pycollect.py,100.0,🔴 High,66,5,0.2575757575757575,383,306.3030303030303
scikit-learn,sklearn/utils/tests/test_validation.py,100.0,🔴 High,227,83,0.3832599118942731,5273,971.1409691629956
django,django/contrib/gis/geos/polygon.py,100.0,🔴 High,37,22,0.5675675675675675,5965,112.4054054054054
scikit-learn,sklearn/utils/validation.py,100.0,🔴 High,368,117,0.3940217391304347,5309,597.8505434782609
django,django/contrib/gis/geos/libgeos.py,100.0,🔴 High,54,26,0.5555555555555556,6369,92.22222222222224
django,django/contrib/gis/geos/linestring.py,100.0,🔴 High,36,18,0.5833333333333334,5965,118.22222222222224
cli,httpie/__main__.py,100.0,🔴 High,40,9,0.2,3443,87.97435897435898
click,src/click/exceptions.py,100.0,🔴 High,36,17,0.2777777777777778,2266,164.62857142857143
django,django/contrib/gis/geos/geometry.py,100.0,🔴 High,102,25,0.6568627450980392,5979,393.7058823529411
scikit-learn,sklearn/utils/tests/test_random.py,100.0,🔴 High,30,18,0.2666666666666666,4471,99.56666666666666
scikit-learn,sklearn/linear_model/omp.py,100.0,🔴 High,98,40,0.5306122448979592,2925,307.5520833333333
django,django/contrib/gis/geos/prototypes/geom.py,100.0,🔴 High,25,15,0.48,6190,65.36
django,django/contrib/gis/management/commands/ogrinspect.py,100.0,🔴 High,32,18,0.6875,4930,94.0
scikit-learn,sklearn/tree/tests/test_export.py,100.0,🔴 High,68,38,0.4852941176470588,4810,262.8235294117647
django,django/contrib/gis/geos/prototypes/io.py,100.0,🔴 High,46,19,0.5652173913043478,5960,200.80434782608697
scikit-learn,sklearn/manifold/mds.py,100.0,🔴 High,71,28,0.4084507042253521,2609,140.3661971830986
django,django/contrib/gis/geos/prototypes/errcheck.py,100.0,🔴 High,21,11,0.4285714285714285,6195,54.285714285714285
scikit-learn,examples/linear_model/plot_robust_fit.py,99.9,🔴 High,13,8,0.2307692307692307,3794,54.92307692307692
django,tests/check_framework/tests.py,99.9,🔴 High,47,23,0.5957446808510638,4310,245.8510638297872
django,tests/regressiontests/admin_inlines/tests.py,99.9,🔴 High,32,16,0.6875,1096,246.625
flask,flask/signals.py,99.9,🔴 High,21,10,0.0952380952380952,3262,29.238095238095237
scikit-learn,sklearn/cluster/_k_means.c,99.9,🔴 High,47,11,0.2340425531914893,1317,5396.888888888889
flask,flask/testsuite/__init__.py,99.9,🔴 High,23,7,0.1739130434782608,1104,139.04347826086956
scikit-learn,sklearn/cluster/_feature_agglomeration.py,99.9,🔴 High,40,22,0.175,5180,25.63157894736842
scikit-learn,sklearn/cluster/tests/test_hierarchical.py,99.9,🔴 High,141,58,0.3687943262411347,5358,346.4609929078014
scikit-learn,examples/linear_model/plot_sgd_comparison.py,99.9,🔴 High,29,16,0.2758620689655172,4256,39.03448275862069
django,tests/regressiontests/admin_inlines/models.py,99.9,🔴 High,19,12,0.8947368421052632,1392,85.0
scikit-learn,examples/svm/plot_svm_regression.py,99.9,🔴 High,24,15,0.2083333333333333,5092,29.208333333333332
scikit-learn,sklearn/cluster/_dbscan.py,99.9,🔴 High,47,34,0.2765957446808511,2120,98.97826086956522
django,django/contrib/admin/static/admin/js/calendar.js,99.9,🔴 High,23,16,0.8260869565217391,5419,166.5909090909091
django,tests/regressiontests/app_loading/tests.py,99.9,🔴 High,19,7,0.6842105263157895,1371,49.0
scikit-learn,examples/linear_model/plot_logistic_multinomial.py,99.9,🔴 High,15,11,0.2666666666666666,3968,47.86666666666667
scikit-learn,sklearn/utils/sparsefuncs.py,99.9,🔴 High,81,38,0.1851851851851851,4478,201.01234567901236
cli,httpie/pretty.py,99.9,🔴 High,26,8,0.2307692307692307,146,48.61538461538461
scikit-learn,sklearn/cluster/tests/test_feature_agglomeration.py,99.9,🔴 High,16,11,0.0625,2702,40.25
scikit-learn,sklearn/utils/metaestimators.py,99.9,🔴 High,55,28,0.4181818181818181,4356,89.61818181818182
django,django/contrib/admin/static/admin/js/inlines.js,99.9,🔴 High,30,19,0.7333333333333333,5406,241.17241379310343
django,django/contrib/admin/static/admin/js/inlines.min.js,99.9,🔴 High,27,15,0.5925925925925926,3223,10.461538461538462
scikit-learn,examples/svm/plot_custom_kernel.py,99.9,🔴 High,29,14,0.3103448275862069,5867,24.896551724137932
django,tests/annotations/models.py,99.9,🔴 High,11,9,0.5454545454545454,3880,56.27272727272727
django,tests/regressiontests/inspectdb/tests.py,99.9,🔴 High,19,8,0.7368421052631579,760,58.73684210526316
scikit-learn,sklearn/utils/optimize.py,99.9,🔴 High,42,22,0.238095238095238,4724,122.54761904761904
django,tests/regressiontests/utils/html.py,99.9,🔴 High,11,7,0.5454545454545454,863,114.9090909090909
scikit-learn,examples/svm/plot_separating_hyperplane.py,99.9,🔴 High,27,12,0.3703703703703703,5085,25.384615384615383
scikit-learn,examples/linear_model/plot_ridge_path.py,99.9,🔴 High,22,15,0.3181818181818182,5094,22.90909090909091
scikit-learn,sklearn/utils/graph.py,99.9,🔴 High,43,27,0.3255813953488372,5303,67.34883720930233
django,tests/admin_views/test_templatetags.py,99.9,🔴 High,17,15,0.5294117647058824,3730,119.6470588235294
django,tests/aggregation_regress/models.py,99.9,🔴 High,15,10,0.4,3601,69.07142857142857
pytest,py/impl/test/config.py,99.9,🔴 High,21,2,0.2857142857142857,69,225.52380952380952
django,tests/regressiontests/aggregation_regress/models.py,99.9,🔴 High,32,7,0.875,1495,83.59375
scikit-learn,examples/svm/plot_svm_anova.py,99.9,🔴 High,35,19,0.1714285714285714,5108,29.705882352941178
flask,flask/testsuite/blueprints.py,99.9,🔴 High,26,7,0.4230769230769231,1096,583.8846153846154
scikit-learn,sklearn/cluster/bicluster/spectral.py,99.9,🔴 High,21,6,0.4285714285714285,377,225.45
scikit-learn,examples/linear_model/plot_ols_ridge_variance.py,99.9,🔴 High,18,11,0.2777777777777778,4519,29.72222222222222
flask,src/flask/sessions.py,99.9,🔴 High,35,8,0.2,2454,166.08823529411765
scikit-learn,examples/svm/plot_svm_nonlinear.py,99.9,🔴 High,19,12,0.3684210526315789,4807,21.05263157894737
scikit-learn,examples/neighbors/plot_kde_1d.py,99.9,🔴 High,17,12,0.1764705882352941,4029,83.58823529411765
pytest,py/test/plugin/pytest_xfail.py,99.9,🔴 High,23,3,0.217391304347826,191,55.391304347826086
flask,src/flask/blueprints.py,99.9,🔴 High,60,17,0.3333333333333333,1893,279.135593220339
scikit-learn,sklearn/cluster/__init__.py,99.9,🔴 High,39,22,0.2564102564102564,5079,33.86486486486486
scikit-learn,sklearn/calibration.py,99.9,🔴 High,165,72,0.3454545454545454,4171,375.03636363636366
django,tests/admin_utils/models.py,99.9,🔴 High,15,9,0.4,3977,54.42857142857143
flask,flask.py,99.9,🔴 High,103,9,0.3980582524271844,88,349.8932038834951
rich,tests/test_highlighter.py,99.9,🔴 High,27,10,0.1481481481481481,1572,182.11111111111111
rich,tests/test_inspect.py,99.9,🔴 High,32,10,0.3125,1902,232.375
django,tests/proxy_model_inheritance/tests.py,99.9,🔴 High,29,10,0.1724137931034483,4529,34.642857142857146
django,tests/contenttypes_tests/tests.py,99.9,🔴 High,52,20,0.5192307692307693,1421,293.25
scikit-learn,scikits/learn/utils/extmath.py,99.9,🔴 High,33,8,0.2727272727272727,464,71.59375
scikit-learn,examples/linear_model/plot_lasso_lars.py,99.9,🔴 High,21,12,0.1428571428571428,4953,19.0
django,tests/custom_columns/tests.py,99.9,🔴 High,21,16,0.3333333333333333,3510,98.4
scikit-learn,examples/tree/plot_iris_dtc.py,99.9,🔴 High,14,9,0.2142857142857142,2706,43.69230769230769
django,tests/project_template/test_settings.py,99.9,🔴 High,16,8,0.6875,4137,32.3125
scikit-learn,sklearn/utils/_tags.py,99.9,🔴 High,22,11,0.2272727272727272,1875,142.8181818181818
django,tests/custom_managers/models.py,99.9,🔴 High,26,18,0.5769230769230769,3503,122.68
scikit-learn,sklearn/preprocessing/tests/test_target_encoder.py,99.9,🔴 High,14,9,0.5,1090,440.7142857142857
rich,tests/test_syntax.py,99.9,🔴 High,45,11,0.2444444444444444,2092,261.6
rich,tests/test_text.py,99.9,🔴 High,83,7,0.2409638554216867,2222,465.96385542168673
rich,tests/test_traceback.py,99.9,🔴 High,34,9,0.2941176470588235,1903,189.5
scikit-learn,benchmarks/bench_20newsgroups.py,99.9,🔴 High,14,9,0.0714285714285714,3661,77.07142857142857
django,tests/postgres_tests/test_unaccent.py,99.9,🔴 High,12,11,0.25,3070,50.75
cli,tests/test_auth.py,99.9,🔴 High,35,6,0.1142857142857142,3602,64.82857142857142
django,tests/datetimes/tests.py,99.9,🔴 High,17,13,0.4705882352941176,3603,158.0
scikit-learn,benchmarks/bench_glmnet.py,99.9,🔴 High,13,10,0.3076923076923077,4883,84.33333333333333
scikit-learn,examples/model_selection/plot_randomized_search.py,99.9,🔴 High,16,13,0.25,3318,49.666666666666664
scikit-learn,examples/model_selection/plot_roc.py,99.9,🔴 High,31,25,0.2258064516129032,4321,133.93548387096774
scikit-learn,scikits/learn/tests/test_svm.py,99.9,🔴 High,52,5,0.3846153846153846,175,125.94117647058825
scikit-learn,examples/model_selection/plot_precision_recall.py,99.9,🔴 High,26,20,0.1538461538461538,4593,89.52
django,tests/proxy_models/models.py,99.9,🔴 High,17,14,0.5882352941176471,4529,101.4375
flask,src/flask/typing.py,99.9,🔴 High,26,12,0.2692307692307692,1480,46.34615384615385
pytest,py/test/pluginmanager.py,99.9,🔴 High,26,2,0.1153846153846153,141,165.92307692307693
scikit-learn,sklearn/_min_dependencies.py,99.9,🔴 High,93,26,0.1182795698924731,2092,50.391304347826086
django,django/contrib/admin/static/admin/js/actions.js,99.9,🔴 High,26,17,0.5769230769230769,5429,152.52
flask,flask/module.py,99.9,🔴 High,22,8,0.2727272727272727,1280,63.45454545454545
scikit-learn,sklearn/decomposition/_truncated_svd.py,99.9,🔴 High,48,28,0.3125,2325,79.80851063829788
django,tests/regressiontests/model_inheritance_regress/models.py,99.9,🔴 High,26,7,0.9615384615384616,1524,66.3076923076923
django,django/contrib/admin/static/admin/js/SelectFilter2.js,99.9,🔴 High,47,27,0.7659574468085106,5406,192.5531914893617
django,django/contrib/admin/static/admin/js/SelectBox.js,99.9,🔴 High,21,12,0.7142857142857143,5406,121.95
scikit-learn,examples/text/document_classification_20newsgroups.py,99.9,🔴 High,19,15,0.2631578947368421,1528,222.83333333333337
scikit-learn,examples/model_selection/plot_grid_search_refit_callable.py,99.9,🔴 High,12,10,0.0833333333333333,2716,88.33333333333333
django,tests/redirects_tests/tests.py,99.9,🔴 High,13,9,0.2307692307692307,4121,65.46153846153847
django,tests/composite_pk/test_filter.py,99.9,🔴 High,18,5,0.8333333333333334,584,469.94444444444446
cli,httpie/sessions.py,99.9,🔴 High,70,9,0.2714285714285714,3547,139.11428571428573
cli,httpie/utils.py,99.9,🔴 High,37,9,0.2972972972972973,3460,66.21621621621621
django,django/contrib/auth/migrations/0001_initial.py,99.9,🔴 High,17,12,0.4705882352941176,3151,103.82352941176472
django,django/contrib/admin/migrations/0001_initial.py,99.9,🔴 High,12,10,0.3333333333333333,3152,42.333333333333336
scikit-learn,examples/neighbors/approximate_nearest_neighbors.py,99.9,🔴 High,20,11,0.3,2365,176.65
django,tests/composite_pk/tests.py,99.9,🔴 High,15,10,0.7333333333333333,789,323.6
django,tests/queryset_pickle/models.py,99.9,🔴 High,23,13,0.5217391304347826,3264,40.13636363636363
scikit-learn,sklearn/utils/arpack.py,99.9,🔴 High,20,10,0.4,2107,851.75
scikit-learn,examples/multioutput/plot_classifier_chain_yeast.py,99.9,🔴 High,18,11,0.3888888888888889,2545,55.55555555555556
scikit-learn,examples/model_selection/plot_multi_metric_evaluation.py,99.9,🔴 High,14,11,0.2857142857142857,2537,51.857142857142854
django,tests/admin_validation/tests.py,99.9,🔴 High,19,10,0.5263157894736842,667,207.61111111111111
scikit-learn,examples/linear_model/plot_logistic.py,99.9,🔴 High,21,15,0.4285714285714285,4520,36.45
django,tests/regressiontests/logging_tests/tests.py,99.9,🔴 High,21,8,0.8571428571428571,579,165.33333333333334
django,tests/regressiontests/many_to_one_regress/models.py,99.9,🔴 High,15,8,0.8,2378,21.133333333333333
rich,rich/tree.py,99.9,🔴 High,28,9,0.1785714285714285,1283,181.03571428571428
scikit-learn,examples/linear_model/plot_sgd_loss_functions.py,99.9,🔴 High,21,15,0.3333333333333333,4982,28.61904761904762
cli,httpie/httpie.py,99.9,🔴 High,24,5,0.4583333333333333,7,148.0
scikit-learn,examples/plot_pls.py,99.9,🔴 High,27,9,0.1481481481481481,916,65.48148148148148
scikit-learn,sklearn/datasets/tests/test_kddcup99.py,99.9,🔴 High,18,13,0.3333333333333333,3394,44.611111111111114
flask,src/flask/json/__init__.py,99.9,🔴 High,28,9,0.1428571428571428,2295,118.5925925925926
cli,httpie/cli/definition.py,99.9,🔴 High,55,6,0.2727272727272727,1435,627.8
scikit-learn,sklearn/datasets/_svmlight_format_io.py,99.9,🔴 High,34,21,0.2058823529411764,2272,229.85294117647055
pytest,py/test/plugin/pytest_restdoc.py,99.9,🔴 High,32,4,0.21875,191,399.71875
cli,httpie/core.py,99.9,🔴 High,105,8,0.3714285714285714,3724,152.8190476190476
django,tests/auth_tests/test_signals.py,99.9,🔴 High,12,11,0.6666666666666666,3245,69.25
django,tests/auth_tests/test_templates.py,99.9,🔴 High,17,10,0.4705882352941176,4502,69.70588235294117
scikit-learn,sklearn/datasets/_species_distributions.py,99.9,🔴 High,23,15,0.2608695652173913,2102,95.1304347826087
cli,httpie/downloads.py,99.9,🔴 High,66,7,0.2272727272727272,3812,265.72727272727275
scikit-learn,sklearn/utils/tests/test_indexing.py,99.9,🔴 High,20,12,0.4,860,521.05
django,tests/asgi/urls.py,99.9,🔴 High,10,9,0.7,2653,34.9
scikit-learn,examples/linear_model/plot_sgd_penalties.py,99.9,🔴 High,16,12,0.1875,4982,35.6
scikit-learn,sklearn/neighbors/__init__.py,99.9,🔴 High,32,18,0.21875,5074,23.78125
django,tests/regressiontests/file_uploads/views.py,99.9,🔴 High,19,9,0.7894736842105263,1582,66.78947368421052
pytest,py/test/plugin/pytest_runner.py,99.9,🔴 High,33,2,0.4242424242424242,151,214.12121212121212
scikit-learn,sklearn/utils/tests/test_fixes.py,99.9,🔴 High,47,25,0.3617021276595745,5303,53.22222222222222
cli,httpie/cli/argparser.py,99.9,🔴 High,39,6,0.3333333333333333,978,319.4102564102564
django,tests/backends/base/test_base.py,99.9,🔴 High,14,12,0.5,3414,237.42857142857144
scikit-learn,sklearn/neighbors/_kde.py,99.9,🔴 High,52,32,0.1923076923076923,2106,125.8076923076923
django,tests/backends/base/test_creation.py,99.9,🔴 High,18,9,0.6666666666666666,3258,156.33333333333334
scikit-learn,sklearn/neighbors/_lof.py,99.9,🔴 High,44,31,0.1590909090909091,2367,139.52272727272728
scikit-learn,sklearn/neighbors/_nearest_centroid.py,99.9,🔴 High,35,24,0.1428571428571428,2106,91.08571428571427
django,tests/backends/models.py,99.9,🔴 High,23,14,0.5652173913043478,4304,83.63636363636364
flask,scripts/make-release.py,99.9,🔴 High,18,9,0.3888888888888889,2896,100.11111111111111
rich,rich/panel.py,99.9,🔴 High,93,10,0.1935483870967742,1989,121.19354838709675
django,tests/auth_tests/test_middleware.py,99.9,🔴 High,19,15,0.5263157894736842,4072,80.22222222222223
scikit-learn,examples/manifold/plot_t_sne_perplexity.py,99.9,🔴 High,15,12,0.2666666666666666,2617,82.66666666666667
scikit-learn,sklearn/datasets/tests/test_covtype.py,99.9,🔴 High,17,12,0.2352941176470588,4074,25.823529411764707
pytest,src/_pytest/nodes.py,99.9,🔴 High,183,27,0.4098360655737705,2850,357.4120879120879
django,tests/auth_tests/models/custom_user.py,99.9,🔴 High,12,9,0.6666666666666666,3707,75.58333333333333
django,tests/regressiontests/forms/widgets.py,99.9,🔴 High,29,11,0.9655172413793104,1117,8.89655172413793
django,tests/auth_tests/models/__init__.py,99.9,🔴 High,17,14,0.8235294117647058,4115,21.235294117647054
django,django/contrib/admin/views/template.py,99.9,🔴 High,12,4,0.5,1545,56.81818181818182
flask,src/flask/config.py,99.9,🔴 High,25,7,0.2,1979,113.5
scikit-learn,examples/mixture/plot_gmm_covariances.py,99.9,🔴 High,13,10,0.1538461538461538,3149,71.15384615384616
django,django/contrib/admin/views/doc.py,99.9,🔴 High,32,5,0.75,757,281.0
django,tests/regressiontests/forms/tests/formsets.py,99.9,🔴 High,16,12,0.875,829,640.375
django,tests/regressiontests/forms/tests/forms.py,99.9,🔴 High,18,8,0.7222222222222222,829,1313.2222222222222
flask,src/flask/ctx.py,99.9,🔴 High,44,8,0.2045454545454545,2623,194.4418604651163
django,tests/regressiontests/forms/tests/extra.py,99.9,🔴 High,19,10,0.5789473684210527,830,643.1052631578947
scikit-learn,sklearn/utils/tests/test_optimize.py,99.9,🔴 High,12,8,0.1666666666666666,4129,78.83333333333333
django,tests/regressiontests/requests/tests.py,99.9,🔴 High,45,14,0.7111111111111111,1802,243.82222222222225
scikit-learn,sklearn/utils/tests/test_seq_dataset.py,99.9,🔴 High,15,11,0.2666666666666666,3748,107.8
scikit-learn,sklearn/datasets/kddcup99.py,99.9,🔴 High,26,22,0.5769230769230769,1628,162.30769230769232
scikit-learn,examples/plot_lda_qda.py,99.9,🔴 High,20,11,0.1,1404,93.85
scikit-learn,sklearn/datasets/tests/test_common.py,99.9,🔴 High,15,10,0.2666666666666666,2797,82.26666666666667
django,tests/auth_tests/test_admin_multidb.py,99.9,🔴 High,11,9,0.3636363636363636,2826,42.72727272727273
scikit-learn,examples/plot_missing_values.py,99.9,🔴 High,11,8,0.2727272727272727,465,61.18181818181818
cli,httpie/config.py,99.9,🔴 High,37,6,0.4054054054054054,3547,78.70270270270271
django,tests/auth_tests/test_checks.py,99.9,🔴 High,13,12,0.6153846153846154,3500,227.30769230769232
django,tests/auth_tests/test_context_processors.py,99.9,🔴 High,20,10,0.35,4014,90.65
django,tests/auth_tests/test_decorators.py,99.9,🔴 High,18,12,0.4444444444444444,4007,144.05555555555554
django,django/contrib/admin/templatetags/admin_urls.py,99.9,🔴 High,17,13,0.7647058823529411,4634,37.1764705882353
scikit-learn,sklearn/datasets/tests/test_rcv1.py,99.9,🔴 High,15,12,0.0666666666666666,2913,46.53333333333333
scikit-learn,sklearn/neighbors/approximate.py,99.9,🔴 High,51,14,0.4901960784313725,1436,231.2156862745098
scikit-learn,sklearn/datasets/tests/test_samples_generator.py,99.9,🔴 High,77,44,0.2337662337662337,5303,344.41333333333336
django,tests/backends/test_utils.py,99.9,🔴 High,17,8,0.4705882352941176,3116,52.64705882352941
scikit-learn,sklearn/neighbors/tests/test_dist_metrics.py,99.9,🔴 High,28,19,0.4642857142857143,3039,130.78571428571428
scikit-learn,examples/preprocessing/plot_all_scaling.py,99.9,🔴 High,23,17,0.2608695652173913,2564,142.7391304347826
django,tests/bash_completion/tests.py,99.9,🔴 High,20,11,0.4,3986,69.05263157894737
django,django/contrib/auth/checks.py,99.9,🔴 High,22,18,0.5909090909090909,4307,148.54545454545453
scikit-learn,examples/preprocessing/plot_scaling_importance.py,99.9,🔴 High,22,15,0.2727272727272727,3403,86.81818181818181
scikit-learn,sklearn/utils/testing.py,99.9,🔴 High,185,65,0.3837837837837838,2975,324.4590163934426
scikit-learn,sklearn/utils/tests/test_sparsefuncs.py,99.9,🔴 High,70,34,0.2285714285714285,5195,362.3428571428571
flask,src/flask/scaffold.py,99.9,🔴 High,47,17,0.2765957446808511,1067,303.3191489361702
scikit-learn,sklearn/decomposition/_sparse_pca.py,99.9,🔴 High,51,22,0.2352941176470588,2100,154.7843137254902
django,tests/regressiontests/test_client_regress/urls.py,99.9,🔴 High,22,9,0.9090909090909092,1681,21.09090909090909
django,tests/bulk_create/models.py,99.9,🔴 High,17,14,0.7058823529411765,4421,72.3125
scikit-learn,examples/release_highlights/plot_release_highlights_0_22_0.py,99.9,🔴 High,30,16,0.1333333333333333,2460,92.2
scikit-learn,examples/neighbors/plot_nearest_centroid.py,99.9,🔴 High,19,14,0.3157894736842105,5188,28.842105263157897
scikit-learn,sklearn/neighbors/unsupervised.py,99.9,🔴 High,41,24,0.3902439024390244,2934,13.609756097560975
scikit-learn,examples/linear_model/plot_sparse_recovery.py,99.9,🔴 High,17,10,0.3529411764705882,1949,78.70588235294117
scikit-learn,examples/model_selection/grid_search_text_feature_extraction.py,99.9,🔴 High,14,12,0.1428571428571428,3148,49.53846153846154
scikit-learn,sklearn/neural_network/_base.py,99.9,🔴 High,20,12,0.25,3503,51.35
scikit-learn,examples/linear_model/plot_sparse_logistic_regression_mnist.py,99.9,🔴 High,16,11,0.3125,3165,46.375
scikit-learn,sklearn/covariance/elliptic_envelope.py,99.9,🔴 High,16,13,0.25,576,42.625
django,tests/regressiontests/comment_tests/tests/moderation_view_tests.py,99.9,🔴 High,15,10,0.5333333333333333,1627,159.53333333333333
scikit-learn,examples/linear_model/plot_sparse_logistic_regression_20newsgroups.py,99.9,🔴 High,13,9,0.2307692307692307,3165,81.15384615384616
scikit-learn,sklearn/neural_network/_stochastic_optimizers.py,99.9,🔴 High,16,12,0.375,3216,81.75
scikit-learn,examples/linear_model/plot_sgd_weighted_samples.py,99.9,🔴 High,21,13,0.3333333333333333,4878,29.714285714285715
pytest,py/test/plugin/pytest_doctest.py,99.9,🔴 High,24,2,0.2083333333333333,191,136.58333333333334
scikit-learn,examples/linear_model/plot_sgd_separating_hyperplane.py,99.9,🔴 High,24,15,0.3333333333333333,4982,25.166666666666668
scikit-learn,sklearn/neighbors/tests/test_ball_tree.py,99.9,🔴 High,45,23,0.3777777777777777,4346,157.04444444444445
scikit-learn,sklearn/neighbors/tests/test_approximate.py,99.9,🔴 High,34,10,0.5588235294117647,1293,246.02941176470588
scikit-learn,sklearn/neighbors/ball_tree.c,99.9,🔴 High,57,14,0.2807017543859649,1274,16504.666666666668
scikit-learn,sklearn/utils/tests/test_class_weight.py,99.9,🔴 High,46,27,0.4347826086956521,4359,145.3695652173913
scikit-learn,sklearn/utils/tests/test_set_output.py,99.9,🔴 High,18,9,0.6111111111111112,1338,220.77777777777777
scikit-learn,examples/plot_classification_probability.py,99.9,🔴 High,19,12,0.3157894736842105,1483,44.05263157894737
scikit-learn,sklearn/neighbors/base.py,99.9,🔴 High,134,48,0.4104477611940298,2960,361.5597014925374
django,tests/regressiontests/templates/loaders.py,99.9,🔴 High,19,12,0.631578947368421,1653,94.47368421052632
scikit-learn,sklearn/neighbors/classification.py,99.9,🔴 High,91,39,0.3516483516483517,2966,100.64835164835164
scikit-learn,sklearn/decomposition/__init__.py,99.9,🔴 High,41,19,0.1951219512195122,5079,28.23076923076923
django,tests/regressiontests/extra_regress/models.py,99.9,🔴 High,20,10,0.75,1504,26.15
scikit-learn,examples/neural_networks/plot_rbm_logistic_classification.py,99.9,🔴 High,16,14,0.1875,3977,62.8
scikit-learn,sklearn/cross_decomposition/tests/test_pls.py,99.9,🔴 High,59,32,0.4067796610169492,4668,368.9491525423729
scikit-learn,benchmarks/bench_isotonic.py,99.9,🔴 High,12,9,0.1666666666666666,3722,67.5
django,tests/backends/postgresql/tests.py,99.9,🔴 High,41,18,0.6829268292682927,3364,261.6585365853659
scikit-learn,sklearn/neighbors/kde.py,99.9,🔴 High,19,8,0.3157894736842105,1916,82.78947368421052
django,tests/regressiontests/modeladmin/models.py,99.9,🔴 High,18,10,0.8333333333333334,1485,31.0
scikit-learn,sklearn/utils/tests/test_estimator_html_repr.py,99.9,🔴 High,22,13,0.4545454545454545,1951,256.5
django,tests/regressiontests/defer_regress/models.py,99.9,🔴 High,20,9,0.85,1347,27.15
pytest,src/_pytest/pastebin.py,99.9,🔴 High,32,13,0.4375,2906,79.03225806451613
flask,flask/testsuite/testing.py,99.9,🔴 High,28,8,0.3571428571428571,1547,165.17857142857142
django,django/contrib/auth/backends.py,99.9,🔴 High,61,34,0.7704918032786885,7235,94.8688524590164
scikit-learn,sklearn/utils/tests/test_deprecation.py,99.9,🔴 High,18,10,0.1666666666666666,2847,45.388888888888886
scikit-learn,sklearn/decomposition/_incremental_pca.py,99.9,🔴 High,41,29,0.2439024390243902,2325,134.6829268292683
scikit-learn,sklearn/neighbors/nearest_centroid.py,99.9,🔴 High,42,17,0.5,2746,62.23809523809524
django,tests/regressiontests/model_regress/tests.py,99.9,🔴 High,14,11,0.7857142857142857,1390,113.5
rich,rich/spinner.py,99.9,🔴 High,25,7,0.4,1654,78.48
pytest,py/test/plugin/pytest_pytester.py,99.9,🔴 High,70,2,0.3,191,389.4714285714286
scikit-learn,sklearn/neighbors/setup.py,99.9,🔴 High,12,9,0.3333333333333333,3684,27.083333333333332
scikit-learn,sklearn/neighbors/kd_tree.c,99.9,🔴 High,41,9,0.2439024390243902,730,20838.634146341465
pytest,py/test/collect.py,99.9,🔴 High,68,7,0.2058823529411764,950,346.55882352941177
django,tests/postgres_tests/test_operations.py,99.9,🔴 High,21,15,0.7142857142857143,2531,365.1904761904762
django,tests/modeltests/files/tests.py,99.9,🔴 High,17,8,0.8235294117647058,895,82.58823529411765
django,tests/m2m_regress/tests.py,99.9,🔴 High,20,13,0.5,3503,75.63157894736842
django,tests/modeltests/custom_columns/models.py,99.9,🔴 High,15,7,0.5333333333333333,2294,19.133333333333333
click,docs/conf.py,99.9,🔴 High,26,7,0.1923076923076923,4410,42.19230769230769
scikit-learn,examples/cluster/plot_mean_shift.py,99.9,🔴 High,28,15,0.1785714285714285,5078,28.928571428571427
scikit-learn,examples/cluster/plot_lena_segmentation.py,99.9,🔴 High,23,11,0.3043478260869565,1356,27.130434782608695
django,tests/sites_framework/tests.py,99.9,🔴 High,16,10,0.3125,4834,53.86666666666667
django,django/bin/django-admin.py,99.9,🔴 High,39,6,0.5641025641025641,5225,206.94736842105263
scikit-learn,scikits/learn/tests/test_neighbors.py,99.9,🔴 High,38,6,0.2368421052631578,539,94.36842105263158
scikit-learn,examples/gaussian_process/plot_gpc.py,99.9,🔴 High,17,8,0.1764705882352941,3389,64.0
scikit-learn,examples/cluster/plot_kmeans_assumptions.py,99.9,🔴 High,10,8,0.2,3263,46.6
django,tests/invalid_models_tests/test_ordinary_fields.py,99.9,🔴 High,70,38,0.6428571428571429,4360,657.0142857142857
django,tests/modeltests/get_or_create/models.py,99.9,🔴 High,14,9,0.5714285714285714,2258,11.071428571428571
scikit-learn,examples/cluster/plot_face_compress.py,99.9,🔴 High,15,10,0.2666666666666666,3777,62.46666666666667
click,click/termui.py,99.9,🔴 High,57,19,0.2456140350877192,2115,184.8947368421053
scikit-learn,sklearn/utils/_indexing.py,99.9,🔴 High,22,16,0.4090909090909091,860,354.27272727272725
scikit-learn,examples/feature_selection/plot_feature_selection.py,99.9,🔴 High,13,12,0.2307692307692307,4012,50.833333333333336
django,tests/m2m_signals/tests.py,99.9,🔴 High,14,12,0.3571428571428571,4637,417.0769230769231
django,tests/staticfiles_tests/cases.py,99.9,🔴 High,19,11,0.3157894736842105,3104,73.57894736842105
scikit-learn,sklearn/utils/_estimator_html_repr.py,99.9,🔴 High,30,13,0.4333333333333333,1916,278.06666666666666
scikit-learn,examples/exercises/plot_iris_exercise.py,99.9,🔴 High,19,11,0.3684210526315789,4518,41.333333333333336
django,tests/m2m_through_regress/models.py,99.9,🔴 High,12,11,0.3333333333333333,3264,63.27272727272727
django,tests/model_regress/tests.py,99.9,🔴 High,29,19,0.4482758620689655,3497,172.89285714285714
scikit-learn,examples/cluster/plot_segmentation_toy.py,99.9,🔴 High,30,20,0.2666666666666666,5043,39.93333333333333
django,tests/mail/test_sendtestemail.py,99.9,🔴 High,12,8,0.4166666666666667,4107,52.833333333333336
django,tests/managers_regress/models.py,99.9,🔴 High,15,9,0.5333333333333333,3264,79.35714285714286
scikit-learn,sklearn/tests/metadata_routing_common.py,99.9,🔴 High,26,6,0.1538461538461538,1050,305.9230769230769
scikit-learn,examples/exercises/plot_cv_digits.py,99.9,🔴 High,26,16,0.3461538461538461,4121,27.88
django,tests/many_to_one/models.py,99.9,🔴 High,19,16,0.3684210526315789,3986,60.27777777777778
scikit-learn,examples/ensemble/plot_voting_probas.py,99.9,🔴 High,12,10,0.5,3380,45.5
django,tests/test_runner/test_debug_sql.py,99.9,🔴 High,17,12,0.8235294117647058,4064,108.47058823529412
scikit-learn,examples/ensemble/plot_voting_decision_regions.py,99.9,🔴 High,13,10,0.3076923076923077,3663,43.61538461538461
scikit-learn,examples/gaussian_process/plot_gpc_isoprobability.py,99.9,🔴 High,20,9,0.3,3389,57.55
django,tests/introspection/models.py,99.9,🔴 High,26,19,0.6153846153846154,4721,57.0
pytest,py/plugin/pytest_pytester.py,99.9,🔴 High,16,1,0.5,67,380.125
django,tests/modeltests/many_to_many/models.py,99.9,🔴 High,17,7,0.7058823529411765,2294,68.41176470588235
scikit-learn,examples/classification/plot_digits_classification.py,99.9,🔴 High,15,13,0.1333333333333333,3977,32.285714285714285
django,django/conf/locale/cs/formats.py,99.9,🔴 High,20,11,0.65,4426,29.9
scikit-learn,examples/classification/plot_lda.py,99.9,🔴 High,20,11,0.05,3900,51.05
django,django/conf/locale/ca/formats.py,99.9,🔴 High,17,11,0.5882352941176471,4509,22.58823529411765
django,tests/modeltests/model_inheritance/models.py,99.9,🔴 High,16,9,0.5625,2294,54.6875
scikit-learn,examples/classification/plot_lda_qda.py,99.9,🔴 High,20,16,0.15,4477,113.0
django,tests/gis_tests/test_measure.py,99.9,🔴 High,12,11,0.4166666666666667,3261,223.0
scikit-learn,scikits/learn/mixture/gmm.py,99.9,🔴 High,21,4,0.3333333333333333,153,309.85
django,tests/gis_tests/test_spatialrefsys.py,99.9,🔴 High,17,9,0.6470588235294118,3815,99.3529411764706
click,click/_bashcomplete.py,99.9,🔴 High,45,15,0.4444444444444444,2107,128.6818181818182
django,tests/gis_tests/tests.py,99.9,🔴 High,16,12,0.375,3768,75.06666666666666
scikit-learn,examples/cluster/plot_agglomerative_clustering.py,99.9,🔴 High,17,13,0.3529411764705882,3784,37.94117647058823
scikit-learn,examples/cluster/plot_agglomerative_clustering_metrics.py,99.9,🔴 High,14,9,0.1428571428571428,4122,73.35714285714286
django,tests/modeltests/many_to_one/tests.py,99.9,🔴 High,15,7,0.7333333333333333,845,331.26666666666665
scikit-learn,scikits/learn/datasets/samples_generator.py,99.9,🔴 High,42,9,0.3571428571428571,463,136.83333333333334
pytest,pytest/plugin/config.py,99.9,🔴 High,22,2,0.2272727272727272,26,336.1818181818182
pytest,scripts/prepare-release-pr.py,99.9,🔴 High,21,8,0.4761904761904761,1714,126.0952380952381
django,tests/transaction_hooks/tests.py,99.9,🔴 High,11,9,0.8181818181818182,3877,189.27272727272728
django,tests/shortcuts/tests.py,99.9,🔴 High,23,8,0.3478260869565217,4026,68.73913043478261
scikit-learn,sklearn/svm/src/libsvm/libsvm_helper.c,99.9,🔴 High,14,11,0.2857142857142857,4858,263.8333333333333
django,tests/i18n/test_compilation.py,99.9,🔴 High,47,21,0.5319148936170213,4285,159.5744680851064
click,click/decorators.py,99.9,🔴 High,36,15,0.3333333333333333,2111,144.77777777777777
pytest,pytest/plugin/session.py,99.9,🔴 High,28,1,0.3214285714285714,33,408.037037037037
scikit-learn,sklearn/decomposition/incremental_pca.py,99.9,🔴 High,23,20,0.3043478260869565,1822,93.17391304347828
pytest,pytest/plugin/python.py,99.9,🔴 High,20,2,0.15,33,587.15
scikit-learn,examples/cluster/plot_digits_agglomeration.py,99.9,🔴 High,21,13,0.238095238095238,4520,39.15
scikit-learn,examples/gaussian_process/plot_gpr_noisy.py,99.9,🔴 High,20,10,0.2,3543,79.15789473684211
django,tests/sitemaps_tests/test_generic.py,99.9,🔴 High,15,12,0.4,3535,57.46666666666667
scikit-learn,examples/cluster/plot_digits_linkage.py,99.9,🔴 High,14,11,0.0714285714285714,3784,41.0
django,tests/modeltests/lookup/tests.py,99.9,🔴 High,11,8,0.9090909090909092,721,550.6363636363636
django,tests/staticfiles_tests/storage.py,99.9,🔴 High,22,16,0.6818181818181818,4374,51.0
scikit-learn,sklearn/tree/tree.py,99.9,🔴 High,416,63,0.25,2951,340.1418269230769
scikit-learn,examples/ensemble/plot_random_forest_regression_multioutput.py,99.9,🔴 High,12,9,0.5,3076,47.833333333333336
scikit-learn,sklearn/tests/test_qda.py,99.9,🔴 High,12,7,0.0,1295,48.4
scikit-learn,examples/ensemble/plot_gradient_boosting_quantile.py,99.9,🔴 High,33,20,0.2424242424242424,5050,97.24242424242424
django,tests/model_fields/test_charfield.py,99.9,🔴 High,13,12,0.4615384615384615,2718,58.15384615384615
scikit-learn,examples/ensemble/plot_gradient_boosting_early_stopping.py,99.9,🔴 High,16,12,0.125,2689,79.5625
django,tests/template_tests/syntax_tests/test_for.py,99.9,🔴 High,19,13,0.4210526315789473,3746,165.78947368421052
django,tests/template_tests/syntax_tests/test_firstof.py,99.9,🔴 High,11,8,0.4545454545454545,2640,71.0
django,tests/template_tests/syntax_tests/test_filter_syntax.py,99.9,🔴 High,15,10,0.4,2640,120.66666666666669
scikit-learn,scikits/learn/linear_model/least_angle.py,99.9,🔴 High,70,8,0.3571428571428571,272,244.5072463768116
scikit-learn,scikits/learn/linear_model/coordinate_descent.py,99.9,🔴 High,32,9,0.09375,280,147.59375
django,tests/template_tests/syntax_tests/test_cycle.py,99.9,🔴 High,15,9,0.3333333333333333,2641,138.0
click,src/click/decorators.py,99.9,🔴 High,56,19,0.2321428571428571,2287,237.5090909090909
scikit-learn,sklearn/tests/test_public_functions.py,99.9,🔴 High,225,83,0.0533333333333333,1355,213.4622222222222
scikit-learn,scikits/learn/linear_model/base.py,99.9,🔴 High,32,10,0.21875,280,229.4193548387097
scikit-learn,scikits/learn/lda.py,99.9,🔴 High,49,12,0.2040816326530612,514,89.42857142857143
scikit-learn,examples/decomposition/plot_pca_3d.py,99.9,🔴 High,23,17,0.2608695652173913,4123,49.68181818181818
scikit-learn,examples/decomposition/plot_pca_vs_lda.py,99.9,🔴 High,16,12,0.25,4852,27.857142857142858
django,tests/model_fields/test_field_flags.py,99.9,🔴 High,14,12,0.4285714285714285,3824,175.71428571428572
click,tests/test_compat.py,99.9,🔴 High,19,9,0.2105263157894736,4417,32.36842105263158
click,tests/test_commands.py,99.9,🔴 High,45,21,0.4666666666666667,4405,236.66666666666663
scikit-learn,scikits/learn/gmm.py,99.9,🔴 High,49,6,0.3469387755102041,160,281.7551020408163
scikit-learn,examples/ensemble/plot_gradient_boosting_categorical.py,99.9,🔴 High,21,13,0.1904761904761904,1939,125.0
django,tests/template_tests/filter_tests/test_urlizetrunc.py,99.9,🔴 High,12,9,0.75,3747,74.0
click,tests/test_arguments.py,99.9,🔴 High,58,21,0.4827586206896552,4400,253.72413793103448
scikit-learn,examples/ensemble/plot_adaboost_multiclass.py,99.9,🔴 High,33,18,0.303030303030303,4284,68.27272727272727
pytest,py/test/testing/test_pluginmanager.py,99.9,🔴 High,22,3,0.1818181818181818,142,217.45454545454547
scikit-learn,scikits/learn/glm/coordinate_descent.py,99.9,🔴 High,53,7,0.1886792452830188,246,116.96153846153848
django,tests/template_tests/filter_tests/test_date.py,99.9,🔴 High,12,8,0.75,2732,54.333333333333336
scikit-learn,scikits/learn/gaussian_process/gaussian_process.py,99.9,🔴 High,28,7,0.1071428571428571,291,389.8928571428572
django,tests/template_backends/test_dummy.py,99.9,🔴 High,17,13,0.4117647058823529,2970,72.05882352941177
click,src/click/shell_completion.py,99.9,🔴 High,53,32,0.320754716981132,2172,356.1509433962264
scikit-learn,examples/ensemble/plot_forest_importances_faces.py,99.9,🔴 High,27,15,0.1851851851851851,4651,23.703703703703702
click,src/click/_winconsole.py,99.9,🔴 High,21,8,0.0952380952380952,2253,232.4
django,tests/model_fields/test_filefield.py,99.9,🔴 High,19,14,0.5263157894736842,3596,92.21052631578948
django,tests/swappable_models/tests.py,99.9,🔴 High,24,10,0.125,3626,35.91304347826087
scikit-learn,sklearn/tests/test_lda.py,99.9,🔴 High,29,10,0.0689655172413793,1465,70.77777777777777
scikit-learn,examples/compose/plot_compare_reduction.py,99.9,🔴 High,22,16,0.3636363636363636,2289,58.42857142857143
scikit-learn,scikits/learn/feature_extraction/image.py,99.9,🔴 High,47,10,0.574468085106383,514,119.02272727272728
scikit-learn,examples/compose/plot_digits_pipe.py,99.9,🔴 High,22,15,0.1363636363636363,2233,44.61904761904762
scikit-learn,examples/compose/plot_transformed_target.py,99.9,🔴 High,20,14,0.25,2685,129.0
django,tests/test_client_regress/urls.py,99.9,🔴 High,18,13,0.5555555555555556,3286,39.0
scikit-learn,sklearn/tree/setup.py,99.9,🔴 High,17,11,0.3529411764705882,3805,23.764705882352946
django,tests/model_inheritance_regress/models.py,99.9,🔴 High,18,13,0.4444444444444444,3264,135.47058823529412
django,tests/model_inheritance/tests.py,99.9,🔴 High,56,31,0.625,4814,353.4727272727273
scikit-learn,sklearn/tree/export.py,99.9,🔴 High,58,27,0.3448275862068966,2349,248.41379310344828
django,tests/model_formsets/models.py,99.9,🔴 High,15,11,0.5333333333333333,4529,164.71428571428572
django,tests/model_forms_regress/tests.py,99.9,🔴 High,16,11,0.625,373,376.8
scikit-learn,scikits/learn/feature_extraction/tests/test_image.py,99.9,🔴 High,28,8,0.4285714285714285,332,79.88461538461539
django,tests/middleware_exceptions/middleware.py,99.9,🔴 High,13,12,0.4615384615384615,3892,59.53846153846154
django,tests/migrate_signals/tests.py,99.9,🔴 High,25,11,0.44,4335,80.0
scikit-learn,examples/cross_decomposition/plot_compare_cross_decomposition.py,99.9,🔴 High,15,14,0.4,4433,92.8
scikit-learn,scikits/learn/linear_model/tests/test_least_angle.py,99.9,🔴 High,24,7,0.2083333333333333,272,97.66666666666669
django,tests/template_tests/utils.py,99.9,🔴 High,20,10,0.3,3948,119.47368421052632
pytest,py/test/testing/test_funcargs.py,99.9,🔴 High,28,3,0.2142857142857142,140,287.07142857142856
scikit-learn,sklearn/tests/test_metaestimators.py,99.9,🔴 High,37,21,0.2162162162162162,4210,164.24324324324326
click,setup.py,99.9,🔴 High,36,11,0.0833333333333333,2575,25.13888888888889
click,src/click/__init__.py,99.9,🔴 High,53,8,0.0188679245283018,2323,75.96153846153847
django,tests/template_tests/test_nodelist.py,99.9,🔴 High,18,10,0.3333333333333333,3225,55.11764705882353
django,tests/template_tests/test_logging.py,99.9,🔴 High,14,12,0.2857142857142857,2851,73.71428571428571
django,tests/template_tests/test_context.py,99.9,🔴 High,30,20,0.5666666666666667,4242,127.34482758620688
django,tests/template_tests/test_callables.py,99.9,🔴 High,12,10,0.25,4485,79.18181818181819
scikit-learn,examples/datasets/plot_random_multilabel_dataset.py,99.9,🔴 High,11,9,0.1818181818181818,3828,50.09090909090909
django,tests/template_tests/templatetags/inclusion.py,99.9,🔴 High,16,11,0.4375,3960,137.4375
django,tests/syndication_tests/feeds.py,99.9,🔴 High,17,12,0.5882352941176471,4557,133.5
django,tests/model_fields/test_integerfield.py,99.9,🔴 High,17,14,0.7647058823529411,2718,189.1176470588235
django,tests/model_fields/test_generatedfield.py,99.9,🔴 High,19,9,0.8421052631578947,890,249.8947368421053
scikit-learn,scikits/learn/neighbors.py,99.9,🔴 High,77,10,0.3116883116883117,539,93.59210526315788
django,tests/gis_tests/geos_tests/test_io.py,99.9,🔴 High,19,10,0.4736842105263157,4024,136.26315789473685
scikit-learn,scikits/learn/pca.py,99.9,🔴 High,52,12,0.25,210,138.57692307692307
django,tests/utils_tests/test_numberformat.py,99.9,🔴 High,18,14,0.5555555555555556,3445,89.88235294117646
scikit-learn,build_tools/circle/list_versions.py,99.9,🔴 High,19,9,0.2631578947368421,3126,83.73684210526316
scikit-learn,build_tools/generate_authors_table.py,99.9,🔴 High,24,13,0.0416666666666666,2757,126.20833333333331
django,tests/utils_tests/test_timezone.py,99.9,🔴 High,37,16,0.5675675675675675,4335,145.91666666666666
scikit-learn,scikits/learn/svm/classification.py,99.9,🔴 High,25,1,0.24,28,83.125
pytest,src/_pytest/_py/path.py,99.9,🔴 High,31,7,0.3870967741935484,1062,1023.0645161290324
django,tests/expressions_case/models.py,99.9,🔴 High,12,8,0.3333333333333333,2589,64.75
django,tests/responses/tests.py,99.9,🔴 High,20,17,0.7,4744,90.35
pytest,src/_pytest/_io/terminalwriter.py,99.9,🔴 High,49,13,0.2040816326530612,1963,201.55102040816325
django,tests/modeltests/validation/tests.py,99.9,🔴 High,18,12,0.7222222222222222,1145,109.66666666666669
django,tests/utils_tests/test_simplelazyobject.py,99.9,🔴 High,15,11,0.4666666666666667,3225,84.71428571428571
django,tests/field_subclassing/tests.py,99.9,🔴 High,14,10,0.5,3264,55.69230769230769
scikit-learn,scikits/learn/svm.py,99.9,🔴 High,97,10,0.3195876288659793,205,156.61458333333334
cli,tests/test_output.py,99.9,🔴 High,60,6,0.2833333333333333,3602,274.21666666666664
scikit-learn,examples/inspection/plot_partial_dependence.py,99.9,🔴 High,40,25,0.225,2389,157.35
django,django/conf/locale/tr/formats.py,99.9,🔴 High,15,9,0.6666666666666666,4426,21.066666666666663
django,tests/resolve_url/tests.py,99.9,🔴 High,20,12,0.35,4684,35.421052631578945
django,tests/fixtures/models.py,99.9,🔴 High,18,14,0.5,3991,81.94117647058823
scikit-learn,scikits/learn/src/libsvm.c,99.9,🔴 High,20,1,0.35,81,4648.65
django,tests/fixtures_model_package/tests.py,99.9,🔴 High,26,15,0.5384615384615384,3497,77.68
django,tests/fixtures_regress/models.py,99.9,🔴 High,20,11,0.5,3307,186.0
django,tests/flatpages_tests/test_forms.py,99.9,🔴 High,14,9,0.4285714285714285,4121,82.85714285714286
django,django/conf/locale/sr_Latn/formats.py,99.9,🔴 High,15,9,0.6666666666666666,4426,33.53333333333333
django,tests/flatpages_tests/test_templatetags.py,99.9,🔴 High,11,9,0.5454545454545454,4121,137.0
django,django/conf/locale/sr/formats.py,99.9,🔴 High,15,9,0.6666666666666666,4426,33.53333333333333
django,tests/schema/fields.py,99.9,🔴 High,17,15,0.3529411764705882,3848,54.294117647058826
django,tests/foreign_object/models/article.py,99.9,🔴 High,13,10,0.3076923076923077,3826,75.46153846153847
django,django/conf/locale/sl/formats.py,99.9,🔴 High,13,9,0.6153846153846154,4426,31.692307692307693
django,tests/foreign_object/models/empty_join.py,99.9,🔴 High,12,11,0.4166666666666667,2839,69.33333333333333
django,django/conf/locale/sk/formats.py,99.9,🔴 High,17,10,0.7058823529411765,4426,22.235294117647054
django,tests/utils_tests/test_inspect.py,99.9,🔴 High,11,9,0.5454545454545454,4017,56.63636363636363
django,tests/responses/test_cookie.py,99.9,🔴 High,16,12,0.5,2601,96.875
django,tests/validation/models.py,99.9,🔴 High,24,19,0.6666666666666666,4177,112.47826086956522
django,django/conf/locale/ru/formats.py,99.9,🔴 High,17,9,0.7058823529411765,4426,26.11764705882353
django,tests/postgres_tests/fields.py,99.9,🔴 High,18,13,0.6111111111111112,3885,37.72222222222222
scikit-learn,examples/tree/plot_tree_regression.py,99.9,🔴 High,19,15,0.2105263157894736,4783,25.73684210526316
django,tests/db_functions/test_datetime.py,99.9,🔴 High,12,8,0.6666666666666666,885,775.25
scikit-learn,examples/tree/plot_unveil_tree_structure.py,99.9,🔴 High,16,13,0.5,2938,83.86666666666666
scikit-learn,benchmarks/bench_plot_neighbors.py,99.9,🔴 High,16,11,0.25,4594,144.25
scikit-learn,scikits/learn/tests/test_hmm.py,99.9,🔴 High,50,7,0.36,426,451.36
django,tests/postgres_tests/models.py,99.9,🔴 High,57,32,0.7017543859649122,4268,99.98245614035088
django,django/contrib/admin/forms.py,99.9,🔴 High,19,12,0.631578947368421,4081,23.36842105263158
django,tests/db_functions/tests.py,99.9,🔴 High,26,14,0.5384615384615384,2863,354.9230769230769
django,tests/postgres_tests/migrations/0002_create_test_models.py,99.9,🔴 High,53,28,0.6981132075471698,4329,299.37735849056605
pytest,py/test/rsession/reporter.py,99.9,🔴 High,23,2,0.217391304347826,209,262.17391304347825
scikit-learn,examples/linear_model/plot_iris_logistic.py,99.9,🔴 High,25,15,0.44,4520,25.583333333333332
django,django/contrib/admin/bin/compress.py,99.9,🔴 High,17,10,0.4705882352941176,2635,49.35294117647059
django,django/contrib/admin/actions.py,99.9,🔴 High,49,33,0.7142857142857143,6246,54.734693877551024
django,django/contrib/admin/__init__.py,99.9,🔴 High,35,20,0.7428571428571429,7547,21.941176470588236
django,tests/regressiontests/views/tests/static.py,99.9,🔴 High,20,8,0.7,1980,61.55
scikit-learn,scikits/learn/svm/regression.py,99.9,🔴 High,22,1,0.2272727272727272,28,57.0
scikit-learn,benchmarks/bench_random_projections.py,99.9,🔴 High,23,10,0.217391304347826,4843,190.30434782608697
scikit-learn,benchmarks/bench_rcv1_logreg_convergence.py,99.9,🔴 High,13,8,0.3846153846153846,3317,215.23076923076923
pytest,py/test/defaultconftest.py,99.9,🔴 High,38,5,0.3157894736842105,982,49.60526315789474
django,tests/db_typecasts/tests.py,99.9,🔴 High,10,9,0.3,3264,54.77777777777778
scikit-learn,benchmarks/bench_sample_without_replacement.py,99.9,🔴 High,14,9,0.2142857142857142,4128,141.28571428571428
scikit-learn,maint_tools/test_docstrings.py,99.9,🔴 High,246,72,0.0609756097560975,761,247.6991869918699
django,tests/one_to_one/models.py,99.9,🔴 High,17,11,0.4705882352941176,3986,61.375
django,tests/defer_regress/models.py,99.9,🔴 High,13,11,0.4615384615384615,4056,59.5
django,tests/null_queries/tests.py,99.9,🔴 High,16,13,0.5,4705,45.8
django,tests/delete_regress/models.py,99.9,🔴 High,10,9,0.6,3999,83.44444444444444
click,src/click/parser.py,99.9,🔴 High,32,14,0.25,2302,297.64516129032256
django,tests/requests_tests/tests.py,99.9,🔴 High,15,14,0.6666666666666666,1172,1193.2857142857142
django,tests/validation/test_unique.py,99.9,🔴 High,25,14,0.4,4177,136.95833333333334
scikit-learn,benchmarks/bench_tree.py,99.9,🔴 High,21,8,0.1428571428571428,4639,83.42857142857143
django,tests/forms_tests/field_tests/test_charfield.py,99.9,🔴 High,15,9,0.7333333333333333,3403,100.86666666666666
django,tests/forms_tests/field_tests/test_decimalfield.py,99.9,🔴 High,17,13,0.5294117647058824,2859,161.35294117647058
scikit-learn,sklearn/svm/setup.py,99.9,🔴 High,20,14,0.3,3576,60.72222222222222
django,tests/urls.py,99.9,🔴 High,32,14,0.8125,6355,11.90625
scikit-learn,examples/applications/plot_model_complexity_influence.py,99.9,🔴 High,26,19,0.0769230769230769,3868,129.15384615384616
scikit-learn,examples/grid_search_digits.py,99.9,🔴 High,31,9,0.2580645161290322,1380,31.677419354838708
scikit-learn,scikits/learn/setup.py,99.9,🔴 High,97,16,0.268041237113402,604,62.885416666666664
scikit-learn,examples/applications/plot_out_of_core_classification.py,99.9,🔴 High,71,25,0.2253521126760563,4689,219.8450704225352
django,django/conf/locale/hu/formats.py,99.9,🔴 High,16,8,0.8125,4426,20.6875
scikit-learn,sklearn/svm/_classes.py,99.9,🔴 High,96,52,0.1875,2412,333.1458333333333
django,tests/serializers/test_natural.py,99.9,🔴 High,17,14,0.7058823529411765,3786,151.7058823529412
django,django/conf/locale/hr/formats.py,99.9,🔴 High,17,11,0.5882352941176471,4426,35.05882352941177
django,tests/generic_relations/models.py,99.9,🔴 High,19,13,0.631578947368421,3264,79.38888888888889
scikit-learn,examples/applications/plot_tomography_l1_reconstruction.py,99.9,🔴 High,26,15,0.3076923076923077,5171,72.0
scikit-learn,examples/applications/plot_topics_extraction_with_nmf_lda.py,99.9,🔴 High,17,13,0.1176470588235294,2895,106.88235294117646
django,tests/modeltests/pagination/models.py,99.9,🔴 High,21,7,0.4761904761904761,2294,16.714285714285715
scikit-learn,sklearn/svm/bounds.py,99.9,🔴 High,22,13,0.3636363636363636,2952,33.05
scikit-learn,sklearn/svm/classes.py,99.9,🔴 High,185,66,0.3783783783783784,2952,98.70270270270272
django,tests/modeltests/or_lookups/models.py,99.9,🔴 High,18,7,0.6111111111111112,2294,29.11111111111111
django,tests/forms_tests/widget_tests/test_radioselect.py,99.9,🔴 High,17,12,0.6470588235294118,3793,191.41176470588235
scikit-learn,sklearn/svm/liblinear.c,99.9,🔴 High,28,10,0.3214285714285714,1512,5172.607142857143
scikit-learn,examples/applications/wikipedia_principal_eigenvector.py,99.9,🔴 High,38,27,0.2105263157894736,5574,123.97297297297295
django,django/conf/locale/fr/formats.py,99.9,🔴 High,19,10,0.7368421052631579,4991,26.0
scikit-learn,examples/bicluster/plot_bicluster_newsgroups.py,99.9,🔴 High,21,16,0.0952380952380952,4280,94.05
django,tests/urlpatterns_reverse/urls.py,99.9,🔴 High,27,14,0.6296296296296297,4256,72.88461538461539
pytest,py/test/session.py,99.9,🔴 High,53,5,0.2075471698113207,922,110.1509433962264
django,django/conf/locale/es_AR/formats.py,99.9,🔴 High,16,9,0.6875,4426,22.3125
django,django/conf/locale/es/formats.py,99.9,🔴 High,17,11,0.5882352941176471,4795,22.58823529411765
django,tests/gis_tests/geoadmin/tests.py,99.9,🔴 High,19,11,0.3684210526315789,3068,69.61111111111111
scikit-learn,examples/calibration/plot_calibration_curve.py,99.9,🔴 High,20,14,0.3,3442,118.45
scikit-learn,examples/calibration/plot_calibration_multiclass.py,99.9,🔴 High,18,13,0.3333333333333333,3916,132.83333333333334
scikit-learn,examples/calibration/plot_compare_calibration.py,99.9,🔴 High,26,18,0.3461538461538461,4093,69.34615384615384
scikit-learn,scikits/learn/preprocessing/__init__.py,99.9,🔴 High,50,8,0.24,316,143.08
django,tests/gis_tests/geoapp/models.py,99.9,🔴 High,19,10,0.3684210526315789,3818,60.05263157894737
django,tests/forms_tests/widget_tests/test_select.py,99.9,🔴 High,19,12,0.631578947368421,3793,321.36842105263156
django,django/conf/locale/it/formats.py,99.9,🔴 High,19,12,0.6842105263157895,4426,35.421052631578945
django,tests/forms_tests/field_tests/test_emailfield.py,99.9,🔴 High,13,10,0.6153846153846154,3186,53.23076923076923
cli,tests/tests.py,99.9,🔴 High,99,5,0.3232323232323232,746,811.89898989899
django,django/conf/locale/pt/formats.py,99.9,🔴 High,17,9,0.5882352941176471,4426,25.41176470588235
django,tests/utils_tests/test_feedgenerator.py,99.9,🔴 High,18,16,0.5555555555555556,4605,84.11764705882354
django,django/conf/locale/pl/formats.py,99.9,🔴 High,19,10,0.6842105263157895,4426,22.42105263157895
django,tests/utils_tests/test_decorators.py,99.9,🔴 High,14,11,0.3571428571428571,4490,70.53846153846153
django,tests/select_related/models.py,99.9,🔴 High,12,11,0.4166666666666667,3264,64.45454545454545
django,tests/utils_tests/test_datetime_safe.py,99.9,🔴 High,12,9,0.5,3225,39.54545454545455
django,tests/modeltests/timezones/tests.py,99.9,🔴 High,29,5,0.7241379310344828,450,748.6551724137931
django,tests/select_related_onetoone/tests.py,99.9,🔴 High,19,13,0.5263157894736842,4574,195.5
django,tests/forms_tests/field_tests/test_urlfield.py,99.9,🔴 High,19,15,0.6842105263157895,3626,140.3684210526316
django,django/conf/locale/nl/formats.py,99.9,🔴 High,14,10,0.5,4426,38.0
django,tests/forms_tests/models.py,99.9,🔴 High,18,11,0.2777777777777778,4728,89.41176470588235
django,tests/utils_tests/test_crypto.py,99.9,🔴 High,16,12,0.375,4771,151.06666666666666
cli,tests/test_uploads.py,99.9,🔴 High,36,7,0.2222222222222222,3602,152.83333333333334
scikit-learn,scikits/learn/cluster/k_means_.py,99.9,🔴 High,109,17,0.2844036697247706,371,203.9719626168224
django,django/conf/locale/mk/formats.py,99.9,🔴 High,16,11,0.6875,4426,29.1875
django,tests/forms_tests/widget_tests/test_multiwidget.py,99.9,🔴 High,16,10,0.625,3793,175.625
django,tests/modeltests/schema/tests.py,99.9,🔴 High,23,1,0.217391304347826,97,379.0869565217391
scikit-learn,examples/impute/plot_iterative_imputer_variants_comparison.py,99.9,🔴 High,19,11,0.3157894736842105,2673,76.57894736842105
django,tests/forms_tests/tests/test_i18n.py,99.9,🔴 High,17,10,0.4705882352941176,3418,94.6470588235294
django,tests/serializers/models/data.py,99.9,🔴 High,20,9,0.4,3357,137.4
django,tests/serializers/models/natural.py,99.9,🔴 High,10,9,0.6,3735,41.5
django,django/conf/locale/lv/formats.py,99.9,🔴 High,18,10,0.7777777777777778,4426,33.22222222222222
scikit-learn,scikits/learn/cluster/tests/test_k_means.py,99.9,🔴 High,24,9,0.375,371,91.77272727272728
cli,tests/utils/__init__.py,99.9,🔴 High,21,6,0.4761904761904761,1142,220.76190476190476
django,django/conf/locale/lt/formats.py,99.9,🔴 High,15,9,0.6666666666666666,4426,29.066666666666663
django,tests/forms_tests/tests/test_regressions.py,99.9,🔴 High,15,12,0.6,1389,99.78571428571428
django,tests/serializers/test_json.py,99.9,🔴 High,14,9,0.5714285714285714,3890,265.64285714285717
django,django/conf/locale/ko/formats.py,99.9,🔴 High,17,11,0.7058823529411765,5532,36.1764705882353
django,django/conf/locale/ka/formats.py,99.9,🔴 High,15,10,0.6666666666666666,4426,35.333333333333336
django,tests/utils_tests/test_archive.py,99.9,🔴 High,18,12,0.3888888888888889,4545,60.76470588235294
scikit-learn,sklearn/svm/src/libsvm/libsvm_sparse_helper.c,99.9,🔴 High,15,11,0.2666666666666666,4583,322.0
rich,rich/_inspect.py,99.9,🔴 High,28,9,0.25,1963,174.85714285714286
django,django/contrib/gis/gdal/raster/const.py,99.9,🔴 High,14,9,0.4285714285714285,3341,45.785714285714285
django,django/core/management/utils.py,99.9,🔴 High,32,22,0.375,4307,64.5
scikit-learn,sklearn/feature_selection/tests/test_rfe.py,99.9,🔴 High,94,61,0.3723404255319149,5342,238.84782608695653
django,django/core/mail/__init__.py,99.9,🔴 High,32,16,0.59375,5993,88.65625
requests,requests/sessions.py,99.9,🔴 High,335,106,0.3462686567164179,4378,233.8263473053892
scikit-learn,sklearn/metrics/tests/test_regression.py,99.9,🔴 High,47,34,0.4042553191489361,4379,323.6170212765957
requests,requests/__init__.py,99.9,🔴 High,179,27,0.106145251396648,4461,27.737430167597765
scikit-learn,sklearn/externals/joblib/logger.py,99.9,🔴 High,17,11,0.5882352941176471,2527,82.0
django,django/contrib/gis/geos/tests/test_geos_mutation.py,99.9,🔴 High,17,11,0.7058823529411765,1724,103.70588235294116
django,django/core/handlers/asgi.py,99.9,🔴 High,32,22,0.78125,2507,235.71875
django,django/core/formfields.py,99.9,🔴 High,20,2,0.7,229,618.2
django,django/contrib/gis/management/commands/inspectdb.py,99.9,🔴 High,13,10,0.3846153846153846,4930,44.07692307692308
django,django/core/files/temp.py,99.9,🔴 High,18,13,0.6666666666666666,5819,35.111111111111114
scikit-learn,sklearn/feature_selection/tests/test_variance_threshold.py,99.9,🔴 High,18,15,0.3333333333333333,3676,30.944444444444443
django,django/contrib/databrowse/datastructures.py,99.9,🔴 High,19,7,0.6842105263157895,1961,153.8421052631579
pytest,src/pytest/__init__.py,99.9,🔴 High,65,18,0.4461538461538462,2400,145.8923076923077
scikit-learn,sklearn/externals/joblib/format_stack.py,99.9,🔴 High,20,9,0.5,2527,246.33333333333337
requests,docs/conf.py,99.9,🔴 High,40,15,0.25,5535,54.725
requests,setup.py,99.9,🔴 High,172,43,0.1511627906976744,5471,70.04093567251462
django,django/core/mail/backends/console.py,99.9,🔴 High,15,11,0.4,5993,30.2
django,django/core/mail/backends/filebased.py,99.9,🔴 High,19,12,0.3157894736842105,6024,50.89473684210526
django,django/contrib/gis/geos/prototypes/threadsafe.py,99.9,🔴 High,16,13,0.6875,5844,46.0625
requests,requests/auth.py,99.9,🔴 High,118,46,0.3898305084745763,4311,142.44915254237287
scikit-learn,sklearn/manifold/t_sne.py,99.9,🔴 High,89,42,0.3820224719101123,2066,256.685393258427
django,django/core/management/commands/startproject.py,99.9,🔴 High,22,17,0.5454545454545454,6564,21.90909090909091
django,django/core/management/commands/startapp.py,99.9,🔴 High,19,12,0.5789473684210527,5556,20.94736842105263
django,django/utils/datetime_safe.py,99.9,🔴 High,20,14,0.45,4948,63.25
django,django/core/management/commands/sqlmigrate.py,99.9,🔴 High,26,16,0.5384615384615384,4337,45.34615384615385
scikit-learn,sklearn/metrics/tests/test_ranking.py,99.9,🔴 High,103,62,0.3883495145631068,4373,1198.4077669902913
django,django/utils/dictconfig.py,99.9,🔴 High,14,8,0.5714285714285714,1524,401.92857142857144
django,django/contrib/flatpages/models.py,99.9,🔴 High,32,14,0.625,5756,30.125
django,django/contrib/gis/geos/prototypes/predicates.py,99.9,🔴 High,16,11,0.4375,6052,31.75
django,django/core/management/commands/sendtestemail.py,99.9,🔴 High,10,8,0.6,4107,29.2
django,django/contrib/flatpages/forms.py,99.9,🔴 High,24,20,0.6666666666666666,4317,45.458333333333336
requests,requests/packages/urllib3/util.py,99.9,🔴 High,17,9,0.1764705882352941,667,182.58823529411765
scikit-learn,sklearn/feature_selection/selector_mixin.py,99.9,🔴 High,20,9,0.35,493,47.9
scikit-learn,sklearn/feature_selection/tests/test_base.py,99.9,🔴 High,15,12,0.3333333333333333,4140,83.2
django,django/core/management/commands/dbshell.py,99.9,🔴 High,22,14,0.7272727272727273,6360,22.681818181818183
django,django/contrib/gis/geos/prototypes/misc.py,99.9,🔴 High,18,12,0.3333333333333333,6052,19.166666666666668
django,django/contrib/gis/maps/google/zoom.py,99.9,🔴 High,16,9,0.75,2366,73.0625
django,django/contrib/gis/measure.py,99.9,🔴 High,39,20,0.5641025641025641,6375,247.8205128205128
pytest,doc/confrest.py,99.9,🔴 High,19,2,0.2105263157894736,552,208.72222222222223
pytest,doc/en/example/multipython.py,99.9,🔴 High,31,11,0.3225806451612903,4846,42.7
scikit-learn,sklearn/exceptions.py,99.9,🔴 High,36,22,0.3333333333333333,3583,28.666666666666668
scikit-learn,sklearn/ensemble/weight_boosting.py,99.9,🔴 High,175,40,0.3771428571428571,2833,341.7657142857143
django,django/contrib/contenttypes/management/__init__.py,99.9,🔴 High,11,10,0.3636363636363636,3787,99.1818181818182
django,django/contrib/webdesign/tests.py,99.9,🔴 High,9,7,0.5555555555555556,2721,8.444444444444445
django,django/contrib/webdesign/templatetags/webdesign.py,99.9,🔴 High,8,6,0.75,2661,33.25
pytest,testing/test_stepwise.py,99.9,🔴 High,33,17,0.4848484848484848,2285,202.9375
django,django/contrib/contenttypes/forms.py,99.9,🔴 High,16,14,0.4375,3883,74.6875
django,django/contrib/syndication/feeds.py,99.9,🔴 High,31,6,0.7741935483870968,1794,105.3225806451613
django,django/utils/version.py,99.9,🔴 High,47,27,0.5957446808510638,6804,53.234042553191486
django,django/views/decorators/debug.py,99.9,🔴 High,17,12,0.5294117647058824,5349,48.64705882352941
flask,tests/test_testing.py,99.9,🔴 High,52,14,0.173076923076923,4190,254.42307692307693
pytest,doc/en/example/nonpython/conftest.py,99.9,🔴 High,22,10,0.4545454545454545,4394,29.904761904761905
django,django/contrib/contenttypes/admin.py,99.9,🔴 High,18,15,0.6111111111111112,4432,108.77777777777776
django,django/contrib/gis/tests/geoadmin/tests.py,99.9,🔴 High,22,12,0.5,1090,40.09090909090909
django,django/contrib/staticfiles/management/commands/runserver.py,99.9,🔴 High,17,11,0.5294117647058824,4100,21.176470588235293
django,django/views/generic/list_detail.py,99.9,🔴 High,35,5,0.6857142857142857,2089,88.48571428571428
pytest,py/_plugin/pytest_pytester.py,99.9,🔴 High,17,2,0.4705882352941176,265,405.05882352941177
rich,rich/__main__.py,99.9,🔴 High,57,9,0.3157894736842105,2127,197.6315789473684
requests,src/requests/utils.py,99.9,🔴 High,19,7,0.3684210526315789,1279,590.3333333333334
pytest,py/doc/conftest.py,99.9,🔴 High,25,3,0.52,606,259.16
django,django/contrib/gis/serializers/geojson.py,99.9,🔴 High,18,11,0.5555555555555556,3684,56.888888888888886
django,django/utils/termcolors.py,99.9,🔴 High,29,20,0.6896551724137931,7321,106.17241379310344
scikit-learn,sklearn/mixture/bayesian_mixture.py,99.9,🔴 High,14,11,0.5714285714285714,1078,272.07142857142856
django,django/contrib/gis/shortcuts.py,99.9,🔴 High,16,10,0.4375,4930,24.875
django,django/contrib/contenttypes/models.py,99.9,🔴 High,73,37,0.5616438356164384,7232,101.10958904109587
django,django/utils/tzinfo.py,99.9,🔴 High,21,8,0.6666666666666666,3077,59.333333333333336
requests,tests/test_lowlevel.py,99.9,🔴 High,25,12,0.52,3617,164.08333333333334
django,django/core/checks/security/base.py,99.9,🔴 High,22,16,0.7272727272727273,4253,193.4090909090909
scikit-learn,sklearn/gaussian_process/tests/test_gaussian_process.py,99.9,🔴 High,20,17,0.45,2473,93.55
django,django/contrib/gis/sitemaps/kml.py,99.9,🔴 High,19,14,0.3684210526315789,4912,43.63157894736842
scikit-learn,sklearn/externals/joblib/__init__.py,99.9,🔴 High,46,10,0.4347826086956521,2979,11.727272727272728
scikit-learn,sklearn/gaussian_process/correlation_models.py,99.9,🔴 High,17,11,0.3529411764705882,2503,90.13333333333334
scikit-learn,sklearn/gaussian_process/gpc.py,99.9,🔴 High,63,18,0.3333333333333333,1688,203.2698412698413
scikit-learn,sklearn/gaussian_process/gpr.py,99.9,🔴 High,71,20,0.323943661971831,1688,149.29577464788733
rich,rich/__init__.py,99.9,🔴 High,41,15,0.2926829268292683,2265,56.275
django,django/contrib/gis/static/gis/js/OLMapWidget.js,99.9,🔴 High,36,11,0.6111111111111112,4781,261.72222222222223
requests,requests/packages/urllib3/response.py,99.9,🔴 High,41,11,0.048780487804878,2070,163.12820512820514
django,django/contrib/flatpages/tests/forms.py,99.9,🔴 High,11,8,0.9090909090909092,938,50.45454545454545
scikit-learn,sklearn/mixture/tests/test_dpgmm.py,99.9,🔴 High,19,9,0.1578947368421052,1835,89.05263157894737
django,django/core/meta.py,99.9,🔴 High,23,2,0.6086956521739131,19,1546.4782608695652
django,django/forms/renderers.py,99.9,🔴 High,19,14,0.4210526315789473,2940,47.10526315789474
pytest,_pytest/nodes.py,99.9,🔴 High,23,5,0.217391304347826,280,194.17391304347825
requests,requests/packages/urllib3/connectionpool.py,99.9,🔴 High,68,17,0.1911764705882352,2078,283.2985074626866
django,django/contrib/formtools/tests/__init__.py,99.9,🔴 High,34,10,0.5882352941176471,1503,223.1875
pytest,py/apigen/testing/test_apigen_functional.py,99.9,🔴 High,26,3,0.4230769230769231,414,130.69230769230768
django,django/dispatch/dispatcher.py,99.9,🔴 High,69,38,0.6811594202898551,7237,151.768115942029
django,django/db/transaction.py,99.9,🔴 High,78,27,0.6666666666666666,7340,161.48717948717947
pytest,testing/logging/test_formatter.py,99.9,🔴 High,20,9,0.25,2337,79.95
django,django/db/models/sql/datastructures.py,99.9,🔴 High,42,22,0.6190476190476191,6591,89.66666666666667
django,django/db/models/sql/constants.py,99.9,🔴 High,24,14,0.75,6050,18.5
scikit-learn,sklearn/metrics/_plot/precision_recall_curve.py,99.9,🔴 High,47,26,0.3617021276595745,2312,120.55319148936172
scikit-learn,sklearn/metrics/_pairwise_distances_reduction/_dispatcher.py,99.9,🔴 High,24,8,0.25,1131,188.58333333333337
django,django/templatetags/static.py,99.9,🔴 High,18,14,0.5,4096,83.44444444444444
scikit-learn,sklearn/metrics/_base.py,99.9,🔴 High,17,11,0.1764705882352941,2354,83.3125
scikit-learn,sklearn/metrics/__init__.py,99.9,🔴 High,112,52,0.1875,5299,99.06363636363636
django,django/templatetags/tz.py,99.9,🔴 High,23,14,0.5217391304347826,5291,100.08695652173913
django,django/test/__init__.py,99.9,🔴 High,23,13,0.6521739130434783,5639,12.318181818181818
scikit-learn,sklearn/metrics/classification.py,99.9,🔴 High,127,73,0.3700787401574803,2146,484.8346456692913
django,django/template/utils.py,99.9,🔴 High,22,9,0.2727272727272727,3539,80.5909090909091
django,django/template/smartif.py,99.9,🔴 High,29,22,0.4482758620689655,5937,126.3103448275862
django,django/oldforms/__init__.py,99.9,🔴 High,24,5,0.7916666666666666,595,771.4583333333334
django,django/template/backends/jinja2.py,99.9,🔴 High,19,15,0.4210526315789473,3002,74.84210526315789
django,django/template/backends/base.py,99.9,🔴 High,13,10,0.3846153846153846,3415,40.07692307692308
django,django/contrib/formtools/tests/wizard/wizardtests/tests.py,99.9,🔴 High,18,11,0.7777777777777778,1030,309.27777777777777
django,django/template/loaders/base.py,99.9,🔴 High,17,7,0.2352941176470588,2637,38.588235294117645
django,django/contrib/formtools/wizard.py,99.9,🔴 High,24,6,0.875,1140,107.5
pytest,_pytest/genscript.py,99.9,🔴 High,22,6,0.1818181818181818,2082,83.45454545454545
scikit-learn,sklearn/metrics/regression.py,99.9,🔴 High,45,27,0.5333333333333333,1921,144.9777777777778
django,django/newforms/widgets.py,99.9,🔴 High,52,6,0.5961538461538461,629,213.53846153846155
scikit-learn,sklearn/metrics/cluster/__init__.py,99.9,🔴 High,33,17,0.2121212121212121,5051,21.60606060606061
django,django/newforms/forms.py,99.9,🔴 High,87,6,0.6896551724137931,629,176.06896551724137
scikit-learn,sklearn/feature_extraction/_hash.py,99.9,🔴 High,31,18,0.2580645161290322,2275,60.86666666666667
scikit-learn,sklearn/metrics/cluster/tests/test_unsupervised.py,99.9,🔴 High,39,24,0.2564102564102564,4365,125.6153846153846
pytest,_pytest/logging.py,99.9,🔴 High,60,8,0.15,252,281.01666666666665
scikit-learn,sklearn/feature_extraction/dict_vectorizer.py,99.9,🔴 High,48,18,0.3541666666666667,2756,119.48936170212764
scikit-learn,sklearn/metrics/cluster/tests/test_common.py,99.9,🔴 High,22,15,0.2272727272727272,2924,152.22727272727272
django,django/middleware/http.py,99.9,🔴 High,34,20,0.7941176470588235,7557,23.764705882352946
pytest,_pytest/pastebin.py,99.9,🔴 High,26,7,0.6538461538461539,2748,67.48
django,django/test/html.py,99.9,🔴 High,47,25,0.5319148936170213,4377,178.0
django,django/contrib/gis/db/backends/mysql/schema.py,99.9,🔴 High,18,9,0.5,4051,66.05555555555556
django,django/utils/baseconv.py,99.9,🔴 High,10,9,0.6,3911,50.8
django,django/db/backends/base/features.py,99.9,🔴 High,151,50,0.6622516556291391,4127,141.72847682119206
django,django/contrib/gis/gdal/raster/band.py,99.9,🔴 High,20,9,0.6,3885,120.6
scikit-learn,sklearn/feature_selection/from_model.py,99.9,🔴 High,35,17,0.4285714285714285,2351,97.68571428571428
django,django/db/backends/ado_mssql/base.py,99.9,🔴 High,37,4,0.3513513513513513,475,108.72972972972973
pytest,bin-for-dist/makepluginlist.py,99.9,🔴 High,25,1,0.24,413,232.0
django,django/contrib/gis/gdal/raster/source.py,99.9,🔴 High,31,15,0.5161290322580645,4214,250.25806451612905
requests,requests/packages/urllib3/poolmanager.py,99.9,🔴 High,38,11,0.0789473684210526,2070,82.16216216216216
django,django/contrib/gis/gdal/tests/test_envelope.py,99.9,🔴 High,11,9,0.8181818181818182,2110,78.72727272727273
django,django/contrib/gis/gdal/error.py,99.9,🔴 High,19,16,0.5789473684210527,6052,32.63157894736842
django,django/core/signing.py,99.9,🔴 High,56,33,0.625,5494,109.5
django,django/contrib/gis/gdal/tests/test_srs.py,99.9,🔴 High,11,8,0.7272727272727273,2110,159.4
pytest,py/_test/pluginmanager.py,99.9,🔴 High,16,1,0.375,264,284.8125
django,django/contrib/gis/geoip/tests.py,99.9,🔴 High,17,9,0.5882352941176471,1235,88.76470588235294
django,django/core/paginator.py,99.9,🔴 High,59,30,0.6610169491525424,7534,123.40677966101696
django,django/core/meta/fields.py,99.9,🔴 High,44,3,0.6136363636363636,253,620.4545454545455
django,django/core/meta/__init__.py,99.9,🔴 High,64,3,0.75,253,1236.15625
django,django/db/backends/dummy/base.py,99.9,🔴 High,64,19,0.4375,7022,37.375
requests,requests/packages/urllib3/contrib/pyopenssl.py,99.9,🔴 High,23,9,0.0869565217391304,1521,196.04347826086956
pytest,_pytest/pdb.py,99.9,🔴 High,24,5,0.375,1882,75.56521739130434
pytest,_pytest/tmpdir.py,99.9,🔴 High,30,8,0.5666666666666667,2748,59.96551724137931
django,django/db/models/constraints.py,99.9,🔴 High,55,21,0.6909090909090909,3455,376.7636363636363
django,django/db/migrations/operations/base.py,99.9,🔴 High,43,18,0.4186046511627907,4728,42.7906976744186
django,django/db/migrations/migration.py,99.9,🔴 High,46,21,0.4782608695652174,4357,82.43478260869566
django,django/db/backends/utils.py,99.9,🔴 High,55,37,0.5818181818181818,4279,168.9814814814815
django,django/contrib/gis/db/backends/spatialite/models.py,99.9,🔴 High,19,13,0.4210526315789473,5548,41.526315789473685
django,django/contrib/gis/db/models/__init__.py,99.9,🔴 High,17,9,0.5294117647058824,4930,11.470588235294118
django,django/contrib/gis/db/models/manager.py,99.9,🔴 High,17,7,0.4705882352941176,2811,47.11764705882353
django,django/db/backends/postgresql/features.py,99.9,🔴 High,103,41,0.7087378640776699,3833,94.15686274509804
django,django/db/backends/mysql_old/base.py,99.9,🔴 High,40,4,0.425,473,181.875
django,django/contrib/gis/db/models/sql/where.py,99.9,🔴 High,16,10,0.8125,1938,53.5625
django,django/contrib/gis/forms/widgets.py,99.9,🔴 High,43,21,0.6511627906976745,4778,85.93023255813954
scikit-learn,sklearn/feature_selection/_univariate_selection.py,99.9,🔴 High,63,33,0.1746031746031746,2100,247.6984126984127
django,django/db/backends/oracle/features.py,99.9,🔴 High,118,41,0.7288135593220338,4127,110.8813559322034
django,django/db/backends/oracle/creation.py,99.9,🔴 High,90,31,0.6444444444444445,7162,256.2
django,django/contrib/gis/gdal/datasource.py,99.9,🔴 High,40,22,0.525,6215,66.65
scikit-learn,sklearn/feature_selection/_variance_threshold.py,99.9,🔴 High,23,15,0.1739130434782608,2100,40.95652173913044
django,django/views/generic/simple.py,99.9,🔴 High,21,7,0.7142857142857143,2277,21.952380952380953
django,django/template/context_processors.py,99.9,🔴 High,16,12,0.375,4131,39.5625
django,django/contrib/auth/tokens.py,99.9,🔴 High,40,26,0.675,6234,44.225
django,django/contrib/postgres/fields/hstore.py,99.9,🔴 High,28,19,0.5357142857142857,4161,83.03571428571429
flask,tests/test_helpers.py,99.9,🔴 High,108,42,0.3148148148148148,4190,658.0648148148148
scikit-learn,sklearn/linear_model/_perceptron.py,99.9,🔴 High,30,19,0.2,2149,42.0
scikit-learn,sklearn/ensemble/_hist_gradient_boosting/tests/test_compare_lightgbm.py,99.9,🔴 High,17,10,0.3529411764705882,2411,162.8235294117647
django,django/contrib/postgres/forms/array.py,99.9,🔴 High,26,19,0.6923076923076923,4149,180.84615384615384
scikit-learn,sklearn/decomposition/tests/test_truncated_svd.py,99.9,🔴 High,24,16,0.3333333333333333,4812,131.54166666666666
django,django/contrib/postgres/forms/ranges.py,99.9,🔴 High,15,15,0.6,2892,75.46666666666667
django,django/contrib/gis/tests/test_measure.py,99.9,🔴 High,18,9,0.5,2366,226.33333333333337
django,django/contrib/postgres/lookups.py,99.9,🔴 High,19,16,0.631578947368421,2972,40.10526315789474
django,django/contrib/localflavor/cl/forms.py,99.9,🔴 High,12,8,0.6666666666666666,1912,52.166666666666664
django,django/contrib/postgres/operations.py,99.9,🔴 High,33,25,0.7272727272727273,4390,114.1818181818182
django,django/contrib/postgres/validators.py,99.9,🔴 High,19,14,0.6842105263157895,3381,60.473684210526315
pytest,py/_code/code.py,99.9,🔴 High,15,2,0.4666666666666667,266,539.2
scikit-learn,sklearn/linear_model/_quantile.py,99.9,🔴 High,26,13,0.1923076923076923,1750,148.84615384615384
django,django/contrib/redirects/models.py,99.9,🔴 High,21,14,0.4761904761904761,5757,22.47619047619047
pytest,testing/test_main.py,99.9,🔴 High,32,12,0.4375,5428,242.4375
scikit-learn,sklearn/linear_model/ransac.py,99.9,🔴 High,107,24,0.3831775700934579,2300,120.73831775700934
scikit-learn,sklearn/linear_model/_sag.py,99.9,🔴 High,17,11,0.1176470588235294,2106,134.2941176470588
django,django/contrib/sessions/backends/signed_cookies.py,99.9,🔴 High,16,8,0.6875,4495,38.8125
scikit-learn,sklearn/mixture/tests/test_gmm.py,99.9,🔴 High,57,25,0.2280701754385964,2471,261.7543859649123
scikit-learn,sklearn/decomposition/tests/test_nmf.py,99.9,🔴 High,75,38,0.3066666666666666,5366,363.83561643835617
rich,rich/_ratio.py,99.9,🔴 High,28,8,0.2857142857142857,1905,67.96428571428571
flask,tests/test_appctx.py,99.9,🔴 High,32,11,0.25,4190,125.0625
flask,tests/test_regression.py,99.9,🔴 High,23,7,0.1304347826086956,2762,59.43478260869565
flask,tests/test_reqctx.py,99.9,🔴 High,36,14,0.3055555555555556,4261,186.80555555555551
django,django/contrib/localflavor/cz/forms.py,99.9,🔴 High,11,6,0.6363636363636364,1201,79.9090909090909
scikit-learn,sklearn/decomposition/tests/test_factor_analysis.py,99.9,🔴 High,42,19,0.2142857142857142,4324,50.42857142857143
django,js_tests/admin/core.test.js,99.9,🔴 High,15,11,0.4,4022,76.26666666666667
django,django/contrib/gis/utils/__init__.py,99.9,🔴 High,21,11,0.6190476190476191,6230,11.761904761904765
pytest,py/execnet/testing/test_gateway.py,99.9,🔴 High,40,4,0.3,955,496.3
django,django/contrib/localflavor/no/forms.py,99.9,🔴 High,12,7,0.8333333333333334,1895,55.666666666666664
django,django/contrib/gis/utils/layermapping.py,99.9,🔴 High,79,36,0.6075949367088608,6490,368.126582278481
scikit-learn,sklearn/linear_model/sgd_fast.c,99.9,🔴 High,81,13,0.2592592592592592,1354,8146.617283950617
django,django/contrib/messages/api.py,99.9,🔴 High,13,11,0.6153846153846154,4439,51.46153846153846
django,django/contrib/localflavor/us/forms.py,99.9,🔴 High,14,9,0.7142857142857143,1930,74.0
scikit-learn,sklearn/ensemble/__init__.py,99.9,🔴 High,42,14,0.0952380952380952,5066,20.146341463414632
django,tests/admin_filters/models.py,99.9,🔴 High,19,16,0.631578947368421,3642,54.5
scikit-learn,sklearn/model_selection/_classification_threshold.py,99.9,🔴 High,22,12,0.2272727272727272,774,353.27272727272725
scikit-learn,sklearn/linear_model/_linear_loss.py,99.9,🔴 High,25,10,0.24,1618,339.76
django,django/contrib/localflavor/br/forms.py,99.9,🔴 High,18,9,0.7777777777777778,1957,95.11111111111111
pytest,testing/test_error_diffs.py,99.9,🔴 High,11,10,0.5454545454545454,2359,274.1818181818182
django,django/contrib/localflavor/ar/forms.py,99.9,🔴 High,14,8,0.7857142857142857,1908,72.71428571428571
django,django/contrib/messages/storage/session.py,99.9,🔴 High,11,9,0.3636363636363636,4439,28.09090909090909
django,django/contrib/localflavor/ca/forms.py,99.9,🔴 High,15,11,0.7333333333333333,1771,81.6
scikit-learn,sklearn/linear_model/_glm/_newton_solver.py,99.9,🔴 High,23,7,0.391304347826087,1364,315.17391304347825
rich,rich/color.py,99.9,🔴 High,74,8,0.2162162162162162,1693,387.3378378378378
django,django/contrib/auth/tests/test_hashers.py,99.9,🔴 High,20,14,0.65,665,225.6315789473684
scikit-learn,sklearn/linear_model/theil_sen.py,99.9,🔴 High,63,15,0.3015873015873015,1901,142.23809523809524
django,django/contrib/localflavor/ch/forms.py,99.9,🔴 High,12,8,0.75,1908,74.91666666666667
django,tests/admin_changelist/admin.py,99.9,🔴 High,37,27,0.7027027027027027,4331,97.77777777777776
django,django/contrib/auth/tests/test_models.py,99.9,🔴 High,14,10,0.5714285714285714,665,119.76923076923076
scikit-learn,sklearn/linear_model/_passive_aggressive.py,99.9,🔴 High,32,18,0.21875,2385,145.03125
django,django/contrib/postgres/aggregates/mixins.py,99.9,🔴 High,18,12,0.6111111111111112,3349,30.555555555555557
django,django/contrib/postgres/aggregates/statistics.py,99.9,🔴 High,13,10,0.5384615384615384,2552,42.30769230769231
scikit-learn,sklearn/ensemble/_gb_losses.py,99.9,🔴 High,18,13,0.5,1573,386.55555555555554
rich,rich/default_styles.py,99.9,🔴 High,98,8,0.1326530612244898,2343,131.26530612244898
django,django/contrib/postgres/apps.py,99.9,🔴 High,22,16,0.5454545454545454,4262,39.72727272727273
flask,tests/test_cli.py,99.9,🔴 High,81,33,0.3209876543209876,3559,353.0
flask,tests/test_config.py,99.9,🔴 High,35,11,0.2571428571428571,3165,189.0
django,django/contrib/gis/tests/inspectapp/tests.py,99.9,🔴 High,21,8,0.4285714285714285,1228,104.9047619047619
pytest,testing/test_core.py,99.9,🔴 High,70,3,0.2,1626,711.0714285714286
django,js_tests/admin/SelectFilter2.test.js,99.9,🔴 High,18,14,0.5555555555555556,4022,84.83333333333333
pytest,testing/test_python.py,99.9,🔴 High,98,3,0.5102040816326531,718,2103.216494845361
scikit-learn,sklearn/linear_model/huber.py,99.9,🔴 High,16,12,0.4375,1397,110.5
django,django/contrib/gis/tests/geogapp/tests.py,99.9,🔴 High,19,9,0.5789473684210527,1735,61.63157894736842
django,django/contrib/comments/forms.py,99.9,🔴 High,19,10,0.7368421052631579,1895,124.26315789473684
scikit-learn,sklearn/model_selection/_search_successive_halving.py,99.9,🔴 High,43,22,0.2790697674418604,2101,337.4418604651163
django,django/contrib/localflavor/it/forms.py,99.9,🔴 High,14,8,0.7142857142857143,1940,51.57142857142857
scikit-learn,sklearn/linear_model/tests/test_quantile.py,99.9,🔴 High,17,12,0.4117647058823529,1252,215.47058823529412
rich,rich/layout.py,99.9,🔴 High,31,8,0.1612903225806451,997,243.16129032258064
django,js_tests/admin/DateTimeShortcuts.test.js,99.9,🔴 High,15,12,0.5333333333333333,4034,53.333333333333336
scikit-learn,sklearn/ensemble/iforest.py,99.9,🔴 High,63,29,0.4126984126984127,1710,134.93650793650792
django,extras/csrf_migration_helper.py,99.9,🔴 High,16,8,0.75,1683,183.125
scikit-learn,sklearn/linear_model/cd_fast.c,99.9,🔴 High,44,16,0.2045454545454545,1491,9414.59523809524
django,django/contrib/comments/admin.py,99.9,🔴 High,13,8,0.7692307692307693,1796,41.92307692307692
scikit-learn,sklearn/impute/_iterative.py,99.9,🔴 High,64,37,0.296875,2590,335.875
django,django/contrib/comments/feeds.py,99.9,🔴 High,17,10,0.7058823529411765,2990,30.11764705882353
django,django/contrib/localflavor/is_/forms.py,99.9,🔴 High,12,9,0.6666666666666666,1912,41.416666666666664
pytest,src/_pytest/runner.py,99.9,🔴 High,133,24,0.3984962406015037,2897,338.3939393939394
scikit-learn,sklearn/linear_model/tests/test_passive_aggressive.py,99.9,🔴 High,41,22,0.2439024390243902,4681,182.390243902439
rich,rich/highlighter.py,99.9,🔴 High,63,12,0.1904761904761904,2229,74.0
django,django/contrib/auth/mixins.py,99.9,🔴 High,16,13,0.4375,3694,68.0
django,django/contrib/localflavor/de/forms.py,99.9,🔴 High,11,8,0.8181818181818182,1891,49.81818181818182
scikit-learn,sklearn/ensemble/tests/test_gradient_boosting_loss_functions.py,99.9,🔴 High,25,17,0.36,3797,159.64
pytest,py/execnet/gateway.py,99.9,🔴 High,45,3,0.2888888888888888,972,263.64444444444445
scikit-learn,sklearn/linear_model/perceptron.py,99.9,🔴 High,43,23,0.3953488372093023,2804,18.27906976744186
flask,tests/conftest.py,99.9,🔴 High,31,8,0.2580645161290322,4029,104.19354838709675
django,django/contrib/localflavor/fi/forms.py,99.9,🔴 High,12,8,0.75,1896,28.583333333333332
flask,tests/test_signals.py,99.9,🔴 High,27,8,0.1481481481481481,3356,139.88888888888889
django,docs/conf.py,99.9,🔴 High,144,44,0.4166666666666667,6622,86.09722222222223
scikit-learn,examples/cluster/plot_dict_face_patches.py,99.8,🔴 High,17,14,0.4117647058823529,4213,43.94117647058823
scikit-learn,scikits/learn/manifold/locally_linear.py,99.8,🔴 High,33,7,0.303030303030303,112,149.8125
django,tests/regressiontests/m2m_through_regress/models.py,99.8,🔴 High,18,8,0.8888888888888888,1579,42.0
django,django/newforms/models.py,99.8,🔴 High,45,7,0.6222222222222222,601,149.04444444444445
django,tests/file_uploads/uploadhandler.py,99.8,🔴 High,10,8,0.3,3986,35.111111111111114
django,django/contrib/formtools/wizard/storage/base.py,99.8,🔴 High,11,9,0.9090909090909092,1101,81.36363636363636
pytest,pytest/plugin/pytester.py,99.8,🔴 High,18,2,0.1666666666666666,29,510.94444444444446
django,tests/regressiontests/forms/tests/__init__.py,99.8,🔴 High,47,6,0.574468085106383,720,35.829787234042556
scikit-learn,scikits/learn/metrics.py,99.8,🔴 High,32,8,0.15625,191,97.8125
django,tests/invalid_models_tests/test_deprecated_fields.py,99.8,🔴 High,14,9,0.3571428571428571,3771,68.71428571428571
django,tests/known_related_objects/tests.py,99.8,🔴 High,11,9,0.2727272727272727,3592,120.1
pytest,testing/pytest/test_config.py,99.8,🔴 High,14,1,0.2857142857142857,129,227.76923076923077
django,django/contrib/localflavor/sk/forms.py,99.8,🔴 High,7,6,0.8571428571428571,1785,20.142857142857142
django,tests/test_utils/test_testcase.py,99.8,🔴 High,14,10,0.6428571428571429,3650,91.92857142857144
django,tests/file_storage/models.py,99.8,🔴 High,18,14,0.3888888888888889,4608,34.294117647058826
django,tests/regressiontests/forms/forms.py,99.8,🔴 High,22,8,0.8636363636363636,1088,0.0
django,tests/regressiontests/forms/formsets.py,99.8,🔴 High,12,6,0.8333333333333334,821,633.3333333333334
django,tests/dispatch/tests/test_dispatcher.py,99.8,🔴 High,10,9,0.7,496,140.55555555555554
cli,httpie/context.py,99.8,🔴 High,31,6,0.4193548387096774,3309,90.38709677419357
django,django/template/backends/dummy.py,99.8,🔴 High,11,9,0.0909090909090909,3003,43.0
pytest,_pytest/warnings.py,99.8,🔴 High,22,5,0.3181818181818182,548,62.38095238095238
django,django/db/backends/oracle/client.py,99.8,🔴 High,16,13,0.625,5732,12.0
django,django/contrib/localflavor/es/forms.py,99.8,🔴 High,13,8,0.7692307692307693,1697,97.23076923076924
django,tests/expressions/models.py,99.8,🔴 High,27,19,0.6296296296296297,4167,62.88461538461539
pytest,_pytest/core.py,99.8,🔴 High,98,5,0.2346938775510204,1626,385.9693877551021
pytest,src/_pytest/_io/pprint.py,99.8,🔴 High,28,6,0.2857142857142857,946,537.9285714285714
django,tests/field_defaults/tests.py,99.8,🔴 High,13,10,0.7692307692307693,4860,131.0
scikit-learn,examples/plot_lasso_coordinate_descent_path.py,99.8,🔴 High,23,4,0.1739130434782608,70,33.73913043478261
scikit-learn,sklearn/externals/joblib/test/test_parallel.py,99.8,🔴 High,17,7,0.5882352941176471,999,166.30769230769232
django,tests/m2m_through/models.py,99.8,🔴 High,14,14,0.5714285714285714,3264,95.92307692307692
scikit-learn,examples/mixture/plot_concentration_prior.py,99.8,🔴 High,15,9,0.2666666666666666,3111,96.86666666666666
scikit-learn,scikits/learn/metrics/metrics.py,99.8,🔴 High,20,9,0.35,263,176.7
scikit-learn,sklearn/utils/tests/test_murmurhash.py,99.8,🔴 High,20,12,0.15,4991,49.7
scikit-learn,examples/model_selection/plot_nested_cross_validation_iris.py,99.8,🔴 High,14,10,0.2857142857142857,2857,48.57142857142857
django,django/contrib/gis/db/backends/postgis/models.py,99.8,🔴 High,19,12,0.4210526315789473,5548,40.421052631578945
django,django/contrib/gis/db/backends/oracle/introspection.py,99.8,🔴 High,16,12,0.5,5664,30.8125
scikit-learn,examples/model_selection/plot_grid_search_digits.py,99.8,🔴 High,11,11,0.2727272727272727,2628,53.7
django,tests/regressiontests/humanize/tests.py,99.8,🔴 High,16,6,0.875,1657,74.625
django,django/conf/locale/pt_BR/formats.py,99.8,🔴 High,18,8,0.6666666666666666,4426,26.333333333333332
django,tests/forms_tests/field_tests/test_filepathfield.py,99.8,🔴 High,15,11,0.4,3641,99.66666666666669
django,tests/forms_tests/field_tests/test_floatfield.py,99.8,🔴 High,14,11,0.5,2567,100.42857142857144
scikit-learn,sklearn/tests/test_dummy.py,99.8,🔴 High,75,32,0.2266666666666666,4262,372.37333333333333
scikit-learn,doc/sphinxext/numpy_ext/docscrape_sphinx.py,99.8,🔴 High,10,7,0.5,1421,193.6
django,tests/regressiontests/one_to_one_regress/models.py,99.8,🔴 High,12,7,0.5833333333333334,2245,26.0
django,tests/regressiontests/null_queries/models.py,99.8,🔴 High,12,7,0.75,2311,14.25
pytest,testing/path/test_svnwc.py,99.8,🔴 High,11,1,0.5454545454545454,323,439.45454545454544
scikit-learn,examples/model_selection/plot_confusion_matrix.py,99.8,🔴 High,18,16,0.2222222222222222,4586,39.88235294117647
scikit-learn,examples/neighbors/plot_nca_classification.py,99.8,🔴 High,11,6,0.0909090909090909,2658,57.72727272727273
scikit-learn,sklearn/svm/libsvm.c,99.8,🔴 High,23,11,0.6086956521739131,1301,7992.826086956522
scikit-learn,scikits/learn/qda.py,99.8,🔴 High,26,7,0.2692307692307692,387,73.15384615384616
pytest,testing/pytest/test_funcargs.py,99.8,🔴 High,10,1,0.6,114,456.1111111111111
django,django/db/models/utils.py,99.8,🔴 High,11,10,0.5454545454545454,3974,26.636363636363637
scikit-learn,scikits/learn/sgd/base.py,99.8,🔴 High,40,5,0.175,37,47.2
scikit-learn,sklearn/metrics/base.py,99.8,🔴 High,17,10,0.5294117647058824,1901,59.0
scikit-learn,sklearn/metrics/_plot/tests/test_plot_confusion_matrix.py,99.8,🔴 High,12,10,0.5,581,209.41666666666663
scikit-learn,examples/neural_networks/plot_mlp_training_curves.py,99.8,🔴 High,12,11,0.25,3335,79.0
django,tests/forms_tests/widget_tests/test_checkboxselectmultiple.py,99.8,🔴 High,17,9,0.5882352941176471,2349,150.88235294117646
pytest,py/test/plugin/pytest_terminal.py,99.8,🔴 High,81,5,0.2345679012345679,217,533.4444444444445
django,tests/regressiontests/generic_inline_admin/models.py,99.8,🔴 High,11,8,0.6363636363636364,1367,43.0
django,tests/forms_tests/field_tests/test_datefield.py,99.8,🔴 High,13,9,0.6923076923076923,3614,147.07692307692307
django,django/contrib/gis/db/backends/postgis/creation.py,99.8,🔴 High,12,10,0.5833333333333334,1834,57.583333333333336
django,tests/gis_tests/geos_tests/test_mutable_list.py,99.8,🔴 High,11,9,0.3636363636363636,3558,345.9
django,django/newforms/fields.py,99.8,🔴 High,81,6,0.7654320987654321,629,359.41975308641975
django,tests/handlers/views.py,99.8,🔴 High,19,14,0.7368421052631579,3633,28.894736842105264
scikit-learn,scikits/learn/mixture.py,99.8,🔴 High,17,6,0.3529411764705882,224,298.70588235294116
django,django/conf/locale/sv/formats.py,99.8,🔴 High,17,7,0.7058823529411765,4426,28.235294117647054
pytest,testing/python/raises_group.py,99.8,🔴 High,17,6,0.7058823529411765,433,1051.5882352941176
django,tests/forms_tests/tests/test_validators.py,99.8,🔴 High,13,11,0.5384615384615384,3225,68.08333333333333
django,django/contrib/gis/db/backends/oracle/adapter.py,99.8,🔴 High,12,10,0.4166666666666667,5469,24.333333333333332
scikit-learn,scikits/learn/naive_bayes.py,99.8,🔴 High,56,9,0.1785714285714285,506,95.30357142857144
django,django/conf/locale/de/formats.py,99.8,🔴 High,16,10,0.6875,4426,21.75
django,tests/force_insert_update/tests.py,99.8,🔴 High,11,8,0.3636363636363636,4834,75.7
django,tests/get_object_or_404/tests.py,99.8,🔴 High,16,11,0.3125,3264,69.66666666666667
scikit-learn,examples/classification/plot_classification_probability.py,99.8,🔴 High,19,13,0.1578947368421052,4699,83.16666666666667
django,django/conf/locale/en/formats.py,99.8,🔴 High,18,10,0.6666666666666666,4426,30.0
django,tests/regressiontests/inline_formsets/tests.py,99.8,🔴 High,14,8,0.5,1255,86.85714285714286
scikit-learn,scikits/learn/nmf.py,99.8,🔴 High,45,2,0.2666666666666666,124,201.33333333333337
django,tests/regressiontests/pagination_regress/tests.py,99.8,🔴 High,8,6,0.875,1480,111.0
django,django/contrib/gis/db/backends/mysql/introspection.py,99.8,🔴 High,11,9,0.6363636363636364,5664,21.363636363636363
django,django/conf/locale/es_MX/formats.py,99.8,🔴 High,15,10,0.6,4015,23.8
django,django/contrib/gis/db/backends/base/models.py,99.8,🔴 High,11,8,0.5454545454545454,3663,112.36363636363636
pytest,testing/pytest/test_pluginmanager.py,99.8,🔴 High,14,1,0.3571428571428571,118,308.6923076923077
cli,tests/test_ssl.py,99.8,🔴 High,31,6,0.3870967741935484,3116,94.61290322580643
scikit-learn,sklearn/label_propagation.py,99.8,🔴 High,25,5,0.28,140,102.2
scikit-learn,sklearn/tests/test_kernel_ridge.py,99.8,🔴 High,16,8,0.1875,3207,57.0625
pytest,py/_plugin/pytest_runner.py,99.8,🔴 High,19,2,0.3684210526315789,257,291.4736842105263
django,django/contrib/gis/tests/geoapp/urls.py,99.8,🔴 High,11,6,0.5454545454545454,2355,14.727272727272728
django,tests/modeltests/m2o_recursive/models.py,99.8,🔴 High,9,6,0.4444444444444444,2294,12.555555555555555
django,django/core/checks/messages.py,99.8,🔴 High,17,11,0.4705882352941176,4202,55.88235294117647
django,tests/signed_cookies_tests/tests.py,99.8,🔴 High,15,14,0.5333333333333333,4845,66.71428571428571
click,click/formatting.py,99.8,🔴 High,28,7,0.3214285714285714,2128,144.64285714285714
django,tests/modeltests/m2m_multiple/models.py,99.8,🔴 High,9,6,0.3333333333333333,2294,27.22222222222222
django,tests/modeltests/m2m_intermediary/models.py,99.8,🔴 High,10,7,0.4,2294,24.0
django,tests/modeltests/m2m_and_m2o/models.py,99.8,🔴 High,15,8,0.3333333333333333,2294,26.4
pytest,py/_path/local.py,99.8,🔴 High,13,2,0.5384615384615384,233,584.1538461538462
django,tests/modeltests/invalid_models/invalid_models/models.py,99.8,🔴 High,11,6,0.9090909090909092,439,280.3636363636364
scikit-learn,scikits/learn/decomposition/sparse_pca.py,99.8,🔴 High,90,7,0.3222222222222222,81,207.48314606741573
scikit-learn,examples/tree/plot_tree_regression_multioutput.py,99.8,🔴 High,16,14,0.25,4396,33.0
scikit-learn,scikits/learn/decomposition/tests/test_dict_learning.py,99.8,🔴 High,24,1,0.2083333333333333,59,67.54166666666667
scikit-learn,examples/text/plot_hashing_vs_dict_vectorizer.py,99.8,🔴 High,13,8,0.0769230769230769,2378,86.38461538461539
cli,tests/test_cli.py,99.8,🔴 High,42,4,0.3809523809523809,3602,265.92857142857144
django,tests/sitemaps_tests/urls/http.py,99.8,🔴 High,15,12,0.4666666666666667,2892,226.86666666666667
scikit-learn,benchmarks/bench_tsne_mnist.py,99.8,🔴 High,16,9,0.25,3080,147.3125
django,tests/modeltests/field_subclassing/fields.py,99.8,🔴 High,17,6,0.4705882352941176,902,47.8235294117647
scikit-learn,scikits/learn/decomposition/tests/test_sparse_pca.py,99.8,🔴 High,35,4,0.0571428571428571,81,58.4
django,tests/postgres_tests/test_trigram.py,99.8,🔴 High,11,10,0.7272727272727273,3379,91.63636363636364
django,tests/modeltests/field_defaults/models.py,99.8,🔴 High,13,7,0.5384615384615384,2294,11.923076923076923
scikit-learn,examples/gaussian_process/plot_gp_regression.py,99.8,🔴 High,19,8,0.1052631578947368,897,33.0
django,tests/modeltests/custom_methods/models.py,99.8,🔴 High,10,6,0.3,2294,26.6
pytest,testing/test_mark_expression.py,99.8,🔴 High,22,8,0.5454545454545454,2209,236.3181818181818
django,tests/modeltests/choices/models.py,99.8,🔴 High,9,7,0.4444444444444444,2294,13.333333333333334
django,tests/model_validation/tests.py,99.8,🔴 High,14,9,0.5714285714285714,1096,37.857142857142854
django,tests/modeltests/many_to_one_null/models.py,99.8,🔴 High,10,7,0.5,2294,42.0
django,tests/othertests/templates.py,99.8,🔴 High,31,5,0.8387096774193549,360,227.16129032258064
scikit-learn,sklearn/utils/_mask.py,99.8,🔴 High,12,9,0.0833333333333333,2487,38.72727272727273
pytest,py/plugin/pytest_terminal.py,99.8,🔴 High,7,1,0.4285714285714285,69,383.1666666666667
scikit-learn,examples/inspection/plot_permutation_importance_multicollinear.py,99.8,🔴 High,15,13,0.2,2542,66.0
cli,tests/test_stream.py,99.8,🔴 High,22,4,0.2272727272727272,3602,58.04545454545455
scikit-learn,sklearn/utils/_plotting.py,99.8,🔴 High,14,9,0.2857142857142857,1057,181.42857142857144
scikit-learn,scikits/learn/cluster/__init__.py,99.8,🔴 High,28,12,0.1071428571428571,553,7.115384615384615
django,tests/multiple_database/routers.py,99.8,🔴 High,9,8,0.3333333333333333,3054,37.333333333333336
django,tests/modeltests/str/models.py,99.8,🔴 High,9,6,0.5555555555555556,2368,12.444444444444445
django,tests/modeltests/serializers/tests.py,99.8,🔴 High,18,7,0.7222222222222222,876,347.0
pytest,doc/en/plugins_index/plugins_index.py,99.8,🔴 High,24,2,0.375,732,141.30434782608697
scikit-learn,examples/kernel_approximation/plot_scalable_poly_kernels.py,99.8,🔴 High,15,9,0.0666666666666666,1812,111.5
django,tests/serializers/models.py,99.8,🔴 High,13,10,0.4615384615384615,942,108.58333333333331
pytest,py/test/config.py,99.8,🔴 High,72,4,0.25,982,215.08333333333337
django,tests/modeltests/reverse_lookup/models.py,99.8,🔴 High,11,6,0.4545454545454545,2294,21.818181818181817
django,tests/modeltests/reserved_names/models.py,99.8,🔴 High,9,6,0.3333333333333333,2294,20.88888888888889
django,tests/or_lookups/tests.py,99.8,🔴 High,13,9,0.4615384615384615,3497,194.41666666666663
django,tests/order_with_respect_to/base_tests.py,99.8,🔴 High,13,9,0.3846153846153846,3794,95.92307692307692
django,tests/modeltests/proxy_model_inheritance/tests.py,99.8,🔴 High,13,9,0.5384615384615384,992,27.076923076923077
django,tests/order_with_respect_to/tests.py,99.8,🔴 High,16,10,0.375,3497,55.93333333333333
django,tests/modeltests/prefetch_related/tests.py,99.8,🔴 High,17,6,0.8235294117647058,389,407.3529411764706
django,tests/serializers/test_yaml.py,99.8,🔴 High,15,9,0.2666666666666666,3583,124.4
django,tests/modeltests/ordering/models.py,99.8,🔴 High,13,8,0.6153846153846154,2294,18.46153846153846
cli,tests/test_httpie.py,99.8,🔴 High,60,7,0.2333333333333333,3390,106.95
pytest,testing/test_pycollect.py,99.8,🔴 High,10,1,0.2,244,435.5
django,django/core/cache/backends/dummy.py,99.8,🔴 High,20,12,0.65,5662,26.5
click,click/__init__.py,99.8,🔴 High,93,10,0.086021505376344,2132,34.83870967741935
pytest,testing/plugin/test_pytest_skipping.py,99.8,🔴 High,18,2,0.3333333333333333,336,291.3888888888889
django,django/core/defaultfilters.py,99.8,🔴 High,9,2,0.8888888888888888,93,286.3333333333333
django,tests/model_package/tests.py,99.8,🔴 High,11,8,0.3636363636363636,3264,50.9
scikit-learn,sklearn/utils/tests/test_fast_dict.py,99.8,🔴 High,17,8,0.1764705882352941,3912,21.88235294117647
django,tests/regressiontests/dateformat/tests.py,99.8,🔴 High,11,5,0.8181818181818182,1358,41.4
django,tests/template_tests/filter_tests/test_linebreaks.py,99.8,🔴 High,10,9,0.6,2619,37.0
django,tests/template_tests/filter_tests/test_timeuntil.py,99.8,🔴 High,12,10,0.5,2981,87.08333333333333
pytest,py/test/testing/test_pycollect.py,99.8,🔴 High,31,4,0.1935483870967742,183,375.4193548387097
django,django/core/management/commands/sqlsequencereset.py,99.8,🔴 High,29,15,0.3793103448275862,6110,17.310344827586206
pytest,py/test/plugin/pytest__pytest.py,99.8,🔴 High,21,2,0.1904761904761904,150,112.57142857142856
pytest,py/_test/collect.py,99.8,🔴 High,12,2,0.3333333333333333,255,290.0
django,tests/template_tests/syntax_tests/test_autoescape.py,99.8,🔴 High,12,8,0.3333333333333333,2641,88.33333333333333
cli,httpie/models.py,99.8,🔴 High,65,6,0.3538461538461538,3954,106.75384615384615
pytest,py/test/plugin/pytest_default.py,99.8,🔴 High,55,4,0.2545454545454545,217,164.14545454545456
pytest,py/test/plugin/pytest_execnetcleanup.py,99.8,🔴 High,21,2,0.1428571428571428,171,43.142857142857146
django,django/contrib/messages/tests/test_cookie.py,99.8,🔴 High,10,9,0.7,665,99.2
pytest,py/test/plugin/pytest_plugintester.py,99.8,🔴 High,26,2,0.1923076923076923,84,98.1153846153846
scikit-learn,examples/preprocessing/plot_discretization_strategies.py,99.8,🔴 High,12,8,0.25,2632,65.25
django,tests/staticfiles_tests/test_finders.py,99.8,🔴 High,13,11,0.3076923076923077,3719,95.15384615384616
scikit-learn,scikits/learn/linear_model/ridge.py,99.8,🔴 High,48,5,0.1666666666666666,280,140.60416666666666
django,django/contrib/gis/geoip/prototypes.py,99.8,🔴 High,13,11,0.6923076923076923,1889,81.53846153846153
django,tests/template_tests/syntax_tests/test_numpy.py,99.8,🔴 High,10,7,0.4,2640,30.5
scikit-learn,scikits/learn/linear_model/tests/test_ridge.py,99.8,🔴 High,23,3,0.217391304347826,280,123.9090909090909
scikit-learn,sklearn/feature_selection/mutual_info_.py,99.8,🔴 High,21,8,0.4285714285714285,1408,126.42857142857144
django,tests/regressiontests/delete_regress/models.py,99.8,🔴 High,12,6,0.9166666666666666,1348,48.333333333333336
requests,requests/exceptions.py,99.8,🔴 High,51,23,0.5490196078431373,3997,18.470588235294116
django,tests/template_tests/test_extends.py,99.8,🔴 High,11,9,0.6363636363636364,3504,133.27272727272728
django,tests/regressiontests/delete_regress/tests.py,99.8,🔴 High,20,7,0.75,1063,117.2
scikit-learn,examples/datasets/plot_random_dataset.py,99.8,🔴 High,12,10,0.3333333333333333,4461,33.72727272727273
scikit-learn,examples/plot_rfe_with_cross_validation.py,99.8,🔴 High,20,12,0.2,1264,23.0
scikit-learn,sklearn/tests/test_learning_curve.py,99.8,🔴 High,17,10,0.3529411764705882,1270,190.94117647058823
scikit-learn,scikits/learn/glm/lars.py,99.8,🔴 High,43,4,0.3023255813953488,83,186.6279069767442
scikit-learn,scikits/learn/glm.py,99.8,🔴 High,56,5,0.3035714285714285,77,355.39285714285717
scikit-learn,examples/ensemble/plot_ensemble_oob.py,99.8,🔴 High,16,10,0.4375,3333,47.625
scikit-learn,examples/linear_model/plot_sgd_early_stopping.py,99.8,🔴 High,16,13,0.3125,2174,79.375
pytest,py/_com.py,99.8,🔴 High,33,2,0.2727272727272727,186,105.6060606060606
django,tests/model_meta/results.py,99.8,🔴 High,10,9,0.6,2584,838.7
django,tests/model_meta/models.py,99.8,🔴 High,15,10,0.4666666666666667,3602,93.86666666666666
django,django/contrib/redirects/migrations/0001_initial.py,99.8,🔴 High,13,9,0.3846153846153846,3209,38.46153846153846
django,django/core/files/utils.py,99.8,🔴 High,11,10,0.6363636363636364,5914,42.72727272727273
scikit-learn,examples/linear_model/plot_ols_3d.py,99.8,🔴 High,18,12,0.2222222222222222,4521,40.94117647058823
scikit-learn,sklearn/tree/_tree.c,99.8,🔴 High,348,19,0.2528735632183908,1510,10697.617816091954
django,django/contrib/gis/geos/tests/test_io.py,99.8,🔴 High,14,7,0.4285714285714285,2131,68.14285714285714
django,django/contrib/postgres/forms/jsonb.py,99.8,🔴 High,12,10,0.8333333333333334,1718,38.333333333333336
django,django/core/mail.py,99.8,🔴 High,51,6,0.8823529411764706,1430,153.7058823529412
scikit-learn,examples/svm/plot_iris_svc.py,99.8,🔴 High,10,7,0.2,2700,42.888888888888886
pytest,py/test/funcargs.py,99.8,🔴 High,26,2,0.2692307692307692,141,128.19230769230768
pytest,py/test/testing/test_outcome.py,99.8,🔴 High,17,4,0.2352941176470588,739,53.76470588235294
pytest,py/test/looponfail/remote.py,99.8,🔴 High,26,3,0.1923076923076923,411,126.15384615384616
django,tests/model_fields/test_foreignkey.py,99.8,🔴 High,11,10,0.4545454545454545,3492,98.36363636363636
django,django/contrib/gis/tests/utils.py,99.8,🔴 High,16,10,0.4375,2206,30.4375
django,tests/model_fields/test_durationfield.py,99.8,🔴 High,12,9,0.5833333333333334,2820,61.666666666666664
django,tests/model_fields/test_booleanfield.py,99.8,🔴 High,12,9,0.4166666666666667,3589,85.66666666666667
django,django/contrib/gis/geos/prototypes/__init__.py,99.8,🔴 High,18,10,0.6111111111111112,6238,29.944444444444443
scikit-learn,scikits/learn/feature_selection/rfe.py,99.8,🔴 High,21,5,0.0952380952380952,349,68.85
django,tests/regressiontests/admin_views/customadmin.py,99.8,🔴 High,13,8,0.9230769230769232,1419,26.76923076923077
django,django/contrib/gis/geos/io.py,99.8,🔴 High,13,8,0.3076923076923077,5960,28.0
pytest,py/test/plugin/api.py,99.8,🔴 High,39,4,0.1282051282051282,67,37.717948717948715
django,tests/template_backends/test_django.py,99.8,🔴 High,18,13,0.4444444444444444,2970,110.94444444444444
django,tests/template_backends/test_jinja2.py,99.8,🔴 High,15,11,0.4,3611,62.13333333333333
django,tests/modeltests/field_subclassing/models.py,99.8,🔴 High,12,7,0.5833333333333334,1741,20.75
scikit-learn,scikits/learn/svm/tests/test_regression.py,99.8,🔴 High,25,1,0.28,28,94.29166666666669
django,tests/admin_views/urls.py,99.8,🔴 High,22,16,0.6363636363636364,4803,18.428571428571427
django,tests/admin_views/test_multidb.py,99.8,🔴 High,13,11,0.4615384615384615,3553,86.53846153846153
django,tests/auth_tests/test_mixins.py,99.8,🔴 High,13,11,0.4615384615384615,2791,196.3846153846154
flask,tests/test_user_error_handler.py,99.8,🔴 High,20,12,0.55,2678,145.45
django,tests/dates/tests.py,99.8,🔴 High,16,13,0.375,3510,118.86666666666666
rich,rich/measure.py,99.8,🔴 High,27,5,0.2222222222222222,753,63.48148148148148
django,django/contrib/csrf/middleware.py,99.8,🔴 High,18,5,0.7222222222222222,1616,57.333333333333336
flask,tests/test_views.py,99.8,🔴 High,22,8,0.1363636363636363,4183,150.6818181818182
django,tests/builtin_server/tests.py,99.8,🔴 High,16,13,0.3125,3433,83.26666666666667
scikit-learn,sklearn/neighbors/tests/test_neighbors_tree.py,99.8,🔴 High,11,9,0.0909090909090909,1708,186.27272727272728
scikit-learn,scikits/learn/tests/test_pca.py,99.8,🔴 High,33,10,0.303030303030303,209,139.57575757575756
flask,examples/minitwit/minitwit.py,99.8,🔴 High,24,5,0.3333333333333333,1731,174.08333333333334
scikit-learn,sklearn/neighbors/_unsupervised.py,99.8,🔴 High,28,22,0.1071428571428571,2106,23.285714285714285
django,django/conf/urls/defaults.py,99.8,🔴 High,12,6,0.75,2486,21.166666666666668
django,tests/admin_views/test_nav_sidebar.py,99.8,🔴 High,18,15,0.7777777777777778,1841,153.77777777777777
scikit-learn,scikits/learn/tests/test_gmm.py,99.8,🔴 High,27,5,0.3703703703703703,160,245.85185185185185
requests,src/requests/models.py,99.8,🔴 High,18,6,0.2777777777777778,1030,668.0588235294117
scikit-learn,sklearn/metrics/setup.py,99.8,🔴 High,19,11,0.1578947368421052,3703,25.63157894736842
django,js_tests/admin/inlines.test.js,99.8,🔴 High,15,10,0.4666666666666667,4022,108.86666666666666
django,django/conf/urls/i18n.py,99.8,🔴 High,20,16,0.5,6284,17.6
django,tests/contenttypes_tests/test_views.py,99.8,🔴 High,15,8,0.4666666666666667,3398,150.53333333333333
rich,rich/containers.py,99.8,🔴 High,45,7,0.2444444444444444,1436,106.17777777777778
django,django/contrib/databrowse/plugins/fieldchoices.py,99.8,🔴 High,14,8,0.6428571428571429,1922,54.857142857142854
rich,rich/_log_render.py,99.8,🔴 High,29,5,0.2413793103448276,687,70.44827586206897
django,django/contrib/auth/handlers/modwsgi.py,99.8,🔴 High,13,9,0.5384615384615384,4956,29.692307692307693
django,tests/contenttypes_tests/test_fields.py,99.8,🔴 High,12,10,0.5833333333333334,3098,77.25
rich,rich/jupyter.py,99.8,🔴 High,21,9,0.2857142857142857,1644,62.857142857142854
django,tests/dbshell/test_postgresql_psycopg2.py,99.8,🔴 High,12,8,0.6666666666666666,1320,95.33333333333331
django,django/contrib/flatpages/templatetags/flatpages.py,99.8,🔴 High,13,12,0.4615384615384615,4177,55.07692307692308
rich,rich/_windows.py,99.8,🔴 High,26,5,0.4615384615384615,1218,46.57692307692308
django,django/contrib/flatpages/tests/test_templatetags.py,99.8,🔴 High,12,8,0.5,665,122.8181818181818
scikit-learn,sklearn/ensemble/_gradient_boosting.c,99.8,🔴 High,63,9,0.2698412698412698,1273,10286.873015873016
django,django/contrib/auth/urls.py,99.8,🔴 High,17,10,0.6470588235294118,6241,13.588235294117649
flask,src/flask/wrappers.py,99.8,🔴 High,23,5,0.391304347826087,1980,58.81818181818182
scikit-learn,scikits/learn/svm/tests/test_sparse.py,99.8,🔴 High,21,7,0.4761904761904761,338,92.33333333333331
scikit-learn,benchmarks/bench_plot_ward.py,99.8,🔴 High,13,10,0.4615384615384615,4522,32.76923076923077
rich,rich/emoji.py,99.8,🔴 High,23,5,0.1739130434782608,2327,44.04347826086956
scikit-learn,benchmarks/bench_isolation_forest.py,99.8,🔴 High,18,10,0.3333333333333333,3219,99.77777777777776
scikit-learn,scikits/learn/svm/sparse/base.py,99.8,🔴 High,36,6,0.3333333333333333,338,118.14285714285714
django,tests/admin_util/tests.py,99.8,🔴 High,14,10,0.6428571428571429,928,249.3846153846154
scikit-learn,sklearn/datasets/tests/test_mldata.py,99.8,🔴 High,12,8,0.25,2542,116.25
django,django/contrib/auth/tests/__init__.py,99.8,🔴 High,40,18,0.75,3086,14.236842105263158
django,django/contrib/comments/views/moderation.py,99.8,🔴 High,12,9,0.5,2014,102.41666666666669
django,django/templatetags/future.py,99.8,🔴 High,15,10,0.6666666666666666,1745,26.333333333333332
django,tests/db_functions/comparison/test_cast.py,99.8,🔴 High,12,9,0.5833333333333334,2316,118.16666666666669
scikit-learn,benchmarks/bench_glm.py,99.8,🔴 High,13,10,0.2307692307692307,4883,36.166666666666664
django,django/templatetags/l10n.py,99.8,🔴 High,15,11,0.4666666666666667,4451,35.6
flask,src/flask/__init__.py,99.8,🔴 High,70,7,0.0142857142857142,2128,54.91304347826087
django,django/contrib/admindocs/urls.py,99.8,🔴 High,10,9,0.6,5492,37.3
django,tests/conditional_processing/tests.py,99.7,🔴 High,16,14,0.5,4723,169.6875
django,django/contrib/auth/tests/tokens.py,99.7,🔴 High,11,8,0.8181818181818182,1517,39.36363636363637
scikit-learn,sklearn/utils/mocking.py,99.7,🔴 High,14,9,0.4285714285714285,1875,52.92857142857143
scikit-learn,scikits/learn/glm/tests/test_coordinate_descent.py,99.7,🔴 High,28,5,0.25,202,69.44444444444444
django,tests/template_tests/filter_tests/test_make_list.py,99.7,🔴 High,8,7,0.625,2619,27.5
scikit-learn,examples/linear_model/plot_ransac.py,99.7,🔴 High,16,8,0.125,4027,36.53333333333333
django,django/contrib/databrowse/sites.py,99.7,🔴 High,7,5,0.8571428571428571,1878,84.71428571428571
django,tests/template_tests/filter_tests/test_unordered_list.py,99.7,🔴 High,17,12,0.2941176470588235,4157,125.76470588235294
django,django/conf/locale/es_NI/formats.py,99.7,🔴 High,13,9,0.5384615384615384,3977,23.53846153846154
django,django/db/models/functions/base.py,99.7,🔴 High,14,9,0.5,551,126.6153846153846
scikit-learn,sklearn/metrics/_plot/tests/test_common_curve_display.py,99.7,🔴 High,18,6,0.1111111111111111,1799,282.6111111111111
scikit-learn,sklearn/svm/_bounds.py,99.7,🔴 High,18,14,0.0555555555555555,2230,30.529411764705884
django,tests/template_tests/filter_tests/test_time.py,99.7,🔴 High,10,7,0.7,2618,41.9
django,tests/regressiontests/utils/feedgenerator.py,99.7,🔴 High,11,5,0.7272727272727273,1002,47.18181818181818
scikit-learn,examples/linear_model/plot_multi_task_lasso_support.py,99.7,🔴 High,19,13,0.2105263157894736,4337,39.31578947368421
django,tests/template_tests/filter_tests/test_timesince.py,99.7,🔴 High,12,10,0.5833333333333334,2953,103.25
django,django/db/backends/sqlite3/client.py,99.7,🔴 High,16,13,0.6875,5756,8.5625
scikit-learn,scikits/learn/tests/test_logistic.py,99.7,🔴 High,23,5,0.6521739130434783,182,26.695652173913043
django,tests/template_tests/filter_tests/test_escape.py,99.7,🔴 High,9,7,0.4444444444444444,2619,30.22222222222222
django,tests/template_tests/filter_tests/test_force_escape.py,99.7,🔴 High,8,6,0.375,2619,51.625
django,django/utils/httpwrappers.py,99.7,🔴 High,22,1,0.6363636363636364,272,202.9090909090909
django,django/contrib/gis/geos/prototypes/coordseq.py,99.7,🔴 High,15,12,0.2666666666666666,6238,61.06666666666667
flask,flask/logging.py,99.7,🔴 High,15,7,0.4,3274,31.533333333333335
django,tests/regressiontests/generic_relations_regress/models.py,99.7,🔴 High,8,6,0.75,1404,56.125
django,django/contrib/flatpages/admin.py,99.7,🔴 High,11,9,0.3636363636363636,4947,16.818181818181817
django,tests/regressiontests/generic_relations_regress/tests.py,99.7,🔴 High,12,8,0.75,1420,49.916666666666664
flask,flask/exthook.py,99.7,🔴 High,9,8,0.3333333333333333,1706,60.111111111111114
django,django/contrib/gis/geos/prepared.py,99.7,🔴 High,12,6,0.5833333333333334,4699,31.0
cli,httpie/cli/constants.py,99.7,🔴 High,27,5,0.1851851851851851,1010,83.74074074074075
django,django/db/models/fields/tuple_lookups.py,99.7,🔴 High,22,5,0.5909090909090909,473,261.8181818181818
scikit-learn,scikits/learn/features/text.py,99.7,🔴 High,30,4,0.1333333333333333,94,188.76666666666668
scikit-learn,sklearn/manifold/spectral_embedding.py,99.7,🔴 High,43,6,0.4651162790697674,211,165.90697674418604
django,django/core/management/commands/sqlcustom.py,99.7,🔴 High,10,7,0.5,2486,13.5
django,tests/migrations/test_questioner.py,99.7,🔴 High,11,8,0.5454545454545454,3248,57.45454545454545
scikit-learn,sklearn/tree/__init__.py,99.7,🔴 High,22,10,0.1818181818181818,5077,8.727272727272727
scikit-learn,sklearn/manifold/setup.py,99.7,🔴 High,12,9,0.3333333333333333,2690,23.916666666666668
django,tests/syndication_tests/urls.py,99.7,🔴 High,14,10,0.6428571428571429,4557,30.692307692307693
django,django/contrib/postgres/forms/hstore.py,99.7,🔴 High,13,10,0.5384615384615384,3707,35.53846153846154
django,tests/generic_views/test_detail.py,99.7,🔴 High,14,13,0.6428571428571429,3225,124.15384615384616
pytest,py/apigen/htmlgen.py,99.7,🔴 High,42,2,0.4523809523809524,764,571.3571428571429
scikit-learn,scikits/learn/glm/bayes.py,99.7,🔴 High,27,7,0.2962962962962963,77,141.14814814814815
django,django/conf/locale/fi/formats.py,99.7,🔴 High,16,9,0.6875,4426,17.5625
pytest,_pytest/assertion/newinterpret.py,99.7,🔴 High,18,5,0.2777777777777778,1665,302.44444444444446
scikit-learn,sklearn/_build_utils/pre_build_helpers.py,99.7,🔴 High,15,7,0.2666666666666666,1678,57.6
pytest,src/_pytest/resultlog.py,99.7,🔴 High,25,5,0.28,799,87.125
requests,requests/certs.py,99.7,🔴 High,9,5,0.1111111111111111,3591,6.777777777777778
django,django/contrib/gis/gdal/base.py,99.7,🔴 High,8,7,0.5,2839,15.75
django,django/conf/locale/ar/formats.py,99.7,🔴 High,8,6,0.5,4426,7.375
django,tests/regressiontests/select_related_regress/tests.py,99.7,🔴 High,10,7,0.5,877,78.3
requests,requests/packages/urllib3/_collections.py,99.7,🔴 High,26,8,0.0384615384615384,2070,99.3076923076923
scikit-learn,sklearn/model_selection/_plot.py,99.7,🔴 High,14,9,0.2142857142857142,1151,283.2142857142857
cli,httpie/cliparse.py,99.7,🔴 High,22,5,0.3181818181818182,92,194.4090909090909
pytest,py/code/testing/test_excinfo.py,99.7,🔴 High,20,4,0.65,954,545.0
django,tests/many_to_many/models.py,99.7,🔴 High,18,15,0.3888888888888889,3986,31.647058823529413
scikit-learn,examples/miscellaneous/plot_outlier_detection_bench.py,99.7,🔴 High,15,10,0.2666666666666666,1285,174.4
scikit-learn,benchmarks/bench_gbrt.py,99.7,🔴 High,30,1,0.2333333333333333,180,166.43333333333334
django,django/__init__.py,99.7,🔴 High,85,18,0.1294117647058823,7609,12.0
django,tests/i18n/patterns/urls/default.py,99.7,🔴 High,11,8,0.1818181818181818,4015,21.3
django,django/contrib/auth/tests/test_decorators.py,99.7,🔴 High,9,8,0.6666666666666666,573,60.888888888888886
django,django/contrib/localflavor/at/forms.py,99.7,🔴 High,6,5,1.0,1412,33.5
scikit-learn,examples/miscellaneous/plot_kernel_approximation.py,99.7,🔴 High,13,11,0.2307692307692307,2020,128.25
django,django/utils/deconstruct.py,99.7,🔴 High,14,9,0.2857142857142857,3748,35.285714285714285
django,tests/regressiontests/defer_regress/tests.py,99.7,🔴 High,16,8,0.75,1072,130.75
scikit-learn,sklearn/externals/joblib/pool.py,99.7,🔴 High,18,9,0.3888888888888889,1782,247.7058823529412
scikit-learn,scikits/learn/tree/_tree.c,99.7,🔴 High,29,1,0.2758620689655172,32,4522.035714285715
scikit-learn,examples/plot_permutation_test_for_classification.py,99.7,🔴 High,18,9,0.3333333333333333,1218,30.055555555555557
django,tests/regressiontests/string_lookup/models.py,99.7,🔴 High,16,6,0.625,2242,33.375
rich,rich/bar.py,99.7,🔴 High,32,5,0.09375,1340,107.6875
django,tests/m2m_recursive/tests.py,99.7,🔴 High,12,10,0.25,3334,127.1818181818182
scikit-learn,examples/cluster/plot_coin_segmentation.py,99.7,🔴 High,15,9,0.2666666666666666,2311,39.46666666666667
scikit-learn,examples/cluster/plot_lena_ward_segmentation.py,99.7,🔴 High,19,10,0.3684210526315789,1208,27.73684210526316
scikit-learn,examples/cluster/plot_kmeans_silhouette_analysis.py,99.7,🔴 High,16,12,0.3125,3480,69.5625
django,tests/regressiontests/dispatch/tests/test_saferef.py,99.7,🔴 High,9,6,0.6666666666666666,1997,55.888888888888886
django,django/contrib/localflavor/au/forms.py,99.7,🔴 High,11,8,0.7272727272727273,1930,30.272727272727273
django,tests/regressiontests/syndication/urls.py,99.7,🔴 High,12,8,0.6666666666666666,1802,15.166666666666666
pytest,py/misc/testing/test_com.py,99.7,🔴 High,27,2,0.2962962962962963,165,190.4814814814815
scikit-learn,sklearn/tests/test_docstrings.py,99.7,🔴 High,200,103,0.105,1647,240.395
django,tests/regressiontests/select_related_regress/models.py,99.7,🔴 High,13,7,0.6923076923076923,1698,51.15384615384615
pytest,py/path/common.py,99.7,🔴 High,17,3,0.2941176470588235,972,295.52941176470586
django,tests/template_tests/syntax_tests/i18n/test_blocktrans.py,99.7,🔴 High,8,5,0.625,873,348.875
scikit-learn,scikits/learn/pls.py,99.7,🔴 High,31,7,0.1935483870967742,227,204.70967741935485
django,tests/regressiontests/bug639/models.py,99.7,🔴 High,8,5,0.625,1690,14.5
django,tests/gis_tests/geoapp/test_serializers.py,99.7,🔴 High,16,8,0.5,3590,65.46666666666667
django,tests/template_tests/syntax_tests/test_basic.py,99.7,🔴 High,14,12,0.5714285714285714,4183,225.3571428571429
django,tests/template_tests/syntax_tests/test_cache.py,99.7,🔴 High,13,9,0.4615384615384615,2641,118.84615384615384
django,tests/template_tests/syntax_tests/test_extends.py,99.7,🔴 High,12,8,0.3333333333333333,2641,240.5
django,tests/template_tests/syntax_tests/test_invalid_string.py,99.7,🔴 High,8,6,0.375,2641,52.125
django,django/contrib/messages/tests/urls.py,99.7,🔴 High,12,8,0.6666666666666666,1875,52.25
django,django/conf/locale/el/formats.py,99.7,🔴 High,14,11,0.5,4426,19.071428571428573
django,tests/gis_tests/layermap/models.py,99.7,🔴 High,14,8,0.2857142857142857,2550,69.07142857142857
django,django/utils/checksums.py,99.7,🔴 High,9,7,0.4444444444444444,2802,13.444444444444445
django,django/conf/locale/da/formats.py,99.7,🔴 High,10,7,0.5,4426,20.0
django,django/contrib/auth/tests/models.py,99.7,🔴 High,15,8,0.6666666666666666,1064,70.2
django,tests/regressiontests/comment_tests/tests/templatetag_tests.py,99.7,🔴 High,12,8,0.6666666666666666,1312,91.75
django,tests/template_tests/syntax_tests/test_with.py,99.7,🔴 High,7,5,0.4285714285714285,2640,46.0
django,tests/csrf_tests/views.py,99.7,🔴 High,12,8,0.3333333333333333,3498,37.833333333333336
requests,requests/defaults.py,99.7,🔴 High,38,7,0.3947368421052631,421,17.86842105263158
pytest,testing/plugin/test_pytest_capture.py,99.7,🔴 High,16,2,0.75,336,360.1875
scikit-learn,sklearn/tests/test_min_dependencies_readme.py,99.7,🔴 High,20,11,0.2,2049,77.1
django,django/contrib/admin/media/js/core.js,99.7,🔴 High,9,4,1.0,1666,125.125
pytest,py/path/local/local.py,99.7,🔴 High,15,3,0.2,813,503.06666666666666
pytest,py/test/rsession/testing/test_hostmanage.py,99.7,🔴 High,24,2,0.2916666666666667,203,190.54166666666663
requests,requests/packages/urllib3/exceptions.py,99.7,🔴 High,27,6,0.1111111111111111,2070,65.16
rich,rich/live_render.py,99.7,🔴 High,32,6,0.3125,2146,59.40625
django,tests/regressiontests/templates/urls.py,99.7,🔴 High,12,5,0.75,1941,9.666666666666666
scikit-learn,sklearn/feature_selection/base.py,99.7,🔴 High,11,8,0.3636363636363636,2312,39.18181818181818
rich,rich/control.py,99.7,🔴 High,26,6,0.2307692307692307,1920,64.57692307692308
django,tests/invalid_models_tests/test_backend_specific.py,99.7,🔴 High,10,8,0.4,2936,20.4
scikit-learn,doc/tutorial/text_analytics/solutions/exercise_01_language_train_model.py,99.7,🔴 High,10,8,0.3,2268,33.44444444444444
scikit-learn,sklearn/linear_model/tests/test_perceptron.py,99.7,🔴 High,20,11,0.15,4229,53.25
django,django/core/checks/security/csrf.py,99.7,🔴 High,13,8,0.4615384615384615,4168,48.0
pytest,testing/python/show_fixtures_per_test.py,99.7,🔴 High,13,8,0.5384615384615384,2927,174.92307692307693
pytest,src/_pytest/_argcomplete.py,99.7,🔴 High,18,8,0.3888888888888889,2214,38.294117647058826
django,tests/one_to_one_regress/tests.py,99.7,🔴 High,10,7,0.5,446,133.66666666666666
flask,src/flask/testing.py,99.7,🔴 High,38,5,0.1052631578947368,2295,158.6216216216216
pytest,py/_io/terminalwriter.py,99.7,🔴 High,13,2,0.6153846153846154,264,216.75
django,tests/forms_tests/field_tests/test_choicefield.py,99.7,🔴 High,12,9,0.6666666666666666,2711,81.83333333333333
scikit-learn,sklearn/neighbors/dist_metrics.c,99.7,🔴 High,26,7,0.3076923076923077,735,17493.30769230769
django,tests/modeltests/get_object_or_404/models.py,99.7,🔴 High,13,8,0.6923076923076923,2047,16.76923076923077
django,tests/modeltests/get_latest/models.py,99.7,🔴 High,11,6,0.4545454545454545,2294,27.363636363636363
django,tests/field_subclassing/fields.py,99.7,🔴 High,13,9,0.3076923076923077,3264,40.5
django,tests/modeltests/generic_relations/tests.py,99.7,🔴 High,10,7,0.9,840,177.0
django,tests/dbshell/test_mysql.py,99.7,🔴 High,12,10,0.75,3400,160.0909090909091
django,django/middleware/doc.py,99.7,🔴 High,14,7,0.7142857142857143,3150,7.071428571428571
django,tests/forms_tests/field_tests/test_filefield.py,99.7,🔴 High,11,8,0.6363636363636364,3391,94.27272727272728
django,django/contrib/localflavor/in_/forms.py,99.7,🔴 High,10,7,0.7,1805,44.888888888888886
scikit-learn,sklearn/utils/_response.py,99.7,🔴 High,18,10,0.2777777777777778,1215,88.11111111111111
django,tests/regressiontests/model_inheritance_regress/tests.py,99.7,🔴 High,10,7,0.8,817,259.1
django,tests/forms_tests/field_tests/test_imagefield.py,99.7,🔴 High,10,9,0.5,2126,59.1
django,tests/utils_tests/test_termcolors.py,99.7,🔴 High,10,9,0.4,3225,147.44444444444446
scikit-learn,scikits/learn/datasets/mlcomp.py,99.7,🔴 High,21,4,0.1904761904761904,424,57.714285714285715
django,tests/modeltests/field_subclassing/tests.py,99.7,🔴 High,8,6,0.625,1022,49.875
scikit-learn,examples/neighbors/plot_regression.py,99.7,🔴 High,17,12,0.1764705882352941,4683,20.58823529411765
django,tests/utils_tests/test_ipv6.py,99.7,🔴 High,12,11,0.5,4301,53.72727272727273
scikit-learn,sklearn/cluster/tests/test_hdbscan.py,99.7,🔴 High,16,12,0.5625,831,355.125
django,tests/modeltests/proxy_models/tests.py,99.7,🔴 High,10,7,0.7,896,232.4
scikit-learn,sklearn/externals/_arff.py,99.7,🔴 High,13,12,0.3076923076923077,1129,508.9230769230769
django,django/core/checks/__init__.py,99.7,🔴 High,30,17,0.5,4736,23.103448275862068
cli,tests/test_downloads.py,99.7,🔴 High,32,6,0.15625,3602,144.1875
pytest,py/test/testing/acceptance_test.py,99.7,🔴 High,40,3,0.375,367,363.1
flask,flask/testsuite/templating.py,99.7,🔴 High,18,7,0.3333333333333333,1104,219.83333333333337
django,django/core/checks/compatibility/django_1_6_0.py,99.7,🔴 High,14,7,0.5,479,47.07142857142857
scikit-learn,sklearn/covariance/__init__.py,99.7,🔴 High,32,18,0.1875,5079,16.84375
django,django/contrib/gis/tests/__init__.py,99.7,🔴 High,38,6,0.6842105263157895,1798,82.43243243243244
django,tests/flatpages_tests/test_csrf.py,99.7,🔴 High,12,6,0.5,4121,88.5
django,django/contrib/localflavor/jp/forms.py,99.7,🔴 High,10,7,0.9,1667,17.6
scikit-learn,scikits/learn/__init__.py,99.7,🔴 High,55,14,0.1818181818181818,785,18.23636363636364
scikit-learn,scikits/learn/datasets/_svmlight_format.cpp,99.7,🔴 High,29,2,0.3448275862068966,18,186.82758620689657
django,django/middleware/transaction.py,99.7,🔴 High,10,6,0.3,2857,21.4
django,tests/version/tests.py,99.7,🔴 High,12,9,0.6666666666666666,3264,26.181818181818183
django,tests/shortcuts/views.py,99.7,🔴 High,12,5,0.25,2630,62.5
scikit-learn,sklearn/neural_network/tests/test_stochastic_optimizers.py,99.7,🔴 High,12,8,0.1666666666666666,2854,85.58333333333333
django,tests/admin_views/customadmin.py,99.7,🔴 High,20,15,0.5,4803,45.421052631578945
pytest,py/test/rsession/webjs.py,99.7,🔴 High,9,2,0.2222222222222222,119,294.6666666666667
django,tests/serializers/test_xml.py,99.7,🔴 High,12,7,0.4166666666666667,3923,92.16666666666669
django,tests/view_tests/generic_urls.py,99.7,🔴 High,15,8,0.4666666666666667,3264,39.86666666666667
django,tests/foreign_object/models.py,99.7,🔴 High,12,8,0.5,861,121.91666666666669
django,django/contrib/comments/__init__.py,99.7,🔴 High,15,5,0.4666666666666667,3149,51.857142857142854
scikit-learn,sklearn/neighbors/tests/test_neighbors_pipeline.py,99.7,🔴 High,11,9,0.0909090909090909,1618,170.8181818181818
pytest,testing/pytest/test_pickling.py,99.7,🔴 High,8,1,0.375,126,173.42857142857142
pytest,testing/pytest/test_pycollect.py,99.7,🔴 High,10,1,0.3,118,408.3333333333333
django,django/views/admin/doc.py,99.7,🔴 High,11,2,0.3636363636363636,97,265.09090909090907
django,django/contrib/databrowse/plugins/calendars.py,99.7,🔴 High,16,7,0.75,1922,89.5625
rich,rich/rule.py,99.7,🔴 High,51,6,0.2352941176470588,967,63.05882352941177
django,tests/queries/test_bulk_update.py,99.7,🔴 High,14,11,0.7142857142857143,2456,254.92857142857144
django,tests/modeltests/validators/tests.py,99.7,🔴 High,16,8,0.8125,1117,145.875
pytest,py/impl/test/pycollect.py,99.7,🔴 High,8,1,0.25,67,284.0
scikit-learn,examples/text/plot_document_clustering.py,99.7,🔴 High,16,12,0.1875,2378,151.5
scikit-learn,scikits/learn/svm/dataset.py,99.7,🔴 High,21,1,0.0952380952380952,28,114.4
pytest,py/impl/test/collect.py,99.7,🔴 High,11,1,0.2727272727272727,67,331.8181818181818
django,tests/modeltests/user_commands/tests.py,99.7,🔴 High,10,5,0.6,874,25.9
django,tests/admin_views/test_related_object_lookups.py,99.7,🔴 High,11,10,1.0,1055,107.27272727272728
requests,src/requests/sessions.py,99.7,🔴 High,11,6,0.2727272727272727,1029,448.8
django,tests/validation/test_error_messages.py,99.7,🔴 High,10,8,0.4,3264,79.44444444444444
django,tests/model_options/test_tablespaces.py,99.7,🔴 High,8,5,0.25,2794,79.375
scikit-learn,scikits/learn/sgd/sparse/sgd.py,99.7,🔴 High,41,7,0.2439024390243902,37,98.41463414634148
pytest,py/test/testing/test_config.py,99.7,🔴 High,61,6,0.2622950819672131,948,333.42622950819674
scikit-learn,sklearn/linear_model/isotonic_regression_.py,99.7,🔴 High,23,6,0.217391304347826,97,73.69565217391305
django,django/contrib/localflavor/pe/forms.py,99.7,🔴 High,9,7,0.7777777777777778,1727,40.77777777777778
scikit-learn,examples/model_selection/plot_train_error_vs_test_error.py,99.7,🔴 High,11,8,0.1818181818181818,4093,50.0
django,tests/utils_tests/test_baseconv.py,99.7,🔴 High,13,13,0.3846153846153846,3225,38.583333333333336
scikit-learn,scikits/learn/svm/setup.py,99.7,🔴 High,32,3,0.4375,604,48.2
django,django/conf/locale/km/formats.py,99.7,🔴 High,8,6,0.5,4426,8.375
scikit-learn,sklearn/impute/tests/test_knn.py,99.7,🔴 High,14,9,0.2857142857142857,1827,461.92857142857144
pytest,py/test/testing/test_collect.py,99.7,🔴 High,41,6,0.1707317073170731,948,327.3170731707317
pytest,testing/test_setuponly.py,99.7,🔴 High,12,8,0.5833333333333334,2390,266.6363636363636
scikit-learn,sklearn/impute/tests/test_common.py,99.7,🔴 High,15,11,0.3333333333333333,2418,133.86666666666667
django,tests/modeltests/validation/__init__.py,99.7,🔴 High,8,6,0.375,2159,14.833333333333334
pytest,py/plugin/pytest_default.py,99.7,🔴 High,13,1,0.4615384615384615,69,127.15384615384616
django,tests/modeltests/delete/tests.py,99.7,🔴 High,11,7,0.3636363636363636,878,232.45454545454547
django,tests/nested_foreign_keys/tests.py,99.7,🔴 High,11,7,0.3636363636363636,4529,135.8
pytest,py/test/dist/testing/test_nodemanage.py,99.7,🔴 High,24,3,0.2083333333333333,160,114.66666666666669
scikit-learn,examples/model_selection/plot_validation_curve.py,99.7,🔴 High,14,12,0.0714285714285714,4012,34.0
scikit-learn,scikits/learn/svm/libsvm.py,99.7,🔴 High,25,5,0.08,420,69.25
pytest,testing/plugin/test_python.py,99.7,🔴 High,12,2,0.1666666666666666,33,1050.3333333333333
django,tests/modeltests/custom_managers/models.py,99.7,🔴 High,9,6,0.3333333333333333,2294,49.333333333333336
scikit-learn,sklearn/externals/joblib/test/test_memory.py,99.7,🔴 High,18,7,0.6111111111111112,1006,282.64285714285717
scikit-learn,examples/feature_selection/plot_feature_selection_pipeline.py,99.7,🔴 High,13,10,0.3076923076923077,2628,21.75
scikit-learn,scikits/learn/svm/tests/test_classification.py,99.7,🔴 High,21,1,0.238095238095238,28,122.9
rich,rich/repr.py,99.7,🔴 High,21,6,0.3333333333333333,1843,79.42857142857143
scikit-learn,scikits/learn/sparse/svm.py,99.7,🔴 High,21,4,0.4285714285714285,45,117.42857142857144
scikit-learn,examples/ensemble/plot_isolation_forest.py,99.7,🔴 High,14,13,0.2857142857142857,3465,36.07142857142857
scikit-learn,scikits/learn/sgd/tests/test_sparse.py,99.7,🔴 High,24,4,0.0416666666666666,18,98.41666666666669
django,tests/deprecation/test_middleware_mixin.py,99.7,🔴 High,13,11,0.3846153846153846,2457,95.3076923076923
django,tests/test_utils/test_transactiontestcase.py,99.6,🔴 High,10,9,0.6,3430,35.7
rich,rich/markup.py,99.6,🔴 High,50,4,0.28,1414,111.46
django,tests/regressiontests/extra_regress/tests.py,99.6,🔴 High,7,7,0.7142857142857143,866,218.71428571428572
scikit-learn,examples/preprocessing/plot_discretization.py,99.6,🔴 High,10,6,0.1,2630,46.9
django,tests/regressiontests/templates/response.py,99.6,🔴 High,14,7,0.7857142857142857,731,218.1428571428571
django,django/contrib/comments/views/utils.py,99.6,🔴 High,11,6,0.5454545454545454,1836,42.0
django,tests/m2m_and_m2o/tests.py,99.6,🔴 High,12,9,0.4166666666666667,3497,74.72727272727273
django,tests/modeltests/validation/validators.py,99.6,🔴 High,6,5,0.6666666666666666,884,14.833333333333334
scikit-learn,scikits/learn/datasets/__init__.py,99.6,🔴 High,39,14,0.1538461538461538,787,15.157894736842104
requests,requests/packages/urllib3/__init__.py,99.6,🔴 High,38,8,0.1052631578947368,2078,37.054054054054056
django,tests/modeltests/raw_query/models.py,99.6,🔴 High,5,5,0.8,1071,19.8
django,tests/modeltests/raw_query/tests.py,99.6,🔴 High,11,5,0.7272727272727273,992,130.45454545454547
django,tests/modeltests/save_delete_hooks/models.py,99.6,🔴 High,9,7,0.3333333333333333,2294,19.0
scikit-learn,scikits/learn/cluster/mean_shift_.py,99.6,🔴 High,32,6,0.28125,371,89.13333333333334
django,tests/modeltests/select_for_update/tests.py,99.6,🔴 High,11,7,0.6363636363636364,456,159.54545454545453
pytest,py/_plugin/pytest_junitxml.py,99.6,🔴 High,11,1,0.4545454545454545,252,139.36363636363637
flask,src/flask/sansio/app.py,99.6,🔴 High,20,6,0.25,1056,329.05263157894734
django,django/apps/base.py,99.6,🔴 High,21,3,0.3333333333333333,44,51.15
pytest,bench/bench.py,99.6,🔴 High,23,9,0.5217391304347826,4994,10.434782608695652
django,tests/admin_changelist/models.py,99.6,🔴 High,19,18,0.7368421052631579,4767,69.05555555555556
click,click.py,99.6,🔴 High,18,5,0.3888888888888889,2,953.8888888888888
django,django/contrib/gis/geos/prototypes/prepared.py,99.6,🔴 High,11,7,0.4545454545454545,4699,20.454545454545453
django,tests/template_tests/filter_tests/test_filesizeformat.py,99.6,🔴 High,7,5,0.4285714285714285,2607,48.57142857142857
django,tests/template_tests/filter_tests/test_escapejs.py,99.6,🔴 High,7,5,0.4285714285714285,2618,42.57142857142857
scikit-learn,examples/feature_selection_pipeline.py,99.6,🔴 High,18,10,0.3333333333333333,1240,11.833333333333334
django,django/utils/synch.py,99.6,🔴 High,9,7,0.4444444444444444,4482,62.77777777777778
django,django/core/db/backends/mysql.py,99.6,🔴 High,43,3,0.6511627906976745,270,134.93023255813952
django,django/contrib/gis/geos/__init__.py,99.6,🔴 High,16,7,0.375,6190,15.625
pytest,src/_pytest/mark/legacy.py,99.6,🔴 High,17,10,0.5294117647058824,716,57.0625
pytest,py/test/dist/testing/test_txnode.py,99.6,🔴 High,20,3,0.15,167,121.8
scikit-learn,scikits/learn/feature_selection/univariate_selection.py,99.6,🔴 High,24,7,0.2916666666666667,437,121.47826086956522
django,tests/modeladmin/models.py,99.6,🔴 High,15,11,0.6,3264,35.5
requests,src/requests/adapters.py,99.6,🔴 High,18,7,0.4444444444444444,1029,379.1764705882353
django,django/contrib/admin/static/admin/js/actions.min.js,99.6,🔴 High,15,11,0.4,3225,6.5
pytest,py/test/testing/test_session.py,99.6,🔴 High,39,4,0.282051282051282,948,247.30769230769232
pytest,py/test/testing/test_conftesthandle.py,99.6,🔴 High,11,3,0.2727272727272727,845,56.09090909090909
pytest,py/_code/_assertionnew.py,99.6,🔴 High,11,3,0.4545454545454545,266,297.0
pytest,doc/conf.py,99.6,🔴 High,21,3,0.2857142857142857,833,34.4
django,django/contrib/admin/templatetags/base.py,99.6,🔴 High,9,8,0.4444444444444444,3401,31.444444444444443
pytest,py/execnet/register.py,99.6,🔴 High,28,4,0.3571428571428571,946,135.64285714285714
pytest,py/test/dsession/testing/test_functional_dsession.py,99.6,🔴 High,19,1,0.2631578947368421,216,95.52631578947368
flask,tests/test_instance_config.py,99.6,🔴 High,20,6,0.15,3859,92.95
scikit-learn,sklearn/feature_selection/tests/test_sequential.py,99.6,🔴 High,16,14,0.3125,1450,171.25
django,tests/regressiontests/admin_changelist/models.py,99.6,🔴 High,12,8,0.8333333333333334,1185,41.083333333333336
django,tests/syndication/tests.py,99.6,🔴 High,8,7,0.5,249,290.2857142857143
django,tests/regressiontests/utils/text.py,99.6,🔴 High,14,7,0.5,870,70.57142857142857
scikit-learn,sklearn/externals/joblib/disk.py,99.6,🔴 High,13,7,0.5384615384615384,2527,57.125
scikit-learn,sklearn/datasets/mlcomp.py,99.6,🔴 High,13,7,0.4615384615384615,2568,52.15384615384615
django,tests/template_tests/filter_tests/test_slugify.py,99.6,🔴 High,9,6,0.3333333333333333,2619,33.333333333333336
django,tests/check_framework/test_templates.py,99.6,🔴 High,10,9,0.6,3209,120.7
rich,tests/test_panel.py,99.6,🔴 High,22,4,0.2272727272727272,1883,69.27272727272727
pytest,py/test/plugin/pytest_iocapture.py,99.6,🔴 High,21,2,0.1904761904761904,156,60.666666666666664
django,tests/regressiontests/views/tests/defaults.py,99.6,🔴 High,9,6,0.7777777777777778,1840,56.77777777777778
django,tests/regressiontests/conditional_processing/models.py,99.6,🔴 High,13,6,0.6923076923076923,1284,114.3076923076923
django,tests/modeltests/m2m_recursive/models.py,99.6,🔴 High,11,7,0.3636363636363636,2294,68.27272727272727
django,django/contrib/gis/geoip/libgeoip.py,99.6,🔴 High,6,6,0.6666666666666666,1341,22.333333333333332
django,tests/template_tests/syntax_tests/test_lorem.py,99.6,🔴 High,7,6,0.2857142857142857,2640,15.571428571428571
pytest,py/path/local/testing/test_local.py,99.6,🔴 High,13,3,0.1538461538461538,785,287.0769230769231
django,js_tests/admin/RelatedObjectLookups.test.js,99.6,🔴 High,9,8,0.2222222222222222,4022,37.55555555555556
django,django/core/checks/model_checks.py,99.6,🔴 High,18,12,0.5555555555555556,4160,99.22222222222224
pytest,py/path/svn/wccommand.py,99.6,🔴 High,18,5,0.3888888888888889,939,515.9444444444445
pytest,testing/test_funcargs.py,99.6,🔴 High,9,2,0.3333333333333333,194,529.125
scikit-learn,scikits/learn/linear_model/bayes.py,99.6,🔴 High,15,8,0.2,280,151.26666666666668
cli,httpie/output.py,99.6,🔴 High,43,3,0.1627906976744186,644,227.3720930232558
cli,httpie/output/formatters/colors.py,99.6,🔴 High,36,6,0.4166666666666667,2928,200.63888888888889
scikit-learn,scikits/learn/decomposition/dict_learning.py,99.6,🔴 High,37,2,0.2162162162162162,64,151.51351351351352
flask,flask/__init__.py,99.6,🔴 High,87,13,0.1034482758620689,3510,20.71264367816092
django,django/contrib/gis/geometry/test_data.py,99.6,🔴 High,11,5,0.8181818181818182,1548,53.54545454545455
scikit-learn,examples/gaussian_process/plot_gpc_iris.py,99.6,🔴 High,8,6,0.125,4003,36.0
django,django/contrib/auth/tests/test_remote_user.py,99.6,🔴 High,8,7,0.5,672,119.875
django,django/core/checks/templates.py,99.6,🔴 High,10,8,0.6,3209,38.9
django,tests/postgres_tests/test_introspection.py,99.6,🔴 High,11,8,0.3636363636363636,2990,30.90909090909091
scikit-learn,scikits/learn/decomposition/sparsepca.py,99.6,🔴 High,22,1,0.2727272727272727,26,170.9090909090909
django,django/utils/inspect.py,99.6,🔴 High,18,14,0.6111111111111112,4205,60.22222222222222
scikit-learn,scikits/learn/machine/em/tests/test_gmm_em.py,99.6,🔴 High,8,1,0.125,16,135.0
scikit-learn,sklearn/decomposition/base.py,99.6,🔴 High,11,8,0.5454545454545454,1905,51.72727272727273
django,tests/file_uploads/urls.py,99.6,🔴 High,12,8,0.5,3264,16.545454545454547
django,django/contrib/localflavor/nl/forms.py,99.6,🔴 High,8,7,0.625,1772,60.125
django,django/contrib/gis/db/backends/mysql/features.py,99.6,🔴 High,15,7,0.6,3844,20.0
scikit-learn,scikits/learn/sparse/tests/test_svm.py,99.6,🔴 High,19,4,0.7368421052631579,44,42.0
django,tests/regressiontests/max_lengths/tests.py,99.6,🔴 High,7,5,0.4285714285714285,1484,28.857142857142858
pytest,py/apigen/html.py,99.6,🔴 High,20,1,0.35,55,137.0
scikit-learn,scikits/learn/preprocessing/tests/test_preprocessing.py,99.6,🔴 High,25,4,0.16,316,170.76
pytest,testing/test_collect.py,99.6,🔴 High,15,1,0.1333333333333333,295,242.78571428571428
flask,examples/flaskr/flaskr.py,99.6,🔴 High,19,5,0.2105263157894736,1723,64.42105263157895
django,django/conf/locale/kn/formats.py,99.6,🔴 High,8,7,0.375,4426,4.375
scikit-learn,examples/neural_networks/plot_mnist_filters.py,99.6,🔴 High,16,13,0.25,3335,26.625
pytest,_pytest/mark/structures.py,99.6,🔴 High,15,4,0.3333333333333333,90,220.73333333333332
scikit-learn,scikits/learn/tests/test_metrics.py,99.6,🔴 High,26,6,0.1923076923076923,190,91.3076923076923
scikit-learn,sklearn/utils/tests/test_shortest_path.py,99.6,🔴 High,16,12,0.25,4310,50.0625
django,django/conf/locale/et/formats.py,99.6,🔴 High,12,8,0.6666666666666666,4426,6.5
pytest,py/test/plugin/pytest_resultdb.py,99.6,🔴 High,18,3,0.2222222222222222,51,309.1111111111111
django,tests/admin_widgets/widgetadmin.py,99.6,🔴 High,12,10,0.4166666666666667,3519,37.54545454545455
django,django/conf/locale/bn/formats.py,99.6,🔴 High,9,8,0.3333333333333333,4426,12.333333333333334
scikit-learn,sklearn/externals/joblib/test/test_func_inspect.py,99.6,🔴 High,13,6,0.6153846153846154,999,99.77777777777776
django,django/conf/locale/en_AU/formats.py,99.6,🔴 High,9,8,0.4444444444444444,3059,27.666666666666668
scikit-learn,scikits/learn/tests/test_mixture.py,99.6,🔴 High,14,5,0.3571428571428571,224,187.0
pytest,testing/pytest/test_collect.py,99.6,🔴 High,8,1,0.375,126,210.1428571428571
scikit-learn,benchmarks/bench_sparsify.py,99.6,🔴 High,10,8,0.3,3516,43.0
cli,httpie/cli/requestitems.py,99.6,🔴 High,22,5,0.2727272727272727,1126,137.8181818181818
scikit-learn,scikits/learn/src/ball_tree.cpp,99.6,🔴 High,19,5,0.2631578947368421,85,3926.7368421052633
django,tests/from_db_value/models.py,99.6,🔴 High,9,7,0.3333333333333333,2732,20.11111111111111
django,django/contrib/auth/context_processors.py,99.6,🔴 High,16,12,0.5,4364,31.25
scikit-learn,sklearn/externals/joblib/test/test_hashing.py,99.6,🔴 High,15,7,0.6,1033,158.8181818181818
scikit-learn,examples/miscellaneous/plot_set_output.py,99.6,🔴 High,11,9,0.4545454545454545,928,64.36363636363636
django,django/contrib/gis/db/backends/oracle/models.py,99.6,🔴 High,18,13,0.3888888888888889,5686,36.388888888888886
django,django/conf/locale/ta/formats.py,99.6,🔴 High,8,7,0.375,4426,4.375
django,tests/regressiontests/select_related_onetoone/tests.py,99.6,🔴 High,11,7,0.7272727272727273,1077,90.54545454545456
django,tests/forms_tests/field_tests/test_multivaluefield.py,99.6,🔴 High,16,12,0.6875,2349,138.75
scikit-learn,scikits/learn/mixture/dpgmm.py,99.6,🔴 High,63,4,0.1904761904761904,153,367.9672131147541
django,django/conf/locale/te/formats.py,99.6,🔴 High,8,7,0.375,4426,4.375
flask,src/flask/templating.py,99.6,🔴 High,21,5,0.0952380952380952,2454,121.2
django,tests/regressiontests/m2m_through_regress/tests.py,99.6,🔴 High,10,7,0.6,920,139.8
django,django/contrib/flatpages/urls.py,99.6,🔴 High,7,5,0.8571428571428571,5928,4.571428571428571
django,tests/regressiontests/generic_views/list.py,99.6,🔴 High,16,9,0.875,764,139.8125
django,tests/i18n/test_percents.py,99.6,🔴 High,14,10,0.2142857142857142,2486,110.14285714285714
pytest,py/apigen/testing/test_apigen_example.py,99.6,🔴 High,24,2,0.3333333333333333,764,357.5
scikit-learn,examples/mixture/plot_gmm_pdf.py,99.6,🔴 High,18,12,0.1111111111111111,4990,23.22222222222222
django,tests/forms_tests/widget_tests/test_selectmultiple.py,99.6,🔴 High,10,8,0.7,3793,120.6
django,tests/regressiontests/syndication/feeds.py,99.6,🔴 High,10,6,0.6,1657,64.7
django,django/conf/locale/ga/formats.py,99.6,🔴 High,8,7,0.375,4426,6.375
django,django/contrib/formtools/utils.py,99.6,🔴 High,16,7,0.625,1448,23.4375
django,tests/regressiontests/m2m_regress/tests.py,99.6,🔴 High,8,6,0.75,864,58.0
scikit-learn,examples/cluster/plot_coin_ward_segmentation.py,99.6,🔴 High,11,8,0.3636363636363636,2311,38.45454545454545
django,django/db/migrations/exceptions.py,99.6,🔴 High,12,8,0.4166666666666667,2470,26.0
django,tests/indexes/models.py,99.6,🔴 High,16,15,0.5,3626,31.066666666666663
django,django/conf/urls/static.py,99.6,🔴 High,14,9,0.7142857142857143,4007,13.142857142857142
django,django/conf/locale/hi/formats.py,99.6,🔴 High,8,7,0.375,4426,6.375
django,tests/get_or_create/models.py,99.6,🔴 High,18,14,0.5,3625,33.411764705882355
scikit-learn,scikits/learn/linear_model/omp.py,99.5,🔴 High,52,5,0.1923076923076923,78,157.90196078431373
rich,rich/_win32_console.py,99.5,🔴 High,25,4,0.16,945,377.28
django,tests/regressiontests/forms/tests/error_messages.py,99.5,🔴 High,10,7,0.6,634,225.5
scikit-learn,examples/applications/plot_outlier_detection_housing.py,99.5,🔴 High,14,12,0.5,1730,66.53846153846153
django,django/contrib/sitemaps/apps.py,99.5,🔴 High,6,6,0.5,2951,5.333333333333333
pytest,testing/test_legacypath.py,99.5,🔴 High,21,7,0.4285714285714285,1469,114.9047619047619
django,tests/regressiontests/introspection/models.py,99.5,🔴 High,9,7,0.6666666666666666,1397,19.22222222222222
scikit-learn,sklearn/gaussian_process/__init__.py,99.5,🔴 High,27,15,0.1851851851851851,5079,5.32
django,django/core/signals.py,99.5,🔴 High,6,6,0.8333333333333334,5052,4.333333333333333
django,tests/regressiontests/transactions_regress/tests.py,99.5,🔴 High,13,7,0.7692307692307693,742,128.30769230769232
django,django/contrib/gis/tests/layermap/models.py,99.5,🔴 High,12,6,0.5833333333333334,2234,55.083333333333336
django,django/contrib/localflavor/pl/forms.py,99.5,🔴 High,14,7,0.9285714285714286,1754,99.42857142857144
django,tests/regressiontests/forms/tests/models.py,99.5,🔴 High,13,7,0.6923076923076923,687,144.53846153846155
cli,httpie/plugins/manager.py,99.5,🔴 High,19,5,0.3157894736842105,3128,58.68421052631579
django,tests/migrations/models.py,99.5,🔴 High,18,8,0.2777777777777778,3191,27.0
scikit-learn,scikits/learn/linear_model/sparse/logistic.py,99.5,🔴 High,25,6,0.08,281,35.083333333333336
pytest,_pytest/assertion/oldinterpret.py,99.5,🔴 High,9,5,0.3333333333333333,1199,439.6666666666667
django,django/models/auth.py,99.5,🔴 High,24,2,0.625,134,213.75
django,django/contrib/flatpages/apps.py,99.5,🔴 High,6,6,0.5,2951,5.333333333333333
django,tests/db_utils/tests.py,99.5,🔴 High,13,8,0.5384615384615384,2539,58.46153846153846
pytest,py/code/code.py,99.5,🔴 High,15,6,0.4,956,325.06666666666666
django,django/conf/locale/gl/formats.py,99.5,🔴 High,10,7,0.6,4426,9.9
django,django/conf/locale/ro/formats.py,99.5,🔴 High,9,8,0.4444444444444444,4426,15.666666666666666
django,django/contrib/auth/tests/management.py,99.5,🔴 High,16,8,0.75,647,97.6875
django,tests/regressiontests/utils/simplelazyobject.py,99.5,🔴 High,11,7,0.2727272727272727,676,56.0
click,click/parser.py,99.5,🔴 High,27,6,0.2592592592592592,2127,199.44444444444449
django,tests/forms_tests/field_tests/test_booleanfield.py,99.5,🔴 High,9,8,0.5555555555555556,3391,52.0
django,django/middleware/security.py,99.5,🔴 High,15,13,0.6666666666666666,4297,44.53333333333333
django,django/conf/locale/he/formats.py,99.5,🔴 High,8,6,0.5,4426,9.375
pytest,py/execnet/rsync.py,99.5,🔴 High,27,5,0.2962962962962963,961,134.11111111111111
django,tests/modeltests/empty/models.py,99.5,🔴 High,8,3,0.5,1557,8.0
pytest,py/impl/path/svnwc.py,99.5,🔴 High,6,1,0.6666666666666666,55,872.3333333333334
scikit-learn,scikits/learn/glm/cd.py,99.5,🔴 High,17,3,0.1764705882352941,12,157.13333333333333
scikit-learn,doc/tutorial/machine_learning_map/pyparsing.py,99.5,🔴 High,13,11,0.3076923076923077,3731,2689.846153846154
scikit-learn,sklearn/metrics/_plot/tests/test_plot_precision_recall.py,99.5,🔴 High,15,9,0.4,676,160.06666666666666
scikit-learn,examples/bicluster/plot_spectral_biclustering.py,99.5,🔴 High,16,11,0.375,4342,33.86666666666667
django,tests/regressiontests/admin_widgets/widgetadmin.py,99.5,🔴 High,7,6,0.7142857142857143,1132,21.571428571428573
pytest,py/execnet/testing/test_gwmanage.py,99.5,🔴 High,24,2,0.4583333333333333,186,149.70833333333334
django,django/contrib/gis/tests/relatedapp/models.py,99.5,🔴 High,15,6,0.6666666666666666,2197,34.46666666666667
django,django/conf/urls/shortcut.py,99.5,🔴 High,6,5,0.6666666666666666,3150,5.666666666666667
pytest,src/pytest.py,99.5,🔴 High,18,4,0.3888888888888889,400,80.17647058823529
django,django/contrib/sessions/apps.py,99.5,🔴 High,5,5,0.4,2951,5.0
scikit-learn,examples/ensemble/plot_random_forest_embedding.py,99.5,🔴 High,19,11,0.4736842105263157,4268,52.666666666666664
django,django/conf/locale/eu/formats.py,99.5,🔴 High,12,9,0.5,5782,7.25
django,tests/regressiontests/admin_util/models.py,99.5,🔴 High,11,7,0.7272727272727273,984,18.454545454545453
django,django/contrib/gis/maps/google/__init__.py,99.5,🔴 High,11,5,0.6363636363636364,2871,5.7272727272727275
django,tests/template_tests/filter_tests/test_linebreaksbr.py,99.5,🔴 High,8,7,0.625,2619,29.875
pytest,py/conftest.py,99.5,🔴 High,25,4,0.16,939,29.56
django,django/contrib/admin/static/admin/js/collapse.js,99.5,🔴 High,16,7,0.6875,3232,32.13333333333333
pytest,py/code/excinfo.py,99.5,🔴 High,13,7,0.4615384615384615,928,185.46153846153845
django,tests/admin_views/test_history_view.py,99.5,🔴 High,9,8,0.8888888888888888,2564,69.55555555555556
django,django/contrib/redirects/apps.py,99.5,🔴 High,6,6,0.5,2951,5.333333333333333
scikit-learn,examples/gaussian_process/plot_gp_probabilistic_classification_after_regression.py,99.5,🔴 High,14,6,0.0714285714285714,897,62.285714285714285
django,tests/regressiontests/i18n/commands/compilation.py,99.5,🔴 High,14,4,0.4285714285714285,829,45.69230769230769
pytest,py/apigen/linker.py,99.5,🔴 High,8,2,0.625,567,74.875
django,tests/gis_tests/geoapp/test_regress.py,99.5,🔴 High,13,5,0.3846153846153846,3973,70.07692307692308
django,django/db/models/fields/proxy.py,99.5,🔴 High,8,7,0.375,5030,7.125
pytest,testing/pytest/dist/test_dsession.py,99.5,🔴 High,7,1,0.5714285714285714,127,385.8333333333333
django,django/conf/locale/ml/formats.py,99.5,🔴 High,14,10,0.5714285714285714,4199,27.785714285714285
django,django/core/management/commands/reset.py,99.5,🔴 High,7,4,0.7142857142857143,1668,49.42857142857143
django,tests/regressiontests/null_fk/models.py,99.5,🔴 High,8,6,0.625,1525,22.75
pytest,py/apigen/apigen.py,99.5,🔴 High,23,3,0.4347826086956521,764,40.26086956521739
pytest,py/impl/test/dist/dsession.py,99.5,🔴 High,6,1,0.6666666666666666,67,213.33333333333337
pytest,py/test/rsession/executor.py,99.5,🔴 High,17,3,0.2941176470588235,239,93.58823529411764
django,tests/modeltests/aggregation/tests.py,99.5,🔴 High,8,5,0.75,989,509.375
flask,flask/testsuite/signals.py,99.5,🔴 High,11,5,0.3636363636363636,860,93.0909090909091
django,tests/regressiontests/generic_views/edit.py,99.5,🔴 High,14,6,0.9285714285714286,846,234.21428571428572
scikit-learn,scikits/learn/logistic.py,99.5,🔴 High,26,4,0.3846153846153846,185,29.53846153846154
scikit-learn,sklearn/manifold/__init__.py,99.5,🔴 High,23,14,0.217391304347826,5120,9.238095238095235
scikit-learn,sklearn/neighbors/nca.py,99.5,🔴 High,8,5,0.375,188,198.5
django,tests/ordering/models.py,99.5,🔴 High,20,17,0.65,4700,28.894736842105264
pytest,py/execnet/gwmanage.py,99.5,🔴 High,23,3,0.4347826086956521,184,133.7826086956522
django,tests/multiple_database/models.py,99.5,🔴 High,13,11,0.1538461538461538,3264,56.583333333333336
django,tests/expressions/test_queryset_values.py,99.5,🔴 High,10,8,0.5,3446,71.6
pytest,pytest.py,99.5,🔴 High,74,6,0.3918918918918919,2748,18.98611111111111
django,django/contrib/staticfiles/templatetags/staticfiles.py,99.5,🔴 High,9,6,0.6666666666666666,2650,14.11111111111111
scikit-learn,sklearn/semi_supervised/tests/test_self_training.py,99.5,🔴 High,16,12,0.25,2034,227.9375
scikit-learn,scikits/learn/datasets/lfw.py,99.5,🔴 High,32,6,0.21875,212,170.40625
django,django/bin/daily_cleanup.py,99.5,🔴 High,11,4,0.8181818181818182,2722,8.7
django,django/urls/utils.py,99.5,🔴 High,9,7,0.2222222222222222,3800,66.44444444444444
scikit-learn,examples/model_selection/plot_cost_sensitive_learning.py,99.5,🔴 High,13,8,0.4615384615384615,787,251.46153846153845
rich,rich/cells.py,99.5,🔴 High,67,5,0.2835820895522388,2165,125.19402985074628
click,click/_unicodefun.py,99.5,🔴 High,11,8,0.6363636363636364,1082,99.54545454545456
cli,tests/test_exit_status.py,99.5,🔴 High,23,2,0.0434782608695652,3602,52.69565217391305
scikit-learn,examples/cluster/plot_lena_compress.py,99.5,🔴 High,9,6,0.4444444444444444,798,43.55555555555556
django,django/conf/locale/bg/formats.py,99.5,🔴 High,11,7,0.6363636363636364,4426,6.454545454545454
django,django/conf/locale/uk/formats.py,99.5,🔴 High,13,8,0.5384615384615384,4426,16.384615384615383
django,tests/custom_pk/fields.py,99.5,🔴 High,13,11,0.3076923076923077,4486,49.166666666666664
django,tests/http_utils/tests.py,99.5,🔴 High,10,7,0.6,780,47.888888888888886
django,tests/expressions_regress/tests.py,99.5,🔴 High,10,7,0.6,372,288.77777777777777
django,django/contrib/localflavor/us/models.py,99.5,🔴 High,8,5,1.0,1044,24.75
django,tests/custom_pk/models.py,99.5,🔴 High,13,10,0.2307692307692307,3264,25.583333333333332
django,tests/regressiontests/middleware_exceptions/tests.py,99.5,🔴 High,11,4,0.9090909090909092,838,386.1818181818182
django,tests/test_discovery_sample/tests_sample.py,99.5,🔴 High,6,6,0.8333333333333334,1014,16.833333333333332
django,django/contrib/gis/tests/distapp/models.py,99.5,🔴 High,10,5,0.5,2206,42.0
django,tests/regressiontests/syndication/models.py,99.5,🔴 High,5,5,0.2,1606,13.5
pytest,testing/plugin/test_pytest_runner.py,99.5,🔴 High,15,3,0.1333333333333333,336,329.1333333333333
scikit-learn,scikits/learn/tests/test_pipeline.py,99.5,🔴 High,17,9,0.1764705882352941,358,59.9375
requests,tests/testserver/server.py,99.5,🔴 High,15,8,0.4,2932,88.13333333333334
flask,flask/testsuite/views.py,99.5,🔴 High,8,5,0.5,860,114.75
django,django/contrib/comments/moderation.py,99.5,🔴 High,11,8,0.7272727272727273,1768,93.54545454545456
scikit-learn,scikits/learn/cluster/hierarchical.py,99.5,🔴 High,35,7,0.0571428571428571,272,150.23529411764707
pytest,testing/io_/test_capture.py,99.5,🔴 High,15,4,0.4666666666666667,323,342.35714285714283
scikit-learn,examples/cluster/plot_optics.py,99.5,🔴 High,13,10,0.3076923076923077,2163,62.76923076923077
django,tests/inline_formsets/models.py,99.5,🔴 High,10,8,0.4,4847,24.666666666666668
django,tests/modeltests/user_commands/management/commands/dance.py,99.5,🔴 High,6,5,0.6666666666666666,1709,11.333333333333334
scikit-learn,sklearn/svm/src/libsvm/svm.h,99.5,🔴 High,12,10,0.25,4064,109.5
django,tests/regressiontests/localflavor/us/tests.py,99.5,🔴 High,7,7,0.8571428571428571,670,178.71428571428572
django,django/contrib/localflavor/za/forms.py,99.5,🔴 High,7,6,0.8571428571428571,1648,34.42857142857143
django,tests/unmanaged_models/models.py,99.5,🔴 High,11,10,0.2727272727272727,4525,71.0
scikit-learn,examples/miscellaneous/plot_kernel_ridge_regression.py,99.5,🔴 High,14,8,0.1428571428571428,1983,119.6923076923077
django,django/contrib/syndication/apps.py,99.5,🔴 High,5,5,0.4,2951,5.0
django,django/contrib/localflavor/fr/forms.py,99.5,🔴 High,14,9,0.7142857142857143,1944,30.428571428571427
django,tests/flatpages_tests/test_middleware.py,99.5,🔴 High,13,7,0.4615384615384615,4121,154.23076923076923
django,tests/regressiontests/forms/localflavor/ca.py,99.5,🔴 High,8,7,0.875,1433,41.0
pytest,testing/plugin/test_terminal.py,99.5,🔴 High,14,1,0.2857142857142857,33,571.1428571428571
django,django/contrib/humanize/apps.py,99.5,🔴 High,5,5,0.4,2951,5.0
django,tests/gis_tests/test_geoip.py,99.5,🔴 High,16,7,0.5625,609,114.1875
scikit-learn,scikits/learn/cluster/dbscan_.py,99.5,🔴 High,28,6,0.3214285714285714,52,51.851851851851855
pytest,testing/test_unraisableexception.py,99.5,🔴 High,14,8,0.4285714285714285,2020,189.21428571428572
django,tests/modeltests/manipulators/models.py,99.5,🔴 High,12,5,0.5,833,34.666666666666664
django,django/db/models/enums.py,99.5,🔴 High,15,8,0.5333333333333333,2209,60.0
scikit-learn,sklearn/ensemble/_hist_gradient_boosting/tests/test_binning.py,99.4,🔴 High,14,6,0.2142857142857142,2616,317.2857142857143
django,django/contrib/formtools/tests.py,99.4,🔴 High,12,5,1.0,1046,58.333333333333336
django,tests/select_related_regress/models.py,99.4,🔴 High,9,7,0.4444444444444444,3264,87.625
pytest,testing/test_conftesthandle.py,99.4,🔴 High,11,1,0.3636363636363636,263,128.5
django,django/core/management/commands/sqlflush.py,99.4,🔴 High,20,13,0.5,6110,15.5
scikit-learn,scikits/learn/svm/model.py,99.4,🔴 High,17,1,0.2941176470588235,28,50.0
django,tests/template_tests/filter_tests/test_length_is.py,99.4,🔴 High,7,6,0.5714285714285714,2619,71.42857142857143
django,django/core/management/commands/sqlclear.py,99.4,🔴 High,9,6,0.4444444444444444,2486,14.22222222222222
pytest,py/code/source.py,99.4,🔴 High,13,6,0.3076923076923077,955,225.3846153846154
django,django/conf/locale/fa/formats.py,99.4,🔴 High,9,7,0.5555555555555556,4426,9.88888888888889
django,tests/modeltests/test_client/urls.py,99.4,🔴 High,18,6,0.6666666666666666,1867,19.72222222222222
django,tests/regressiontests/utils/http.py,99.4,🔴 High,8,6,0.875,560,67.5
pytest,py/impl/test/pluginmanager.py,99.4,🔴 High,15,1,0.4,69,247.73333333333332
django,tests/template_loader/tests.py,99.4,🔴 High,8,5,0.5,2594,120.125
django,django/core/management/commands/sql.py,99.4,🔴 High,9,6,0.4444444444444444,2486,14.22222222222222
scikit-learn,scikits/learn/tests/test_glm.py,99.4,🔴 High,19,4,0.3157894736842105,39,45.36842105263158
scikit-learn,sklearn/ensemble/_hist_gradient_boosting/tests/test_predictor.py,99.4,🔴 High,13,7,0.1538461538461538,2569,90.3846153846154
requests,requests/__version__.py,99.4,🔴 High,44,5,0.0454545454545454,2187,9.931818181818182
django,django/db/models/sql/__init__.py,99.4,🔴 High,11,9,0.3636363636363636,5030,5.181818181818182
django,django/contrib/admin/filterspecs.py,99.4,🔴 High,15,7,0.6666666666666666,1935,147.26666666666668
django,django/contrib/gis/db/backends/util.py,99.4,🔴 High,10,6,0.4,1555,21.6
pytest,testing/plugin/test_pytest_junitxml.py,99.4,🔴 High,9,1,0.5555555555555556,190,192.11111111111111
django,django/conf/locale/id/formats.py,99.4,🔴 High,14,11,0.5714285714285714,4288,37.714285714285715
django,django/db/backends/postgresql_psycopg2/schema.py,99.4,🔴 High,10,5,0.7,1144,53.9
django,tests/apps/namespace_package_base/nsapp/apps.py,99.4,🔴 High,5,5,0.6,2930,5.8
django,django/conf/locale/is/formats.py,99.4,🔴 High,9,8,0.4444444444444444,4426,7.888888888888889
pytest,testing/test_deprecated_api.py,99.4,🔴 High,8,1,0.375,257,316.57142857142856
django,django/contrib/admin/static/admin/js/change_form.js,99.4,🔴 High,12,7,0.75,3799,18.916666666666668
django,tests/regressiontests/utils/timesince.py,99.4,🔴 High,11,6,0.7272727272727273,1725,53.63636363636363
django,tests/regressiontests/admin_validation/tests.py,99.4,🔴 High,10,6,0.7,1062,168.5
scikit-learn,sklearn/ensemble/_hist_gradient_boosting/tests/test_loss.py,99.4,🔴 High,14,8,0.4285714285714285,804,199.6428571428571
scikit-learn,examples/ensemble/plot_bias_variance.py,99.4,🔴 High,15,9,0.2666666666666666,4284,78.66666666666667
scikit-learn,examples/plot_classifier_comparison.py,99.4,🔴 High,16,7,0.4375,564,70.125
django,django/contrib/gis/geos/base.py,99.4,🔴 High,12,7,0.5,3054,74.08333333333333
pytest,testing/pytest/test_deprecated_api.py,99.4,🔴 High,7,1,0.1428571428571428,129,302.5
scikit-learn,sklearn/svm/src/liblinear/tron.cpp,99.4,🔴 High,9,7,0.3333333333333333,5102,182.28571428571428
django,django/contrib/admin/static/admin/js/prepopulate.js,99.4,🔴 High,10,7,0.7,5406,28.0
scikit-learn,sklearn/metrics/cluster/_bicluster.py,99.4,🔴 High,15,13,0.0666666666666666,2106,39.785714285714285
rich,tests/test_table.py,99.4,🔴 High,32,7,0.21875,2056,111.78125
django,tests/flatpages_tests/test_views.py,99.4,🔴 High,10,7,0.5,4121,127.3
django,django/db/backends/ddl_references.py,99.4,🔴 High,12,7,0.6666666666666666,3641,135.33333333333334
scikit-learn,examples/linear_model/plot_lasso_dense_vs_sparse_data.py,99.4,🔴 High,9,8,0.2222222222222222,3225,36.0
django,tests/modeltests/mutually_referential/models.py,99.4,🔴 High,7,5,0.4285714285714285,1990,9.285714285714286
scikit-learn,scikits/learn/src/libsvm_helper.c,99.4,🔴 High,15,1,0.4,66,238.26666666666668
django,tests/db_functions/models.py,99.4,🔴 High,16,12,0.5,4016,38.625
django,django/core/template/defaulttags.py,99.4,🔴 High,15,2,0.9333333333333332,125,419.73333333333335
scikit-learn,scikits/learn/cluster/spectral.py,99.4,🔴 High,20,5,0.2,371,67.33333333333333
django,tests/middleware_exceptions/views.py,99.4,🔴 High,9,9,0.3333333333333333,3264,22.375
pytest,py/test/plugin/pytest_resultlog.py,99.4,🔴 High,25,4,0.12,202,190.36
scikit-learn,examples/feature_selection/plot_rfe_with_cross_validation.py,99.4,🔴 High,15,13,0.1333333333333333,4343,37.07142857142857
django,django/contrib/admin/media/js/calendar.js,99.4,🔴 High,7,3,0.8571428571428571,1538,119.5
django,tests/check_framework/test_model_checks.py,99.4,🔴 High,13,11,0.6923076923076923,2441,317.15384615384613
requests,requests/config.py,99.4,🔴 High,21,5,0.4285714285714285,126,25.80952380952381
django,tests/template_tests/urls.py,99.4,🔴 High,12,6,0.3333333333333333,3264,14.083333333333334
pytest,testing/io_/test_terminalwriter.py,99.4,🔴 High,14,2,0.6428571428571429,323,133.3846153846154
cli,tests/test_docs.py,99.4,🔴 High,20,4,0.35,2692,33.85
pytest,testing/python/setup_only.py,99.4,🔴 High,18,7,0.6111111111111112,1215,196.33333333333337
scikit-learn,sklearn/tests/test_pls.py,99.4,🔴 High,12,8,0.0833333333333333,664,129.91666666666666
scikit-learn,scikits/learn/utils/fixes.py,99.4,🔴 High,17,6,0.5294117647058824,372,73.375
django,tests/gis_tests/geoapp/test_expressions.py,99.4,🔴 High,11,5,0.6363636363636364,3745,54.54545454545455
rich,tests/test_markup.py,99.4,🔴 High,21,4,0.4761904761904761,1201,104.1904761904762
django,django/core/db/backends/postgresql.py,99.4,🔴 High,33,3,0.6363636363636364,258,135.75757575757575
cli,tests/utils.py,99.4,🔴 High,33,3,0.2727272727272727,2432,149.625
django,django/contrib/gis/db/backends/postgis/pgraster.py,99.4,🔴 High,8,8,0.375,2722,66.0
django,tests/basic/models.py,99.4,🔴 High,21,17,0.5238095238095238,4381,26.1
scikit-learn,examples/release_highlights/plot_release_highlights_1_1_0.py,99.4,🔴 High,15,10,0.2,1471,88.53333333333333
django,tests/forms_tests/tests/test_renderers.py,99.4,🔴 High,11,7,0.4545454545454545,2906,46.63636363636363
pytest,testing/plugin/test_pytest_resultlog.py,99.4,🔴 High,12,1,0.3333333333333333,339,152.33333333333334
django,django/contrib/formtools/tests/tests.py,99.4,🔴 High,11,7,0.3636363636363636,388,94.27272727272728
scikit-learn,examples/release_highlights/plot_release_highlights_0_23_0.py,99.4,🔴 High,14,11,0.0714285714285714,1822,85.78571428571429
pytest,py/plugin/pytest_runner.py,99.4,🔴 High,5,1,0.4,69,222.8
scikit-learn,examples/model_selection/plot_det.py,99.4,🔴 High,16,8,0.3125,2154,40.0
django,django/views/decorators/clickjacking.py,99.4,🔴 High,10,9,0.3,5358,25.8
django,django/core/template/__init__.py,99.4,🔴 High,13,3,0.6923076923076923,117,582.3333333333334
django,django/contrib/gis/db/backends/mysql/base.py,99.4,🔴 High,18,8,0.3333333333333333,4426,15.72222222222222
django,tests/modeltests/properties/models.py,99.4,🔴 High,7,5,0.4285714285714285,1990,15.142857142857142
django,django/core/management/commands/sqlindexes.py,99.4,🔴 High,9,6,0.4444444444444444,2486,14.22222222222222
django,django/core/db/backends/sqlite3.py,99.4,🔴 High,23,3,0.6956521739130435,249,136.3913043478261
django,tests/template_tests/filter_tests/test_wordwrap.py,99.4,🔴 High,9,8,0.6666666666666666,3790,54.0
django,tests/defer/models.py,99.4,🔴 High,10,10,0.5,4000,27.666666666666668
django,django/contrib/messages/tests/cookie.py,99.4,🔴 High,11,6,0.6363636363636364,1107,79.0
django,django/contrib/admin/templatetags/adminmedia.py,99.3,🔴 High,10,3,0.7,2388,8.88888888888889
scikit-learn,examples/gaussian_process/plot_gpc_xor.py,99.3,🔴 High,15,7,0.2666666666666666,3389,31.857142857142858
django,tests/flatpages_tests/test_models.py,99.3,🔴 High,8,7,0.25,2550,15.0
django,docs/_ext/applyxrefs.py,99.3,🔴 High,9,7,0.5555555555555556,2356,60.333333333333336
scikit-learn,scikits/learn/src/liblinear.c,99.3,🔴 High,16,1,0.375,37,3670.875
scikit-learn,sklearn/ensemble/setup.py,99.3,🔴 High,7,5,0.2857142857142857,3575,36.57142857142857
pytest,py/test/plugin/test_pytest_capture.py,99.3,🔴 High,9,1,0.5555555555555556,33,325.3333333333333
django,tests/postgres_tests/test_bulk_update.py,99.3,🔴 High,8,6,0.625,2619,38.25
django,django/contrib/sitemaps/tests/urls/http.py,99.3,🔴 High,12,7,0.6666666666666666,1094,72.33333333333333
django,django/contrib/admin/static/admin/js/autocomplete.js,99.3,🔴 High,8,7,0.625,3265,31.625
scikit-learn,scikits/learn/src/BallTree.cpp,99.3,🔴 High,12,4,0.3333333333333333,346,650.4545454545455
django,tests/modeltests/signals/models.py,99.3,🔴 High,12,7,0.8333333333333334,1793,23.416666666666668
django,tests/serializers/models/base.py,99.3,🔴 High,12,8,0.3333333333333333,3043,106.66666666666669
flask,scripts/flaskext_compat.py,99.3,🔴 High,12,8,0.25,1321,55.833333333333336
django,tests/staticfiles_tests/test_forms.py,99.3,🔴 High,11,6,0.4545454545454545,2500,33.0
django,django/conf/urls/admin.py,99.3,🔴 High,8,2,0.375,97,47.5
django,tests/raw_query/models.py,99.3,🔴 High,9,9,0.6666666666666666,3264,23.875
scikit-learn,scikits/learn/src/BallTree.h,99.3,🔴 High,15,5,0.2,450,357.14285714285717
scikit-learn,sklearn/experimental/enable_hist_gradient_boosting.py,99.3,🔴 High,9,6,0.1111111111111111,2602,8.333333333333334
scikit-learn,sklearn/utils/tests/test_show_versions.py,99.3,🔴 High,11,10,0.0909090909090909,2856,27.3
django,tests/modeltests/expressions/models.py,99.3,🔴 High,13,7,0.7692307692307693,1343,20.153846153846153
django,django/conf/locale/th/formats.py,99.3,🔴 High,10,8,0.4,4426,16.1
django,tests/modeltests/files/models.py,99.3,🔴 High,14,8,0.8571428571428571,1601,17.5
scikit-learn,examples/plot_confusion_matrix.py,99.3,🔴 High,10,6,0.2,1449,21.3
scikit-learn,examples/model_selection/plot_underfitting_overfitting.py,99.3,🔴 High,12,8,0.1666666666666666,4012,39.72727272727273
scikit-learn,scikits/learn/pyem/pyem/densities.py,99.3,🔴 High,13,1,0.0769230769230769,0,175.76923076923077
pytest,py/rest/testing/test_rst.py,99.3,🔴 High,9,4,0.3333333333333333,948,391.8888888888889
scikit-learn,examples/plot_train_error_vs_test_error.py,99.3,🔴 High,16,8,0.25,1342,40.5625
scikit-learn,sklearn/_build_utils/deprecated_modules.py,99.3,🔴 High,32,6,0.1875,231,160.3125
scikit-learn,sklearn/__check_build/__init__.py,99.3,🔴 High,16,12,0.125,4963,35.46666666666667
pytest,py/misc/testing/test_update_website.py,99.3,🔴 High,8,2,0.625,555,60.875
django,django/contrib/gis/forms/__init__.py,99.3,🔴 High,6,4,0.5,4930,5.333333333333333
django,django/contrib/flatpages/migrations/0001_initial.py,99.3,🔴 High,10,7,0.3,3209,41.7
django,django/contrib/gis/utils/wkt.py,99.3,🔴 High,6,6,0.5,2811,32.833333333333336
django,tests/m2o_recursive/tests.py,99.3,🔴 High,9,7,0.2222222222222222,3264,31.5
django,django/contrib/admin/media/js/urlify.js,99.3,🔴 High,16,3,1.0,809,80.2
django,tests/template_tests/syntax_tests/test_exceptions.py,99.3,🔴 High,10,7,0.5,3783,39.4
django,django/contrib/localflavor/ro/forms.py,99.3,🔴 High,9,5,0.6666666666666666,1510,131.11111111111111
django,tests/template_tests/filter_tests/test_linenumbers.py,99.3,🔴 High,7,6,0.5714285714285714,2619,37.57142857142857
pytest,py/code/testing/test_source.py,99.3,🔴 High,13,6,0.3076923076923077,947,279.0769230769231
django,tests/regressiontests/datatypes/models.py,99.3,🔴 High,14,8,0.5,1876,17.071428571428573
django,tests/gis_tests/gdal_tests/test_driver.py,99.3,🔴 High,10,7,0.5,3997,59.111111111111114
pytest,_pytest/vendored_packages/pluggy.py,99.3,🔴 High,8,6,0.375,650,466.0
django,tests/gis_tests/utils.py,99.3,🔴 High,12,7,0.25,3818,59.27272727272727
django,tests/template_tests/filter_tests/test_stringformat.py,99.3,🔴 High,9,7,0.4444444444444444,2619,25.555555555555557
django,django/conf/locale/eo/formats.py,99.3,🔴 High,8,7,0.5,2906,38.857142857142854
pytest,py/execnet/script/socketserver.py,99.3,🔴 High,8,3,0.375,952,70.375
scikit-learn,examples/preprocessing/plot_map_data_to_normal.py,99.3,🔴 High,11,9,0.3636363636363636,2158,69.9090909090909
django,django/utils/daemonize.py,99.3,🔴 High,8,5,0.625,2909,46.625
django,tests/max_lengths/tests.py,99.3,🔴 High,12,9,0.4166666666666667,3264,29.09090909090909
scikit-learn,scikits/learn/linear_model/tests/test_omp.py,99.3,🔴 High,26,3,0.1538461538461538,78,83.4
scikit-learn,benchmarks/bench_multilabel_metrics.py,99.3,🔴 High,12,8,0.25,3485,142.16666666666666
django,tests/urlpatterns_reverse/middleware.py,99.3,🔴 High,8,7,0.625,4860,25.571428571428573
scikit-learn,examples/linear_model/plot_quantile_regression.py,99.3,🔴 High,15,9,0.2,1393,129.06666666666666
django,tests/admin_docs/urls.py,99.3,🔴 High,11,9,0.6363636363636364,4183,12.272727272727272
scikit-learn,sklearn/externals/joblib/my_exceptions.py,99.3,🔴 High,13,6,0.4615384615384615,2527,55.0
scikit-learn,examples/decomposition/plot_img_denoising.py,99.3,🔴 High,15,4,0.2,24,85.4
pytest,testing/pytest/test_conftesthandle.py,99.3,🔴 High,8,1,0.625,115,74.42857142857143
django,django/bin/unique-messages.py,99.3,🔴 High,9,4,0.4444444444444444,2910,21.88888888888889
django,tests/regressiontests/forms/localflavor.py,99.3,🔴 High,30,4,0.8,171,0.0
scikit-learn,scikits/learn/feature_selection/tests/test_feature_select.py,99.3,🔴 High,18,9,0.3333333333333333,547,163.94444444444446
django,tests/template_tests/test_engine.py,99.3,🔴 High,13,7,0.4615384615384615,2541,74.61538461538461
django,tests/regressiontests/forms/localflavor/ar.py,99.3,🔴 High,5,5,0.8,1433,39.8
django,django/contrib/gis/geos/factory.py,99.3,🔴 High,12,7,0.3333333333333333,4699,18.666666666666668
django,django/contrib/admindocs/tests/__init__.py,99.3,🔴 High,10,6,0.7,2480,24.5
django,tests/migrations/test_multidb.py,99.3,🔴 High,12,8,0.3333333333333333,4190,111.25
scikit-learn,sklearn/linear_model/sparse/stochastic_gradient.py,99.3,🔴 High,18,6,0.3888888888888889,143,89.27777777777777
scikit-learn,sklearn/utils/linear_assignment_.py,99.3,🔴 High,12,8,0.25,2288,114.91666666666669
cli,tests/test_defaults.py,99.2,🔴 High,26,2,0.3076923076923077,3602,85.92307692307692
django,tests/gis_tests/geoapp/test_sitemaps.py,99.2,🔴 High,11,7,0.0909090909090909,2550,46.90909090909091
django,tests/regressiontests/bug639/tests.py,99.2,🔴 High,10,6,0.7,2111,18.7
flask,flask/testsuite/ext.py,99.2,🔴 High,18,4,0.2222222222222222,837,80.5
django,tests/custom_columns/models.py,99.2,🔴 High,11,9,0.1818181818181818,3264,23.8
django,tests/properties/tests.py,99.2,🔴 High,12,9,0.3333333333333333,3264,15.636363636363637
django,tests/admin_custom_urls/models.py,99.2,🔴 High,11,10,0.2727272727272727,4525,47.1
django,tests/check_framework/test_multi_db.py,99.2,🔴 High,8,6,0.375,2378,30.125
django,tests/urlpatterns_reverse/erroneous_urls.py,99.2,🔴 High,12,5,0.5,3264,10.454545454545457
django,django/contrib/admin/media/js/dateparse.js,99.2,🔴 High,5,4,0.8,1787,195.0
scikit-learn,examples/feature_stacker.py,99.2,🔴 High,8,6,0.5,1412,20.5
django,django/db/migrations/topological_sort.py,99.2,🔴 High,5,5,0.4,1110,17.0
pytest,src/_pytest/nose.py,99.2,🔴 High,18,6,0.3888888888888889,1597,35.11764705882353
rich,rich/json.py,99.2,🔴 High,17,7,0.3529411764705882,801,62.52941176470589
django,django/conf/locale/cy/formats.py,99.2,🔴 High,11,9,0.4545454545454545,4426,18.636363636363637
django,django/conf/locale/en_GB/formats.py,99.2,🔴 High,15,9,0.5333333333333333,4298,27.933333333333337
django,tests/contenttypes_tests/urls.py,99.2,🔴 High,7,5,0.4285714285714285,3247,5.285714285714286
django,tests/regressiontests/forms/localflavortests.py,99.2,🔴 High,44,4,0.5681818181818182,279,45.68181818181818
django,tests/regressiontests/datatypes/tests.py,99.2,🔴 High,10,6,0.6,661,62.1
scikit-learn,scikits/learn/src/liblinear_helper.c,99.2,🔴 High,11,2,0.7272727272727273,120,175.54545454545453
django,tests/migrations/test_migrations/0001_initial.py,99.2,🔴 High,12,10,0.5,3513,26.818181818181817
django,django/contrib/gis/sitemaps/georss.py,99.2,🔴 High,8,6,0.75,1896,21.75
scikit-learn,benchmarks/bench_sgd_covertype.py,99.2,🔴 High,20,7,0.3,462,110.94736842105264
scikit-learn,sklearn/externals/joblib/_parallel_backends.py,99.2,🔴 High,9,4,0.3333333333333333,842,220.5
scikit-learn,sklearn/experimental/enable_iterative_imputer.py,99.2,🔴 High,9,8,0.1111111111111111,2590,4.333333333333333
scikit-learn,sklearn/utils/_joblib.py,99.2,🔴 High,11,9,0.1818181818181818,2435,24.09090909090909
django,tests/regressiontests/localflavor/au/tests.py,99.2,🔴 High,5,5,0.8,412,72.2
django,tests/regressiontests/i18n/patterns/tests.py,99.2,🔴 High,16,6,0.8125,619,187.9375
rich,rich/columns.py,99.2,🔴 High,18,4,0.1111111111111111,501,137.61111111111111
scikit-learn,scikits/learn/decomposition/nmf.py,99.2,🔴 High,18,5,0.5,151,202.35294117647055
django,django/db/models/fields/generated.py,99.2,🔴 High,12,7,0.8333333333333334,895,162.5
django,tests/regressiontests/comment_tests/models.py,99.2,🔴 High,7,5,0.2857142857142857,1447,19.857142857142858
pytest,testing/test_findpaths.py,99.2,🔴 High,17,7,0.3529411764705882,1966,115.3529411764706
click,tests/test_chain.py,99.2,🔴 High,20,6,0.1,3937,168.35
scikit-learn,sklearn/externals/joblib/testing.py,99.2,🔴 High,9,5,0.5555555555555556,2527,45.0
cli,httpie/__init__.py,99.2,🔴 High,106,4,0.1415094339622641,4633,7.933333333333334
pytest,py/test/dsession/dsession.py,99.2,🔴 High,18,1,0.2777777777777778,217,193.44444444444449
django,tests/queries/test_query.py,99.2,🔴 High,16,11,0.6875,2217,126.75
django,tests/backends/mysql/tests.py,99.2,🔴 High,15,7,0.7333333333333333,3251,92.26666666666668
django,tests/extra_regress/models.py,99.2,🔴 High,12,11,0.25,3768,30.818181818181817
django,django/contrib/gis/db/models/sql/__init__.py,99.2,🔴 High,9,7,0.4444444444444444,4930,4.666666666666667
pytest,py/misc/conftest-socketgatewayrun.py,99.2,🔴 High,8,2,0.5,566,39.625
pytest,testing/code/test_assertion.py,99.2,🔴 High,17,3,0.4705882352941176,395,167.4375
django,tests/auth_tests/test_handlers.py,99.2,🔴 High,9,7,0.4444444444444444,3940,35.77777777777778
django,django/contrib/comments/views/karma.py,99.2,🔴 High,12,3,0.4166666666666667,792,20.09090909090909
pytest,py/builtin/builtin31.py,99.2,🔴 High,14,2,0.3571428571428571,7,68.85714285714286
scikit-learn,examples/applications/topics_extraction_with_nmf.py,99.2,🔴 High,17,6,0.2941176470588235,784,26.235294117647054
django,tests/test_utils/models.py,99.2,🔴 High,11,10,0.6363636363636364,3264,13.2
django,django/utils/hashcompat.py,99.2,🔴 High,6,6,0.8333333333333334,1370,11.5
pytest,pytest/plugin/runner.py,99.2,🔴 High,8,1,0.125,26,315.42857142857144
pytest,_pytest/resultlog.py,99.2,🔴 High,17,6,0.4705882352941176,2748,88.0
django,tests/regressiontests/localflavor/mk/tests.py,99.2,🔴 High,8,5,0.875,365,194.375
django,django/core/mail/utils.py,99.2,🔴 High,5,5,0.6,4475,9.4
django,tests/from_db_value/tests.py,99.2,🔴 High,6,6,0.3333333333333333,2732,24.333333333333332
django,django/views/generic/__init__.py,99.2,🔴 High,7,6,0.5714285714285714,6049,14.5
django,tests/regressiontests/signing/tests.py,99.2,🔴 High,10,5,0.6,461,106.6
scikit-learn,sklearn/datasets/_arff_parser.py,99.2,🔴 High,20,7,0.3,1599,262.65
pytest,pytest/main.py,99.2,🔴 High,12,1,0.1666666666666666,33,335.3333333333333
django,tests/template_tests/filter_tests/test_pluralize.py,99.2,🔴 High,5,5,0.8,2607,41.0
scikit-learn,scikits/learn/manifold/tests/test_locally_linear.py,99.2,🔴 High,17,5,0.4705882352941176,112,53.125
scikit-learn,examples/linear_model/lasso_dense_vs_sparse_data.py,99.2,🔴 High,11,7,0.2727272727272727,1272,38.63636363636363
django,tests/regressiontests/urlpatterns_reverse/views.py,99.2,🔴 High,9,4,0.8888888888888888,1488,17.11111111111111
django,django/contrib/gis/utils/ogrinfo.py,99.2,🔴 High,8,7,0.25,4930,35.875
scikit-learn,examples/exercises/plot_digits_classification_exercise.py,99.2,🔴 High,16,11,0.375,4518,15.066666666666666
django,docs/_ext/literals_to_xrefs.py,99.2,🔴 High,11,6,0.5454545454545454,2348,108.63636363636364
django,tests/regressiontests/forms/localflavor/pl.py,99.2,🔴 High,8,5,1.0,1433,24.875
django,django/contrib/messages/storage/fallback.py,99.2,🔴 High,8,7,0.375,4439,31.25
django,tests/admin_inlines/urls.py,99.2,🔴 High,8,6,0.375,3264,5.857142857142857
scikit-learn,examples/plot_hmm_sampling.py,99.2,🔴 High,8,6,0.25,792,24.625
scikit-learn,examples/model_selection/plot_grid_search_stats.py,99.1,🔴 High,12,7,0.3333333333333333,1605,156.33333333333334
scikit-learn,examples/model_selection/plot_cv_predict.py,99.1,🔴 High,10,9,0.2,2336,20.555555555555557
django,django/contrib/gis/gdal/tests/test_driver.py,99.1,🔴 High,8,7,0.625,2110,32.285714285714285
django,django/contrib/gis/db/backends/oracle/base.py,99.1,🔴 High,14,7,0.3571428571428571,4426,13.928571428571429
django,django/contrib/auth/tests/test_basic.py,99.1,🔴 High,12,7,0.5,665,164.58333333333334
rich,examples/downloader.py,99.1,🔴 High,17,7,0.1176470588235294,1621,46.588235294117645
django,django/template/loaders/locmem.py,99.1,🔴 High,11,5,0.2727272727272727,2637,17.90909090909091
django,tests/messages_tests/test_api.py,99.1,🔴 High,10,7,0.2,3047,41.55555555555556
django,django/contrib/auth/tests/test_context_processors.py,99.1,🔴 High,11,8,0.4545454545454545,665,100.4
scikit-learn,scikits/learn/svm/src/liblinear/liblinear_helper.c,99.1,🔴 High,12,3,0.25,338,263.9
django,tests/regressiontests/dispatch/tests/test_dispatcher.py,99.1,🔴 High,15,6,0.8,2033,108.26666666666668
django,tests/regressiontests/templates/templatetags/custom.py,99.1,🔴 High,12,6,0.8333333333333334,1431,120.58333333333331
requests,requests/packages/urllib3/filepost.py,99.1,🔴 High,20,6,0.05,2078,38.611111111111114
django,tests/regressiontests/views/tests/specials.py,99.1,🔴 High,5,4,0.8,1152,12.8
django,django/core/xheaders.py,99.1,🔴 High,9,3,0.6666666666666666,2764,5.666666666666667
rich,rich/ansi.py,99.1,🔴 High,18,5,0.3888888888888889,1983,171.11111111111111
django,tests/middleware/views.py,99.1,🔴 High,9,8,0.6666666666666666,4612,24.25
django,django/utils/xmlutils.py,99.1,🔴 High,11,10,0.6363636363636364,7650,16.818181818181817
scikit-learn,sklearn/cross_decomposition/cca_.py,99.1,🔴 High,14,10,0.4285714285714285,2235,9.0
django,tests/null_fk/tests.py,99.1,🔴 High,13,10,0.4615384615384615,4574,48.166666666666664
scikit-learn,sklearn/random_projection/tests/test_random_projection.py,99.1,🔴 High,16,1,0.125,9,262.625
pytest,pytest/__init__.py,99.1,🔴 High,32,1,0.21875,36,6.53125
django,django/contrib/localflavor/uk/forms.py,99.1,🔴 High,10,6,1.0,1903,18.1
django,tests/forms_tests/widget_tests/test_widget.py,99.1,🔴 High,8,6,0.75,3562,17.125
django,tests/dbshell/test_postgresql.py,99.1,🔴 High,15,12,0.6,1838,123.78571428571428
scikit-learn,sklearn/svm/libsvm_sparse.c,99.1,🔴 High,19,8,0.5263157894736842,1232,6146.421052631579
django,tests/template_tests/filter_tests/test_join.py,99.1,🔴 High,8,7,0.625,3088,51.875
django,tests/regressiontests/multiple_database/models.py,99.1,🔴 High,8,4,0.75,963,48.25
pytest,testing/plugin/test_pytest_nose.py,99.1,🔴 High,8,2,0.625,331,184.42857142857144
scikit-learn,scikits/learn/tests/test_cross_val.py,99.1,🔴 High,19,5,0.4210526315789473,358,54.833333333333336
scikit-learn,doc/tutorial/text_analytics/data/languages/fetch_data.py,99.1,🔴 High,9,7,0.3333333333333333,3268,71.875
django,django/conf/locale/nb/formats.py,99.1,🔴 High,16,9,0.6875,4298,29.0
django,tests/regressiontests/urlpatterns_reverse/included_namespace_urls.py,99.1,🔴 High,6,4,0.6666666666666666,843,13.333333333333334
django,django/middleware/admin.py,99.1,🔴 High,8,1,0.625,93,83.625
scikit-learn,scikits/learn/svm/tests/test_oneclass.py,99.1,🔴 High,12,1,0.25,28,43.90909090909091
django,tests/regressiontests/bug8245/tests.py,99.1,🔴 High,9,6,0.5555555555555556,1192,16.0
django,django/conf/locale/nn/formats.py,99.1,🔴 High,16,9,0.6875,4298,29.4375
scikit-learn,scikits/learn/linear_model/__init__.py,99.1,🔴 High,22,7,0.0454545454545454,463,9.952380952380953
django,tests/conditional_processing/views.py,99.1,🔴 High,9,6,0.1111111111111111,1294,20.75
flask,flask/testsuite/appctx.py,99.1,🔴 High,11,4,0.1818181818181818,633,63.54545454545455
scikit-learn,examples/gaussian_process/gp_diabetes_dataset.py,99.1,🔴 High,15,10,0.1333333333333333,1496,16.0
django,django/core/management/commands/sqlall.py,99.1,🔴 High,12,6,0.4166666666666667,2689,13.333333333333334
scikit-learn,examples/feature_selection/plot_select_from_model_diabetes.py,99.1,🔴 High,16,13,0.1875,1898,50.25
django,tests/regressiontests/urlpatterns_reverse/urls.py,99.1,🔴 High,9,6,0.7777777777777778,1220,50.77777777777778
django,tests/regressiontests/generic_views/views.py,99.1,🔴 High,12,7,0.9166666666666666,777,123.16666666666669
pytest,py/test/dsession/testing/test_dsession.py,99.1,🔴 High,14,1,0.2857142857142857,217,302.0
django,django/contrib/sitemaps/tests/base.py,99.1,🔴 High,11,6,0.6363636363636364,873,22.181818181818183
django,tests/template_tests/syntax_tests/test_named_endblock.py,99.1,🔴 High,6,5,0.3333333333333333,2641,48.166666666666664
django,tests/foreign_object/models/person.py,99.1,🔴 High,8,7,0.5,3521,79.75
django,tests/admin_widgets/test_autocomplete_widget.py,99.1,🔴 High,12,11,0.9166666666666666,1911,131.91666666666666
pytest,py/_plugin/hookspec.py,99.1,🔴 High,16,2,0.125,262,55.333333333333336
rich,tests/test_logging.py,99.1,🔴 High,18,6,0.2222222222222222,1858,64.16666666666667
pytest,_pytest/_argcomplete.py,99.1,🔴 High,17,7,0.7058823529411765,1758,33.588235294117645
django,django/core/mail/backends/base.py,99.1,🔴 High,9,9,0.5555555555555556,5993,19.666666666666668
django,django/utils/html_parser.py,99.1,🔴 High,17,7,0.4705882352941176,1787,72.0
django,django/core/extensions.py,99.1,🔴 High,16,2,0.3125,164,42.6875
click,tests/test_bashcomplete.py,99.1,🔴 High,20,7,0.5,1535,211.8
django,django/conf/locale/es_PR/formats.py,99.1,🔴 High,8,6,0.625,3233,22.875
pytest,py/test/dist/txnode.py,99.1,🔴 High,20,3,0.15,160,108.1
django,tests/model_regress/models.py,99.0,🔴 High,14,10,0.3571428571428571,4668,45.30769230769231
django,tests/update/models.py,99.0,🔴 High,14,12,0.5,4502,26.46153846153846
scikit-learn,scikits/learn/metrics/__init__.py,99.0,🔴 High,18,7,0.2777777777777778,445,9.882352941176473
django,tests/file_storage/test_generate_filename.py,99.0,🔴 High,9,8,0.5555555555555556,3039,123.55555555555556
django,django/views/decorators/vary.py,99.0,🔴 High,14,10,0.3571428571428571,7418,18.785714285714285
django,django/contrib/admin/views/auth.py,99.0,🔴 High,9,3,0.6666666666666666,334,60.333333333333336
scikit-learn,sklearn/ensemble/_hist_gradient_boosting/loss.py,99.0,🔴 High,12,7,0.5,804,164.41666666666666
django,tests/template_tests/filter_tests/test_chaining.py,99.0,🔴 High,8,5,0.5,2619,75.5
scikit-learn,examples/plot_cv_predict.py,99.0,🔴 High,5,5,0.2,998,14.0
django,tests/model_enums/tests.py,99.0,🔴 High,16,8,0.625,2209,231.625
django,django/contrib/postgres/signals.py,99.0,🔴 High,11,8,0.4545454545454545,4148,32.18181818181818
django,django/contrib/localflavor/uy/forms.py,99.0,🔴 High,5,4,0.6,887,30.6
scikit-learn,sklearn/impute/__init__.py,99.0,🔴 High,12,8,0.1666666666666666,2590,11.416666666666666
scikit-learn,sklearn/bicluster/spectral.py,99.0,🔴 High,38,1,0.131578947368421,35,194.73684210526315
django,tests/model_fields/test_binaryfield.py,99.0,🔴 High,9,7,0.2222222222222222,3681,37.888888888888886
django,tests/modeltests/update/models.py,99.0,🔴 High,8,5,0.375,1568,18.75
scikit-learn,scikits/learn/features/tests/test_text.py,99.0,🔴 High,19,3,0.1578947368421052,93,114.73684210526316
django,tests/admin_widgets/urls.py,99.0,🔴 High,8,5,0.375,3264,5.0
django,django/contrib/auth/tests/context_processors.py,99.0,🔴 High,13,5,0.6923076923076923,687,62.30769230769231
scikit-learn,examples/applications/topics_extraction_with_nmf_lda.py,99.0,🔴 High,9,6,0.4444444444444444,537,53.333333333333336
scikit-learn,examples/cluster/plot_inductive_clustering.py,99.0,🔴 High,9,7,0.1111111111111111,2700,67.66666666666667
django,tests/responses/test_fileresponse.py,99.0,🔴 High,14,11,0.7142857142857143,1763,136.92857142857142
django,tests/i18n/contenttypes/tests.py,99.0,🔴 High,15,10,0.4,3486,25.5
django,django/tasks/base.py,99.0,🔴 High,5,5,0.6,263,180.4
django,tests/admin_scripts/management/commands/app_command.py,99.0,🔴 High,8,7,0.375,3264,7.0
pytest,py/test/plugin/pytest_figleaf.py,99.0,🔴 High,14,3,0.2142857142857142,160,55.642857142857146
django,django/core/defaulttags.py,99.0,🔴 High,6,2,0.8333333333333334,78,408.3333333333333
pytest,conftest.py,99.0,🔴 High,13,1,0.2307692307692307,323,62.38461538461539
django,tests/template_tests/syntax_tests/i18n/test_trans.py,99.0,🔴 High,6,5,0.6666666666666666,873,156.5
django,tests/regressiontests/urlpatterns_reverse/namespace_urls.py,99.0,🔴 High,9,7,0.7777777777777778,1168,35.333333333333336
scikit-learn,scikits/learn/linear_model/logistic.py,99.0,🔴 High,26,5,0.1153846153846153,281,31.708333333333332
django,django/contrib/admindocs/middleware.py,99.0,🔴 High,13,12,0.4615384615384615,4779,16.615384615384617
django,django/db/migrations/utils.py,99.0,🔴 High,8,8,0.625,2411,47.0
django,tests/urlpatterns_reverse/included_named_urls2.py,99.0,🔴 High,8,5,0.25,3264,7.0
scikit-learn,examples/release_highlights/plot_release_highlights_1_2_0.py,99.0,🔴 High,10,8,0.1,893,48.9
django,tests/template_tests/test_library.py,99.0,🔴 High,7,6,0.5714285714285714,3858,129.85714285714286
django,tests/admin_custom_urls/urls.py,99.0,🔴 High,8,5,0.25,3264,5.0
pytest,py/test/rsession/hostmanage.py,99.0,🔴 High,45,2,0.2222222222222222,214,158.37777777777777
django,tests/modeltests/get_or_create/tests.py,99.0,🔴 High,8,6,0.75,737,43.375
django,tests/template_tests/test_base.py,99.0,🔴 High,10,10,0.7,3063,39.5
scikit-learn,scikits/learn/tests/test_naive_bayes.py,99.0,🔴 High,20,7,0.3,505,33.10526315789474
django,tests/regressiontests/context_processors/tests.py,99.0,🔴 High,9,4,0.8888888888888888,971,44.111111111111114
django,tests/regressiontests/comment_tests/tests/app_api_tests.py,99.0,🔴 High,6,5,0.5,1573,48.166666666666664
rich,tests/test_markdown.py,99.0,🔴 High,48,3,0.4166666666666667,2174,96.60416666666669
scikit-learn,sklearn/datasets/_svmlight_format.c,99.0,🔴 High,20,8,0.35,1473,3722.85
django,tests/regressiontests/forms/extra.py,99.0,🔴 High,10,4,1.0,976,0.0
django,django/contrib/gis/admin/__init__.py,99.0,🔴 High,13,8,0.2307692307692307,5273,16.846153846153847
scikit-learn,examples/plot_kernel_ridge_regression.py,99.0,🔴 High,16,11,0.375,1687,99.375
pytest,_pytest/deprecated.py,99.0,🔴 High,20,6,0.65,668,25.4
pytest,py/misc/buildcmodule.py,99.0,🔴 High,7,2,0.5714285714285714,574,57.57142857142857
pytest,py/test/pytestplugin.py,99.0,🔴 High,17,1,0.2352941176470588,41,100.94117647058825
scikit-learn,sklearn/utils/sparsefuncs.c,99.0,🔴 High,20,7,0.15,1324,4683.85
pytest,py/plugin/hookspec.py,99.0,🔴 High,5,1,0.4,69,49.75
django,tests/proxy_models/urls.py,99.0,🔴 High,7,5,0.4285714285714285,3094,5.0
rich,rich/tabulate.py,99.0,🔴 High,19,4,0.1578947368421052,572,33.578947368421055
django,tests/regressiontests/views/tests/__init__.py,99.0,🔴 High,12,6,0.9166666666666666,1887,7.75
django,tests/gis_tests/geoapp/test_feeds.py,99.0,🔴 High,9,6,0.1111111111111111,3815,64.88888888888889
django,tests/aggregation/test_filter_argument.py,98.9,🔴 High,13,7,0.6923076923076923,3137,145.07692307692307
django,tests/regressiontests/forms/localflavor/es.py,98.9,🔴 High,6,4,0.8333333333333334,1402,44.833333333333336
django,tests/regressiontests/file_uploads/urls.py,98.9,🔴 High,8,6,0.875,1199,12.25
scikit-learn,examples/miscellaneous/plot_partial_dependence_visualization_api.py,98.9,🔴 High,13,9,0.1538461538461538,1816,48.30769230769231
django,tests/regressiontests/comment_tests/tests/__init__.py,98.9,🔴 High,7,5,0.5714285714285714,1475,77.42857142857143
rich,rich/padding.py,98.9,🔴 High,39,2,0.2051282051282051,1765,82.0
django,tests/regressiontests/test_client_regress/tests.py,98.9,🔴 High,11,4,0.8181818181818182,247,759.5454545454545
django,tests/regressiontests/initial_sql_regress/sql/simple.sql,98.9,🔴 High,8,3,0.875,2365,7.0
pytest,py/test/plugin/test_pytest_terminal.py,98.9,🔴 High,13,2,0.4615384615384615,49,494.61538461538464
scikit-learn,sklearn/utils/tests/test_svd.py,98.9,🔴 High,9,5,0.1111111111111111,401,75.66666666666667
cli,tests/test_binary.py,98.9,🔴 High,16,2,0.125,3602,48.0625
pytest,py/test/conftesthandle.py,98.9,🔴 High,15,4,0.2666666666666666,947,50.333333333333336
scikit-learn,sklearn/utils/tests/test_response.py,98.9,🔴 High,15,7,0.4666666666666667,1049,276.53333333333336
flask,src/flask/views.py,98.9,🔴 High,19,6,0.0526315789473684,1893,55.0
scikit-learn,examples/sgd/mlcomp_sparse_document_classification_sgd.py,98.9,🔴 High,13,4,0.1538461538461538,18,57.76923076923077
scikit-learn,sklearn/ensemble/_hist_gradient_boosting/tests/test_grower.py,98.9,🔴 High,15,7,0.2,2564,358.8666666666667
django,tests/admin_docs/models.py,98.9,🔴 High,14,13,0.7857142857142857,4186,37.5
pytest,py/test/testing/test_doctest.py,98.9,🔴 High,8,2,0.375,586,34.375
django,tests/template_tests/syntax_tests/test_now.py,98.9,🔴 High,6,5,0.3333333333333333,2640,50.0
pytest,testing/typing_checks.py,98.9,🔴 High,13,9,0.5384615384615384,2163,27.153846153846153
django,django/contrib/gis/db/backends/postgis/features.py,98.9,🔴 High,11,6,0.5454545454545454,2949,8.909090909090908
scikit-learn,sklearn/neighbors/tests/test_quad_tree.py,98.9,🔴 High,7,6,0.4285714285714285,3003,75.0
django,django/core/template/defaultfilters.py,98.9,🔴 High,12,3,0.8333333333333334,138,291.5833333333333
scikit-learn,scikits/learn/pyem/gauss_mix.py,98.9,🔴 High,17,1,0.1764705882352941,0,282.875
django,django/core/cache/backends/redis.py,98.9,🔴 High,10,9,0.6,1715,173.9
scikit-learn,examples/decomposition/plot_denoise.py,98.9,🔴 High,20,1,0.1,48,67.4
scikit-learn,scikits/learn/machine/em/tests/test_densities.py,98.9,🔴 High,9,1,0.2222222222222222,16,158.625
requests,requests/packages/oreos/monkeys.py,98.9,🔴 High,8,3,0.25,116,302.25
scikit-learn,sklearn/svm/src/liblinear/linear.h,98.9,🔴 High,11,8,0.2727272727272727,4950,55.666666666666664
pytest,py/_test/pycollect.py,98.9,🔴 High,10,1,0.5,244,313.1
django,tests/forms_tests/tests/__init__.py,98.9,🔴 High,11,7,0.4545454545454545,3607,16.88888888888889
rich,tests/test_segment.py,98.9,🔴 High,42,2,0.238095238095238,2234,171.73809523809524
scikit-learn,scikits/learn/glm/setup.py,98.9,🔴 High,20,5,0.3,216,23.31578947368421
pytest,testing/plugin/test_pytest__pytest.py,98.9,🔴 High,9,1,0.3333333333333333,340,43.333333333333336
scikit-learn,scikits/learn/sgd/sparse/src/sgd_fast_sparse.c,98.9,🔴 High,16,4,0.0625,17,7087.9375
django,tests/get_earliest_or_latest/models.py,98.9,🔴 High,5,5,0.6,4727,17.75
django,django/contrib/formtools/tests/wizard/namedwizardtests/forms.py,98.9,🔴 High,5,4,0.6,911,37.25
django,tests/model_formsets_regress/models.py,98.9,🔴 High,8,8,0.5,3264,29.285714285714285
django,tests/i18n/commands/extraction.py,98.9,🔴 High,12,6,0.75,255,362.72727272727275
pytest,testing/example_scripts/issue_519.py,98.9,🔴 High,15,5,0.6,2761,36.4
django,django/bin/profiling/gather_profile_stats.py,98.9,🔴 High,7,6,0.2857142857142857,3032,25.571428571428573
django,django/core/files/storage/filesystem.py,98.9,🔴 High,10,8,0.5,1168,170.2
django,tests/user_commands/management/commands/hal.py,98.9,🔴 High,6,6,0.8333333333333334,2726,18.5
django,tests/test_utils/urls.py,98.9,🔴 High,9,7,0.4444444444444444,3264,6.125
pytest,py/test/rsession/webdata/source.js,98.9,🔴 High,13,2,0.3076923076923077,214,3723.636363636363
scikit-learn,sklearn/svm/__init__.py,98.9,🔴 High,19,12,0.2105263157894736,5079,12.823529411764708
django,django/contrib/gis/db/backends/base/adapter.py,98.9,🔴 High,8,6,0.25,2578,13.142857142857142
scikit-learn,scikits/learn/svm/src/liblinear/_liblinear.c,98.8,🔴 High,11,2,0.4545454545454545,145,5675.6
pytest,py/_builtin.py,98.8,🔴 High,9,3,0.2222222222222222,264,174.125
django,tests/admin_docs/test_utils.py,98.8,🔴 High,9,7,0.4444444444444444,3308,86.66666666666667
scikit-learn,scikits/learn/decomposition/pca.py,98.8,🔴 High,16,5,0.3125,151,195.93333333333337
click,src/click/_bashcomplete.py,98.8,🔴 High,11,3,0.0909090909090909,91,262.4
django,django/bin/compile-messages.py,98.8,🔴 High,16,5,0.875,975,26.75
pytest,py/path/svn/testing/test_wccommand.py,98.8,🔴 High,14,4,0.3571428571428571,933,352.2142857142857
django,django/contrib/gis/db/backends/spatialite/client.py,98.8,🔴 High,4,4,0.25,4426,3.0
pytest,py/initpkg.py,98.8,🔴 High,9,3,0.2222222222222222,954,185.77777777777777
django,django/core/db/backends/ado_mssql.py,98.8,🔴 High,16,2,0.5,164,127.6875
flask,flask/testsuite/regression.py,98.8,🔴 High,8,5,0.5,789,66.75
django,django/utils/translation.py,98.8,🔴 High,14,3,0.7142857142857143,209,299.0
django,tests/modeltests/delete/models.py,98.8,🔴 High,12,6,0.6666666666666666,1551,40.833333333333336
scikit-learn,sklearn/feature_selection/variance_threshold.py,98.8,🔴 High,13,8,0.3076923076923077,2207,24.846153846153847
scikit-learn,doc/datasets/mldata_fixture.py,98.8,🔴 High,9,5,0.6666666666666666,2280,31.0
cli,tests/test_config.py,98.8,🔴 High,15,4,0.4666666666666667,2923,58.0
django,tests/regressiontests/forms/tests/regressions.py,98.8,🔴 High,9,4,0.7777777777777778,569,81.11111111111111
django,tests/invalid_models/invalid_models/models.py,98.8,🔴 High,8,6,0.875,249,328.85714285714283
django,tests/many_to_one_null/models.py,98.8,🔴 High,8,7,0.125,3264,16.857142857142858
scikit-learn,sklearn/metrics/cluster/setup.py,98.8,🔴 High,10,8,0.2,3145,17.2
django,tests/mail/custombackend.py,98.8,🔴 High,7,6,0.5714285714285714,4813,16.166666666666668
django,django/contrib/formtools/wizard/storage/cookie.py,98.8,🔴 High,6,6,1.0,1089,23.833333333333332
django,django/db/models/functions.py,98.8,🔴 High,14,7,0.7857142857142857,489,98.5
pytest,testing/path/test_svnurl.py,98.8,🔴 High,10,1,0.6,323,76.4
django,tests/regressiontests/views/models.py,98.8,🔴 High,6,4,0.8333333333333334,1790,20.5
scikit-learn,scikits/learn/glm/tests/test_cd.py,98.8,🔴 High,8,2,0.125,11,44.285714285714285
django,tests/template_tests/syntax_tests/test_multiline.py,98.8,🔴 High,6,5,0.5,2640,15.0
scikit-learn,sklearn/datasets/tests/test_california_housing.py,98.8,🔴 High,12,10,0.0833333333333333,2208,25.25
django,tests/i18n/commands/__init__.py,98.8,🔴 High,7,5,0.5714285714285714,3264,6.5
django,django/contrib/admin/media/js/inlines.js,98.8,🔴 High,16,4,1.0,414,102.6875
scikit-learn,scikits/learn/svm/kernel.py,98.8,🔴 High,11,1,0.3636363636363636,28,57.8
django,django/contrib/contenttypes/apps.py,98.8,🔴 High,12,10,0.8333333333333334,2951,12.75
django,tests/regressiontests/comment_tests/urls.py,98.8,🔴 High,6,5,0.5,1312,13.833333333333334
django,django/core/template.py,98.8,🔴 High,6,1,0.6666666666666666,85,319.0
pytest,src/py.py,98.8,🔴 High,5,5,0.8,607,5.8
django,django/conf/locale/ja/formats.py,98.8,🔴 High,9,7,0.5555555555555556,4990,9.444444444444445
scikit-learn,examples/ensemble/plot_adaboost_classification.py,98.8,🔴 High,12,2,0.5833333333333334,381,48.166666666666664
django,django/contrib/auth/migrations/0008_alter_user_username_max_length.py,98.8,🔴 High,8,6,0.375,2652,22.625
cli,tests/test_errors.py,98.8,🔴 High,15,4,0.6,2510,38.13333333333333
django,tests/admin_checks/models.py,98.8,🔴 High,8,7,0.625,2936,39.125
django,tests/regressiontests/utils/decorators.py,98.8,🔴 High,6,5,0.6666666666666666,1600,34.833333333333336
django,tests/forms_tests/urls.py,98.8,🔴 High,8,5,0.375,3264,5.375
django,django/contrib/gis/db/backends/oracle/features.py,98.8,🔴 High,11,6,0.3636363636363636,2579,12.636363636363637
scikit-learn,sklearn/externals/joblib/test/common.py,98.8,🔴 High,8,4,0.5,840,18.666666666666668
pytest,py/test/outcome.py,98.8,🔴 High,18,3,0.1666666666666666,944,93.83333333333331
scikit-learn,sklearn/experimental/tests/test_enable_iterative_imputer.py,98.8,🔴 High,7,6,0.2857142857142857,2590,24.285714285714285
django,tests/timezones/urls.py,98.8,🔴 High,8,6,0.375,3264,5.428571428571429
requests,tests/test_testserver.py,98.8,🔴 High,16,6,0.375,3619,108.4375
django,tests/foreign_object/test_tuple_lookups.py,98.7,🔴 High,8,3,0.25,188,395.5
django,tests/admin_views/views.py,98.7,🔴 High,5,5,0.2,3264,7.25
scikit-learn,scikits/learn/glm/sparse/coordinate_descent.py,98.7,🔴 High,11,4,0.2727272727272727,69,45.09090909090909
scikit-learn,examples/datasets/plot_digits_last_image.py,98.7,🔴 High,18,11,0.3888888888888889,4461,6.588235294117647
django,tests/generic_inline_admin/models.py,98.7,🔴 High,10,9,0.4,3264,35.888888888888886
pytest,testing/path/common.py,98.7,🔴 High,7,1,0.7142857142857143,323,341.3333333333333
django,django/contrib/flatpages/tests/views.py,98.7,🔴 High,12,6,0.75,938,79.0
django,django/contrib/admin/templatetags/adminapplist.py,98.7,🔴 High,10,3,0.7,756,49.888888888888886
rich,tests/test_live.py,98.7,🔴 High,32,5,0.3125,1914,130.0625
django,tests/regressiontests/builtin_server/tests.py,98.7,🔴 High,7,5,0.4285714285714285,1363,34.57142857142857
django,django/contrib/localflavor/mx/forms.py,98.7,🔴 High,7,6,0.5714285714285714,1691,80.71428571428571
django,django/core/management/commands/validate.py,98.7,🔴 High,8,5,0.875,2497,7.75
pytest,testing/pytest/dist/test_mypickle.py,98.7,🔴 High,6,1,0.6666666666666666,126,216.16666666666663
pytest,py/_plugin/pytest_default.py,98.7,🔴 High,10,1,0.3,263,86.0
django,tests/model_fields/test_textfield.py,98.7,🔴 High,8,8,0.5,2144,24.0
django,tests/regressiontests/inline_formsets/models.py,98.7,🔴 High,6,6,0.5,1485,15.666666666666666
django,django/contrib/postgres/utils.py,98.7,🔴 High,8,7,0.625,3453,20.5
scikit-learn,sklearn/metrics/score_objects.py,98.7,🔴 High,18,1,0.3333333333333333,75,37.77777777777778
django,tests/forms_tests/tests/test_util.py,98.7,🔴 High,6,5,0.8333333333333334,593,50.2
django,tests/regressiontests/admin_validation/models.py,98.7,🔴 High,15,6,0.7333333333333333,1444,22.133333333333333
django,django/contrib/admin/media/js/SelectFilter2.js,98.7,🔴 High,7,5,0.7142857142857143,1904,88.33333333333333
django,tests/forms_tests/widget_tests/base.py,98.7,🔴 High,7,5,0.7142857142857143,3614,21.857142857142858
django,django/core/mail/backends/locmem.py,98.7,🔴 High,11,11,0.4545454545454545,5993,13.909090909090908
django,tests/migrations/test_migrations_squashed_complex_multi_apps/app1/1_auto.py,98.7,🔴 High,5,5,0.4,3015,4.6
scikit-learn,sklearn/preprocessing/tests/test_preprocessing.py,98.7,🔴 High,10,5,0.2,116,270.9
django,tests/auth_tests/urls_custom_user_admin.py,98.7,🔴 High,9,7,0.4444444444444444,2548,14.444444444444445
flask,scripts/flask-07-upgrade.py,98.7,🔴 High,19,6,0.1052631578947368,2101,225.1578947368421
django,django/contrib/localflavor/kw/forms.py,98.7,🔴 High,4,3,0.75,887,38.0
django,tests/regressiontests/special_headers/urls.py,98.7,🔴 High,6,5,0.6666666666666666,836,9.0
scikit-learn,sklearn/externals/joblib/test/test_numpy_pickle.py,98.7,🔴 High,14,5,0.5,999,128.8
pytest,py/test/runner.py,98.7,🔴 High,32,3,0.21875,279,142.9375
django,tests/modeltests/empty/tests.py,98.7,🔴 High,6,5,0.5,725,21.166666666666668
django,tests/regressiontests/forms/localflavor/is_.py,98.7,🔴 High,4,4,0.5,1433,21.5
django,tests/regressiontests/localflavor/mx/tests.py,98.7,🔴 High,5,5,0.8,314,136.0
django,tests/utils_tests/test_regex_helper.py,98.7,🔴 High,7,6,0.2857142857142857,3225,43.0
django,django/conf/locale/de_CH/formats.py,98.7,🔴 High,14,9,0.5714285714285714,4758,20.785714285714285
django,tests/regressiontests/forms/localflavor/nl.py,98.7,🔴 High,4,4,0.75,1433,21.0
django,django/contrib/gis/tests/geoadmin/models.py,98.7,🔴 High,6,5,0.3333333333333333,1236,11.0
scikit-learn,examples/model_selection/plot_cv_indices.py,98.7,🔴 High,10,9,0.1,2183,94.7
django,tests/sitemaps_tests/test_https.py,98.7,🔴 High,10,7,0.2,3535,50.7
scikit-learn,scikits/learn/svm/src/libsvm/svm.cpp,98.7,🔴 High,14,3,0.4285714285714285,338,2511.5833333333335
django,django/contrib/localflavor/usa/forms.py,98.7,🔴 High,8,2,0.25,48,47.285714285714285
pytest,py/builtin/testing/test_builtin.py,98.7,🔴 High,12,2,0.25,7,102.5
pytest,scripts/release-on-comment.py,98.7,🔴 High,12,7,0.75,440,169.33333333333334
django,django/contrib/localflavor/it/it_province.py,98.7,🔴 High,6,4,1.0,1896,110.16666666666669
scikit-learn,scikits/learn/tests/test_nmf.py,98.7,🔴 High,16,1,0.125,122,62.13333333333333
django,django/contrib/localflavor/ca/ca_provinces.py,98.7,🔴 High,4,4,0.75,1700,49.5
django,tests/handlers/tests_custom_error_handlers.py,98.6,🔴 High,5,5,0.4,2425,24.2
django,tests/template_tests/filter_tests/test_upper.py,98.6,🔴 High,6,5,0.3333333333333333,2619,22.0
django,tests/db_functions/math/test_radians.py,98.6,🔴 High,5,5,0.4,1313,44.6
rich,rich/_export_format.py,98.6,🔴 High,14,6,0.2857142857142857,580,80.92857142857143
django,tests/db_functions/math/test_exp.py,98.6,🔴 High,5,5,0.4,1313,43.8
django,tests/db_functions/math/test_degrees.py,98.6,🔴 High,5,5,0.4,1313,44.6
pytest,_pytest/assertion/reinterpret.py,98.6,🔴 High,11,6,0.6363636363636364,1665,98.63636363636364
django,tests/template_tests/filter_tests/test_phone2numeric.py,98.6,🔴 High,6,5,0.5,2619,33.333333333333336
flask,flask/testsuite/subclassing.py,98.6,🔴 High,8,4,0.25,850,26.0
pytest,py/_plugin/pytest_assertion.py,98.6,🔴 High,15,3,0.4,268,84.42857142857143
django,django/contrib/gis/views.py,98.6,🔴 High,9,6,0.4444444444444444,3858,16.77777777777778
django,tests/db_functions/math/test_cot.py,98.6,🔴 High,5,5,0.4,1313,43.8
django,tests/migrations/test_migrations_squashed_complex_multi_apps/app1/2_auto.py,98.6,🔴 High,5,5,0.4,3015,5.6
django,tests/check_framework/test_database.py,98.6,🔴 High,9,6,0.2222222222222222,2147,42.111111111111114
django,tests/db_functions/math/test_floor.py,98.6,🔴 High,5,5,0.4,1313,44.6
scikit-learn,scikits/learn/svm/classes.py,98.6,🔴 High,20,9,0.35,155,45.8
django,tests/admin_util/models.py,98.6,🔴 High,4,4,0.25,665,37.0
pytest,py/test/rsession/testing/test_rest.py,98.6,🔴 High,15,3,0.2,366,282.06666666666666
django,django/contrib/admin/decorators.py,98.6,🔴 High,9,9,0.6666666666666666,4873,26.22222222222222
django,tests/db_functions/math/test_ln.py,98.6,🔴 High,5,5,0.4,1313,43.8
django,tests/requests/test_data_upload_settings.py,98.6,🔴 High,7,5,0.5714285714285714,2584,164.0
django,tests/template_tests/syntax_tests/test_verbatim.py,98.6,🔴 High,6,5,0.3333333333333333,2641,34.833333333333336
pytest,py/test/plugin/pytest_capture.py,98.6,🔴 High,12,1,0.5,35,154.8181818181818
django,tests/regressiontests/admin_views/urls.py,98.6,🔴 High,8,5,0.75,1598,9.25
django,tests/admin_changelist/test_date_hierarchy.py,98.6,🔴 High,8,8,0.75,2783,72.25
django,tests/regressiontests/m2m_regress/models.py,98.6,🔴 High,10,5,0.8,1528,30.5
django,tests/forms_tests/widget_tests/test_textinput.py,98.6,🔴 High,7,6,0.4285714285714285,2349,75.42857142857143
django,django/utils/copycompat.py,98.6,🔴 High,3,3,0.6666666666666666,867,8.0
django,tests/forms_tests/widget_tests/test_nullbooleanselect.py,98.6,🔴 High,8,8,0.5,3793,94.75
django,tests/str/tests.py,98.6,🔴 High,14,7,0.2857142857142857,3264,27.846153846153847
django,tests/migrations/test_migrations_squashed_complex_multi_apps/app1/3_auto.py,98.6,🔴 High,5,5,0.4,3015,5.6
scikit-learn,benchmarks/bench_lof.py,98.6,🔴 High,8,6,0.375,2581,73.75
scikit-learn,scikits/learn/em/tests/test_densities.py,98.6,🔴 High,5,2,0.6,63,120.0
django,tests/migrations/test_migrations_squashed_complex_multi_apps/app1/4_auto.py,98.6,🔴 High,5,5,0.4,3015,5.6
django,django/contrib/auth/tests.py,98.6,🔴 High,7,6,0.5714285714285714,337,4.428571428571429
django,tests/db_functions/math/test_ceil.py,98.6,🔴 High,5,5,0.4,1313,44.6
scikit-learn,scikits/learn/tree/tree.py,98.6,🔴 High,43,1,0.2325581395348837,32,227.3953488372093
django,tests/db_functions/math/test_atan.py,98.6,🔴 High,5,5,0.4,1313,44.6
django,tests/db_functions/math/test_sin.py,98.6,🔴 High,5,5,0.4,1313,43.8
django,tests/db_functions/math/test_asin.py,98.6,🔴 High,5,5,0.4,1313,44.6
pytest,py/test/dsession/testing/test_hostmanage.py,98.6,🔴 High,16,1,0.375,216,182.0
pytest,py/test/testing/test_genitems.py,98.6,🔴 High,12,3,0.25,189,111.0
django,tests/db_functions/math/test_acos.py,98.6,🔴 High,5,5,0.4,1313,44.6
pytest,py/test/plugin/pytest_unittest.py,98.6,🔴 High,14,2,0.2142857142857142,191,89.92857142857143
django,tests/db_functions/math/test_sqrt.py,98.6,🔴 High,5,5,0.4,1313,44.6
django,tests/db_functions/math/test_tan.py,98.6,🔴 High,5,5,0.4,1313,43.8
django,tests/db_functions/math/test_abs.py,98.6,🔴 High,5,5,0.4,1313,42.8
pytest,testing/cmdline/test_cmdline.py,98.6,🔴 High,10,2,0.5,386,58.44444444444444
django,django/utils/simplejson/__init__.py,98.6,🔴 High,7,3,0.8571428571428571,2104,79.57142857142857
django,tests/timezones/models.py,98.6,🔴 High,5,5,0.6,3264,16.0
django,django/middleware/clickjacking.py,98.6,🔴 High,11,10,0.4545454545454545,5497,13.363636363636363
django,js_tests/admin/SelectBox.test.js,98.6,🔴 High,9,7,0.3333333333333333,4022,52.0
pytest,py/_io/capture.py,98.6,🔴 High,10,2,0.4,194,267.8888888888889
django,django/contrib/gis/db/backends/spatialite/features.py,98.6,🔴 High,14,5,0.5714285714285714,2648,13.857142857142858
django,tests/db_functions/math/test_cos.py,98.6,🔴 High,5,5,0.4,1313,43.8
django,tests/migrations/test_migrations_squashed_complex_multi_apps/app2/2_auto.py,98.6,🔴 High,5,5,0.4,3015,5.6
pytest,testing/freeze/tox_run.py,98.6,🔴 High,9,5,0.6666666666666666,3639,7.333333333333333
scikit-learn,sklearn/tests/test_init.py,98.6,🔴 High,14,11,0.0714285714285714,5273,11.428571428571429
django,tests/migrations/test_migrations_squashed_complex_multi_apps/app2/1_auto.py,98.6,🔴 High,5,5,0.4,3015,5.6
pytest,py/cmdline/pylookup.py,98.6,🔴 High,8,3,0.25,397,63.625
scikit-learn,scikits/learn/manifold/compression/tools.py,98.5,🔴 High,4,1,0.25,43,36.666666666666664
scikit-learn,sklearn/utils/tests/test_plotting.py,98.5,🔴 High,10,6,0.4,1054,270.0
django,tests/regressiontests/forms/localflavor/fr.py,98.5,🔴 High,4,4,0.5,1433,16.0
django,tests/regressiontests/forms/localflavor/uk.py,98.5,🔴 High,5,4,0.8,1185,5.4
django,tests/regressiontests/comment_tests/tests/feed_tests.py,98.5,🔴 High,8,6,0.5,652,21.125
django,tests/regressiontests/forms/tests/input_formats.py,98.5,🔴 High,4,3,0.75,739,480.6666666666667
scikit-learn,sklearn/utils/tests/test_arrayfuncs.py,98.5,🔴 High,7,6,0.5714285714285714,1945,18.571428571428573
django,tests/regressiontests/comment_tests/tests/model_tests.py,98.5,🔴 High,6,5,0.3333333333333333,1312,42.166666666666664
django,tests/regressiontests/context_processors/urls.py,98.5,🔴 High,6,5,0.6666666666666666,1165,7.0
scikit-learn,examples/cluster/plot_linkage_comparison.py,98.5,🔴 High,9,6,0.3333333333333333,2612,104.11111111111111
pytest,pytest/plugin/terminal.py,98.5,🔴 High,8,1,0.375,27,347.14285714285717
django,django/apps/cache.py,98.5,🔴 High,29,1,0.2413793103448276,12,225.82142857142856
django,tests/regressiontests/forms/localflavor/us.py,98.5,🔴 High,6,4,0.5,1433,40.0
django,tests/i18n/urls.py,98.5,🔴 High,12,5,0.3333333333333333,3262,9.333333333333334
django,django/contrib/admin/media/js/admin/RelatedObjectLookups.js,98.5,🔴 High,14,6,0.8571428571428571,1267,55.30769230769231
pytest,pytest/hookspec.py,98.5,🔴 High,11,1,0.0909090909090909,33,60.81818181818182
scikit-learn,scikits/learn/svm/tests/test_dataset.py,98.5,🔴 High,12,1,0.25,28,84.0909090909091
django,django/contrib/gis/db/backends/oracle/schema.py,98.5,🔴 High,11,7,0.3636363636363636,3621,95.8181818181818
django,django/utils/image.py,98.5,🔴 High,9,7,0.4444444444444444,287,47.666666666666664
django,django/contrib/sessions/serializers.py,98.5,🔴 High,9,7,0.3333333333333333,3430,7.222222222222222
django,django/contrib/localflavor/in_/in_states.py,98.5,🔴 High,4,4,1.0,1416,84.25
pytest,py/io/capture.py,98.5,🔴 High,8,3,0.375,950,152.75
django,tests/modeladmin/test_has_add_permission_obj_deprecation.py,98.5,🔴 High,5,5,0.8,284,62.0
django,tests/staticfiles_tests/settings.py,98.5,🔴 High,9,7,0.2222222222222222,2435,25.22222222222222
pytest,py/io/terminalwriter.py,98.5,🔴 High,12,3,0.3333333333333333,377,200.5
django,tests/regressiontests/admin_ordering/tests.py,98.5,🔴 High,6,5,0.6666666666666666,619,49.666666666666664
pytest,py/test/rsession/master.py,98.5,🔴 High,17,3,0.1176470588235294,366,61.0
scikit-learn,sklearn/linear_model/tests/test_common.py,98.5,🔴 High,17,7,0.2941176470588235,1804,146.2941176470588
django,tests/regressiontests/i18n/models.py,98.5,🔴 High,9,6,0.8888888888888888,1613,10.125
pytest,_py/path/local.py,98.5,🔴 High,4,1,0.75,26,577.75
pytest,_py/test/plugin/pytest_terminal.py,98.5,🔴 High,5,1,0.2,25,381.5
django,django/views/__init__.py,98.5,🔴 High,3,3,0.3333333333333333,6049,2.0
scikit-learn,sklearn/utils/seq_dataset.c,98.5,🔴 High,13,8,0.2307692307692307,1310,4542.2307692307695
scikit-learn,sklearn/utils/bench.py,98.5,🔴 High,6,4,0.1666666666666666,2589,3.0
scikit-learn,scikits/learn/linear_model/sparse/stochastic_gradient.py,98.5,🔴 High,16,5,0.3125,274,136.4375
django,django/contrib/sites/admin.py,98.5,🔴 High,4,4,0.25,4947,6.0
django,django/contrib/admin/exceptions.py,98.5,🔴 High,4,4,0.5,3704,5.5
django,django/contrib/sites/shortcuts.py,98.5,🔴 High,6,5,0.3333333333333333,2930,8.333333333333334
django,tests/modeltests/unmanaged_models/models.py,98.5,🔴 High,7,5,0.7142857142857143,1252,70.42857142857143
pytest,py/test/rsession/rsession.py,98.5,🔴 High,32,3,0.3125,366,206.09375
django,django/contrib/admin/apps.py,98.5,🔴 High,14,10,0.7142857142857143,2951,13.142857142857142
scikit-learn,examples/ensemble/plot_hgbt_regression.py,98.5,🔴 High,9,6,0.2222222222222222,801,199.0
django,tests/utils_tests/test_tree.py,98.5,🔴 High,10,7,0.5,2990,70.6
scikit-learn,examples/neighbors/plot_digits_kde_sampling.py,98.5,🔴 High,13,9,0.3846153846153846,4032,31.916666666666668
django,django/contrib/gis/geometry/regex.py,98.5,🔴 High,6,5,0.6666666666666666,2784,8.333333333333334
django,tests/regressiontests/null_fk/tests.py,98.5,🔴 High,6,5,0.5,618,38.666666666666664
django,tests/modeltests/pagination/tests.py,98.5,🔴 High,7,5,0.7142857142857143,673,104.14285714285714
django,django/conf/project_template/project_name/urls.py,98.5,🔴 High,8,6,1.0,1518,5.142857142857143
django,tests/forms_tests/widget_tests/test_checkboxinput.py,98.5,🔴 High,9,7,0.6666666666666666,2349,68.88888888888889
pytest,py/test/dist/testing/test_mypickle.py,98.5,🔴 High,6,2,0.3333333333333333,167,200.16666666666663
django,tests/utils_tests/test_os_utils.py,98.4,🔴 High,7,6,0.2857142857142857,4673,46.0
scikit-learn,scikits/learn/tests/test_pls.py,98.4,🔴 High,21,4,0.0952380952380952,220,103.76190476190476
django,tests/modeltests/custom_pk/tests.py,98.4,🔴 High,7,6,0.5714285714285714,676,141.14285714285714
django,tests/urlpatterns_reverse/included_namespace_urls.py,98.4,🔴 High,15,6,0.3333333333333333,3264,19.142857142857142
django,tests/validation/test_validators.py,98.4,🔴 High,7,6,0.2857142857142857,3225,24.166666666666668
pytest,py/green/greensock2.py,98.4,🔴 High,4,2,0.5,10,384.6666666666667
django,tests/admin_scripts/management/commands/custom_startproject.py,98.4,🔴 High,6,6,0.3333333333333333,3264,6.2
django,js_tests/admin/URLify.test.js,98.4,🔴 High,7,5,0.4285714285714285,3231,18.714285714285715
django,tests/regressiontests/forms/localflavor/cl.py,98.4,🔴 High,6,5,0.8333333333333334,1433,22.166666666666668
django,tests/modeltests/fixtures_model_package/tests.py,98.4,🔴 High,9,6,0.6666666666666666,666,71.77777777777777
django,django/contrib/gis/tests/geogapp/models.py,98.4,🔴 High,8,5,0.25,1469,19.375
django,tests/servers/views.py,98.4,🔴 High,9,7,0.6666666666666666,3264,23.875
django,tests/pagination/custom.py,98.4,🔴 High,5,5,0.2,4396,16.0
scikit-learn,sklearn/ensemble/tests/test_common.py,98.4,🔴 High,10,10,0.1,2193,200.3
django,django/contrib/webdesign/__init__.py,98.4,🔴 High,5,3,0.6,3006,6.25
pytest,py/test/rsession/testing/test_rsession.py,98.4,🔴 High,23,2,0.217391304347826,366,212.82608695652175
django,tests/regressiontests/expressions_regress/tests.py,98.4,🔴 High,8,5,0.5,806,242.875
django,tests/regressiontests/comment_tests/tests/comment_form_tests.py,98.4,🔴 High,7,5,0.2857142857142857,1143,65.0
django,tests/regressiontests/model_formsets_regress/models.py,98.4,🔴 High,5,4,0.6,1186,17.2
django,tests/template_tests/syntax_tests/test_width_ratio.py,98.4,🔴 High,8,6,0.5,2640,105.25
django,tests/forms_tests/field_tests/test_regexfield.py,98.4,🔴 High,9,6,0.3333333333333333,2126,64.11111111111111
django,django/core/management/commands/runfcgi.py,98.4,🔴 High,7,4,0.4285714285714285,2486,18.571428571428573
django,django/db/backends/base/validation.py,98.4,🔴 High,8,7,0.25,3679,12.75
django,tests/utils_tests/test_checksums.py,98.4,🔴 High,5,5,0.4,806,24.0
pytest,bench/skip.py,98.4,🔴 High,10,5,0.5,3844,6.6
django,tests/gis_tests/geoadmin/models.py,98.4,🔴 High,15,8,0.2666666666666666,2550,16.071428571428573
django,tests/template_tests/filter_tests/test_striptags.py,98.4,🔴 High,6,5,0.5,2619,38.666666666666664
django,tests/forms_tests/field_tests/test_multiplechoicefield.py,98.4,🔴 High,7,6,0.5714285714285714,3637,72.85714285714286
django,tests/middleware_exceptions/urls.py,98.4,🔴 High,8,6,0.375,3264,11.142857142857142
django,django/contrib/messages/middleware.py,98.4,🔴 High,6,6,0.6666666666666666,6035,11.833333333333334
django,django/db/backends/postgresql_psycopg2/client.py,98.4,🔴 High,9,7,0.4444444444444444,3369,16.833333333333332
pytest,testing/pytest/looponfail/test_util.py,98.4,🔴 High,4,1,0.5,59,48.666666666666664
pytest,py/_test/conftesthandle.py,98.4,🔴 High,8,1,0.25,263,88.71428571428571
django,tests/contenttypes_tests/test_management.py,98.4,🔴 High,9,8,0.4444444444444444,2548,71.22222222222223
django,tests/template_tests/syntax_tests/test_spaceless.py,98.4,🔴 High,6,5,0.3333333333333333,2641,37.0
django,tests/urlpatterns/test_resolvers.py,98.3,🔴 High,5,5,0.8,2916,20.6
django,django/contrib/messages/utils.py,98.3,🔴 High,4,4,0.5,4439,6.5
scikit-learn,sklearn/linear_model/sparse/tests/test_coordinate_descent.py,98.3,🔴 High,14,5,0.0714285714285714,280,129.71428571428572
pytest,doc/en/example/costlysetup/conftest.py,98.3,🔴 High,13,7,0.3076923076923077,2632,14.0
scikit-learn,sklearn/gaussian_process/regression_models.py,98.3,🔴 High,11,9,0.3636363636363636,2237,20.0
django,tests/select_for_update/models.py,98.3,🔴 High,7,6,0.7142857142857143,3264,18.666666666666668
django,tests/contenttypes_tests/test_checks.py,98.3,🔴 High,7,6,0.4285714285714285,3179,222.0
django,tests/template_tests/filter_tests/test_slice.py,98.3,🔴 High,8,7,0.625,3428,31.125
pytest,py/_plugin/pytest_pdb.py,98.3,🔴 High,10,2,0.4,265,80.4
django,tests/template_tests/filter_tests/test_truncatewords.py,98.3,🔴 High,7,6,0.5714285714285714,2619,35.42857142857143
django,tests/modeltests/order_with_respect_to/models.py,98.3,🔴 High,6,4,0.5,1568,14.666666666666666
pytest,doc/en/example/conftest.py,98.3,🔴 High,5,4,0.6,4394,1.25
scikit-learn,examples/plot_isotonic_regression.py,98.3,🔴 High,8,8,0.25,2410,26.875
scikit-learn,sklearn/utils/tests/test_mocking.py,98.3,🔴 High,11,7,0.2727272727272727,2181,144.72727272727272
click,tests/test_defaults.py,98.3,🔴 High,18,6,0.5555555555555556,4301,123.11111111111111
pytest,testing/plugin/test_pytest_doctest.py,98.3,🔴 High,8,1,0.5,336,94.5
django,tests/template_tests/filter_tests/test_addslashes.py,98.3,🔴 High,6,5,0.5,2619,24.333333333333332
scikit-learn,sklearn/bicluster/tests/test_spectral.py,98.3,🔴 High,26,1,0.0384615384615384,18,115.3846153846154
scikit-learn,scikits/learn/svm/src/libsvm/_libsvm.c,98.3,🔴 High,13,2,0.4615384615384615,161,5758.75
django,django/contrib/messages/context_processors.py,98.3,🔴 High,4,4,0.5,4439,6.0
pytest,_pytest/standalonetemplate.py,98.3,🔴 High,10,4,0.6,2047,52.0
django,tests/forms_tests/field_tests/test_base.py,98.3,🔴 High,6,6,0.3333333333333333,2126,27.833333333333332
scikit-learn,scikits/learn/src/_liblinear.c,98.3,🔴 High,6,1,0.3333333333333333,55,4151.333333333333
scikit-learn,sklearn/metrics/cluster/tests/test_bicluster.py,98.3,🔴 High,8,5,0.25,3259,35.57142857142857
pytest,py/impl/test/looponfail/remote.py,98.3,🔴 High,7,2,0.2857142857142857,68,133.85714285714286
django,tests/modeladmin/test_actions.py,98.3,🔴 High,7,6,0.7142857142857143,2864,97.28571428571428
pytest,testing/pytest/plugin/test_pytest_terminal.py,98.3,🔴 High,7,1,0.2857142857142857,41,556.1666666666666
pytest,py/_code/_assertionold.py,98.3,🔴 High,6,2,0.5,243,438.6666666666667
django,django/newforms/util.py,98.3,🔴 High,15,3,0.7333333333333333,381,35.86666666666667
pytest,testing/log/test_log.py,98.3,🔴 High,9,1,0.5555555555555556,323,153.5
pytest,py/test/testing/test_pickling.py,98.3,🔴 High,16,3,0.1875,185,171.5625
pytest,py/doc/confrest.py,98.3,🔴 High,19,3,0.2105263157894736,788,136.6315789473684
django,tests/timezones/forms.py,98.3,🔴 High,5,5,0.6,3268,15.25
scikit-learn,scikits/learn/sgd/sgd_fast_sparse.c,98.2,🔴 High,7,2,0.1428571428571428,17,3826.285714285714
scikit-learn,scikits/learn/src/libsvm/libsvm_helper.c,98.2,🔴 High,7,2,0.2857142857142857,13,405.0
django,tests/get_object_or_404/models.py,98.2,🔴 High,9,8,0.2222222222222222,3264,16.625
pytest,testing/python/setup_plan.py,98.2,🔴 High,8,6,0.625,1243,32.75
django,django/contrib/localflavor/se/forms.py,98.2,🔴 High,4,4,0.5,897,70.5
scikit-learn,build_tools/get_comment.py,98.2,🔴 High,15,6,0.1333333333333333,898,236.8
scikit-learn,examples/bicluster/plot_spectral_coclustering.py,98.2,🔴 High,13,8,0.1538461538461538,3982,25.25
scikit-learn,examples/neighbors/plot_nca_illustration.py,98.2,🔴 High,11,8,0.0909090909090909,1971,54.72727272727273
scikit-learn,examples/plot_digits_pipe.py,98.2,🔴 High,14,9,0.4285714285714285,1764,30.076923076923077
django,django/middleware/sessions.py,98.2,🔴 High,11,1,0.5454545454545454,177,57.81818181818182
cli,tests/test_redirects.py,98.2,🔴 High,18,3,0.2222222222222222,2926,45.833333333333336
pytest,src/_pytest/unraisableexception.py,98.2,🔴 High,13,7,0.5384615384615384,2020,82.38461538461539
django,tests/model_fields/test_floatfield.py,98.2,🔴 High,5,5,0.4,2144,31.8
django,django/urls/converters.py,98.2,🔴 High,8,7,0.5,2974,42.875
requests,requests/packages/urllib3/connection.py,98.2,🔴 High,20,7,0.1,1310,141.95
django,tests/staticfiles_tests/test_templatetags.py,98.2,🔴 High,6,6,0.6666666666666666,2629,12.0
pytest,py/_test/session.py,98.2,🔴 High,14,1,0.3571428571428571,263,149.64285714285714
django,tests/template_tests/syntax_tests/test_ssi.py,98.2,🔴 High,11,5,0.3636363636363636,222,67.54545454545455
django,tests/regressiontests/admin_inlines/admin.py,98.2,🔴 High,7,7,0.8571428571428571,521,80.14285714285714
rich,tests/test_cells.py,98.2,🔴 High,25,4,0.28,2125,97.4
pytest,testing/plugin/test_pytest_mark.py,98.2,🔴 High,8,2,0.375,336,127.375
django,tests/regressiontests/templates/parser.py,98.2,🔴 High,6,6,0.8333333333333334,1423,30.666666666666668
scikit-learn,sklearn/_build_utils/openmp_helpers.py,98.2,🔴 High,14,8,0.2857142857142857,1834,85.78571428571429
scikit-learn,scikits/learn/glm/base.py,98.2,🔴 High,9,4,0.5555555555555556,77,40.666666666666664
django,tests/migrations/test_migrations_fake_split_initial/0002_second.py,98.2,🔴 High,5,5,0.4,2863,17.6
scikit-learn,scikits/learn/glm/regression.py,98.2,🔴 High,8,4,0.375,72,120.14285714285714
django,tests/template_tests/filter_tests/test_lower.py,98.2,🔴 High,6,5,0.3333333333333333,2619,22.0
django,tests/migrations/test_migrations_no_changes/0001_initial.py,98.2,🔴 High,5,5,0.4,4109,21.2
pytest,py/test/plugin/hookspec.py,98.2,🔴 High,13,1,0.0769230769230769,90,43.69230769230769
django,django/bin/make-messages.py,98.2,🔴 High,20,4,0.75,975,111.0
scikit-learn,examples/ensemble/plot_adaboost_error.py,98.2,🔴 High,12,2,0.3333333333333333,380,42.083333333333336
scikit-learn,sklearn/ensemble/tests/test_partial_dependence.py,98.2,🔴 High,14,6,0.3571428571428571,2554,132.14285714285714
django,tests/regressiontests/servers/tests.py,98.2,🔴 High,17,5,0.8235294117647058,1307,91.52941176470588
django,django/contrib/comments/views/userflags.py,98.2,🔴 High,8,1,0.375,792,49.285714285714285
django,tests/i18n/utils.py,98.2,🔴 High,8,6,0.125,2065,37.25
django,django/contrib/sites/migrations/0001_initial.py,98.2,🔴 High,8,7,0.375,3209,29.5
django,tests/prefetch_related/test_prefetch_related_objects.py,98.2,🔴 High,7,7,0.5714285714285714,3637,126.57142857142856
django,django/contrib/gis/tests/inspectapp/models.py,98.2,🔴 High,4,4,0.25,836,12.25
django,tests/testapp/models/basic.py,98.2,🔴 High,13,2,0.4615384615384615,256,153.0
django,django/views/auth/login.py,98.2,🔴 High,10,1,0.5,136,45.2
django,django/contrib/sessions/migrations/0001_initial.py,98.1,🔴 High,8,7,0.375,3182,27.125
pytest,py/execnet/gateway_base.py,98.1,🔴 High,11,1,0.5454545454545454,21,585.8181818181819
django,tests/forms_tests/tests/fields.py,98.1,🔴 High,4,3,0.75,51,939.5
django,tests/modeltests/str/tests.py,98.1,🔴 High,7,4,0.5714285714285714,848,22.714285714285715
django,tests/regressiontests/admin_registration/models.py,98.1,🔴 High,5,3,0.4,1176,6.6
pytest,testing/plugin/test_pytest_default.py,98.1,🔴 High,10,2,0.1,336,57.4
pytest,py/rest/testing/test_directive.py,98.1,🔴 High,8,3,0.25,943,56.75
pytest,testing/plugin/test_pytest_pdb.py,98.1,🔴 High,9,2,0.6666666666666666,335,71.5
django,tests/modeltests/force_insert_update/models.py,98.1,🔴 High,8,6,0.625,1225,9.125
pytest,testing/example_scripts/fixtures/fill_fixtures/test_conftest_funcargs_only_available_in_subdir/sub1/conftest.py,98.1,🔴 High,6,4,0.6666666666666666,2180,5.166666666666667
django,tests/admin_views/custom_has_permission_admin.py,98.1,🔴 High,6,6,0.3333333333333333,3312,20.0
scikit-learn,sklearn/tree/_utils.c,98.1,🔴 High,17,6,0.2941176470588235,662,3444.764705882353
scikit-learn,sklearn/inspection/__init__.py,98.1,🔴 High,16,9,0.125,2288,10.125
django,django/utils/translation/template.py,98.1,🔴 High,13,7,0.2307692307692307,2005,194.46153846153845
pytest,testing/pytest/dist/test_gwmanage.py,98.1,🔴 High,9,1,0.3333333333333333,123,119.88888888888889
pytest,py/impl/test/funcargs.py,98.1,🔴 High,4,1,0.5,55,161.33333333333334
django,tests/model_regress/test_state.py,98.1,🔴 High,6,6,0.5,3241,11.833333333333334
scikit-learn,scikits/learn/sgd/sgd_fast.c,98.1,🔴 High,7,2,0.1428571428571428,17,7118.571428571428
django,tests/regressiontests/many_to_one_regress/tests.py,98.1,🔴 High,6,3,0.6666666666666666,862,72.33333333333333
django,tests/modeltests/defer/tests.py,98.1,🔴 High,7,5,0.5714285714285714,652,107.85714285714286
pytest,testing/pytest/acceptance_test.py,98.1,🔴 High,5,1,1.0,126,81.5
scikit-learn,doc/sphinxext/sphinx_issues.py,98.1,🔴 High,9,7,0.4444444444444444,2724,98.0
django,django/contrib/formtools/tests/wizard/storage.py,98.1,🔴 High,6,5,0.8333333333333334,1028,69.5
django,django/contrib/flatpages/tests/test_middleware.py,98.1,🔴 High,9,8,0.4444444444444444,658,134.375
django,django/contrib/localflavor/us/us_states.py,98.1,🔴 High,7,5,0.7142857142857143,1368,262.0
django,tests/middleware/extra_urls.py,98.1,🔴 High,7,5,0.5714285714285714,3264,6.5
pytest,testing/path/test_svnauth.py,98.1,🔴 High,5,2,0.4,323,380.4
django,django/db/backends/postgresql_psycopg2/features.py,98.1,🔴 High,6,6,0.6666666666666666,208,22.833333333333332
django,tests/regressiontests/urlpatterns_reverse/extra_urls.py,98.1,🔴 High,4,3,0.75,1138,7.75
scikit-learn,sklearn/inspection/tests/test_plot_partial_dependence.py,98.1,🔴 High,10,4,0.5,90,317.3
scikit-learn,sklearn/utils/tests/test_graph.py,98.1,🔴 High,11,8,0.1818181818181818,4310,28.666666666666668
django,tests/view_tests/tests/test_json.py,98.1,🔴 High,8,7,0.375,3895,16.0
pytest,py/_testing/test_initpkg.py,98.1,🔴 High,5,2,0.6,11,148.25
scikit-learn,scikits/learn/machine/svm/__init__.py,98.1,🔴 High,5,1,0.6,23,9.75
pytest,py/misc/testing/test_initpkg.py,98.1,🔴 High,18,4,0.1111111111111111,939,158.94444444444446
scikit-learn,examples/miscellaneous/plot_johnson_lindenstrauss_bound.py,98.1,🔴 High,10,9,0.3,1547,84.3
pytest,doc/conftest.py,98.0,🔴 High,9,3,0.1111111111111111,601,3.3333333333333335
scikit-learn,sklearn/utils/src/MurmurHash3.cpp,98.0,🔴 High,4,4,0.5,4814,190.0
django,django/contrib/auth/tests/remote_user.py,98.0,🔴 High,8,6,0.625,1291,93.5
pytest,testing/example_scripts/fixtures/fill_fixtures/test_funcarg_lookupfails.py,98.0,🔴 High,5,3,0.8,2180,6.2
scikit-learn,scikits/learn/pyem/gmm_em.py,98.0,🔴 High,20,1,0.15,0,206.1578947368421
django,tests/template_tests/syntax_tests/i18n/base.py,98.0,🔴 High,5,5,0.2,2597,14.4
cli,httpie/cli/nested_json.py,98.0,🔴 High,8,2,0.125,154,274.25
pytest,py/path/testing/test_local.py,98.0,🔴 High,8,2,0.5,16,475.0
scikit-learn,scikits/learn/svm/src/libsvm/libsvm_helper.c,98.0,🔴 High,13,3,0.4615384615384615,338,297.45454545454544
pytest,testing/example_scripts/fixtures/fill_fixtures/test_extend_fixture_conftest_module/test_extend_fixture_conftest_module.py,98.0,🔴 High,5,3,0.8,2180,6.2
scikit-learn,scikits/learn/decomposition/fastica_.py,98.0,🔴 High,13,6,0.3846153846153846,147,153.45454545454547
scikit-learn,examples/plot_hmm_stock_analysis.py,98.0,🔴 High,8,6,0.25,389,52.142857142857146
scikit-learn,examples/tree/plot_cost_complexity_pruning.py,98.0,🔴 High,8,7,0.25,2293,48.125
django,django/db/models/fields/mixins.py,98.0,🔴 High,8,6,0.375,3113,39.375
scikit-learn,scikits/learn/linear_model/stochastic_gradient.py,98.0,🔴 High,15,4,0.3333333333333333,274,102.13333333333334
django,tests/regressiontests/queryset_pickle/tests.py,98.0,🔴 High,6,4,0.6666666666666666,817,21.666666666666668
scikit-learn,examples/plot_nmf.py,98.0,🔴 High,12,3,0.25,3,46.416666666666664
django,tests/modeltests/select_related/models.py,98.0,🔴 High,9,5,0.4444444444444444,1991,51.888888888888886
django,tests/string_lookup/tests.py,98.0,🔴 High,11,7,0.3636363636363636,4529,37.7
scikit-learn,doc/tutorial/machine_learning_map/svg2imagemap.py,98.0,🔴 High,6,6,0.1666666666666666,3271,61.5
django,tests/regressiontests/forms/localflavor/ro.py,98.0,🔴 High,4,4,1.0,1129,64.75
django,tests/regressiontests/generic_views/detail.py,98.0,🔴 High,7,5,0.8571428571428571,670,71.85714285714286
pytest,_py/test/plugin/pytest_pytester.py,98.0,🔴 High,4,1,0.5,26,363.5
pytest,py/_test/config.py,98.0,🔴 High,7,1,0.2857142857142857,266,216.57142857142856
django,tests/template_tests/filter_tests/test_dictsortreversed.py,98.0,🔴 High,4,4,0.75,2607,36.5
scikit-learn,sklearn/metrics/cluster.py,98.0,🔴 High,14,3,0.2142857142857142,17,71.14285714285714
cli,httpie/output/streams.py,98.0,🔴 High,25,3,0.2,2872,151.84
scikit-learn,sklearn/metrics/_plot/tests/test_plot_roc_curve.py,98.0,🔴 High,15,7,0.2666666666666666,757,113.13333333333334
scikit-learn,sklearn/inspection/partial_dependence.py,98.0,🔴 High,10,6,0.3,175,320.3
click,tests/test_info_dict.py,98.0,🔴 High,7,7,0.2857142857142857,2194,269.7142857142857
django,tests/forms_tests/field_tests/test_integerfield.py,98.0,🔴 High,9,7,0.6666666666666666,2567,127.33333333333331
django,tests/template_tests/syntax_tests/test_load.py,98.0,🔴 High,7,5,0.4285714285714285,2641,62.0
django,tests/regressiontests/comment_tests/tests/comment_utils_moderators_tests.py,98.0,🔴 High,7,5,0.5714285714285714,933,61.857142857142854
scikit-learn,scikits/learn/ann/rbf.py,97.9,🔴 High,5,1,0.2,28,57.5
django,tests/apps/apps.py,97.9,🔴 High,9,6,0.5555555555555556,2961,17.444444444444443
django,tests/regressiontests/urlpatterns_reverse/urlconf_inner.py,97.9,🔴 High,4,4,1.0,890,10.5
scikit-learn,examples/semi_supervised/plot_semi_supervised_versus_svm_iris.py,97.9,🔴 High,10,7,0.1,2027,58.6
django,tests/order_with_respect_to/models.py,97.9,🔴 High,9,7,0.5555555555555556,3264,25.875
pytest,testing/example_scripts/tmpdir/tmp_path_fixture.py,97.9,🔴 High,3,3,0.3333333333333333,1191,5.333333333333333
django,django/core/cache.py,97.9,🔴 High,14,2,0.7142857142857143,183,276.14285714285717
django,tests/urlpatterns_reverse/extra_urls.py,97.9,🔴 High,8,5,0.25,3264,8.142857142857142
pytest,src/_pytest/threadexception.py,97.9,🔴 High,13,7,0.3076923076923077,1482,65.76923076923077
django,tests/regressiontests/views/generic_urls.py,97.9,🔴 High,7,6,0.7142857142857143,669,70.42857142857143
scikit-learn,sklearn/utils/parallel.py,97.9,🔴 High,11,7,0.4545454545454545,955,66.81818181818181
django,django/contrib/admin/static/admin/js/cancel.js,97.9,🔴 High,9,6,0.3333333333333333,3799,17.88888888888889
django,tests/urlpatterns_reverse/named_urls.py,97.9,🔴 High,8,5,0.25,3264,8.142857142857142
django,django/contrib/sessions/management/commands/clearsessions.py,97.9,🔴 High,8,6,0.625,3147,13.875
scikit-learn,sklearn/ensemble/_hist_gradient_boosting/tests/test_warm_start.py,97.9,🔴 High,10,5,0.4,2551,150.0
scikit-learn,sklearn/ensemble/_hist_gradient_boosting/tests/test_splitting.py,97.9,🔴 High,15,5,0.1333333333333333,1662,489.26666666666665
django,tests/modeltests/aggregation/models.py,97.9,🔴 High,12,5,0.8333333333333334,1304,36.916666666666664
requests,requests/packages/urllib3/request.py,97.9,🔴 High,18,6,0.0555555555555555,2055,43.9375
scikit-learn,scikits/learn/glm/src/cd_fast.c,97.9,🔴 High,9,4,0.4444444444444444,130,3794.125
django,tests/regressiontests/views/__init__.py,97.9,🔴 High,5,4,1.0,1725,6.25
django,django/templatetags/__init__.py,97.9,🔴 High,5,3,0.6,1658,6.25
django,django/db/backends/sqlite3/_functions.py,97.9,🔴 High,16,7,0.4375,1589,375.1875
django,django/contrib/formtools/tests/urls.py,97.9,🔴 High,10,8,0.5,1265,8.6
django,tests/modeltests/fixtures_model_package/models/__init__.py,97.9,🔴 High,6,5,0.6666666666666666,966,12.166666666666666
django,tests/regressiontests/utils/module_loading.py,97.8,🔴 High,11,5,0.8181818181818182,1005,96.63636363636364
pytest,testing/pytest/dist/test_txnode.py,97.8,🔴 High,6,1,0.5,114,126.2
pytest,testing/test_genscript.py,97.8,🔴 High,10,4,0.5,2046,37.0
pytest,testing/example_scripts/conftest_usageerror/conftest.py,97.8,🔴 High,6,4,0.6666666666666666,2182,4.833333333333333
pytest,py/apigen/testing/test_htmlgen.py,97.8,🔴 High,9,2,0.4444444444444444,63,99.0
requests,requests/packages/__init__.py,97.8,🔴 High,17,5,0.1764705882352941,2294,18.5625
pytest,py/test/plugin/test_pytest_runner.py,97.8,🔴 High,10,2,0.5,82,245.0
django,tests/migrations/test_migrations_fake_split_initial/0001_initial.py,97.8,🔴 High,5,5,0.4,2863,26.2
django,tests/handlers/urls.py,97.8,🔴 High,14,11,0.5714285714285714,3641,13.384615384615383
django,django/contrib/sites/apps.py,97.8,🔴 High,8,8,0.625,2951,9.375
scikit-learn,scikits/learn/datasets/twenty_newsgroups.py,97.8,🔴 High,19,6,0.2631578947368421,187,54.111111111111114
django,django/contrib/gis/apps.py,97.8,🔴 High,7,6,0.4285714285714285,2951,8.571428571428571
django,tests/generic_inline_admin/urls.py,97.8,🔴 High,6,5,0.3333333333333333,3264,5.0
django,django/contrib/sitemaps/tests/test_https.py,97.8,🔴 High,7,7,0.2857142857142857,627,48.166666666666664
django,tests/migrations/test_migrations_initial_false/0001_not_initial.py,97.8,🔴 High,5,5,0.4,2863,26.2
django,tests/forms_tests/field_tests/test_uuidfield.py,97.8,🔴 High,8,8,0.375,2126,23.0
django,tests/forms_tests/field_tests/test_durationfield.py,97.8,🔴 High,8,8,0.5,2138,46.5
django,django/contrib/flatpages/tests/middleware.py,97.8,🔴 High,9,5,0.6666666666666666,938,100.77777777777776
django,tests/regressiontests/i18n/forms.py,97.8,🔴 High,8,3,0.875,709,16.25
django,django/db/backends/dummy/creation.py,97.8,🔴 High,3,2,0.3333333333333333,832,1.0
django,tests/postgres_tests/test_apps.py,97.8,🔴 High,10,9,0.6,1776,60.7
django,tests/regressiontests/forms/localflavor/au.py,97.8,🔴 High,5,4,1.0,1433,20.4
django,tests/regressiontests/inspectdb/models.py,97.8,🔴 High,10,6,0.7,738,23.2
django,tests/i18n/sampleproject/update_catalogs.py,97.8,🔴 High,7,5,0.7142857142857143,3751,20.0
scikit-learn,sklearn/feature_extraction/setup.py,97.8,🔴 High,7,6,0.1428571428571428,3584,15.428571428571429
cli,tests/test_unicode.py,97.8,🔴 High,19,2,0.4210526315789473,2713,57.63157894736842
scikit-learn,scikits/learn/tests/test_libsvm.py,97.8,🔴 High,4,1,0.25,10,48.5
django,tests/regressiontests/initial_sql_regress/models.py,97.7,🔴 High,6,4,0.3333333333333333,1941,3.5
pytest,testing/example_scripts/doctest/main_py/test_normal_module.py,97.7,🔴 High,3,3,0.6666666666666666,1055,2.3333333333333335
pytest,testing/example_scripts/fixtures/fill_fixtures/test_extend_fixture_conftest_conftest/pkg/conftest.py,97.7,🔴 High,5,3,0.8,2180,4.2
django,django/contrib/admindocs/apps.py,97.7,🔴 High,7,7,0.5714285714285714,3161,5.857142857142857
pytest,testing/plugins_integration/pytest_anyio_integration.py,97.7,🔴 High,3,3,0.3333333333333333,1366,5.333333333333333
pytest,testing/example_scripts/fixtures/fill_fixtures/test_extend_fixture_conftest_conftest/conftest.py,97.7,🔴 High,5,3,0.8,2180,4.2
pytest,py/path/testing/test_svnwc.py,97.7,🔴 High,4,1,0.25,10,438.75
django,django/db/models/fields/generic.py,97.7,🔴 High,5,4,0.8,313,179.4
requests,requests/help.py,97.7,🔴 High,13,6,0.1538461538461538,1797,87.53846153846153
pytest,src/_pytest/mark/evaluate.py,97.7,🔴 High,13,5,0.2307692307692307,752,104.0
pytest,pytest/plugin/helpconfig.py,97.7,🔴 High,9,1,0.2222222222222222,27,122.5
pytest,testing/example_scripts/fixtures/fill_fixtures/test_extend_fixture_conftest_module/conftest.py,97.7,🔴 High,5,3,0.8,2180,4.2
django,tests/template_tests/filter_tests/test_title.py,97.7,🔴 High,6,5,0.5,2618,18.0
pytest,testing/plugins_integration/pytest_trio_integration.py,97.7,🔴 High,3,3,0.3333333333333333,1366,5.333333333333333
django,django/contrib/gis/db/backends/mysql/compiler.py,97.7,🔴 High,4,4,0.5,615,17.5
django,tests/regressiontests/special_headers/views.py,97.7,🔴 High,4,4,0.75,836,10.75
django,django/contrib/localflavor/br/br_states.py,97.7,🔴 High,3,3,0.6666666666666666,1895,29.333333333333332
pytest,py/misc/terminal_helper.py,97.7,🔴 High,4,1,0.25,570,35.5
django,django/contrib/localflavor/mx/mx_states.py,97.7,🔴 High,3,3,1.0,1648,35.333333333333336
pytest,testing/test_entry_points.py,97.7,🔴 High,12,6,0.4166666666666667,2917,7.5
pytest,testing/example_scripts/dataclasses/test_compare_initvar.py,97.7,🔴 High,3,3,0.6666666666666666,800,8.333333333333334
scikit-learn,examples/svm/plot_svm_iris.py,97.7,🔴 High,10,7,0.4,2507,27.333333333333332
django,tests/migrations/test_migrations_run_before/0002_second.py,97.7,🔴 High,5,5,0.2,3169,15.6
django,django/contrib/sessions/exceptions.py,97.7,🔴 High,3,3,0.6666666666666666,3185,6.333333333333333
scikit-learn,sklearn/metrics/_plot/base.py,97.7,🔴 High,9,7,0.2222222222222222,677,45.666666666666664
pytest,py/path/gateway/channeltest.py,97.7,🔴 High,7,3,0.5714285714285714,982,53.0
django,django/contrib/sitemaps/tests/basic.py,97.7,🔴 High,15,6,0.8666666666666667,519,88.73333333333333
pytest,py/execnet/xspec.py,97.7,🔴 High,11,2,0.1818181818181818,186,42.72727272727273
pytest,_pytest/setuponly.py,97.7,🔴 High,9,5,0.5555555555555556,697,55.44444444444444
scikit-learn,scikits/learn/machine/svm/tests/test_libsvm.py,97.7,🔴 High,4,1,0.5,23,26.666666666666668
scikit-learn,sklearn/ensemble/_hist_gradient_boosting/predictor.py,97.7,🔴 High,12,6,0.0833333333333333,2285,35.583333333333336
django,tests/view_tests/tests/test_shortcuts.py,97.7,🔴 High,6,6,0.6666666666666666,363,57.8
django,django/contrib/contenttypes/tests/tests.py,97.7,🔴 High,8,4,0.375,236,175.375
pytest,py/test/plugin/pytest_recwarn.py,97.7,🔴 High,13,1,0.0769230769230769,123,94.3076923076923
scikit-learn,doc/sphinxext/allow_nan_estimators.py,97.7,🔴 High,11,6,0.1818181818181818,1441,46.7
django,tests/backends/test_ddl_references.py,97.7,🔴 High,7,5,0.4285714285714285,2923,196.71428571428572
django,tests/reverse_lookup/tests.py,97.7,🔴 High,10,8,0.2,3264,39.22222222222222
django,tests/admin_ordering/models.py,97.7,🔴 High,8,7,0.25,3267,26.0
pytest,py/execnet/testing/test_rsync.py,97.7,🔴 High,11,3,0.2727272727272727,955,112.36363636363636
pytest,testing/plugins_integration/pytest_asyncio_integration.py,97.7,🔴 High,3,3,0.3333333333333333,1366,5.333333333333333
scikit-learn,sklearn/externals/setup.py,97.6,🔴 High,8,6,0.125,2784,5.833333333333333
scikit-learn,scikits/learn/svm/oneclass.py,97.6,🔴 High,15,1,0.1333333333333333,28,27.071428571428573
pytest,py/test/rsession/web.py,97.6,🔴 High,14,2,0.2857142857142857,366,359.85714285714283
rich,tests/test_style.py,97.6,🔴 High,25,2,0.2,1233,147.24
scikit-learn,scikits/learn/machine/setup.py,97.6,🔴 High,11,1,0.1818181818181818,21,13.181818181818182
pytest,testing/example_scripts/unittest/test_setup_skip_module.py,97.6,🔴 High,6,4,0.6666666666666666,1963,7.166666666666667
pytest,testing/example_scripts/unittest/test_setup_skip.py,97.6,🔴 High,6,4,0.6666666666666666,1963,8.166666666666666
django,django/conf/project_template/settings/main.py,97.6,🔴 High,13,2,0.6153846153846154,96,19.384615384615383
django,tests/regressiontests/forms/util.py,97.6,🔴 High,7,4,0.7142857142857143,844,0.0
pytest,testing/example_scripts/perf_examples/collect_stats/generate_folders.py,97.6,🔴 High,9,6,0.4444444444444444,2061,21.11111111111111
scikit-learn,scikits/learn/glm/src/lasso_cd_fast.c,97.6,🔴 High,10,2,0.2,50,3249.0
pytest,testing/example_scripts/marks/marks_considered_keywords/test_marks_as_keywords.py,97.6,🔴 High,5,3,0.8,1976,4.2
django,tests/regressiontests/admin_scripts/management/commands/noargs_command.py,97.6,🔴 High,5,3,0.6,1388,6.8
django,tests/field_subclassing/models.py,97.6,🔴 High,7,6,0.2857142857142857,701,20.333333333333332
django,tests/migrations/test_migrations_no_changes/0002_second.py,97.6,🔴 High,6,6,0.5,4109,18.833333333333332
django,tests/regressiontests/datastructures/tests.py,97.6,🔴 High,18,5,0.8888888888888888,1090,0.0
flask,examples/flaskr/flaskr_tests.py,97.6,🔴 High,10,4,0.2,1478,44.1
scikit-learn,sklearn/externals/_pilutil.py,97.6,🔴 High,7,7,0.2857142857142857,1347,170.42857142857142
django,tests/regressiontests/admin_scripts/management/commands/label_command.py,97.6,🔴 High,5,3,0.6,1388,7.8
scikit-learn,sklearn/linear_model/theilsen.py,97.6,🔴 High,18,2,0.5,184,135.05555555555554
django,django/contrib/contenttypes/checks.py,97.6,🔴 High,12,8,0.5833333333333334,4160,23.0
django,tests/model_validation/models.py,97.6,🔴 High,4,4,0.75,795,23.0
django,django/contrib/auth/apps.py,97.6,🔴 High,20,15,0.85,4383,17.4
django,tests/modeltests/unmanaged_models/tests.py,97.6,🔴 High,5,4,0.4,917,27.8
django,tests/null_fk_ordering/tests.py,97.6,🔴 High,9,6,0.2222222222222222,4529,22.5
django,tests/regressiontests/null_fk_ordering/models.py,97.6,🔴 High,6,5,0.5,1441,29.5
scikit-learn,examples/miscellaneous/plot_display_object_visualization.py,97.5,🔴 High,13,9,0.3076923076923077,2241,26.666666666666668
django,django/contrib/gis/utils/geoip.py,97.5,🔴 High,6,4,0.8333333333333334,1366,131.16666666666666
pytest,py/log/testing/test_warning.py,97.5,🔴 High,8,3,0.125,144,41.625
django,django/contrib/gis/geoip2/__init__.py,97.5,🔴 High,5,5,0.6,2380,8.2
django,tests/regressiontests/expressions_regress/models.py,97.5,🔴 High,9,6,0.6666666666666666,1290,14.22222222222222
django,tests/testapp/models/lookup.py,97.5,🔴 High,9,1,0.4444444444444444,214,99.77777777777776
pytest,testing/plugin/test_pytest_runner_xunit.py,97.5,🔴 High,6,1,0.6666666666666666,263,183.2
pytest,testing/cmdline/test_convert_unittest.py,97.5,🔴 High,6,1,0.5,323,341.8
scikit-learn,scikits/learn/glm/tests/test_bayes.py,97.5,🔴 High,11,4,0.1818181818181818,33,40.09090909090909
django,tests/template_tests/filter_tests/test_yesno.py,97.5,🔴 High,4,4,0.5,2607,23.5
django,tests/regressiontests/views/tests/shortcuts.py,97.5,🔴 High,10,4,0.7,771,51.8
django,django/contrib/auth/tests/signals.py,97.5,🔴 High,7,6,0.5714285714285714,669,40.714285714285715
pytest,testing/example_scripts/fixtures/custom_item/foo/test_foo.py,97.5,🔴 High,5,3,0.8,2147,2.2
django,tests/forms_tests/widget_tests/test_splithiddendatetimewidget.py,97.5,🔴 High,7,6,0.5714285714285714,3793,64.28571428571429
pytest,testing/example_scripts/collect/collect_init_tests/tests/__init__.py,97.5,🔴 High,5,3,0.8,2123,2.2
scikit-learn,doc/tutorial/machine_learning_map/parse_path.py,97.5,🔴 High,7,7,0.1428571428571428,3271,121.42857142857144
scikit-learn,scikits/learn/machine/manifold_learning/compression/setup.py,97.5,🔴 High,5,1,0.6,26,14.2
django,django/views/decorators/gzip.py,97.5,🔴 High,3,3,0.6666666666666666,3398,4.0
django,tests/regressiontests/model_inheritance_select_related/models.py,97.5,🔴 High,6,4,0.5,1505,18.0
django,tests/timezones/admin.py,97.5,🔴 High,6,6,0.3333333333333333,3264,8.6
django,tests/regressiontests/bulk_create/tests.py,97.5,🔴 High,10,4,0.7,441,74.8
pytest,testing/example_scripts/fixtures/fill_fixtures/test_conftest_funcargs_only_available_in_subdir/sub2/test_in_sub2.py,97.5,🔴 High,5,3,0.8,2180,2.2
pytest,testing/example_scripts/fixtures/fill_fixtures/test_conftest_funcargs_only_available_in_subdir/sub1/test_in_sub1.py,97.5,🔴 High,5,3,0.8,2180,2.2
flask,tests/flaskext_test.py,97.5,🔴 High,10,2,0.3,87,156.5
django,tests/urlpatterns_reverse/included_urls.py,97.5,🔴 High,7,5,0.2857142857142857,3264,7.0
pytest,testing/example_scripts/fixtures/fill_fixtures/test_extend_fixture_conftest_conftest/pkg/test_spam.py,97.5,🔴 High,5,3,0.8,2180,2.2
pytest,py/test/dist/mypickle.py,97.5,🔴 High,8,2,0.5,195,114.71428571428572
django,tests/migrations/migrations_test_apps/lookuperror_b/migrations/0002_b2.py,97.5,🔴 High,6,6,0.3333333333333333,2942,18.166666666666668
django,tests/async/tests.py,97.5,🔴 High,11,6,0.6363636363636364,2485,65.81818181818181
django,tests/migrations/migrations_test_apps/lookuperror_c/migrations/0002_c2.py,97.5,🔴 High,6,6,0.3333333333333333,2942,18.166666666666668
scikit-learn,scikits/learn/clustering.py,97.5,🔴 High,14,2,0.1428571428571428,47,153.57142857142858
pytest,testing/example_scripts/config/collect_pytest_prefix/test_foo.py,97.5,🔴 High,5,3,0.8,2143,2.2
pytest,testing/example_scripts/issue88_initial_file_multinodes/test_hello.py,97.5,🔴 High,5,3,0.6,2182,2.2
pytest,py/path/svnwc.py,97.5,🔴 High,4,1,0.25,10,892.25
pytest,testing/example_scripts/collect/package_infinite_recursion/tests/test_basic.py,97.5,🔴 High,5,3,0.8,2145,2.2
django,tests/generic_views/forms.py,97.5,🔴 High,5,5,0.2,3264,15.0
pytest,testing/path/svntestbase.py,97.5,🔴 High,5,1,0.4,270,24.0
django,django/forms/extras/__init__.py,97.5,🔴 High,6,5,0.5,2529,4.2
pytest,testing/example_scripts/collect/collect_init_tests/tests/test_foo.py,97.5,🔴 High,5,3,0.8,2123,2.2
django,tests/shortcuts/urls.py,97.5,🔴 High,11,4,0.2727272727272727,2630,15.181818181818182
pytest,py/apigen/layout.py,97.4,🔴 High,10,2,0.3,764,30.9
pytest,py/log/warning.py,97.4,🔴 High,8,3,0.25,150,57.857142857142854
django,tests/null_fk_ordering/models.py,97.4,🔴 High,11,8,0.2727272727272727,3986,27.1
pytest,testing/plugin/test_pytest_assertion.py,97.4,🔴 High,14,3,0.3571428571428571,338,108.6923076923077
pytest,testing/example_scripts/perf_examples/collect_stats/template_test.py,97.4,🔴 High,5,3,0.6,2061,2.2
pytest,py/_code/source.py,97.4,🔴 High,8,2,0.625,243,244.28571428571428
django,tests/regressiontests/admin_custom_urls/tests.py,97.4,🔴 High,11,6,0.5454545454545454,467,59.81818181818182
scikit-learn,sklearn/utils/graph_shortest_path.c,97.4,🔴 High,9,8,0.2222222222222222,1521,4901.428571428572
django,tests/regressiontests/reverse_single_related/models.py,97.4,🔴 High,4,3,0.5,1179,9.0
scikit-learn,scikits/learn/machine/manifold_learning/compression/cost_function/cost_function.py,97.4,🔴 High,4,1,0.25,21,48.0
django,django/contrib/messages/views.py,97.4,🔴 High,6,6,0.3333333333333333,3243,11.166666666666666
pytest,py/plugin/pytest_pdb.py,97.4,🔴 High,4,1,0.5,69,90.25
scikit-learn,scikits/learn/machine/manifold_learning/regression/neighbors/__init__.py,97.4,🔴 High,5,1,0.6,16,4.6
django,tests/gis_tests/test_data.py,97.4,🔴 High,10,8,0.1,3271,46.3
django,tests/urlpatterns_reverse/reverse_lazy_urls.py,97.4,🔴 High,8,5,0.125,3264,8.0
django,tests/auth_tests/client.py,97.4,🔴 High,5,5,0.4,1847,24.8
django,django/conf/locale/bs/formats.py,97.4,🔴 High,7,6,0.1428571428571428,4290,8.285714285714286
django,tests/forms_tests/field_tests/test_datetimefield.py,97.4,🔴 High,9,7,0.2222222222222222,3236,103.88888888888889
pytest,testing/plugins_integration/simple_integration.py,97.4,🔴 High,3,3,0.3333333333333333,1366,6.333333333333333
flask,examples/jqueryexample/jqueryexample.py,97.4,🔴 High,6,5,0.1666666666666666,2852,11.333333333333334
scikit-learn,examples/model_selection/plot_successive_halving_iterations.py,97.4,🔴 High,10,7,0.3,2102,40.3
scikit-learn,sklearn/utils/tests/test_tags.py,97.4,🔴 High,14,8,0.2142857142857142,1875,227.5
scikit-learn,scikits/learn/tests/test_base.py,97.4,🔴 High,15,7,0.1333333333333333,402,30.866666666666667
django,django/contrib/admindocs/tests/test_fields.py,97.3,🔴 High,5,5,0.2,249,33.2
scikit-learn,sklearn/tree/_reingold_tilford.py,97.3,🔴 High,8,7,0.25,2349,140.375
pytest,py/impl/test/dist/txnode.py,97.3,🔴 High,4,1,1.0,67,120.0
django,tests/model_indexes/models.py,97.3,🔴 High,8,6,0.75,2049,18.875
scikit-learn,scikits/learn/tests/test_grid_search.py,97.3,🔴 High,13,7,0.5384615384615384,358,56.46153846153846
pytest,bench/unit_test.py,97.3,🔴 High,3,3,0.6666666666666666,1324,4.333333333333333
rich,tests/test_rule.py,97.3,🔴 High,18,3,0.3333333333333333,786,44.27777777777778
scikit-learn,sklearn/model_selection/tests/test_plot.py,97.3,🔴 High,7,6,0.4285714285714285,503,424.57142857142856
django,tests/template_tests/syntax_tests/test_list_index.py,97.3,🔴 High,5,4,0.4,2640,41.8
django,tests/regressiontests/views/tests/generic/date_based.py,97.3,🔴 High,9,4,0.7777777777777778,1291,93.44444444444444
django,django/contrib/webdesign/lorem_ipsum.py,97.3,🔴 High,7,5,0.7142857142857143,2409,49.714285714285715
scikit-learn,sklearn/linear_model/tests/test_theilsen.py,97.3,🔴 High,14,1,0.5,67,177.28571428571428
pytest,doc/en/conftest.py,97.3,🔴 High,4,3,0.5,4394,1.3333333333333333
scikit-learn,examples/missing_values.py,97.3,🔴 High,5,5,0.2,731,38.75
django,django/conf/project_template/urls.py,97.3,🔴 High,14,6,0.5714285714285714,2153,3.0
scikit-learn,scikits/learn/feature_selection/univ_selection.py,97.3,🔴 High,9,5,0.4444444444444444,103,139.0
django,tests/model_options/test_default_related_name.py,97.3,🔴 High,7,5,0.5714285714285714,2799,30.0
django,tests/regressiontests/forms/localflavor/at.py,97.3,🔴 High,5,4,1.0,1122,18.2
scikit-learn,scikits/learn/externals/joblib/format_stack.py,97.3,🔴 High,8,4,0.125,400,250.0
scikit-learn,scikits/learn/feature_extraction/text/dense.py,97.3,🔴 High,14,2,0.2857142857142857,80,223.92857142857144
django,tests/template_tests/syntax_tests/test_i18n.py,97.3,🔴 High,10,7,0.7,268,316.9
django,django/conf/locale/zh_Hant/formats.py,97.2,🔴 High,6,6,0.5,3013,27.166666666666668
django,django/conf/locale/zh_Hans/formats.py,97.2,🔴 High,6,6,0.5,3013,27.166666666666668
pytest,py/misc/warn.py,97.2,🔴 High,5,1,0.0,211,56.4
scikit-learn,sklearn/utils/sparsetools/setup.py,97.2,🔴 High,10,8,0.3,2100,14.428571428571429
django,tests/regressiontests/admin_changelist/admin.py,97.2,🔴 High,6,5,0.8333333333333334,432,51.0
scikit-learn,examples/ensemble/plot_monotonic_constraints.py,97.2,🔴 High,12,7,0.3333333333333333,1581,45.75
pytest,testing/pytest/dist/test_nodemanage.py,97.2,🔴 High,5,1,0.4,118,116.0
django,tests/gis_tests/geoapp/test_indexes.py,97.2,🔴 High,7,7,0.5714285714285714,2357,73.42857142857143
scikit-learn,sklearn/decomposition/spectra_embedding.py,97.2,🔴 High,20,1,0.35,71,111.0
django,django/contrib/localflavor/id/forms.py,97.2,🔴 High,6,5,0.5,931,121.16666666666669
pytest,py/io/dupfile.py,97.2,🔴 High,4,2,0.25,570,11.0
django,tests/postgres_tests/array_default_migrations/0002_integerarraymodel_field_2.py,97.2,🔴 High,7,6,0.2857142857142857,3905,15.285714285714286
django,django/contrib/sites/middleware.py,97.2,🔴 High,4,4,1.0,4594,4.5
scikit-learn,scikits/learn/machine/em/tests/test_gauss_mix.py,97.2,🔴 High,6,1,0.0,16,64.0
django,django/contrib/sitemaps/management/commands/ping_google.py,97.2,🔴 High,9,8,0.4444444444444444,4965,9.555555555555555
pytest,bin-for-dist/test_install.py,97.2,🔴 High,17,1,0.3529411764705882,335,134.64705882352942
django,tests/sites_framework/migrations/0001_initial.py,97.2,🔴 High,7,6,0.1428571428571428,4145,57.714285714285715
django,tests/regressiontests/handlers/tests.py,97.2,🔴 High,9,5,0.7777777777777778,717,24.444444444444443
click,examples/bashcompletion/bashcompletion.py,97.2,🔴 High,16,6,0.3125,1673,25.0
django,django/core/template/loaders/filesystem.py,97.2,🔴 High,5,1,1.0,41,19.2
django,tests/modeltests/get_object_or_404/tests.py,97.2,🔴 High,4,4,0.5,821,60.75
django,tests/regressiontests/urlpatterns_reverse/included_urls2.py,97.2,🔴 High,3,3,0.6666666666666666,1108,6.333333333333333
django,tests/template_tests/syntax_tests/test_regroup.py,97.1,🔴 High,6,5,0.5,2640,91.83333333333331
django,django/core/checks/caches.py,97.1,🔴 High,6,6,0.6666666666666666,2346,44.166666666666664
pytest,testing/plugin/test_pytest_python.py,97.1,🔴 High,6,1,0.1666666666666666,11,1031.0
pytest,testing/test_threadexception.py,97.1,🔴 High,8,7,0.375,1662,163.75
django,django/core/checks/translation.py,97.1,🔴 High,8,6,0.875,1249,34.75
scikit-learn,scikits/learn/externals/joblib/test/test_memory.py,97.1,🔴 High,10,4,0.1,400,242.8571428571429
django,tests/sitemaps_tests/base.py,97.1,🔴 High,5,5,0.2,2550,19.8
pytest,testing/example_scripts/unittest/test_setup_skip_class.py,97.1,🔴 High,6,4,0.6666666666666666,1963,9.166666666666666
django,tests/m2m_regress/models.py,97.1,🔴 High,9,8,0.3333333333333333,4529,47.75
django,tests/forms_tests/widget_tests/test_datetimeinput.py,97.1,🔴 High,7,6,0.4285714285714285,2685,65.14285714285714
django,tests/custom_lookups/models.py,97.1,🔴 High,6,6,0.6666666666666666,3077,13.5
scikit-learn,sklearn/externals/joblib/test/test_my_exceptions.py,97.1,🔴 High,8,4,0.5,999,9.666666666666666
scikit-learn,scikits/learn/svm/tests/test_all.py,97.1,🔴 High,6,1,0.3333333333333333,28,7.6
pytest,py/code/testing/test_safe_repr.py,97.1,🔴 High,4,1,0.75,574,26.5
django,scripts/pr_quality/check_pr.py,97.1,🔴 High,6,4,0.5,111,424.5
pytest,_py/test/plugin/pytest_restdoc.py,97.1,🔴 High,5,1,0.2,26,313.0
scikit-learn,scikits/learn/machine/manifold_learning/regression/setup.py,97.1,🔴 High,8,1,0.625,26,17.375
django,tests/template_tests/filter_tests/test_iriencode.py,97.1,🔴 High,5,4,0.4,2618,27.2
pytest,_pytest/assertion.py,97.1,🔴 High,8,3,0.125,192,146.75
scikit-learn,scikits/learn/cluster/affinity_propagation_.py,97.1,🔴 High,10,6,0.3,371,83.625
pytest,testing/test_assertinterpret.py,97.1,🔴 High,10,4,0.5,1695,268.6
scikit-learn,examples/model_selection/plot_successive_halving_heatmap.py,97.1,🔴 High,9,6,0.3333333333333333,2102,73.33333333333333
scikit-learn,examples/plot_rfe_digits.py,97.1,🔴 High,10,6,0.2,1279,16.444444444444443
pytest,pytest/_core.py,97.1,🔴 High,13,1,0.3076923076923077,24,358.3076923076923
pytest,py/test/rsession/testing/test_reporter.py,97.1,🔴 High,15,2,0.1333333333333333,201,171.26666666666668
django,tests/regressiontests/urlpatterns_reverse/included_urls.py,97.1,🔴 High,3,3,0.6666666666666666,1138,7.333333333333333
pytest,py/io/fdcapture.py,97.1,🔴 High,4,2,0.25,562,38.75
django,tests/regressiontests/utils/functional.py,97.1,🔴 High,6,4,0.8333333333333334,1145,16.833333333333332
click,examples/validation/validation.py,97.1,🔴 High,13,5,0.2307692307692307,4355,33.15384615384615
django,tests/regressiontests/forms/tests/media.py,97.1,🔴 High,6,4,0.6666666666666666,499,629.6666666666666
django,django/conf/locale/sq/formats.py,97.1,🔴 High,8,7,0.25,4290,7.375
django,tests/modeltests/transactions/tests.py,97.0,🔴 High,8,4,0.75,564,145.375
django,tests/regressiontests/forms/error_messages.py,97.0,🔴 High,8,6,0.875,799,0.0
pytest,doc/en/example/assertion/test_failures.py,97.0,🔴 High,13,8,0.3076923076923077,4394,10.416666666666666
django,django/core/management/commands/sqlreset.py,97.0,🔴 High,4,3,0.75,1528,10.5
pytest,py/test/rsession/local.py,97.0,🔴 High,12,3,0.0,366,43.416666666666664
django,django/contrib/auth/tests/custom_user.py,97.0,🔴 High,13,5,0.8461538461538461,868,90.83333333333331
scikit-learn,scikits/learn/sgd/tests/test_sgd.py,97.0,🔴 High,16,3,0.125,25,140.625
pytest,py/plugin/pytest_capture.py,97.0,🔴 High,4,1,0.75,59,154.33333333333334
django,django/contrib/admin/static/admin/js/jquery.min.js,97.0,🔴 High,4,4,0.75,1271,3.0
django,django/db/backends/postgresql_psycopg2/version.py,97.0,🔴 High,6,6,0.3333333333333333,1587,12.833333333333334
cli,httpie/output/writer.py,97.0,🔴 High,16,4,0.3125,975,136.125
scikit-learn,sklearn/utils/arrayfuncs.c,97.0,🔴 High,8,5,0.25,915,3155.3333333333335
django,django/contrib/formtools/tests/wizard/namedwizardtests/urls.py,97.0,🔴 High,4,4,0.75,962,21.0
django,django/db/models/constants.py,97.0,🔴 High,5,5,0.6,4263,3.4
scikit-learn,sklearn/feature_extraction/__init__.py,97.0,🔴 High,20,11,0.05,5079,6.5
pytest,testing/example_scripts/collect/package_init_given_as_arg/pkg/test_foo.py,97.0,🔴 High,6,4,0.8333333333333334,2096,2.1666666666666665
django,tests/backends/postgresql/test_server_side_cursors.py,97.0,🔴 High,8,6,0.625,2498,79.625
pytest,testing/plugin/test_pytest_helpconfig.py,97.0,🔴 High,8,2,0.25,336,37.0
django,django/template/backends/utils.py,97.0,🔴 High,6,5,0.1666666666666666,2640,10.333333333333334
django,tests/regressiontests/admin_scripts/management/commands/app_command.py,97.0,🔴 High,5,3,0.6,1388,7.8
django,django/contrib/comments/urls.py,97.0,🔴 High,7,4,0.8571428571428571,1112,14.428571428571429
pytest,py/test/plugin/pytest_pocoo.py,97.0,🔴 High,9,2,0.2222222222222222,131,52.44444444444444
pytest,py/apigen/testing/test_linker.py,97.0,🔴 High,6,2,0.3333333333333333,570,46.166666666666664
django,tests/migrations/test_migrations_squashed/0001_squashed_0002.py,97.0,🔴 High,7,6,0.4285714285714285,3387,26.285714285714285
rich,tests/test_tree.py,97.0,🔴 High,18,3,0.2777777777777778,617,95.38888888888889
django,django/utils/lorem_ipsum.py,97.0,🔴 High,7,5,0.2857142857142857,2763,101.5
scikit-learn,examples/plot_mean_shift.py,97.0,🔴 High,8,4,0.375,33,32.625
pytest,testing/test_meta.py,97.0,🔴 High,10,5,0.2,1720,20.4
cli,tests/test_windows.py,97.0,🔴 High,17,2,0.1176470588235294,3602,20.529411764705884
django,django/contrib/auth/tests/test_templates.py,97.0,🔴 High,7,7,0.7142857142857143,939,47.57142857142857
scikit-learn,doc/sphinxext/github_link.py,97.0,🔴 High,7,6,0.4285714285714285,4267,48.142857142857146
django,tests/template_tests/syntax_tests/test_filter_tag.py,97.0,🔴 High,5,4,0.4,2640,36.6
pytest,py/test/dsession/hostmanage.py,97.0,🔴 High,15,1,0.4,216,108.4
django,tests/i18n/patterns/urls/namespace.py,96.9,🔴 High,8,6,0.375,3264,9.285714285714286
django,tests/m2m_and_m2o/models.py,96.9,🔴 High,12,10,0.0833333333333333,3986,14.818181818181818
scikit-learn,sklearn/ensemble/_hist_gradient_boosting/tests/test_monotonic_contraints.py,96.9,🔴 High,12,6,0.0833333333333333,1500,241.5
scikit-learn,scikits/learn/ga/scaling.py,96.9,🔴 High,10,1,0.4,0,42.4
django,django/contrib/formtools/tests/wizard/test_forms.py,96.9,🔴 High,7,6,0.1428571428571428,411,183.0
scikit-learn,scikits/learn/glm/sparse/tests/test_coordinate_descent.py,96.9,🔴 High,11,3,0.3636363636363636,69,77.72727272727273
django,tests/migrations/migrations_test_apps/unmigrated_app/models.py,96.9,🔴 High,4,4,0.5,890,5.75
django,tests/modeltests/user_commands/models.py,96.9,🔴 High,5,4,0.8,1087,0.0
django,tests/modeltests/m2m_through/tests.py,96.9,🔴 High,4,4,0.5,583,247.5
pytest,py/misc/_dist.py,96.9,🔴 High,10,2,0.4,755,129.5
pytest,src/_pytest/config/compat.py,96.9,🔴 High,15,6,0.3333333333333333,1696,40.4
pytest,testing/path/conftest.py,96.9,🔴 High,9,1,0.6666666666666666,323,64.75
django,django/contrib/localflavor/tr/forms.py,96.9,🔴 High,7,5,0.5714285714285714,595,62.57142857142857
scikit-learn,scikits/learn/glm/src/enet_cd_fast.c,96.9,🔴 High,9,2,0.2222222222222222,50,3180.0
django,django/db/backends/base/client.py,96.9,🔴 High,8,7,0.5,3679,11.875
django,tests/test_utils/views.py,96.9,🔴 High,7,7,0.5714285714285714,2174,10.333333333333334
django,django/contrib/contenttypes/__init__.py,96.9,🔴 High,5,4,0.8,5194,3.0
scikit-learn,doc/tutorial/text_analytics/skeletons/exercise_01_language_train_model.py,96.9,🔴 High,8,6,0.375,2092,25.0
django,tests/view_tests/default_urls.py,96.9,🔴 High,6,4,0.5,2980,5.0
scikit-learn,scikits/learn/tree_model/tree.py,96.9,🔴 High,12,2,0.25,170,141.75
pytest,py/bin/_update_website.py,96.8,🔴 High,9,3,0.2222222222222222,365,57.888888888888886
pytest,testing/test_outcome.py,96.8,🔴 High,6,2,0.5,104,63.4
flask,flask/globals.py,96.8,🔴 High,15,6,0.2666666666666666,3277,23.466666666666665
django,django/contrib/flatpages/tests/test_csrf.py,96.8,🔴 High,10,8,0.4,790,65.11111111111111
django,django/contrib/flatpages/middleware.py,96.8,🔴 High,13,9,0.6923076923076923,7524,15.384615384615383
django,django/contrib/auth/tests/test_handlers.py,96.8,🔴 High,7,6,0.5714285714285714,665,34.5
pytest,py/test/event.py,96.8,🔴 High,15,3,0.1333333333333333,230,103.73333333333332
pytest,doc/en/example/xfail_demo.py,96.8,🔴 High,9,6,0.3333333333333333,4394,23.125
scikit-learn,sklearn/mixture/__init__.py,96.8,🔴 High,18,12,0.1111111111111111,5079,5.3125
django,django/contrib/sitemaps/tests/http.py,96.8,🔴 High,8,3,0.625,418,98.75
scikit-learn,scikits/learn/glm/tests/test_lars.py,96.8,🔴 High,12,3,0.3333333333333333,73,87.25
pytest,py/test/report/terminal.py,96.8,🔴 High,8,2,0.625,27,171.875
django,tests/user_commands/management/commands/optparse_cmd.py,96.8,🔴 High,4,4,1.0,695,14.0
rich,tests/test_win32_console.py,96.8,🔴 High,12,2,0.5,104,298.75
django,tests/db_functions/test_cast.py,96.8,🔴 High,10,4,1.0,1145,44.1
scikit-learn,sklearn/rbm.py,96.8,🔴 High,16,1,0.0625,9,81.9375
cli,httpie/cli/argtypes.py,96.8,🔴 High,15,3,0.2,913,137.6
django,tests/template_tests/filter_tests/test_add.py,96.8,🔴 High,5,4,0.6,2618,41.6
django,django/conf/locale/mn/formats.py,96.8,🔴 High,7,7,0.4285714285714285,4293,3.2857142857142856
scikit-learn,scikits/learn/externals/joblib/memory.py,96.8,🔴 High,9,4,0.1111111111111111,400,275.0
scikit-learn,sklearn/cluster/_k_means.py,96.8,🔴 High,6,5,0.3333333333333333,57,633.0
django,tests/view_tests/templatetags/debugtags.py,96.8,🔴 High,7,5,0.4285714285714285,3264,5.666666666666667
requests,src/requests/__init__.py,96.8,🔴 High,9,5,0.2222222222222222,1029,115.875
django,tests/gis_tests/geos_tests/test_geos_mutation.py,96.8,🔴 High,10,6,0.4,3558,122.1
django,tests/gis_tests/rasterapp/models.py,96.8,🔴 High,7,5,0.7142857142857143,2421,13.571428571428571
scikit-learn,sklearn/utils/_repr_html/tests/test_estimator.py,96.7,🔴 High,6,4,0.3333333333333333,391,437.0
scikit-learn,sklearn/linear_model/nearest_centroid.py,96.7,🔴 High,11,1,0.0909090909090909,12,51.45454545454545
scikit-learn,sklearn/utils/_scipy_sparse_lsqr_backport.py,96.7,🔴 High,4,4,0.5,1541,207.75
rich,tests/test_layout.py,96.7,🔴 High,19,2,0.2105263157894736,465,58.26315789473684
django,tests/backends/oracle/test_operations.py,96.7,🔴 High,8,6,0.625,3077,98.0
django,tests/postgres_tests/array_default_migrations/0001_initial.py,96.7,🔴 High,8,6,0.375,4053,32.375
pytest,testing/freeze/create_executable.py,96.7,🔴 High,10,6,0.7,2882,8.8
pytest,py/test/item.py,96.7,🔴 High,14,3,0.1428571428571428,526,71.64285714285714
scikit-learn,sklearn/utils/tests/test_cython_blas.py,96.7,🔴 High,9,6,0.2222222222222222,2284,162.0
flask,tests/test_deprecations.py,96.7,🔴 High,12,5,0.1666666666666666,1771,12.833333333333334
django,tests/expressions_window/models.py,96.7,🔴 High,8,7,0.625,1786,13.0
django,js_tests/admin/actions.test.js,96.7,🔴 High,10,7,0.2,4022,14.9
django,tests/regressiontests/conditional_processing/urls.py,96.7,🔴 High,5,4,0.8,935,8.6
scikit-learn,doc/datasets/twenty_newsgroups_fixture.py,96.7,🔴 High,5,4,0.8,1941,8.0
scikit-learn,examples/linear_model/plot_huber_vs_ridge.py,96.7,🔴 High,8,6,0.25,3192,35.25
pytest,py/test/rsession/rest.py,96.7,🔴 High,10,3,0.2,366,240.1
requests,tests/__init__.py,96.7,🔴 High,7,5,0.1428571428571428,2541,5.571428571428571
scikit-learn,scikits/learn/multiclass.py,96.7,🔴 High,9,2,0.2222222222222222,3,108.71428571428572
django,django/contrib/gis/geos/tests/__init__.py,96.7,🔴 High,6,4,0.6666666666666666,1509,18.4
django,tests/regressiontests/dispatch/tests/__init__.py,96.7,🔴 High,5,3,0.8,1929,2.8
django,tests/model_meta/test.py,96.7,🔴 High,6,4,0.8333333333333334,419,617.6666666666666
rich,tests/test_color.py,96.7,🔴 High,17,2,0.2941176470588235,1430,115.11764705882354
scikit-learn,scikits/learn/svm/tests/test_libsvm.py,96.7,🔴 High,8,1,0.375,58,38.0
django,django/db/migrations/operations/__init__.py,96.7,🔴 High,20,9,0.35,4219,14.15
django,tests/serializers/models/multi_table.py,96.7,🔴 High,5,5,0.6,1944,11.8
pytest,bench/manyparam.py,96.7,🔴 High,7,3,0.4285714285714285,3843,8.142857142857142
pytest,py/path/testing/test_svnauth.py,96.7,🔴 High,4,2,0.0,10,380.0
django,tests/auth_tests/test_deprecated_views.py,96.7,🔴 High,8,5,0.375,1605,326.25
pytest,testing/pytest/test_outcome.py,96.6,🔴 High,7,1,0.7142857142857143,126,45.5
scikit-learn,benchmarks/bench_plot_parallel_pairwise.py,96.6,🔴 High,10,7,0.4,4562,31.6
pytest,testing/root/test_py_imports.py,96.6,🔴 High,6,1,0.3333333333333333,104,61.0
pytest,testing/example_scripts/doctest/main_py/__main__.py,96.6,🔴 High,3,3,0.6666666666666666,1055,2.3333333333333335
scikit-learn,scikits/learn/bayes/bayes.py,96.6,🔴 High,13,2,0.1538461538461538,0,53.23076923076923
django,tests/view_tests/models.py,96.6,🔴 High,7,7,0.4285714285714285,3264,24.166666666666668
scikit-learn,examples/miscellaneous/plot_metadata_routing.py,96.6,🔴 High,14,4,0.2857142857142857,1102,269.2857142857143
django,tests/regressiontests/special_headers/tests.py,96.6,🔴 High,7,5,0.4285714285714285,841,55.285714285714285
scikit-learn,scikits/learn/ga/ga_util.py,96.6,🔴 High,9,1,0.3333333333333333,0,49.0
django,django/contrib/gis/sitemaps/__init__.py,96.6,🔴 High,5,4,0.4,4912,2.2
django,tests/field_defaults/models.py,96.6,🔴 High,7,6,0.2857142857142857,3898,17.0
django,tests/migrations/test_migrations_squashed/0001_initial.py,96.6,🔴 High,6,5,0.3333333333333333,3387,21.333333333333332
django,tests/logging_tests/views.py,96.6,🔴 High,6,6,0.3333333333333333,3185,14.333333333333334
django,django/contrib/admin/media/js/actions.min.js,96.6,🔴 High,5,1,0.8,96,4.6
scikit-learn,doc/sphinxext/numpy_ext/docscrape.py,96.6,🔴 High,6,5,0.1666666666666666,1881,388.8333333333333
django,tests/logging_tests/urls.py,96.6,🔴 High,7,6,0.4285714285714285,3185,9.857142857142858
django,tests/regressiontests/wsgi/tests.py,96.6,🔴 High,8,4,0.625,469,60.375
pytest,testing/example_scripts/fixtures/fill_fixtures/test_detect_recursive_dependency_error.py,96.6,🔴 High,5,3,0.8,2067,9.2
django,tests/forms_tests/field_tests/test_splitdatetimefield.py,96.6,🔴 High,8,6,0.5,2126,61.25
django,tests/template_tests/syntax_tests/test_setup.py,96.6,🔴 High,5,4,0.4,2640,19.0
django,tests/regressiontests/generic_inline_admin/urls.py,96.6,🔴 High,5,4,0.8,1064,5.2
django,tests/urlpatterns_reverse/included_named_urls.py,96.6,🔴 High,9,5,0.2222222222222222,3264,8.125
django,tests/migrations/test_migrations_conflict/0001_initial.py,96.6,🔴 High,6,5,0.1666666666666666,3345,21.333333333333332
django,django/utils/unittest/case.py,96.6,🔴 High,6,4,0.8333333333333334,805,663.6666666666666
flask,tests/test_json_tag.py,96.6,🔴 High,11,5,0.1818181818181818,2091,59.72727272727273
django,tests/urlpatterns_reverse/views.py,96.6,🔴 High,17,13,0.6470588235294118,4256,36.5
django,tests/foreign_object/test_empty_join.py,96.6,🔴 High,5,5,0.2,2400,37.4
django,tests/migrations/test_migrations_no_changes/0003_third.py,96.6,🔴 High,7,6,0.4285714285714285,4109,35.285714285714285
pytest,py/test/compat.py,96.5,🔴 High,7,4,0.4285714285714285,950,42.857142857142854
pytest,py/_plugin/pytest_skipping.py,96.5,🔴 High,16,1,0.3125,255,151.33333333333334
scikit-learn,scikits/learn/machine/manifold_learning/regression/neighbors/neighbors.py,96.5,🔴 High,8,1,0.75,26,57.375
django,tests/backends/test_creation.py,96.5,🔴 High,8,5,0.625,398,133.625
pytest,_pytest/freeze_support.py,96.5,🔴 High,6,5,0.3333333333333333,697,20.5
scikit-learn,examples/neighbors/plot_approximate_nearest_neighbors_scalability.py,96.5,🔴 High,11,4,0.2727272727272727,388,81.0909090909091
pytest,py/plugin/pytest_figleaf.py,96.5,🔴 High,4,1,0.75,59,44.0
django,django/contrib/gis/models.py,96.5,🔴 High,11,5,0.7272727272727273,2320,136.75
scikit-learn,scikits/learn/label_propagation.py,96.5,🔴 High,40,3,0.2,228,82.0
pytest,py/test/testing/test_pytestplugin.py,96.5,🔴 High,12,1,0.3333333333333333,41,236.16666666666663
django,tests/migrations/test_migrations_squashed_complex_multi_apps/app2/1_squashed_2.py,96.5,🔴 High,5,5,0.4,3015,9.6
django,tests/migrations/test_migrations_squashed/0002_second.py,96.5,🔴 High,7,6,0.4285714285714285,3387,16.285714285714285
pytest,testing/pytest/plugin/test_pytest_runner.py,96.5,🔴 High,5,1,0.6,46,247.5
django,tests/async/test_async_queryset.py,96.5,🔴 High,4,4,0.75,1310,208.25
django,django/contrib/sitemaps/tests/test_flatpages.py,96.5,🔴 High,10,6,0.2,627,32.888888888888886
django,django/contrib/localflavor/pt/forms.py,96.5,🔴 High,6,4,0.6666666666666666,931,33.166666666666664
django,tests/migrations/test_migrations_squashed_complex_multi_apps/app1/2_squashed_3.py,96.5,🔴 High,5,5,0.4,3015,9.6
django,tests/migrations/test_migrations_conflict/0002_second.py,96.5,🔴 High,7,6,0.2857142857142857,3345,16.285714285714285
django,tests/generic_views/models.py,96.5,🔴 High,8,7,0.375,3264,43.142857142857146
django,django/contrib/sites/requests.py,96.5,🔴 High,6,5,0.1666666666666666,2930,9.833333333333334
pytest,py/doc/talk/ui/default/slides.js,96.5,🔴 High,2,1,0.5,570,516.0
django,django/contrib/contenttypes/migrations/0001_initial.py,96.5,🔴 High,7,6,0.2857142857142857,3151,33.285714285714285
django,tests/modeltests/many_to_many/tests.py,96.5,🔴 High,5,4,0.6,689,328.6
django,django/contrib/gis/geos/error.py,96.5,🔴 High,5,4,0.2,6052,4.2
django,tests/regressiontests/utils/dateformat.py,96.5,🔴 High,13,7,0.6153846153846154,1232,74.23076923076923
scikit-learn,sklearn/metrics/_plot/regression.py,96.5,🔴 High,9,7,0.5555555555555556,977,128.33333333333334
django,tests/regressiontests/admin_scripts/management/commands/base_command.py,96.5,🔴 High,6,3,0.6666666666666666,1388,12.666666666666666
django,tests/regressiontests/bash_completion/tests.py,96.5,🔴 High,7,4,0.4285714285714285,1193,66.0
django,django/views/core/flatfiles.py,96.4,🔴 High,4,1,0.0,72,20.0
pytest,py/test/terminal/terminal.py,96.4,🔴 High,13,3,0.1538461538461538,239,239.53846153846155
django,tests/composite_pk/models/tenant.py,96.4,🔴 High,7,4,0.8571428571428571,789,43.285714285714285
scikit-learn,scikits/learn/decisiontree/src/Node.h,96.4,🔴 High,12,1,0.0833333333333333,29,66.5
django,django/db/backends/dummy/client.py,96.4,🔴 High,3,2,0.3333333333333333,832,2.0
django,django/views/admin/template.py,96.4,🔴 High,4,1,0.25,93,52.75
pytest,py/bin/_docgen.py,96.4,🔴 High,6,3,0.6666666666666666,555,41.5
pytest,py/apigen/source/color.py,96.4,🔴 High,8,2,0.75,16,150.875
django,tests/db_functions/math/test_atan2.py,96.4,🔴 High,4,4,0.25,1313,33.0
django,tests/regressiontests/admin_ordering/models.py,96.4,🔴 High,5,4,0.4,1181,16.8
rich,rich/theme.py,96.4,🔴 High,16,4,0.1875,2317,40.3125
django,tests/backends/mysql/test_creation.py,96.4,🔴 High,7,6,0.4285714285714285,2775,68.14285714285714
django,tests/template_tests/filter_tests/test_autoescape.py,96.4,🔴 High,5,5,0.2,2619,26.2
django,tests/foreign_object/models/__init__.py,96.4,🔴 High,5,5,0.4,3720,13.8
scikit-learn,scikits/learn/benchmarks/bench_svm.py,96.4,🔴 High,15,1,0.4,224,99.33333333333331
django,tests/regressiontests/test_utils/models.py,96.4,🔴 High,3,3,1.0,1607,5.0
scikit-learn,scikits/learn/glm/lasso_cd_fast.c,96.4,🔴 High,5,2,0.2,12,2776.0
django,js_tests/gis/mapwidget.test.js,96.4,🔴 High,12,5,0.5833333333333334,3981,95.75
django,tests/auth_tests/test_auth_backends_deprecation.py,96.4,🔴 High,5,5,0.8,315,40.0
django,tests/postgres_tests/__init__.py,96.4,🔴 High,14,8,0.5,3173,14.307692307692308
django,tests/initial_sql_regress/tests.py,96.4,🔴 High,6,5,0.1666666666666666,423,23.2
pytest,py/plugin/pytest_logxml.py,96.3,🔴 High,4,1,0.25,11,127.25
pytest,src/_pytest/_py/error.py,96.3,🔴 High,12,5,0.75,824,80.41666666666667
django,django/contrib/localflavor/uk/uk_regions.py,96.3,🔴 High,5,4,1.0,1613,53.8
django,tests/messages_tests/test_fallback.py,96.3,🔴 High,7,6,0.1428571428571428,2550,103.57142857142856
django,tests/modeltests/custom_pk/fields.py,96.3,🔴 High,7,3,0.4285714285714285,1164,44.142857142857146
django,tests/forms_tests/field_tests/test_typedchoicefield.py,96.3,🔴 High,7,5,0.4285714285714285,3571,57.857142857142854
django,tests/mutually_referential/models.py,96.3,🔴 High,6,6,0.5,3264,7.4
pytest,py/apigen/source/html.py,96.3,🔴 High,5,2,0.4,63,236.6
django,tests/admin_views/test_forms.py,96.3,🔴 High,4,4,0.5,1548,25.5
django,django/contrib/staticfiles/urls.py,96.3,🔴 High,8,4,0.875,2215,16.125
scikit-learn,sklearn/impute/tests/test_base.py,96.3,🔴 High,7,5,0.0,2385,66.0
django,django/contrib/auth/tests/decorators.py,96.3,🔴 High,7,4,0.8571428571428571,1040,22.428571428571427
flask,examples/flaskr/tests/test_flaskr.py,96.3,🔴 High,8,4,0.75,582,50.125
pytest,testing/freeze/runtests_script.py,96.3,🔴 High,8,5,0.5,2882,4.125
django,tests/model_fields/test_autofield.py,96.3,🔴 High,5,5,0.6,1666,27.8
pytest,py/apipkg.py,96.3,🔴 High,7,2,0.7142857142857143,269,72.83333333333333
django,tests/regressiontests/localflavor/pl/tests.py,96.3,🔴 High,4,4,1.0,288,205.33333333333337
django,js_tests/admin/jsi18n-mocks.test.js,96.3,🔴 High,6,5,0.1666666666666666,4022,76.66666666666667
scikit-learn,scikits/learn/bayes/tests/test_bayes.py,96.3,🔴 High,12,3,0.1666666666666666,9,26.5
django,django/contrib/redirects/admin.py,96.2,🔴 High,5,5,0.2,6245,7.8
scikit-learn,sklearn/frozen/_frozen.py,96.2,🔴 High,5,5,0.0,596,49.0
cli,tests/conftest.py,96.2,🔴 High,14,4,0.5714285714285714,2920,40.142857142857146
django,django/core/cache/utils.py,96.2,🔴 High,12,10,0.5,4862,9.833333333333334
django,django/contrib/formtools/tests/wizard/wizardtests/forms.py,96.2,🔴 High,6,4,0.5,812,46.0
pytest,py/path/testing/svntestbase.py,96.2,🔴 High,4,1,0.25,10,102.0
django,tests/regressiontests/admin_widgets/urls.py,96.2,🔴 High,3,3,0.6666666666666666,1000,5.333333333333333
django,tests/regressiontests/transactions_regress/models.py,96.2,🔴 High,3,3,1.0,742,5.666666666666667
django,tests/test_client/auth_backends.py,96.2,🔴 High,4,4,0.75,3948,5.0
django,django/db/backends/postgresql_psycopg2/__init__.py,96.2,🔴 High,3,3,0.0,3906,7.0
scikit-learn,doc/themes/scikit-learn/static/sidebar.js,96.2,🔴 High,10,3,0.3,500,104.4
django,django/core/checks/security/sessions.py,96.2,🔴 High,8,6,0.375,3979,77.25
django,tests/regressiontests/localflavor/tests.py,96.2,🔴 High,13,6,0.8461538461538461,1033,32.46153846153846
django,django/contrib/auth/migrations/0004_alter_user_username_opts.py,96.2,🔴 High,9,6,0.2222222222222222,3127,19.333333333333332
django,tests/db_functions/math/test_round.py,96.2,🔴 High,8,7,0.375,2362,69.5
django,tests/db_functions/math/test_power.py,96.2,🔴 High,4,4,0.25,1313,35.0
pytest,testing/plugins_integration/pytest_mock_integration.py,96.2,🔴 High,3,3,0.3333333333333333,1366,2.3333333333333335
django,django/contrib/formtools/tests/wizard/__init__.py,96.2,🔴 High,7,4,0.7142857142857143,1201,18.2
django,tests/testapp/models/custom_methods.py,96.2,🔴 High,4,2,0.25,27,39.5
scikit-learn,scikits/learn/svm/libsvm.c,96.2,🔴 High,14,2,0.1428571428571428,155,6995.071428571428
django,tests/regressiontests/urlpatterns_reverse/middleware.py,96.2,🔴 High,4,4,0.75,696,7.0
requests,testserver/server.py,96.1,🔴 High,11,1,0.2727272727272727,99,50.90909090909091
django,tests/testapp/models/many_to_many.py,96.1,🔴 High,5,1,0.4,27,63.0
click,docs/clickdoctools.py,96.1,🔴 High,10,4,0.4,1479,216.4
scikit-learn,examples/text/document_clustering.py,96.1,🔴 High,8,7,0.375,1423,122.57142857142856
django,tests/modeltests/select_related/tests.py,96.1,🔴 High,8,5,0.5,838,101.125
django,tests/urlpatterns_reverse/included_no_kwargs_urls.py,96.1,🔴 High,6,4,0.5,2898,5.0
django,tests/template_tests/syntax_tests/i18n/test_blocktranslate.py,96.1,🔴 High,9,7,0.4444444444444444,2223,616.8888888888889
pytest,py/path/local.py,96.1,🔴 High,14,2,0.4285714285714285,33,566.6428571428571
django,django/newforms/extras/widgets.py,96.1,🔴 High,7,3,0.8571428571428571,451,42.0
scikit-learn,examples/plot_affinity_propagation.py,96.1,🔴 High,7,3,0.1428571428571428,33,33.0
scikit-learn,scikits/learn/machine/em/tests/test_online_em.py,96.1,🔴 High,6,1,0.1666666666666666,8,152.4
django,tests/migrations/migrations_test_apps/alter_fk/book_app/migrations/0001_initial.py,96.1,🔴 High,5,5,0.2,2911,17.4
django,tests/i18n/patterns/urls/wrong.py,96.1,🔴 High,7,4,0.1428571428571428,3264,6.5
django,tests/regressiontests/generic_views/models.py,96.1,🔴 High,6,4,0.6666666666666666,763,34.0
pytest,py/plugin/pytest_helpconfig.py,96.1,🔴 High,4,1,0.25,69,118.66666666666669
django,tests/select_related_onetoone/models.py,96.1,🔴 High,8,8,0.375,3264,60.42857142857143
django,django/contrib/localflavor/it/util.py,96.1,🔴 High,4,4,0.75,1921,39.25
django,django/contrib/auth/tests/utils.py,96.1,🔴 High,4,4,0.5,999,6.5
django,tests/testapp/models/m2m_intermediary.py,96.1,🔴 High,4,1,0.25,27,53.0
scikit-learn,scikits/learn/svm/__init__.py,96.1,🔴 High,20,4,0.1,787,3.1666666666666665
scikit-learn,examples/sgd/covertype_dense_sgd.py,96.1,🔴 High,13,2,0.0,24,86.15384615384616
pytest,_py/test/plugin/pytest_keyword.py,96.1,🔴 High,4,1,0.25,19,45.666666666666664
django,django/contrib/localflavor/fr/fr_department.py,96.0,🔴 High,6,5,0.8333333333333334,1900,109.83333333333331
scikit-learn,scikits/learn/svm/libsvm-2.82/svm.h,96.0,🔴 High,5,1,0.2,28,48.75
django,tests/tasks/test_tasks.py,96.0,🔴 High,4,4,0.75,263,250.5
django,django/db/backends/oracle/query.py,96.0,🔴 High,13,5,0.9230769230769232,379,71.6923076923077
scikit-learn,examples/feature_selection/plot_permutation_test_for_classification.py,96.0,🔴 High,7,6,0.2857142857142857,2921,26.833333333333332
pytest,py/test/plugin/pytest_monkeypatch.py,96.0,🔴 High,19,2,0.3157894736842105,192,82.63157894736842
pytest,py/path/svn/urlcommand.py,96.0,🔴 High,6,3,0.3333333333333333,834,267.6666666666667
pytest,testing/example_scripts/warnings/test_group_warnings_by_message_summary/test_2.py,96.0,🔴 High,3,3,0.6666666666666666,1534,3.3333333333333335
django,tests/aggregation/models.py,96.0,🔴 High,13,10,0.4615384615384615,4798,35.5
django,tests/queries/test_sqlcompiler.py,96.0,🔴 High,4,4,0.25,1815,25.5
django,tests/template_tests/test_autoreloader.py,96.0,🔴 High,8,8,0.875,1057,122.0
pytest,testing/pytest/dist/acceptance_test.py,96.0,🔴 High,4,1,0.5,114,131.33333333333334
scikit-learn,scikits/learn/sgd/sgd.py,96.0,🔴 High,18,3,0.3888888888888889,20,102.11111111111111
scikit-learn,sklearn/tests/test_label_propagation.py,96.0,🔴 High,12,4,0.4166666666666667,138,43.3
pytest,testing/test_warning_types.py,96.0,🔴 High,10,5,0.5,2284,31.2
django,django/contrib/admin/static/admin/js/popup_response.js,96.0,🔴 High,6,5,0.5,3799,17.166666666666668
django,tests/template_tests/filter_tests/test_center.py,96.0,🔴 High,8,6,0.5,3886,24.5
django,tests/testapp/models/ordering.py,96.0,🔴 High,4,1,0.25,35,39.75
scikit-learn,sklearn/feature_extraction/kernel_approximation.py,96.0,🔴 High,12,2,0.25,20,45.583333333333336
scikit-learn,benchmarks/bench_hist_gradient_boosting_higgsboson.py,96.0,🔴 High,12,5,0.1666666666666666,2180,101.5
scikit-learn,sklearn/utils/_repr_html/estimator.py,96.0,🔴 High,12,4,0.4166666666666667,369,323.4166666666667
pytest,py/path/testing/common.py,96.0,🔴 High,7,2,0.2857142857142857,950,189.57142857142856
pytest,testing/example_scripts/customdirectory/tests/test_first.py,95.9,🔴 High,3,3,0.6666666666666666,381,2.3333333333333335
scikit-learn,scikits/learn/datasets/setup.py,95.9,🔴 High,18,6,0.2777777777777778,604,12.9375
django,tests/unmanaged_models/tests.py,95.9,🔴 High,11,7,0.3636363636363636,4529,32.2
django,tests/forms_tests/tests/forms.py,95.9,🔴 High,5,3,0.8,39,1352.25
django,tests/postgres_tests/test_integration.py,95.9,🔴 High,6,5,0.5,1107,18.0
rich,tests/test_log.py,95.9,🔴 High,33,3,0.4545454545454545,880,29.78787878787879
django,tests/forms_tests/widget_tests/test_splitdatetimewidget.py,95.9,🔴 High,5,5,0.6,2348,63.2
pytest,py/path/svn/testing/test_auth.py,95.9,🔴 High,4,2,0.0,362,396.75
django,tests/modeltests/m2o_recursive2/models.py,95.9,🔴 High,5,4,0.4,460,16.6
pytest,testing/example_scripts/customdirectory/tests/test_third.py,95.9,🔴 High,3,3,0.6666666666666666,381,2.3333333333333335
django,tests/regressiontests/select_related_onetoone/models.py,95.9,🔴 High,5,4,0.8,1017,40.6
pytest,py/test/rsession/testing/test_webjs.py,95.9,🔴 High,9,2,0.3333333333333333,20,119.88888888888889
django,django/core/files/__init__.py,95.9,🔴 High,4,3,0.75,4965,1.6666666666666667
django,tests/regressiontests/admin_views/views.py,95.9,🔴 High,3,3,0.6666666666666666,994,5.0
django,tests/template_tests/filter_tests/test_cut.py,95.9,🔴 High,5,4,0.4,2619,47.6
django,tests/template_tests/test_smartif.py,95.9,🔴 High,5,5,0.4,3225,32.5
django,tests/utils_tests/test_module/another_good_module.py,95.9,🔴 High,4,4,0.5,3071,4.5
pytest,testing/freeze/tests/test_trivial.py,95.9,🔴 High,8,4,0.75,2882,4.125
django,django/contrib/staticfiles/apps.py,95.9,🔴 High,9,8,0.4444444444444444,3480,8.0
scikit-learn,scikits/learn/utils/arpack.py,95.9,🔴 High,6,3,0.3333333333333333,65,933.8
pytest,testing/example_scripts/customdirectory/tests/test_second.py,95.9,🔴 High,3,3,0.6666666666666666,381,2.3333333333333335
scikit-learn,scikits/learn/decisiontree/src/Node.cpp,95.9,🔴 High,15,1,0.2666666666666666,29,158.73333333333332
django,django/contrib/formtools/wizard/storage/__init__.py,95.9,🔴 High,5,4,1.0,964,14.8
django,django/conf/locale/zh_TW/formats.py,95.8,🔴 High,5,4,0.6,1716,7.0
django,tests/db_functions/math/test_log.py,95.8,🔴 High,4,4,0.25,1313,36.0
click,examples/complex/complex/cli.py,95.8,🔴 High,11,3,0.2727272727272727,3376,45.72727272727273
django,django/conf/locale/zh_CN/formats.py,95.8,🔴 High,5,4,0.6,1716,7.0
scikit-learn,examples/neighbors/plot_lof.py,95.8,🔴 High,4,4,0.5,629,27.5
scikit-learn,scikits/learn/glm/lasso_cd.py,95.8,🔴 High,8,3,0.0,56,20.0
scikit-learn,scikits/learn/ga/gene.py,95.8,🔴 High,16,1,0.5,0,210.3125
scikit-learn,examples/neighbors/plot_lof_novelty_detection.py,95.8,🔴 High,8,6,0.125,2385,45.625
django,django/contrib/auth/handlers/modpython.py,95.7,🔴 High,6,3,0.3333333333333333,654,32.333333333333336
django,django/core/mail/backends/dummy.py,95.7,🔴 High,3,3,0.3333333333333333,1460,4.0
django,tests/regressiontests/null_queries/tests.py,95.7,🔴 High,5,3,0.4,866,47.4
scikit-learn,scikits/learn/machine/manifold_learning/setup.py,95.7,🔴 High,5,1,0.8,26,21.8
pytest,py/test/rsession/testing/test_lsession.py,95.7,🔴 High,7,4,0.1428571428571428,239,257.57142857142856
flask,tests/test_logging.py,95.7,🔴 High,14,3,0.2142857142857142,980,68.85714285714286
django,tests/urlpatterns_reverse/urls_error_handlers.py,95.7,🔴 High,6,5,0.3333333333333333,4023,4.4
django,django/contrib/flatpages/tests/test_views.py,95.7,🔴 High,8,7,0.5,658,108.14285714285714
scikit-learn,sklearn/decomposition/setup.py,95.7,🔴 High,5,5,0.4,2469,21.0
django,django/contrib/auth/tests/hashers.py,95.7,🔴 High,10,4,0.8,459,124.6
django,tests/template_tests/filter_tests/test_default.py,95.7,🔴 High,5,4,0.4,2619,37.4
pytest,py/doc/example/pytest/test_failures.py,95.7,🔴 High,7,2,0.2857142857142857,764,10.285714285714286
scikit-learn,scikits/learn/externals/joblib/test/test_numpy_pickle.py,95.7,🔴 High,9,4,0.1111111111111111,400,84.0
scikit-learn,scikits/learn/svm/tests/test_kernel.py,95.7,🔴 High,5,1,0.4,28,40.0
scikit-learn,scikits/learn/svm/src/libsvm/libsvm_sparse_helper.c,95.7,🔴 High,13,2,0.3846153846153846,329,257.3333333333333
django,django/contrib/contenttypes/migrations/0002_remove_content_type_name.py,95.7,🔴 High,8,7,0.5,2945,34.5
scikit-learn,examples/gaussian_process/plot_gpr_on_structured_data.py,95.7,🔴 High,9,7,0.2222222222222222,2323,96.66666666666669
django,tests/forms_tests/widget_tests/test_fileinput.py,95.7,🔴 High,7,7,0.7142857142857143,2782,25.428571428571427
django,tests/template_tests/filter_tests/test_dictsort.py,95.6,🔴 High,4,4,0.75,2607,65.0
django,tests/migrations/test_migrations_first/second.py,95.6,🔴 High,5,5,0.4,3150,19.6
pytest,testing/example_scripts/unittest/test_parametrized_fixture_error_message.py,95.6,🔴 High,6,3,0.6666666666666666,2083,9.166666666666666
django,tests/admin_scripts/management/commands/noargs_command.py,95.6,🔴 High,6,6,0.6666666666666666,3264,6.0
pytest,_pytest/__init__.py,95.6,🔴 High,244,7,0.3934426229508196,2748,1.1069958847736625
django,django/contrib/comments/managers.py,95.6,🔴 High,5,3,0.6,1655,12.2
django,tests/urlpatterns_reverse/method_view_urls.py,95.6,🔴 High,5,5,0.4,2001,12.0
flask,flask/ext/__init__.py,95.6,🔴 High,10,3,0.2,1202,26.0
django,django/contrib/localflavor/it/it_region.py,95.6,🔴 High,2,2,1.0,1896,22.5
scikit-learn,examples/preprocessing/plot_target_encoder_cross_val.py,95.6,🔴 High,10,7,0.2,1055,70.6
django,tests/template_tests/filter_tests/test_truncatewords_html.py,95.6,🔴 High,7,6,0.7142857142857143,2941,38.42857142857143
pytest,testing/test_py_imports.py,95.6,🔴 High,7,1,0.4285714285714285,102,65.57142857142857
django,tests/utils_tests/test_duration.py,95.6,🔴 High,4,4,0.75,2751,58.25
pytest,testing/example_scripts/collect/package_infinite_recursion/conftest.py,95.6,🔴 High,7,4,0.5714285714285714,2145,2.142857142857143
django,tests/migrations/migrations_test_apps/lookuperror_a/migrations/0002_a2.py,95.6,🔴 High,5,5,0.2,2942,16.6
django,tests/admin_scripts/app_with_import/models.py,95.6,🔴 High,4,4,0.25,876,4.0
django,tests/migrations/migrations_test_apps/lookuperror_a/migrations/0004_a4.py,95.6,🔴 High,5,5,0.2,2942,16.6
pytest,py/test/dsession/masterslave.py,95.6,🔴 High,11,1,0.3636363636363636,216,102.36363636363636
django,django/contrib/gis/tests/geoapp/sitemaps.py,95.6,🔴 High,6,4,0.3333333333333333,2348,6.5
django,tests/migrations/migrations_test_apps/lookuperror_b/migrations/0003_b3.py,95.6,🔴 High,5,5,0.2,2942,16.6
django,django/core/management/commands/sqldropindexes.py,95.6,🔴 High,6,5,0.1666666666666666,468,16.833333333333332
django,tests/migrations/migrations_test_apps/lookuperror_c/migrations/0003_c3.py,95.6,🔴 High,5,5,0.2,2942,16.6
pytest,py/test/rsession/testing/test_web.py,95.6,🔴 High,8,2,0.5,180,75.625
django,django/core/rss.py,95.6,🔴 High,5,2,0.6,119,122.8
pytest,doc/example/assertion/failure_demo.py,95.6,🔴 High,9,2,0.3333333333333333,406,126.0
scikit-learn,scikits/learn/svm/predict.py,95.5,🔴 High,14,1,0.2142857142857142,28,111.53846153846152
pytest,py/doc/test_conftest.py,95.5,🔴 High,12,3,0.5,586,96.83333333333331
cli,httpie/output/processing.py,95.5,🔴 High,9,3,0.2222222222222222,2795,32.666666666666664
django,django/contrib/gis/db/backends/spatialite/adapter.py,95.5,🔴 High,6,5,0.3333333333333333,4426,7.0
pytest,py/doc/example/genhtml.py,95.5,🔴 High,2,1,0.5,570,8.0
django,tests/middleware/test_csp.py,95.5,🔴 High,6,5,0.6666666666666666,553,116.0
django,django/utils/duration.py,95.5,🔴 High,5,5,0.6,2751,26.4
pytest,py/execnet/testing/test_xspec.py,95.5,🔴 High,10,2,0.3,61,89.8
pytest,testing/pytest/test_parseopt.py,95.5,🔴 High,7,1,0.7142857142857143,118,101.33333333333331
django,tests/distinct_on_fields/models.py,95.5,🔴 High,6,5,0.1666666666666666,3264,40.4
pytest,py/magic/exprinfo.py,95.5,🔴 High,4,2,0.5,913,418.75
pytest,doc/en/example/assertion/global_testmodule_config/conftest.py,95.5,🔴 High,11,4,0.3636363636363636,4394,10.0
scikit-learn,examples/decomposition/plot_incremental_pca.py,95.5,🔴 High,8,5,0.0,3653,29.75
pytest,py/test/testing/suptest.py,95.5,🔴 High,4,1,0.5,17,179.5
django,tests/migrations/test_migrations_no_ancestor/0002_second.py,95.5,🔴 High,5,5,0.4,3178,18.6
scikit-learn,examples/plot_ica_vs_pca.py,95.5,🔴 High,10,5,0.3,212,46.6
scikit-learn,sklearn/_isotonic.c,95.5,🔴 High,7,7,0.5714285714285714,755,3786.285714285714
scikit-learn,sklearn/metrics/tests/test_cluster.py,95.4,🔴 High,9,3,0.1111111111111111,11,85.11111111111111
django,tests/migrations/migrations_test_apps/lookuperror_a/migrations/0003_a3.py,95.4,🔴 High,6,6,0.3333333333333333,2942,20.166666666666668
django,tests/regressiontests/db_typecasts/tests.py,95.4,🔴 High,6,4,0.6666666666666666,2154,51.666666666666664
django,django/contrib/admin/static/admin/js/vendor/jquery/jquery.js,95.4,🔴 High,12,6,0.8333333333333334,3025,6708.818181818182
django,tests/template_tests/filter_tests/test_last.py,95.4,🔴 High,4,4,0.5,2618,15.5
pytest,_pytest/_code/_py2traceback.py,95.4,🔴 High,7,3,0.8571428571428571,908,45.42857142857143
django,tests/utils_tests/test_tzinfo.py,95.4,🔴 High,9,6,0.5555555555555556,624,68.625
django,django/contrib/admin/urls.py,95.4,🔴 High,7,2,0.8571428571428571,636,29.714285714285715
scikit-learn,sklearn/metrics/_pairwise_distances_reduction/__init__.py,95.4,🔴 High,11,7,0.0,1131,14.545454545454543
pytest,_py/test/pycollect.py,95.4,🔴 High,5,2,0.2,24,280.4
django,tests/regressiontests/generic_views/tests.py,95.4,🔴 High,7,3,0.8571428571428571,777,7.571428571428571
django,django/contrib/sitemaps/tests/urls/https.py,95.4,🔴 High,4,4,0.5,963,12.75
django,tests/regressiontests/forms/localflavor/sk.py,95.4,🔴 High,3,3,0.6666666666666666,1433,13.333333333333334
django,tests/migrations/test_migrations_custom_user/0001_initial.py,95.4,🔴 High,6,5,0.1666666666666666,2827,23.5
requests,requests/packages/urllib3/util/response.py,95.4,🔴 High,7,4,0.1428571428571428,935,23.428571428571427
scikit-learn,scikits/learn/externals/joblib/logger.py,95.4,🔴 High,8,4,0.125,400,76.5
scikit-learn,scikits/learn/machine/manifold_learning/examples/projection.py,95.4,🔴 High,5,1,0.8,23,42.0
django,tests/messages_tests/test_mixins.py,95.4,🔴 High,7,6,0.4285714285714285,2550,14.285714285714286
django,django/contrib/flatpages/tests/urls.py,95.4,🔴 High,5,4,0.8,1563,6.0
pytest,src/_pytest/setupplan.py,95.4,🔴 High,12,6,0.5833333333333334,2214,27.0
django,django/contrib/gis/db/models/fields/__init__.py,95.4,🔴 High,11,4,0.3636363636363636,498,129.0
django,tests/context_processors/views.py,95.4,🔴 High,8,6,0.5,4449,11.571428571428571
django,tests/modeltests/expressions/tests.py,95.4,🔴 High,10,5,0.5,822,208.9
scikit-learn,sklearn/metrics/cluster/bicluster.py,95.4,🔴 High,9,6,0.1111111111111111,1733,35.0
scikit-learn,sklearn/covariance/g_lasso_.py,95.3,🔴 High,15,1,0.0666666666666666,8,144.6
django,django/contrib/gis/db/backends/postgis/const.py,95.3,🔴 High,7,6,0.2857142857142857,3142,25.571428571428573
pytest,testing/example_scripts/fixtures/fill_fixtures/test_funcarg_basic.py,95.3,🔴 High,6,3,0.6666666666666666,2180,9.166666666666666
django,tests/proxy_models/admin.py,95.3,🔴 High,4,4,0.25,3094,4.5
django,django/contrib/gis/tests/geoapp/feeds.py,95.3,🔴 High,7,4,0.5714285714285714,1903,39.57142857142857
django,tests/template_tests/filter_tests/test_random.py,95.3,🔴 High,6,6,0.5,3065,18.0
django,django/contrib/formtools/tests/wizard/wizardtests/urls.py,95.3,🔴 High,4,4,1.0,962,21.0
django,django/conf/locale/vi/formats.py,95.3,🔴 High,9,6,0.5555555555555556,4364,9.333333333333334
flask,flask/testsuite/deprecations.py,95.3,🔴 High,6,4,0.1666666666666666,860,16.833333333333332
django,tests/migration_test_data_persistence/migrations/0001_initial.py,95.3,🔴 High,6,6,0.3333333333333333,3159,20.0
django,django/contrib/localflavor/pe/pe_region.py,95.3,🔴 High,2,2,1.0,1399,27.5
django,tests/utils_tests/test_lorem_ipsum.py,95.3,🔴 High,6,5,0.6666666666666666,4028,53.666666666666664
pytest,testing/example_scripts/fixtures/fill_fixtures/test_funcarg_lookup_modulelevel.py,95.3,🔴 High,6,3,0.6666666666666666,2180,9.166666666666666
django,django/contrib/formtools/tests/forms.py,95.3,🔴 High,5,4,0.4,883,24.2
scikit-learn,sklearn/linear_model/sgd_fast_sparse.c,95.3,🔴 High,17,5,0.3529411764705882,158,4360.882352941177
scikit-learn,doc/datasets/labeled_faces_fixture.py,95.3,🔴 High,4,3,0.75,1941,8.0
django,tests/composite_pk/test_update.py,95.3,🔴 High,8,5,0.75,446,151.375
django,tests/absolute_url_overrides/tests.py,95.2,🔴 High,5,4,0.6,2704,38.2
scikit-learn,benchmarks/bench_hist_gradient_boosting_threading.py,95.2,🔴 High,8,5,0.125,1009,284.0
django,tests/regressiontests/forms/regressions.py,95.2,🔴 High,15,3,0.8,964,0.0
django,django/contrib/formtools/tests/wizard/cookiestorage.py,95.2,🔴 High,4,4,0.75,587,33.0
django,tests/regressiontests/forms/localflavor/__init__.py,95.2,🔴 High,4,4,1.0,1433,3.0
django,tests/regressiontests/localflavor/models.py,95.2,🔴 High,4,4,0.75,1107,10.5
django,django/contrib/admin/media/js/actions.js,95.2,🔴 High,11,4,0.9090909090909092,405,68.72727272727273
pytest,py/cmdline/testing/test_generic.py,95.2,🔴 High,7,3,0.7142857142857143,379,50.57142857142857
django,tests/m2o_recursive/models.py,95.2,🔴 High,6,6,0.1666666666666666,3264,15.0
pytest,py/plugin/pytest_doctest.py,95.2,🔴 High,4,1,0.75,59,66.5
scikit-learn,scikits/learn/datasets/tests/test_samples_generator.py,95.2,🔴 High,10,4,0.3,35,54.333333333333336
pytest,pytest/pluginmanager.py,95.2,🔴 High,7,1,0.1428571428571428,5,303.57142857142856
django,django/newforms/__init__.py,95.2,🔴 High,8,3,0.25,629,39.125
pytest,py/test/reporter.py,95.2,🔴 High,6,2,0.3333333333333333,204,336.1666666666667
django,tests/modeltests/model_inheritance/tests.py,95.2,🔴 High,5,3,0.4,633,199.4
pytest,py/test/plugin/pytest_hooklog.py,95.2,🔴 High,7,1,0.4285714285714285,108,28.285714285714285
pytest,py/impl/test/dist/gwmanage.py,95.2,🔴 High,4,1,0.5,67,78.66666666666667
scikit-learn,scikits/learn/src/minilearn/lars.c,95.2,🔴 High,11,2,0.5454545454545454,21,94.8181818181818
django,tests/regressiontests/admin_custom_urls/models.py,95.1,🔴 High,9,4,0.6666666666666666,503,36.44444444444444
django,tests/urlpatterns_reverse/utils.py,95.1,🔴 High,6,5,0.1666666666666666,2234,18.0
pytest,py/io/__init__.py,95.1,🔴 High,3,2,0.3333333333333333,570,0.0
django,tests/model_options/models/tablespaces.py,95.1,🔴 High,6,5,0.1666666666666666,2794,27.666666666666668
django,tests/tablespaces/tests.py,95.1,🔴 High,15,5,0.2,306,76.71428571428571
pytest,py/code/__init__.py,95.1,🔴 High,3,2,0.3333333333333333,570,0.0
pytest,_pytest/assertrewrite.py,95.1,🔴 High,13,1,0.1538461538461538,6,260.3076923076923
pytest,py/test/__init__.py,95.1,🔴 High,3,2,0.3333333333333333,570,0.0
pytest,bench/bench_argcomplete.py,95.1,🔴 High,10,4,0.5,3968,11.2
scikit-learn,sklearn/externals/joblib/_compat.py,95.1,🔴 High,6,4,0.5,2065,8.2
django,django/db/backends/dummy/introspection.py,95.1,🔴 High,3,2,0.3333333333333333,832,6.0
django,django/contrib/admin/templatetags/admin_static.py,95.1,🔴 High,9,6,0.4444444444444444,2355,9.333333333333334
scikit-learn,examples/linear_model/plot_sgd_ols.py,95.1,🔴 High,9,6,0.2222222222222222,792,12.875
scikit-learn,scikits/learn/src/cd_fast.c,95.0,🔴 High,6,3,0.3333333333333333,72,3966.8
rich,tests/test_ansi.py,95.0,🔴 High,16,4,0.4375,1983,49.0
rich,rich/filesize.py,95.0,🔴 High,18,4,0.1666666666666666,1573,31.833333333333332
pytest,py/code/traceback2.py,95.0,🔴 High,9,4,0.4444444444444444,766,120.22222222222224
django,django/contrib/auth/tests/test_signals.py,95.0,🔴 High,6,6,0.5,665,57.6
flask,scripts/flaskext_migrate.py,95.0,🔴 High,16,1,0.5625,19,56.8125
django,tests/urlpatterns_reverse/urlconf_inner.py,95.0,🔴 High,7,5,0.4285714285714285,3264,10.333333333333334
django,django/template/autoreload.py,95.0,🔴 High,8,8,0.75,1057,41.0
django,tests/migrations/test_migrations_backwards_deps_1/0002_second.py,95.0,🔴 High,4,4,0.5,2698,4.5
django,tests/middleware/urls.py,95.0,🔴 High,11,8,0.7272727272727273,4831,11.4
django,django/contrib/formtools/tests/wizard/forms.py,95.0,🔴 High,4,4,0.75,587,161.75
django,tests/regressiontests/middleware_exceptions/urls.py,95.0,🔴 High,6,4,0.8333333333333334,641,9.833333333333334
pytest,_pytest/setupplan.py,95.0,🔴 High,6,4,0.6666666666666666,697,15.833333333333334
scikit-learn,scikits/learn/ga/selection.py,95.0,🔴 High,11,1,0.3636363636363636,0,80.27272727272727
scikit-learn,scikits/learn/glm/sparse/src/cd_fast_sparse.c,95.0,🔴 High,8,1,0.25,5,3497.0
django,tests/modeltests/model_package/tests.py,94.9,🔴 High,8,3,0.875,707,16.625
pytest,py/test/testing/import_test/package/__init__.py,94.9,🔴 High,2,1,0.5,570,0.0
flask,src/flask/debughelpers.py,94.9,🔴 High,17,3,0.1764705882352941,2295,122.9375
pytest,py/misc/testing/__init__.py,94.9,🔴 High,2,1,0.5,570,0.0
pytest,src/_pytest/timing.py,94.9,🔴 High,10,5,0.4,2089,16.8
pytest,py/test/rsession/repevent.py,94.9,🔴 High,8,2,0.25,8,97.85714285714286
scikit-learn,examples/bicluster/bicluster_newsgroups.py,94.9,🔴 High,7,4,0.4285714285714285,787,92.71428571428572
scikit-learn,examples/plot_neighbors.py,94.9,🔴 High,12,4,0.25,533,20.583333333333332
pytest,py/doc/__init__.py,94.9,🔴 High,2,1,0.5,570,0.0
scikit-learn,sklearn/_loss/glm_distribution.py,94.9,🔴 High,7,6,0.1428571428571428,1092,116.28571428571428
django,django/contrib/localflavor/hr/forms.py,94.9,🔴 High,6,4,0.6666666666666666,504,152.33333333333334
pytest,py/test/testing/__init__.py,94.9,🔴 High,2,1,0.5,570,0.0
django,tests/prefetch_related/test_uuid.py,94.9,🔴 High,6,5,0.5,3700,85.66666666666667
django,tests/messages_tests/urls.py,94.9,🔴 High,7,5,0.4285714285714285,2550,61.166666666666664
django,tests/admin_views/forms.py,94.9,🔴 High,7,7,0.7142857142857143,4347,21.666666666666668
django,django/utils/images.py,94.9,🔴 High,3,2,0.6666666666666666,1122,10.333333333333334
django,django/contrib/redirects/tests.py,94.9,🔴 High,9,4,0.5555555555555556,416,61.77777777777778
pytest,doc/en/example/customdirectory/conftest.py,94.9,🔴 High,3,3,0.3333333333333333,381,16.333333333333332
django,tests/migrations/test_migrations_2/0001_initial.py,94.9,🔴 High,4,4,0.5,277,15.5
pytest,py/_test/funcargs.py,94.9,🔴 High,7,1,0.4285714285714285,244,154.16666666666666
django,tests/string_lookup/models.py,94.9,🔴 High,9,7,0.3333333333333333,3264,34.625
django,django/contrib/admin/media/js/inlines.min.js,94.9,🔴 High,15,3,1.0,414,5.266666666666667
django,tests/model_forms/test_uuid.py,94.9,🔴 High,6,5,0.6666666666666666,3501,27.5
pytest,py/code/testing/__init__.py,94.9,🔴 High,2,1,0.5,570,0.0
pytest,py/misc/__init__.py,94.9,🔴 High,2,1,0.5,570,0.0
scikit-learn,scikits/learn/cluster/tests/common.py,94.9,🔴 High,9,5,0.2222222222222222,371,14.0
pytest,py/misc/cmdline/__init__.py,94.9,🔴 High,2,1,0.5,570,0.0
scikit-learn,sklearn/utils/murmurhash.c,94.9,🔴 High,12,6,0.3333333333333333,528,3486.3333333333335
pytest,pytest/plugin/mark.py,94.8,🔴 High,9,1,0.1111111111111111,33,125.75
django,tests/check_framework/test_model_field_deprecation.py,94.8,🔴 High,7,4,0.4285714285714285,2590,74.0
django,tests/i18n/patterns/urls/wrong_namespace.py,94.8,🔴 High,7,5,0.2857142857142857,3264,8.666666666666666
scikit-learn,scikits/learn/machine/manifold_learning/compression/tools.py,94.8,🔴 High,5,1,0.8,19,36.0
flask,flask/json/__init__.py,94.8,🔴 High,9,4,0.1111111111111111,750,127.33333333333331
django,tests/regressiontests/templates/unicode.py,94.8,🔴 High,6,4,0.6666666666666666,1843,11.833333333333334
django,tests/test_sqlite.py,94.8,🔴 High,13,11,0.6153846153846154,5655,11.538461538461538
pytest,testing/plugins_integration/pytest_twisted_integration.py,94.8,🔴 High,3,3,0.3333333333333333,1366,11.333333333333334
scikit-learn,scikits/learn/fastica.py,94.8,🔴 High,10,5,0.3,205,142.6
django,tests/regressiontests/templates/nodelist.py,94.8,🔴 High,5,4,1.0,788,38.6
pytest,testing/pytest/looponfail/test_remote.py,94.8,🔴 High,5,1,0.8,128,122.75
rich,docs/source/conf.py,94.8,🔴 High,16,6,0.125,1997,20.6875
requests,requests/packages/urllib3/contrib/ntlmpool.py,94.8,🔴 High,15,5,0.0666666666666666,2078,70.46153846153847
django,tests/modeltests/validation/test_error_messages.py,94.8,🔴 High,11,5,0.7272727272727273,382,89.36363636363636
django,tests/regressiontests/forms/localflavor/jp.py,94.7,🔴 High,3,3,0.6666666666666666,1433,13.333333333333334
scikit-learn,scikits/learn/manifold/isomap.py,94.7,🔴 High,17,2,0.1764705882352941,39,49.64705882352941
django,tests/choices/models.py,94.7,🔴 High,7,7,0.1428571428571428,2215,11.166666666666666
django,tests/migrations/migrations_test_apps/lookuperror_c/migrations/0001_initial.py,94.7,🔴 High,5,5,0.2,2942,15.2
django,tests/forms_tests/widget_tests/test_multiplehiddeninput.py,94.7,🔴 High,5,5,0.4,2349,80.4
django,tests/migrations/migrations_test_apps/lookuperror_b/migrations/0001_initial.py,94.7,🔴 High,5,5,0.2,2942,15.2
django,tests/migrations/migrations_test_apps/lookuperror_a/migrations/0001_initial.py,94.7,🔴 High,5,5,0.2,2942,15.2
click,examples/colors/colors.py,94.7,🔴 High,8,4,0.125,2458,22.125
django,tests/regressiontests/i18n/misc.py,94.7,🔴 High,4,2,0.25,142,92.75
pytest,testing/example_scripts/fixtures/fill_fixtures/test_extend_fixture_module_class.py,94.7,🔴 High,6,3,0.6666666666666666,2180,10.166666666666666
django,tests/model_fields/test_promises.py,94.7,🔴 High,9,6,0.1111111111111111,2144,102.33333333333331
flask,flask/__main__.py,94.7,🔴 High,7,5,0.1428571428571428,1888,3.0
pytest,py/test/testing/import_test/package/absolute_import_shared_lib.py,94.7,🔴 High,2,1,0.5,570,1.0
pytest,py/test/testing/import_test/package/module_that_imports_shared_lib.py,94.7,🔴 High,2,1,0.5,570,1.0
pytest,src/_pytest/_io/__init__.py,94.6,🔴 High,10,6,0.2,1974,12.666666666666666
django,tests/modeltests/invalid_models/tests.py,94.6,🔴 High,8,3,0.5,406,32.5
django,tests/regressiontests/forms/localflavor/id.py,94.6,🔴 High,6,5,0.6666666666666666,598,44.666666666666664
django,django/contrib/sitemaps/tests/urls.py,94.6,🔴 High,6,5,1.0,519,27.833333333333332
scikit-learn,scikits/learn/utils/hungarian.py,94.6,🔴 High,14,3,0.0714285714285714,45,136.71428571428572
scikit-learn,scikits/learn/externals/joblib/hashing.py,94.6,🔴 High,9,4,0.1111111111111111,400,45.666666666666664
django,django/conf/project_template/manage.py,94.6,🔴 High,6,4,0.8333333333333334,2297,8.166666666666666
django,tests/modeltests/defer/models.py,94.6,🔴 High,7,4,0.5714285714285714,1242,19.428571428571427
scikit-learn,scikits/learn/src/liblinear/_liblinear.c,94.6,🔴 High,9,1,0.7777777777777778,1,4346.666666666667
pytest,testing/plugin/test_pytest_restdoc.py,94.6,🔴 High,7,1,0.5714285714285714,336,95.0
scikit-learn,scikits/learn/machine/em2/likelihoods.py,94.6,🔴 High,9,1,0.3333333333333333,0,67.33333333333333
scikit-learn,sklearn/cluster/bicluster/tests/test_spectral.py,94.6,🔴 High,16,4,0.0625,403,152.125
django,tests/regressiontests/urlpatterns_reverse/urlconf_outer.py,94.6,🔴 High,3,3,0.6666666666666666,696,6.333333333333333
django,tests/modeltests/proxy_models/models.py,94.6,🔴 High,13,7,0.7692307692307693,1243,81.15384615384616
django,tests/urlpatterns/path_urls.py,94.6,🔴 High,8,8,0.5,1984,19.625
rich,rich/scope.py,94.6,🔴 High,13,4,0.0769230769230769,1968,53.76923076923077
scikit-learn,sklearn/datasets/setup.py,94.6,🔴 High,11,9,0.1818181818181818,3576,17.11111111111111
scikit-learn,sklearn/experimental/tests/test_enable_hist_gradient_boosting.py,94.6,🔴 High,7,4,0.1428571428571428,2602,17.857142857142858
django,django/contrib/admin/static/admin/js/collapse.min.js,94.6,🔴 High,18,8,0.4444444444444444,3232,2.7058823529411766
django,tests/bug639/models.py,94.6,🔴 High,4,4,0.25,486,19.333333333333332
django,tests/cache/failing_cache.py,94.6,🔴 High,3,3,1.0,996,6.666666666666667
pytest,py/test/cmdline.py,94.6,🔴 High,10,2,0.4,947,23.3
pytest,py/process/cmdexec.py,94.5,🔴 High,7,3,0.2857142857142857,954,106.71428571428572
pytest,src/_pytest/_code/__init__.py,94.5,🔴 High,14,5,0.3571428571428571,2379,16.846153846153847
pytest,py/apigen/tracer/docstorage.py,94.5,🔴 High,5,2,0.2,574,238.2
scikit-learn,scikits/learn/utils/graph.py,94.5,🔴 High,10,5,0.2,372,82.8
django,django/apps/__init__.py,94.5,🔴 High,9,3,0.1111111111111111,2975,2.142857142857143
django,tests/migrations/test_migrations_no_default/0001_initial.py,94.5,🔴 High,6,5,0.3333333333333333,4107,19.333333333333332
django,tests/template_tests/syntax_tests/test_comment.py,94.5,🔴 High,5,4,0.4,2640,72.8
scikit-learn,scikits/learn/glm/__init__.py,94.5,🔴 High,16,5,0.4375,232,5.357142857142857
django,scripts/pr_quality/tests/test_check_pr.py,94.5,🔴 High,6,4,0.5,111,851.3333333333334
scikit-learn,sklearn/linear_model/tests/test_isotonic_regression.py,94.5,🔴 High,11,5,0.2727272727272727,67,21.363636363636363
django,django/contrib/gis/templates/gis/admin/openlayers.js,94.5,🔴 High,14,5,0.7857142857142857,2456,145.07142857142858
django,django/contrib/auth/validators.py,94.5,🔴 High,7,5,0.5714285714285714,2476,20.142857142857142
django,tests/forms_tests/widget_tests/test_dateinput.py,94.5,🔴 High,5,5,0.6,2348,38.8
django,tests/lookup/test_lookups.py,94.5,🔴 High,6,5,0.1666666666666666,1613,28.5
requests,tests/test_cookies.py,94.5,🔴 High,12,5,0.4166666666666667,233,141.33333333333334
django,tests/regressiontests/string_lookup/tests.py,94.4,🔴 High,5,3,0.4,619,35.6
django,tests/migrations/test_migrations_squashed_erroneous/2_auto.py,94.4,🔴 High,5,4,0.4,3050,5.6
django,tests/migrations/test_migrations_squashed_erroneous/6_auto.py,94.4,🔴 High,5,4,0.4,3050,5.6
django,tests/migrations/test_migrations_squashed_erroneous/7_auto.py,94.4,🔴 High,5,4,0.4,3050,5.6
scikit-learn,scikits/learn/machine/svm/tests/test_speed.py,94.4,🔴 High,4,1,0.5,12,13.333333333333334
django,tests/gis_tests/distapp/models.py,94.4,🔴 High,10,5,0.3,3672,33.0
pytest,testing/root/test_com.py,94.4,🔴 High,4,1,0.5,113,111.33333333333331
django,tests/migrations/test_migrations_squashed_complex/7_auto.py,94.4,🔴 High,5,4,0.4,3050,5.6
django,tests/migrations/test_migrations_unmigdep/0001_initial.py,94.4,🔴 High,7,6,0.4285714285714285,3310,14.428571428571429
scikit-learn,scikits/learn/linear_model/tests/test_coordinate_descent.py,94.4,🔴 High,10,5,0.3,280,110.75
django,tests/migrations/test_migrations_squashed_complex/6_auto.py,94.4,🔴 High,5,4,0.4,3050,5.6
pytest,py/io/testing/test_terminalwriter.py,94.4,🔴 High,10,3,0.6,377,107.3
django,tests/migrations/test_migrations_squashed_complex/2_auto.py,94.4,🔴 High,5,4,0.4,3050,5.6
pytest,py/path/svn/testing/svntestbase.py,94.4,🔴 High,6,2,0.1666666666666666,606,124.83333333333331
pytest,py/execnet/channel.py,94.4,🔴 High,7,3,0.2857142857142857,948,246.42857142857144
django,tests/template_tests/syntax_tests/test_builtins.py,94.4,🔴 High,5,4,0.4,2640,13.2
scikit-learn,examples/linear_model/plot_sgd_weighted_classes.py,94.4,🔴 High,10,5,0.3,792,34.77777777777778
pytest,src/_pytest/scope.py,94.4,🔴 High,8,6,0.375,1704,44.375
django,tests/backends/postgresql/test_creation.py,94.4,🔴 High,9,7,0.5555555555555556,2129,86.0
django,tests/migrations/test_migrations_squashed_complex/3_auto.py,94.4,🔴 High,5,4,0.4,3050,5.6
django,tests/regressiontests/templates/context.py,94.4,🔴 High,3,3,0.6666666666666666,1067,4.333333333333333
rich,tests/test_padding.py,94.4,🔴 High,9,2,0.1111111111111111,440,37.55555555555556
django,tests/migrations/test_migrations_squashed_complex/4_auto.py,94.4,🔴 High,5,4,0.4,3050,5.6
django,tests/migrations/test_migrations_squashed_complex/5_auto.py,94.4,🔴 High,5,4,0.4,3050,5.6
pytest,py/code/_assertionnew.py,94.4,🔴 High,6,2,0.3333333333333333,2,269.6666666666667
cli,httpie/compat.py,94.3,🔴 High,20,4,0.2,4320,69.85
requests,tests/conftest.py,94.3,🔴 High,6,4,0.3333333333333333,3747,30.666666666666668
pytest,testing/plugin/test_pytest_genscript.py,94.3,🔴 High,11,1,0.5454545454545454,283,33.63636363636363
django,tests/i18n/urls_default_unprefixed.py,94.3,🔴 High,7,5,0.5714285714285714,2614,9.714285714285714
scikit-learn,examples/ensemble/plot_voting_regressor.py,94.3,🔴 High,10,9,0.1,1930,31.7
pytest,py/rest/rst.py,94.3,🔴 High,7,4,0.1428571428571428,948,306.7142857142857
scikit-learn,sklearn/externals/joblib/test/__init__.py,94.3,🔴 High,7,4,0.5714285714285714,999,2.0
django,tests/backends/postgresql/test_introspection.py,94.3,🔴 High,4,4,0.5,1652,25.5
django,tests/known_related_objects/models.py,94.3,🔴 High,6,6,0.3333333333333333,3589,12.6
django,tests/regressiontests/pagination/tests.py,94.3,🔴 High,5,3,0.4,35,202.0
pytest,py/test/dist/testing/acceptance_test.py,94.3,🔴 High,5,2,0.2,32,188.4
scikit-learn,sklearn/_loss/__init__.py,94.3,🔴 High,9,6,0.0,2170,23.75
scikit-learn,scikits/learn/hmm_trainers.py,94.3,🔴 High,9,1,0.2222222222222222,48,216.22222222222223
django,tests/force_insert_update/models.py,94.3,🔴 High,6,5,0.3333333333333333,3986,17.6
pytest,py/misc/testing/test_oskill.py,94.3,🔴 High,4,2,0.5,537,15.0
django,tests/regressiontests/forms/localflavor/generic.py,94.3,🔴 High,3,3,0.6666666666666666,1433,52.666666666666664
scikit-learn,scikits/learn/sgd/sparse/setup.py,94.3,🔴 High,8,2,0.125,17,17.75
scikit-learn,scikits/learn/glm/utils.py,94.3,🔴 High,5,2,0.0,49,16.0
pytest,_pytest/session.py,94.3,🔴 High,5,1,0.4,11,409.0
django,tests/check_framework/test_caches.py,94.2,🔴 High,6,6,0.6666666666666666,2346,80.5
django,tests/admin_docs/views.py,94.2,🔴 High,5,5,0.6,4183,11.8
pytest,testing/pytest/plugin/test_pytest_default.py,94.2,🔴 High,4,1,0.75,32,68.25
django,django/contrib/databrowse/__init__.py,94.2,🔴 High,3,3,0.6666666666666666,1843,2.6666666666666665
django,django/utils/importlib.py,94.2,🔴 High,6,5,0.6666666666666666,1806,27.833333333333332
scikit-learn,scikits/learn/utils/crossval.py,94.2,🔴 High,13,5,0.3076923076923077,47,40.0
django,tests/auth_tests/models/custom_permissions.py,94.2,🔴 High,7,6,0.2857142857142857,3270,22.571428571428573
pytest,py/doc/example/genxml.py,94.2,🔴 High,2,1,0.5,570,13.0
django,tests/async_queryset/tests.py,94.2,🔴 High,3,3,0.6666666666666666,287,186.66666666666663
flask,src/flask/sansio/scaffold.py,94.2,🔴 High,8,3,0.125,825,290.85714285714283
pytest,doc/en/example/pythoncollection.py,94.2,🔴 High,11,6,0.3636363636363636,4394,7.1
django,tests/m2m_recursive/models.py,94.2,🔴 High,5,5,0.2,3264,10.0
scikit-learn,benchmarks/bench_text_vectorizers.py,94.2,🔴 High,8,5,0.125,2478,44.875
django,tests/testapp/models/one_to_one.py,94.2,🔴 High,9,2,0.3333333333333333,209,56.111111111111114
django,tests/regressiontests/admin_filters/models.py,94.2,🔴 High,7,5,0.7142857142857143,466,17.0
django,tests/migrations/test_migrations_squashed_erroneous/1_auto.py,94.2,🔴 High,5,4,0.4,3050,4.6
django,tests/regressiontests/cache/models.py,94.2,🔴 High,4,3,0.25,1910,9.0
django,tests/migrations/test_migrations_squashed_complex/1_auto.py,94.2,🔴 High,5,4,0.4,3050,4.6
django,tests/template_tests/filter_tests/test_wordcount.py,94.2,🔴 High,5,4,0.4,2619,23.8
django,tests/regressiontests/forms/localflavor/de.py,94.2,🔴 High,3,3,1.0,1433,17.333333333333332
django,tests/regressiontests/forms/tests/util.py,94.1,🔴 High,6,5,0.6666666666666666,634,34.166666666666664
pytest,py/misc/cmdline/countloc.py,94.1,🔴 High,2,1,0.5,570,63.0
scikit-learn,sklearn/linear_model/sparse/logistic.py,94.1,🔴 High,13,5,0.1538461538461538,365,23.384615384615383
scikit-learn,examples/plot_rbm_logistic_classification.py,94.1,🔴 High,14,4,0.0714285714285714,122,55.23076923076923
cli,tests/test_regressions.py,94.1,🔴 High,16,2,0.3125,3537,18.875
scikit-learn,scikits/learn/externals/joblib/my_exceptions.py,94.1,🔴 High,8,4,0.125,335,47.0
django,tests/admin_scripts/management/commands/label_command.py,94.1,🔴 High,5,5,0.4,3264,7.0
scikit-learn,scikits/learn/mixture/tests/test_gmm.py,94.1,🔴 High,9,5,0.4444444444444444,130,180.33333333333337
scikit-learn,examples/plot_anomaly_comparison.py,94.1,🔴 High,5,4,0.4,565,70.0
django,django/contrib/gis/geoip/__init__.py,94.1,🔴 High,6,4,0.6666666666666666,768,5.5
pytest,py/io/test/test_capture.py,94.1,🔴 High,5,2,0.4,8,139.2
pytest,py/test/testing/test_runner_functional.py,94.1,🔴 High,4,1,0.5,230,223.5
rich,tests/test_repr.py,94.1,🔴 High,13,6,0.1538461538461538,1288,66.38461538461539
pytest,py/test/testing/import_test/package/shared_lib.py,94.0,🔴 High,2,1,0.5,570,0.0
django,django/contrib/flatpages/tests/templatetags.py,94.0,🔴 High,5,3,0.6,937,122.0
scikit-learn,sklearn/tree/tests/test_reingold_tilford.py,94.0,🔴 High,6,6,0.5,2761,39.333333333333336
pytest,testing/pytest/plugin/test_pytest_keyword.py,94.0,🔴 High,4,1,0.5,45,41.25
flask,tests/test_subclassing.py,94.0,🔴 High,16,4,0.125,4037,18.25
cli,tests/test_json.py,94.0,🔴 High,11,3,0.6363636363636364,375,311.27272727272725
django,tests/modeltests/many_to_one_null/tests.py,94.0,🔴 High,7,4,0.2857142857142857,647,62.714285714285715
scikit-learn,examples/compose/plot_feature_union.py,94.0,🔴 High,10,8,0.1,2198,22.22222222222222
django,tests/createsuperuser/tests.py,94.0,🔴 High,7,6,0.2857142857142857,1100,37.666666666666664
scikit-learn,examples/semi_supervised/label_propagation_versus_svm_iris.py,94.0,🔴 High,9,4,0.3333333333333333,58,61.75
django,django/contrib/admin/static/admin/js/prepopulate.min.js,94.0,🔴 High,9,7,0.5555555555555556,3223,1.0
django,tests/regressiontests/custom_columns_regress/models.py,94.0,🔴 High,5,4,0.4,1348,20.0
django,tests/regressiontests/localflavor/id/tests.py,94.0,🔴 High,3,3,1.0,288,136.0
pytest,testing/example_scripts/collect/package_init_given_as_arg/pkg/__init__.py,93.9,🔴 High,4,3,0.75,2096,2.3333333333333335
pytest,testing/example_scripts/customdirectory/conftest.py,93.9,🔴 High,3,3,0.6666666666666666,381,16.333333333333332
django,django/conf/admin_media/js/admin/DateTimeShortcuts.js,93.9,🔴 High,4,2,0.5,22,137.33333333333334
pytest,py/_code/assertion.py,93.9,🔴 High,7,3,0.2857142857142857,262,65.14285714285714
django,django/contrib/gis/tests/geoadmin/urls.py,93.9,🔴 High,3,3,1.0,934,5.0
django,tests/forms_tests/field_tests/test_genericipaddressfield.py,93.9,🔴 High,5,5,0.4,3168,145.8
scikit-learn,examples/plot_multioutput_face_completion.py,93.9,🔴 High,8,3,0.375,2194,61.0
django,django/contrib/gis/db/backends/oracle/creation.py,93.9,🔴 High,3,3,0.6666666666666666,1411,33.0
pytest,py/misc/svnlook.py,93.9,🔴 High,2,1,0.5,570,27.0
django,tests/regressiontests/forms/localflavor/cz.py,93.9,🔴 High,5,3,0.8,911,46.2
django,tests/othertests/defaultfilters.py,93.9,🔴 High,8,2,0.875,291,4.75
django,scripts/pr_quality/errors.py,93.9,🔴 High,5,4,0.6,111,134.0
cli,tests/fixtures/__init__.py,93.9,🔴 High,14,3,0.4285714285714285,2839,19.5
scikit-learn,sklearn/utils/_repr_html/params.py,93.9,🔴 High,8,4,0.375,426,73.5
django,django/db/models/functions/math.py,93.9,🔴 High,13,8,0.4615384615384615,2178,120.76923076923076
scikit-learn,scikits/learn/machine/manifold_learning/compression/cca_function.py,93.9,🔴 High,6,1,0.6666666666666666,19,45.0
flask,src/flask/globals.py,93.8,🔴 High,15,4,0.1333333333333333,2295,59.357142857142854
scikit-learn,scikits/learn/tests/test_lda.py,93.8,🔴 High,9,5,0.3333333333333333,514,17.75
django,django/contrib/auth/migrations/0011_update_proxy_permissions.py,93.8,🔴 High,6,5,0.5,1114,52.166666666666664
django,tests/check_framework/test_translation.py,93.8,🔴 High,10,6,0.8,1249,67.9
scikit-learn,sklearn/externals/joblib/test/test_format_stack.py,93.8,🔴 High,9,5,0.6666666666666666,693,7.0
pytest,py/test/report/testing/test_terminal.py,93.8,🔴 High,6,2,0.3333333333333333,27,187.5
django,tests/modeltests/m2m_through/models.py,93.8,🔴 High,7,4,0.4285714285714285,1474,48.857142857142854
scikit-learn,scikits/learn/externals/joblib/__init__.py,93.8,🔴 High,14,4,0.1428571428571428,400,6.0
scikit-learn,scikits/learn/externals/joblib/numpy_pickle.py,93.8,🔴 High,8,4,0.125,400,73.0
scikit-learn,sklearn/utils/_optional_dependencies.py,93.8,🔴 High,6,4,0.1666666666666666,817,14.833333333333334
django,tests/staticfiles_tests/project/documents/cached/module.js,93.8,🔴 High,5,3,1.0,1981,22.6
pytest,py/misc/testing/test_terminal.py,93.8,🔴 High,3,2,0.6666666666666666,569,19.666666666666668
django,tests/template_tests/syntax_tests/test_if_equal.py,93.8,🔴 High,8,6,0.5,1998,174.25
pytest,testing/process/test_killproc.py,93.8,🔴 High,4,1,0.75,226,13.666666666666666
django,tests/admin_utils/admin.py,93.8,🔴 High,5,4,0.8,2600,19.8
django,django/contrib/gis/tests/gis_migrations/migrations/0001_initial.py,93.8,🔴 High,6,4,0.5,315,41.8
scikit-learn,scikits/learn/feature_select/univ_selection.py,93.8,🔴 High,6,2,0.1666666666666666,0,85.33333333333333
django,tests/servers/urls.py,93.7,🔴 High,9,6,0.4444444444444444,3264,10.75
pytest,testing/plugin/conftest.py,93.7,🔴 High,9,1,0.2222222222222222,373,20.666666666666668
django,tests/regressiontests/urlpatterns_reverse/urls_error_handlers_callables.py,93.7,🔴 High,3,3,0.6666666666666666,669,5.333333333333333
django,tests/lookup/test_timefield.py,93.7,🔴 High,4,4,0.5,2449,24.75
django,django/contrib/auth/create_superuser.py,93.7,🔴 High,6,4,0.8333333333333334,768,49.333333333333336
pytest,testing/example_scripts/fixtures/test_getfixturevalue_dynamic.py,93.7,🔴 High,6,4,0.8333333333333334,2743,12.333333333333334
django,tests/regressiontests/forms/localflavor/br.py,93.7,🔴 High,3,3,0.6666666666666666,1433,70.66666666666667
pytest,py/misc/difftime.py,93.7,🔴 High,2,1,0.5,570,27.0
pytest,py/io/stdcapture.py,93.7,🔴 High,11,2,0.6363636363636364,916,107.63636363636364
requests,tests/test_requests_ext.py,93.7,🔴 High,10,7,0.4,246,54.0
pytest,py/misc/findmissingdocstrings.py,93.7,🔴 High,2,1,0.5,570,65.0
django,tests/regressiontests/forms/localflavor/fi.py,93.7,🔴 High,5,3,0.6,1433,19.2
pytest,testing/pytest/test_traceback.py,93.7,🔴 High,3,1,0.6666666666666666,59,25.0
scikit-learn,scikits/learn/svm/src/libsvm.c,93.7,🔴 High,6,1,0.5,4,3957.6666666666665
django,django/contrib/flatpages/tests/__init__.py,93.7,🔴 High,6,4,0.6666666666666666,987,4.8
pytest,doc/en/example/assertion/test_setup_flow_example.py,93.7,🔴 High,9,4,0.3333333333333333,4394,17.125
scikit-learn,scikits/learn/pyem/setup.py,93.6,🔴 High,12,1,0.1666666666666666,0,31.545454545454547
django,django/contrib/localflavor/ar/ar_provinces.py,93.6,🔴 High,2,2,1.0,1728,26.5
pytest,py/doc/talk/make.py,93.6,🔴 High,2,1,0.5,570,7.0
rich,tests/test_bar.py,93.6,🔴 High,13,2,0.2307692307692307,646,65.84615384615384
django,tests/modeltests/update/tests.py,93.6,🔴 High,5,3,0.4,796,58.2
django,tests/regressiontests/get_or_create_regress/models.py,93.6,🔴 High,3,3,0.6666666666666666,876,9.0
django,tests/regressiontests/urlpatterns_reverse/erroneous_urls.py,93.6,🔴 High,3,3,1.0,401,8.333333333333334
pytest,testing/example_scripts/config/collect_pytest_prefix/conftest.py,93.6,🔴 High,5,3,0.6,2143,2.2
scikit-learn,sklearn/feature_extraction/_hashing.c,93.6,🔴 High,7,3,0.4285714285714285,559,3596.285714285714
scikit-learn,scikits/learn/svm/tests/test_speed.py,93.6,🔴 High,4,1,0.25,28,26.0
django,django/contrib/gis/tests/gis_migrations/test_operations.py,93.6,🔴 High,11,2,0.6363636363636364,282,83.54545454545455
django,tests/test_runner/models.py,93.6,🔴 High,6,6,0.6666666666666666,4344,11.2
scikit-learn,examples/lasso_enet_coordinate_descent.py,93.6,🔴 High,7,3,0.1428571428571428,12,45.285714285714285
django,tests/flatpages_tests/test_sitemaps.py,93.6,🔴 High,6,5,0.1666666666666666,4121,30.833333333333332
pytest,py/test/dsession/testing/test_masterslave.py,93.6,🔴 High,10,1,0.3,216,108.9
scikit-learn,scikits/learn/manifold/shortest_path.c,93.6,🔴 High,10,1,0.2,5,4575.5
pytest,contrib/pytest_twisted/__init__.py,93.5,🔴 High,11,3,0.4545454545454545,475,127.54545454545456
django,django/utils/csp.py,93.5,🔴 High,4,4,0.75,326,45.25
django,django/contrib/messages/storage/__init__.py,93.5,🔴 High,5,4,0.8,1503,10.2
django,django/core/template_file.py,93.5,🔴 High,4,1,0.5,78,18.25
scikit-learn,examples/applications/plot_time_series_lagged_features.py,93.5,🔴 High,7,6,0.1428571428571428,510,212.71428571428572
django,tests/gis_tests/test_fields.py,93.5,🔴 High,6,4,0.5,1672,26.833333333333332
pytest,testing/plugin/test_pytest_pytester.py,93.5,🔴 High,7,2,0.2857142857142857,336,58.42857142857143
rich,rich/palette.py,93.5,🔴 High,11,2,0.1818181818181818,776,45.72727272727273
scikit-learn,examples/plot_gmm.py,93.5,🔴 High,8,2,0.5,59,25.0
scikit-learn,sklearn/utils/discovery.py,93.5,🔴 High,10,6,0.2,1036,133.2
django,tests/empty/tests.py,93.5,🔴 High,9,4,0.2222222222222222,609,19.5
scikit-learn,examples/release_highlights/plot_release_highlights_1_5_0.py,93.5,🔴 High,5,5,0.2,757,76.0
django,tests/regressiontests/admin_scripts/models.py,93.5,🔴 High,3,3,0.3333333333333333,1493,8.666666666666666
django,django/contrib/auth/signals.py,93.5,🔴 High,4,4,1.0,3383,3.75
scikit-learn,scikits/learn/src/minilearn/minilearn.c,93.5,🔴 High,5,1,0.4,10,2633.6
scikit-learn,sklearn/utils/sparsetools/__init__.py,93.5,🔴 High,9,7,0.2222222222222222,2107,3.8333333333333335
django,tests/regressiontests/templates/custom.py,93.5,🔴 High,14,6,0.5714285714285714,1262,122.57142857142856
click,click/helpers.py,93.5,🔴 High,8,2,0.125,5,110.125
scikit-learn,examples/release_highlights/plot_release_highlights_1_3_0.py,93.5,🔴 High,8,8,0.125,985,54.125
pytest,py/plugin/pytest_skipping.py,93.4,🔴 High,5,1,0.8,54,98.0
scikit-learn,examples/glm/plot_lar.py,93.4,🔴 High,12,2,0.25,142,24.416666666666668
django,tests/backends/mysql/test_features.py,93.4,🔴 High,8,5,0.75,2479,28.125
django,tests/template_tests/filter_tests/test_urlencode.py,93.4,🔴 High,5,4,0.4,2618,16.2
scikit-learn,examples/linear_model/plot_randomized_lasso.py,93.4,🔴 High,18,3,0.1111111111111111,134,44.22222222222222
django,django/core/template/loaders/app_directories.py,93.4,🔴 High,4,1,1.0,38,29.0
pytest,py/misc/error.py,93.3,🔴 High,2,1,0.5,570,56.0
scikit-learn,scikits/learn/linear_model/sgd_fast_sparse.c,93.3,🔴 High,9,2,0.0,274,4316.111111111111
django,tests/datatypes/models.py,93.3,🔴 High,7,7,0.1428571428571428,3264,15.666666666666666
django,tests/regressiontests/views/tests/generic/create_update.py,93.3,🔴 High,6,4,0.3333333333333333,1292,147.16666666666666
scikit-learn,scikits/learn/externals/joblib/disk.py,93.3,🔴 High,8,4,0.125,335,41.0
django,tests/commands_sql/models.py,93.3,🔴 High,4,4,0.75,555,7.333333333333333
django,tests/regressiontests/localflavor/ca/tests.py,93.3,🔴 High,4,4,1.0,288,93.0
django,django/views/decorators/auth.py,93.3,🔴 High,4,1,0.5,136,12.25
django,tests/csrf_tests/test_context_processor.py,93.2,🔴 High,8,6,0.5,2444,11.125
django,django/contrib/localflavor/si/si_postalcodes.py,93.2,🔴 High,4,4,1.0,289,465.75
django,tests/admin_utils/urls.py,93.2,🔴 High,4,4,0.5,2600,5.25
scikit-learn,scikits/learn/tests/test_fastica.py,93.2,🔴 High,9,3,0.2222222222222222,93,72.44444444444444
pytest,_py/test/plugin/pytest_nose.py,93.2,🔴 High,5,2,0.2,26,43.5
pytest,py/test/plugin/pytest_keyword.py,93.2,🔴 High,6,1,0.1666666666666666,70,53.5
django,django/contrib/admin/static/admin/js/jquery.init.js,93.1,🔴 High,7,6,0.7142857142857143,5406,2.0
django,django/conf/admin_media/js/admin/RelatedObjectLookups.js,93.1,🔴 High,3,2,1.0,72,33.0
scikit-learn,sklearn/linear_model/tests/test_nearest_centroid.py,93.1,🔴 High,9,1,0.1111111111111111,12,64.77777777777777
pytest,py/test/plugin/pytest_pdb.py,93.1,🔴 High,11,2,0.3636363636363636,181,88.0909090909091
scikit-learn,scikits/learn/externals/joblib/func_inspect.py,93.1,🔴 High,9,4,0.1111111111111111,400,132.0
pytest,testing/test_stash.py,93.1,🔴 High,5,4,0.4,1065,50.0
django,tests/regressiontests/localflavor/us/models.py,93.1,🔴 High,4,4,0.75,433,10.25
scikit-learn,sklearn/preprocessing/discretization.py,93.1,🔴 High,9,5,0.5555555555555556,362,129.33333333333334
scikit-learn,examples/preprocessing/plot_transformed_target.py,93.1,🔴 High,4,4,0.25,92,106.0
scikit-learn,scikits/learn/cluster/tests/test_spectral.py,93.0,🔴 High,11,4,0.1818181818181818,371,41.22222222222222
pytest,py/path/gateway/channeltest2.py,93.0,🔴 High,6,2,0.6666666666666666,982,13.5
django,django/contrib/gis/tests/tests.py,93.0,🔴 High,4,4,0.5,52,61.25
scikit-learn,examples/release_highlights/plot_release_highlights_1_0_0.py,93.0,🔴 High,12,7,0.1666666666666666,1690,28.0
pytest,py/misc/testing/test_warn.py,93.0,🔴 High,4,1,0.0,211,40.25
scikit-learn,examples/cluster/plot_face_ward_segmentation.py,93.0,🔴 High,6,4,0.1666666666666666,809,34.833333333333336
django,tests/migrations/test_migrations_no_ancestor/0002_conflicting_second.py,93.0,🔴 High,5,5,0.4,3178,17.2
django,django/contrib/gis/gdal/raster/base.py,93.0,🔴 High,4,4,0.5,1717,44.25
scikit-learn,sklearn/utils/weight_vector.c,92.9,🔴 High,14,5,0.2142857142857142,939,3567.0714285714284
django,tests/template_tests/filter_tests/test_rjust.py,92.9,🔴 High,5,4,0.4,2619,22.2
scikit-learn,sklearn/ensemble/voting.py,92.9,🔴 High,14,6,0.5,177,134.14285714285714
django,tests/forms_tests/field_tests/test_jsonfield.py,92.9,🔴 High,6,6,0.6666666666666666,2550,96.66666666666669
django,tests/migrations/test_add_many_to_many_field_initial/0001_initial.py,92.9,🔴 High,4,4,0.25,2600,31.75
django,tests/regressiontests/file_uploads/models.py,92.9,🔴 High,5,4,0.6,1582,5.2
django,tests/reserved_names/tests.py,92.9,🔴 High,6,4,0.1666666666666666,3264,49.4
pytest,testing/pytest/test_compat.py,92.8,🔴 High,3,1,0.6666666666666666,59,40.0
pytest,py/test/testing/setupdata.py,92.8,🔴 High,6,2,0.5,586,77.83333333333333
django,tests/migrations/test_migrations_order/0001.py,92.8,🔴 High,4,4,0.25,2731,4.75
scikit-learn,scikits/learn/svm/src/libsvm/_libsvm_sparse.c,92.8,🔴 High,9,1,0.5555555555555556,329,4399.75
django,tests/i18n/forms.py,92.8,🔴 High,6,6,0.3333333333333333,3268,18.8
scikit-learn,examples/plot_feature_stacker.py,92.8,🔴 High,3,3,0.3333333333333333,2051,21.5
django,tests/regressiontests/forms/localflavor/za.py,92.8,🔴 High,3,3,1.0,1359,16.666666666666668
scikit-learn,sklearn/_hmmc.c,92.8,🔴 High,8,5,0.5,568,6487.25
scikit-learn,scikits/learn/externals/joblib/test/common.py,92.8,🔴 High,8,4,0.125,400,11.0
scikit-learn,scikits/learn/externals/joblib/test/test_parallel.py,92.8,🔴 High,9,4,0.1111111111111111,400,86.0
scikit-learn,scikits/learn/pyem/pyem/gmm_em.py,92.8,🔴 High,12,1,0.0833333333333333,0,213.66666666666663
scikit-learn,scikits/learn/decisiontree/libdecisiontree.cpp,92.8,🔴 High,10,1,0.2,23,3461.0
django,django/contrib/localflavor/cl/cl_regions.py,92.7,🔴 High,2,2,1.0,1792,17.5
scikit-learn,benchmarks/bench_hist_gradient_boosting.py,92.7,🔴 High,12,5,0.3333333333333333,1516,230.66666666666663
django,tests/regressiontests/model_fields/imagefield.py,92.7,🔴 High,6,4,0.5,1290,211.16666666666663
scikit-learn,examples/decomposition/plot_beta_divergence.py,92.7,🔴 High,5,5,0.0,1774,16.8
pytest,contrib/py_unittest/conftest.py,92.7,🔴 High,5,1,0.2,18,57.2
django,tests/regressiontests/managers_regress/models.py,92.7,🔴 High,5,4,0.6,1494,60.8
scikit-learn,sklearn/externals/joblib/test/test_logger.py,92.7,🔴 High,10,5,0.6,1033,35.833333333333336
django,tests/admin_changelist/urls.py,92.7,🔴 High,6,4,0.3333333333333333,3264,5.0
django,django/contrib/auth/migrations/0007_alter_validators_add_error_messages.py,92.7,🔴 High,7,5,0.1428571428571428,2805,22.142857142857142
pytest,testing/example_scripts/fixtures/custom_item/conftest.py,92.7,🔴 High,8,4,0.625,2147,8.0
pytest,src/pytest/__main__.py,92.7,🔴 High,7,4,0.4285714285714285,2364,3.2857142857142856
django,tests/template_tests/syntax_tests/test_template_tag.py,92.7,🔴 High,5,4,0.4,2640,53.0
django,tests/resolve_url/urls.py,92.7,🔴 High,7,5,0.5714285714285714,4362,5.714285714285714
pytest,py/_testing/test_oldmagic.py,92.7,🔴 High,4,2,0.5,7,158.0
flask,src/flask/logging.py,92.7,🔴 High,13,4,0.0769230769230769,1657,33.083333333333336
django,tests/user_commands/management/commands/dance.py,92.7,🔴 High,10,7,0.6,3264,17.333333333333332
django,tests/regressiontests/model_permalink/models.py,92.7,🔴 High,3,3,0.3333333333333333,544,11.333333333333334
django,tests/admin_scripts/management/commands/base_command.py,92.6,🔴 High,7,6,0.5714285714285714,3264,12.166666666666666
scikit-learn,scikits/learn/machine/manifold_learning/compression/similarities_mds.py,92.6,🔴 High,5,1,0.6,8,12.0
pytest,testing/plugins_integration/bdd_wallet.py,92.6,🔴 High,3,3,0.3333333333333333,1366,25.333333333333332
django,tests/gis_tests/admin.py,92.6,🔴 High,3,3,0.3333333333333333,2837,5.333333333333333
pytest,_py/test/plugin/pytest_default.py,92.6,🔴 High,4,1,0.25,18,110.75
django,tests/regressiontests/generic_views/forms.py,92.6,🔴 High,3,3,0.6666666666666666,777,8.666666666666666
pytest,py/misc/testing/test_svnlook.py,92.6,🔴 High,2,1,0.5,570,51.0
scikit-learn,sklearn/model_selection/tests/test_classification_threshold.py,92.6,🔴 High,6,4,0.6666666666666666,745,489.1666666666667
click,examples/termui/termui.py,92.6,🔴 High,16,2,0.125,2524,94.875
pytest,py/path/svnurl.py,92.6,🔴 High,4,1,0.25,10,253.75
scikit-learn,sklearn/externals/joblib/_memory_helpers.py,92.5,🔴 High,6,4,0.3333333333333333,1114,66.0
pytest,testing/example_scripts/fixtures/fill_fixtures/test_funcarg_lookup_classlevel.py,92.5,🔴 High,7,3,0.5714285714285714,2180,7.142857142857143
django,tests/modeltests/model_inheritance_same_model_name/models.py,92.5,🔴 High,3,3,0.3333333333333333,945,7.333333333333333
pytest,src/_pytest/freeze_support.py,92.5,🔴 High,14,7,0.2142857142857142,2360,23.53846153846154
pytest,py/test/rsession/box.py,92.5,🔴 High,5,1,0.4,15,89.8
django,tests/forms_tests/widget_tests/test_timeinput.py,92.5,🔴 High,6,6,0.5,2348,40.5
rich,rich/status.py,92.5,🔴 High,11,5,0.1818181818181818,1065,91.45454545454544
rich,tests/render.py,92.5,🔴 High,8,3,0.375,861,11.75
django,tests/regressiontests/localflavor/fr/tests.py,92.5,🔴 High,6,5,0.8333333333333334,310,77.0
django,tests/admin_scripts/app_raising_messages/models.py,92.5,🔴 High,4,4,0.25,2936,13.5
scikit-learn,scikits/learn/rfe.py,92.5,🔴 High,9,3,0.2222222222222222,52,42.55555555555556
django,django/conf/settings.py,92.5,🔴 High,8,2,0.625,121,28.75
django,django/contrib/gis/db/backends/oracle/compiler.py,92.4,🔴 High,5,4,0.8,1791,17.8
django,tests/reverse_single_related/tests.py,92.4,🔴 High,4,4,0.5,285,18.666666666666668
django,django/conf/locale/az/formats.py,92.4,🔴 High,6,4,0.1666666666666666,2538,24.666666666666668
scikit-learn,sklearn/utils/_missing.py,92.4,🔴 High,4,4,0.25,861,13.0
scikit-learn,scikits/learn/utils/arffread.py,92.4,🔴 High,13,1,0.0769230769230769,0,185.23076923076923
django,tests/template_tests/filter_tests/test_truncatechars_html.py,92.4,🔴 High,6,5,0.6666666666666666,3340,30.5
scikit-learn,scikits/learn/machine/svm/examples/classification2.py,92.4,🔴 High,3,1,0.3333333333333333,23,37.5
pytest,testing/plugin/test_pytest_tmpdir.py,92.3,🔴 High,6,1,0.3333333333333333,339,9.0
scikit-learn,scikits/learn/cluster/tests/test_dbscan.py,92.3,🔴 High,12,6,0.1666666666666666,52,36.833333333333336
pytest,py/test/plugin/pytest_assertion.py,92.3,🔴 High,4,1,0.5,9,52.0
django,tests/test_runner/runner.py,92.3,🔴 High,8,8,0.625,3115,17.875
scikit-learn,scikits/learn/svm/src/libsvm_helper.c,92.3,🔴 High,7,2,0.4285714285714285,4,172.28571428571428
django,tests/view_tests/tests/test_specials.py,92.3,🔴 High,9,7,0.2222222222222222,3225,11.875
django,tests/custom_migration_operations/operations.py,92.3,🔴 High,5,5,0.8,3528,44.8
django,tests/urlpatterns_reverse/urlconf_outer.py,92.3,🔴 High,6,4,0.1666666666666666,3264,6.0
scikit-learn,benchmarks/bench_plot_approximate_neighbors.py,92.3,🔴 High,6,4,0.5,300,117.16666666666669
rich,tests/test_spinner.py,92.3,🔴 High,10,4,0.5,551,50.0
django,django/conf/admin_media/js/SelectFilter2.js,92.2,🔴 High,3,1,0.3333333333333333,22,86.0
django,django/contrib/admin/static/admin/js/prepopulate_init.js,92.2,🔴 High,5,4,0.6,3799,14.0
django,tests/admin_scripts/simple_app/management/commands/duplicate.py,92.2,🔴 High,3,3,0.6666666666666666,2955,4.0
django,django/core/template/loader.py,92.2,🔴 High,12,1,0.75,179,114.91666666666669
django,tests/admin_scripts/complex_app/management/commands/duplicate.py,92.2,🔴 High,3,3,0.6666666666666666,2955,4.0
django,tests/generic_relations/test_forms.py,92.2,🔴 High,9,6,0.3333333333333333,2977,255.77777777777777
scikit-learn,scikits/learn/tree_model/_tree.c,92.2,🔴 High,5,2,0.4,169,3642.25
django,django/contrib/gis/db/backend/postgis/query.py,92.2,🔴 High,5,2,0.6,468,185.6
pytest,src/_pytest/__init__.py,92.1,🔴 High,7,4,0.2857142857142857,2214,6.333333333333333
django,tests/utils_tests/models.py,92.1,🔴 High,5,5,0.6,1520,7.75
django,django/db/backends/postgresql/psycopg_any.py,92.1,🔴 High,10,6,0.6,1259,48.6
django,django/contrib/admin/static/admin/js/vendor/jquery/jquery.min.js,92.1,🔴 High,12,6,0.8333333333333334,3025,2.363636363636364
django,tests/check_framework/models.py,92.1,🔴 High,6,6,0.5,2936,9.166666666666666
django,tests/gis_tests/relatedapp/models.py,92.1,🔴 High,9,5,0.1111111111111111,2550,44.22222222222222
django,tests/admin_inlines/test_templates.py,92.1,🔴 High,4,4,0.5,2526,19.25
django,tests/forms_tests/widget_tests/test_numberinput.py,92.1,🔴 High,6,6,0.5,1692,14.333333333333334
scikit-learn,scikits/learn/datasets/mldata.py,92.1,🔴 High,16,5,0.4375,153,52.733333333333334
pytest,testing/example_scripts/warnings/test_group_warnings_by_message_summary/test_1.py,92.1,🔴 High,3,3,0.6666666666666666,1534,12.333333333333334
django,tests/regressiontests/middleware/urls.py,92.1,🔴 High,2,2,1.0,1378,6.0
django,django/contrib/sites/checks.py,92.0,🔴 High,4,4,0.5,2095,14.0
django,django/conf/project_template/project_name/wsgi.py,92.0,🔴 High,4,3,0.75,1194,4.0
django,tests/regressiontests/forms/localflavor/it.py,92.0,🔴 High,3,3,1.0,1433,27.333333333333332
scikit-learn,examples/sgd/plot_loss_functions.py,92.0,🔴 High,9,4,0.2222222222222222,35,20.88888888888889
django,tests/regressiontests/forms/localflavor/ch.py,92.0,🔴 High,3,3,1.0,1433,26.666666666666668
django,django/contrib/gis/geoip2/resources.py,92.0,🔴 High,6,6,0.8333333333333334,2380,18.5
django,tests/regressiontests/one_to_one_regress/tests.py,92.0,🔴 High,6,3,0.5,1212,77.83333333333333
django,tests/regressiontests/i18n/patterns/urls/default.py,92.0,🔴 High,3,3,1.0,576,15.333333333333334
django,django/contrib/flatpages/__init__.py,91.9,🔴 High,3,2,1.0,5366,1.0
django,django/contrib/admindocs/__init__.py,91.9,🔴 High,3,2,0.6666666666666666,4385,1.0
django,django/contrib/humanize/__init__.py,91.9,🔴 High,3,2,0.6666666666666666,5161,1.0
scikit-learn,examples/cluster/plot_hdbscan.py,91.9,🔴 High,7,6,0.4285714285714285,831,95.42857142857144
scikit-learn,scikits/learn/sgd/setup.py,91.9,🔴 High,10,3,0.1,18,16.6
django,tests/messages_tests/tests.py,91.9,🔴 High,10,7,0.6,1784,83.1
django,tests/regressiontests/templates/templatetags/bad_tag.py,91.9,🔴 High,3,3,0.6666666666666666,251,7.0
django,tests/modeltests/reserved_names/tests.py,91.9,🔴 High,3,3,0.3333333333333333,881,39.666666666666664
django,tests/modeltests/proxy_model_inheritance/models.py,91.9,🔴 High,2,2,0.5,750,8.0
pytest,_pytest/mark/evaluate.py,91.9,🔴 High,8,3,0.375,90,101.75
scikit-learn,sklearn/metrics/pairwise_fast.c,91.9,🔴 High,11,5,0.3636363636363636,470,12660.363636363636
django,django/contrib/sessions/__init__.py,91.9,🔴 High,3,2,0.6666666666666666,5194,1.0
django,django/contrib/syndication/__init__.py,91.9,🔴 High,3,2,1.0,5365,1.0
django,django/contrib/redirects/__init__.py,91.9,🔴 High,3,2,1.0,5366,1.0
click,click/globals.py,91.9,🔴 High,5,4,0.4,1192,18.0
scikit-learn,scikits/learn/machine/em/tests/test_examples.py,91.9,🔴 High,6,1,0.0,8,15.4
django,django/contrib/sites/__init__.py,91.9,🔴 High,3,2,0.6666666666666666,5194,1.0
scikit-learn,scikits/learn/ann/mlp.py,91.8,🔴 High,10,1,0.2,28,112.44444444444444
django,django/contrib/localflavor/no/no_municipalities.py,91.8,🔴 High,3,2,1.0,1895,23.333333333333332
django,django/utils/unittest/loader.py,91.8,🔴 High,3,3,1.0,942,221.0
django,tests/regressiontests/localflavor/it/tests.py,91.8,🔴 High,3,3,1.0,288,48.666666666666664
django,django/conf/app_template/__init__.py,91.8,🔴 High,3,3,0.6666666666666666,3708,1.0
scikit-learn,examples/plot_compare_reduction.py,91.8,🔴 High,4,4,0.25,492,54.0
scikit-learn,sklearn/manifold/_utils.c,91.8,🔴 High,4,4,1.0,493,3932.25
django,tests/db_functions/migrations/0002_create_test_models.py,91.8,🔴 High,7,5,0.4285714285714285,2496,96.85714285714286
scikit-learn,scikits/learn/externals/joblib/parallel.py,91.8,🔴 High,13,4,0.2307692307692307,400,167.3846153846154
pytest,py/doc/conf.py,91.8,🔴 High,5,2,0.4,0,19.8
django,django/contrib/gis/gdal/tests/__init__.py,91.8,🔴 High,5,5,0.6,1525,16.75
django,django/__main__.py,91.8,🔴 High,2,2,0.5,3192,3.0
pytest,py/test/rsession/testing/test_master.py,91.8,🔴 High,17,2,0.0588235294117647,366,145.7058823529412
scikit-learn,examples/svm/plot_linearsvc_support_vectors.py,91.7,🔴 High,9,7,0.1111111111111111,2086,35.333333333333336
scikit-learn,scikits/learn/pyem/tests/test_densities.py,91.7,🔴 High,12,1,0.1666666666666666,0,111.54545454545456
pytest,testing/test_scope.py,91.7,🔴 High,3,3,0.3333333333333333,1051,27.333333333333332
django,tests/no_models/tests.py,91.7,🔴 High,7,4,0.0,2973,6.0
pytest,testing/root/test_xmlgen.py,91.7,🔴 High,6,1,0.5,323,97.8
scikit-learn,examples/cluster/plot_face_segmentation.py,91.7,🔴 High,6,4,0.3333333333333333,809,36.833333333333336
pytest,py/log/consumer.py,91.7,🔴 High,4,3,0.5,834,53.0
django,tests/template_tests/filter_tests/test_ljust.py,91.7,🔴 High,5,4,0.4,2619,23.0
django,tests/async/models.py,91.7,🔴 High,3,3,0.6666666666666666,1302,6.333333333333333
django,tests/dates/models.py,91.7,🔴 High,8,6,0.375,2521,19.0
django,tests/migrations/migrations_test_apps/lookuperror_b/models.py,91.6,🔴 High,3,3,0.6666666666666666,2580,7.0
django,tests/migrations/migrations_test_apps/lookuperror_c/models.py,91.6,🔴 High,3,3,0.6666666666666666,2580,7.0
scikit-learn,sklearn/cluster/_hierarchical.c,91.6,🔴 High,7,4,0.2857142857142857,686,4108.428571428572
django,django/utils/lru_cache.py,91.6,🔴 High,5,5,0.6,1174,89.8
django,tests/regressiontests/test_runner/models.py,91.6,🔴 High,2,2,0.5,862,4.0
django,django/utils/_threading_local.py,91.6,🔴 High,6,2,0.8333333333333334,1087,75.0
django,tests/update_only_fields/models.py,91.6,🔴 High,9,9,0.4444444444444444,3264,26.625
flask,flask/json/tag.py,91.5,🔴 High,9,3,0.2222222222222222,750,131.88888888888889
django,tests/postgres_tests/test_functions.py,91.5,🔴 High,5,4,0.6,2439,24.2
cli,httpie/plugins/builtin.py,91.5,🔴 High,18,3,0.1111111111111111,3605,29.27777777777778
pytest,py/code/frame.py,91.5,🔴 High,5,4,0.4,809,31.6
django,tests/template_tests/filter_tests/test_first.py,91.5,🔴 High,5,4,0.4,2619,22.0
pytest,testing/path/test_cacheutil.py,91.5,🔴 High,6,1,0.5,323,64.2
django,django/contrib/formtools/wizard/forms.py,91.5,🔴 High,2,2,0.5,885,3.0
pytest,py/impl/code/_assertionnew.py,91.5,🔴 High,3,1,0.6666666666666666,59,293.0
django,tests/regressiontests/localflavor/nl/tests.py,91.5,🔴 High,3,3,1.0,288,49.5
pytest,py/test/testing/test_repevent.py,91.5,🔴 High,4,2,0.25,371,30.0
django,tests/auth_tests/test_migrations.py,91.4,🔴 High,4,4,0.75,1114,159.5
django,tests/template_tests/syntax_tests/i18n/test_get_language_info_list.py,91.4,🔴 High,5,5,0.2,1902,50.6
django,tests/staticfiles_tests/test_handlers.py,91.4,🔴 High,4,3,0.5,2255,28.25
pytest,doc/en/example/fixtures/test_fixtures_order_dependencies.py,91.4,🔴 High,3,3,0.6666666666666666,1278,27.333333333333332
django,tests/test_client_regress/session.py,91.4,🔴 High,5,5,0.4,3264,18.0
scikit-learn,scikits/learn/linear_model/tests/test_sgd.py,91.4,🔴 High,8,3,0.375,274,243.0
django,tests/regressiontests/localflavor/cn/tests.py,91.4,🔴 High,3,3,1.0,288,76.33333333333333
django,django/contrib/admin/media/js/admin/CollapsedFieldsets.js,91.4,🔴 High,4,3,0.5,1003,66.0
pytest,doc/en/example/assertion/global_testmodule_config/test_hello_world.py,91.3,🔴 High,6,3,0.5,2282,3.2
django,django/db/models/fields/composite.py,91.3,🔴 High,3,3,1.0,274,124.66666666666669
django,django/contrib/auth/management.py,91.3,🔴 High,5,3,0.6,428,41.2
scikit-learn,sklearn/tests/test_build.py,91.3,🔴 High,9,4,0.2222222222222222,2402,41.0
django,tests/testapp/models/__init__.py,91.3,🔴 High,12,1,0.25,124,2.9166666666666665
django,tests/syndication_tests/models.py,91.3,🔴 High,6,5,0.5,2956,17.0
scikit-learn,sklearn/linear_model/tests/test_linear_loss.py,91.3,🔴 High,7,4,0.2857142857142857,1102,310.7142857142857
django,django/contrib/admin/models/admin.py,91.3,🔴 High,3,3,0.6666666666666666,24,37.333333333333336
django,tests/regressiontests/localflavor/hr/tests.py,91.3,🔴 High,3,3,1.0,288,136.0
django,django/db/backends/mysql_old/introspection.py,91.2,🔴 High,4,2,0.5,151,69.25
django,tests/template_tests/syntax_tests/test_simple_tag.py,91.2,🔴 High,6,4,0.5,2640,16.833333333333332
requests,src/requests/_types.py,91.2,🔴 High,7,2,0.2857142857142857,36,121.71428571428572
django,django/contrib/sites/migrations/0002_alter_domain_unique.py,91.2,🔴 High,5,5,0.4,2819,16.6
django,django/contrib/gis/db/backends/utils.py,91.2,🔴 High,7,5,0.4285714285714285,4327,19.0
scikit-learn,scikits/learn/machine/manifold_learning/compression/barycenters.py,91.2,🔴 High,4,1,0.5,19,27.0
django,tests/middleware_exceptions/test_legacy.py,91.2,🔴 High,4,3,0.25,135,702.0
django,tests/regressiontests/cache/liberal_backend.py,91.1,🔴 High,3,3,0.6666666666666666,396,6.0
django,tests/testapp/models/custom_pk.py,91.1,🔴 High,7,1,0.4285714285714285,199,41.57142857142857
django,tests/regressiontests/localflavor/co/tests.py,91.1,🔴 High,3,3,1.0,288,24.0
scikit-learn,scikits/learn/externals/joblib/test/test_logger.py,91.1,🔴 High,10,4,0.1,400,29.0
django,tests/regressiontests/urlpatterns_reverse/included_named_urls2.py,91.1,🔴 High,3,3,0.6666666666666666,396,7.333333333333333
django,tests/regressiontests/urlpatterns_reverse/included_named_urls.py,91.1,🔴 High,3,3,0.6666666666666666,396,8.333333333333334
pytest,py/execnet/rsync_remote.py,91.1,🔴 High,4,3,0.5,960,80.25
scikit-learn,scikits/learn/datasets/samples_generator/linear.py,91.1,🔴 High,4,2,0.25,0,7.0
django,django/views/registration/passwords.py,91.1,🔴 High,7,2,0.2857142857142857,134,92.28571428571428
django,tests/regressiontests/urlpatterns_reverse/named_urls.py,91.1,🔴 High,3,3,0.6666666666666666,396,8.333333333333334
scikit-learn,sklearn/neighbors/tests/test_graph.py,91.0,🔴 High,5,5,0.4,2462,64.4
django,tests/model_package/models/article.py,91.0,🔴 High,4,4,0.5,665,6.333333333333333
django,tests/regressiontests/bug8245/admin.py,91.0,🔴 High,2,2,0.5,1024,4.5
django,django/contrib/gis/db/backend/postgis/creation.py,91.0,🔴 High,10,3,0.8,257,140.1
django,django/contrib/localflavor/usa/us_states.py,91.0,🔴 High,3,1,0.6666666666666666,18,209.33333333333337
scikit-learn,scikits/learn/ann/srn.py,91.0,🔴 High,7,1,0.1428571428571428,28,88.66666666666667
pytest,py/impl/test/session.py,91.0,🔴 High,3,1,0.6666666666666666,67,95.33333333333331
django,django/core/db/__init__.py,91.0,🔴 High,16,2,0.4375,220,22.625
pytest,testing/example_scripts/warnings/test_group_warnings_by_message.py,91.0,🔴 High,6,4,0.6666666666666666,1972,10.666666666666666
django,tests/sessions_tests/models.py,91.0,🔴 High,5,5,0.2,2912,21.2
django,tests/regressiontests/localflavor/fi/tests.py,90.9,🔴 High,3,3,1.0,288,147.0
cli,tests/utils/matching/test_matching.py,90.9,🔴 High,6,3,0.5,357,153.5
scikit-learn,scikits/learn/manifold/setup.py,90.9,🔴 High,6,2,0.5,543,12.6
scikit-learn,sklearn/externals/_scipy/sparse/csgraph/_laplacian.py,90.9,🔴 High,4,4,0.25,857,190.0
pytest,testing/example_scripts/issue88_initial_file_multinodes/conftest.py,90.9,🔴 High,9,4,0.5555555555555556,2182,8.444444444444445
django,tests/regressiontests/localflavor/in_/tests.py,90.9,🔴 High,3,3,1.0,288,151.0
scikit-learn,sklearn/preprocessing/base.py,90.9,🔴 High,3,3,0.3333333333333333,234,38.666666666666664
django,tests/migrations/routers.py,90.9,🔴 High,5,5,0.4,2201,8.0
django,django/utils/asyncio.py,90.9,🔴 High,9,6,0.5555555555555556,1376,25.22222222222222
scikit-learn,doc/sphinxext/numpydoc.py,90.9,🔴 High,6,2,0.6666666666666666,212,131.33333333333334
flask,src/flask/json/tag.py,90.8,🔴 High,12,2,0.0833333333333333,1772,145.1818181818182
django,tests/gis_tests/geo3d/models.py,90.8,🔴 High,11,5,0.2727272727272727,3705,36.81818181818182
rich,rich/pager.py,90.8,🔴 High,12,4,0.3333333333333333,503,14.833333333333334
django,django/core/wsgi.py,90.8,🔴 High,6,5,0.5,1922,5.0
django,tests/regressiontests/localflavor/de/tests.py,90.8,🔴 High,3,3,1.0,288,35.5
django,tests/file_storage/urls.py,90.8,🔴 High,5,3,0.2,3166,5.0
django,django/urls/conf.py,90.8,🔴 High,6,6,0.5,2653,67.0
pytest,py/path/testing/fscommon.py,90.8,🔴 High,6,2,0.3333333333333333,946,193.33333333333337
scikit-learn,sklearn/externals/joblib/test/test_disk.py,90.8,🔴 High,6,3,1.0,534,38.0
scikit-learn,scikits/learn/ann/__init__.py,90.8,🔴 High,4,1,0.5,69,1.0
pytest,py/_plugin/pytest_capture.py,90.8,🔴 High,5,1,0.4,265,162.0
pytest,py/impl/test/conftesthandle.py,90.7,🔴 High,6,2,0.5,56,62.0
django,tests/wsgi/urls.py,90.7,🔴 High,10,8,0.6,4494,8.444444444444445
pytest,py/path/svn/svncommon.py,90.7,🔴 High,5,4,0.2,939,243.0
django,django/contrib/messages/__init__.py,90.7,🔴 High,8,7,0.625,5006,2.5
django,tests/datetimes/models.py,90.7,🔴 High,7,6,0.2857142857142857,3264,19.166666666666668
django,django/contrib/localflavor/is_/is_postalcodes.py,90.7,🔴 High,2,2,1.0,1869,149.5
django,tests/template_tests/filter_tests/test_divisibleby.py,90.7,🔴 High,3,3,0.6666666666666666,2607,7.0
django,tests/conditional_processing/urls.py,90.7,🔴 High,7,4,0.2857142857142857,3264,10.833333333333334
rich,rich/progress_bar.py,90.7,🔴 High,12,7,0.25,1354,155.75
django,tests/postgres_tests/array_index_migrations/0001_initial.py,90.7,🔴 High,6,6,0.5,3664,28.0
scikit-learn,scikits/learn/em/tests/test_gmm_em.py,90.7,🔴 High,3,2,0.6666666666666666,96,133.0
pytest,testing/example_scripts/acceptance/fixture_mock_integration.py,90.7,🔴 High,9,6,0.6666666666666666,2143,9.77777777777778
scikit-learn,scikits/learn/feature_extraction/sparse/text.py,90.7,🔴 High,5,2,0.2,0,95.0
django,django/db/backends/ado_mssql/creation.py,90.7,🔴 High,6,4,0.6666666666666666,505,25.333333333333332
django,django/utils/glob.py,90.7,🔴 High,3,3,0.3333333333333333,525,15.0
django,django/utils/simplejson/decoder.py,90.7,🔴 High,4,2,0.75,922,207.75
click,examples/aliases/aliases.py,90.6,🔴 High,14,4,0.2142857142857142,4349,77.35714285714286
rich,tests/test_align.py,90.6,🔴 High,12,2,0.1666666666666666,1269,79.5
django,tests/regressiontests/templates/smartif.py,90.6,🔴 High,5,3,0.8,580,30.8
pytest,testing/log/test_warning.py,90.6,🔴 High,5,1,0.6,323,61.25
django,django/db/backends/oracle/functions.py,90.6,🔴 High,4,4,0.25,2448,18.0
django,tests/template_tests/filter_tests/test_safeseq.py,90.6,🔴 High,5,5,0.4,2619,13.6
scikit-learn,scikits/learn/machine/manifold_learning/examples/knn.py,90.5,🔴 High,4,1,0.25,10,22.75
django,django/contrib/localflavor/ie/forms.py,90.5,🔴 High,2,2,0.5,654,5.5
scikit-learn,sklearn/cluster/_hierarchical.py,90.5,🔴 High,5,3,0.6,57,420.0
pytest,testing/pytest/test_session.py,90.5,🔴 High,2,1,0.5,114,183.0
django,tests/regressiontests/custom_managers_regress/models.py,90.5,🔴 High,5,4,0.4,1246,22.6
scikit-learn,sklearn/neighbors/typedefs.c,90.5,🔴 High,7,1,0.1428571428571428,144,8277.285714285714
cli,tests.py,90.5,🔴 High,8,2,0.5,2,66.125
django,tests/regressiontests/model_permalink/tests.py,90.5,🔴 High,3,3,0.3333333333333333,544,13.0
pytest,testing/test_link_resolve.py,90.4,🔴 High,8,8,0.5,1470,61.125
django,tests/regressiontests/utils/crypto.py,90.4,🔴 High,9,3,0.5555555555555556,257,117.0
django,tests/regressiontests/forms/localflavor/se.py,90.4,🔴 High,6,3,0.6666666666666666,608,32.333333333333336
scikit-learn,scikits/learn/linear_model/sgd_fast.c,90.4,🔴 High,11,3,0.0909090909090909,274,7610.363636363636
django,tests/admin_registration/models.py,90.4,🔴 High,3,3,0.6666666666666666,4128,12.0
scikit-learn,scikits/learn/machine/manifold_learning/compression/tests/test_similarities.py,90.4,🔴 High,4,1,0.5,19,17.5
pytest,testing/plugin/test_session.py,90.4,🔴 High,6,1,0.1666666666666666,33,207.5
django,tests/utils_tests/test_deprecation.py,90.4,🔴 High,3,3,1.0,62,20.0
django,tests/i18n/patterns/urls/included.py,90.3,🔴 High,5,3,0.2,3166,6.0
django,tests/regressiontests/localflavor/at/tests.py,90.3,🔴 High,3,3,1.0,288,37.0
django,tests/signals/models.py,90.3,🔴 High,8,7,0.375,3986,20.857142857142858
django,tests/regressiontests/localflavor/py/tests.py,90.3,🔴 High,3,3,1.0,288,30.5
django,tests/regressiontests/localflavor/cl/tests.py,90.3,🔴 High,3,3,1.0,288,42.0
pytest,py/green/conftest.py,90.2,🔴 High,4,2,0.5,391,6.0
scikit-learn,sklearn/utils/_unittest_backport.py,90.2,🔴 High,3,3,0.6666666666666666,413,96.0
django,tests/regressiontests/signed_cookies_tests/tests.py,90.2,🔴 High,3,3,0.6666666666666666,383,53.333333333333336
django,tests/urlpatterns_reverse/included_urls2.py,90.2,🔴 High,6,4,0.1666666666666666,3264,6.0
django,tests/template_tests/filter_tests/test_capfirst.py,90.2,🔴 High,5,4,0.4,2619,19.0
pytest,testing/pytest/plugin/test_pytest_nose.py,90.2,🔴 High,4,2,0.25,46,113.0
django,tests/forms_tests/field_tests/test_timefield.py,90.2,🔴 High,4,4,0.25,2126,36.75
scikit-learn,maint_tools/update_tracking_issue.py,90.1,🔴 High,12,4,0.5,1386,108.16666666666669
django,django/contrib/localflavor/ru/forms.py,90.1,🔴 High,5,3,0.8,412,33.8
pytest,testing/example_scripts/dataclasses/test_compare_two_different_dataclasses.py,90.1,🔴 High,7,4,0.2857142857142857,2043,14.142857142857142
django,django/conf/project_template/settings/admin.py,90.1,🔴 High,6,1,0.6666666666666666,32,7.0
django,django/contrib/databrowse/urls.py,90.1,🔴 High,2,2,0.5,1609,6.0
scikit-learn,sklearn/utils/sparsetools/csgraph_wrap.cxx,90.1,🔴 High,3,2,0.3333333333333333,587,2520.0
django,tests/auth_tests/models/with_custom_email_field.py,90.1,🔴 High,4,4,0.75,2089,17.75
scikit-learn,scikits/learn/machine/manifold_learning/compression/tests/test_barycenters.py,90.1,🔴 High,4,1,0.5,13,16.75
django,tests/testapp/models/subclassing.py,90.1,🔴 High,2,1,0.5,31,142.5
pytest,py/magic/assertion.py,90.0,🔴 High,2,1,0.5,574,29.0
pytest,py/misc/killproc.py,90.0,🔴 High,2,1,0.5,533,7.0
scikit-learn,scikits/learn/em/gmm_em.py,90.0,🔴 High,2,2,0.5,99,236.0
pytest,testing/test_paths.py,90.0,🔴 High,3,3,0.3333333333333333,37,53.0
scikit-learn,scikits/learn/tree/tests/test_tree.py,90.0,🔴 High,10,1,0.2,31,98.7
pytest,py/test/report/base.py,89.9,🔴 High,2,1,1.0,16,67.5
django,tests/m2m_through_regress/test_multitable.py,89.9,🔴 High,4,4,0.25,1994,43.25
scikit-learn,examples/lasso_path_with_crossvalidation.py,89.9,🔴 High,5,2,0.2,39,22.4
scikit-learn,examples/glm/plot_ard.py,89.9,🔴 High,4,3,0.25,21,40.0
pytest,doc/en/example/costlysetup/sub_b/test_two.py,89.9,🔴 High,5,3,0.8,440,4.0
django,tests/nested_foreign_keys/models.py,89.9,🔴 High,3,3,0.6666666666666666,876,16.0
django,tests/contenttypes_tests/operations_migrations/0001_initial.py,89.9,🔴 High,5,4,0.4,2602,13.6
scikit-learn,scikits/learn/metrics/tests/test_pairwise.py,89.9,🔴 High,13,5,0.3076923076923077,263,34.25
pytest,example/funcarg/mysetup/conftest.py,89.9,🔴 High,6,1,0.3333333333333333,545,7.0
pytest,tasks/generate.py,89.8,🔴 High,9,4,0.2222222222222222,412,86.66666666666667
requests,requests/packages/urllib3/util/connection.py,89.8,🔴 High,9,3,0.1111111111111111,1005,60.111111111111114
django,tests/backends/sqlite/test_creation.py,89.8,🔴 High,7,6,0.7142857142857143,2291,35.0
django,tests/template_tests/filter_tests/test_length.py,89.8,🔴 High,4,3,0.5,2618,39.0
django,tests/requests_tests/test_accept_header.py,89.8,🔴 High,7,5,0.7142857142857143,927,241.33333333333337
django,tests/regressiontests/forms/localflavor/kw.py,89.8,🔴 High,3,3,0.6666666666666666,598,8.0
django,tests/regressiontests/templates/views.py,89.8,🔴 High,3,2,0.6666666666666666,1433,9.333333333333334
pytest,py/doc/example/genhtmlcss.py,89.8,🔴 High,2,1,0.5,570,18.0
scikit-learn,sklearn/frozen/tests/test_frozen.py,89.8,🔴 High,5,4,0.4,620,163.4
django,django/contrib/formtools/wizard/storage/exceptions.py,89.8,🔴 High,3,3,0.6666666666666666,885,5.666666666666667
django,tests/gis_tests/gdal_tests/test_envelope.py,89.7,🔴 High,7,4,0.2857142857142857,3815,80.16666666666667
scikit-learn,examples/plot_johnson_lindenstraus_bound.py,89.7,🔴 High,10,2,0.2,350,57.4
django,django/models/__init__.py,89.7,🔴 High,8,1,0.125,271,56.875
django,django/core/files/storage/base.py,89.7,🔴 High,6,6,0.8333333333333334,1037,92.66666666666669
scikit-learn,examples/semi_supervised/label_propagation_digits_active_learning.py,89.7,🔴 High,15,5,0.4666666666666667,153,50.07142857142857
scikit-learn,scikits/learn/src/libsvm/_libsvm.c,89.7,🔴 High,5,1,0.4,6,6527.4
scikit-learn,scikits/learn/bayes/regression.py,89.7,🔴 High,7,3,0.2857142857142857,8,102.0
django,tests/forms_tests/field_tests/test_combofield.py,89.7,🔴 High,4,4,0.25,2126,26.25
django,django/utils/unittest/main.py,89.6,🔴 High,3,3,0.6666666666666666,805,200.0
scikit-learn,examples/hashing_vs_dict_vectorizer.py,89.6,🔴 High,6,5,0.3333333333333333,165,63.166666666666664
django,tests/view_tests/regression_21530_urls.py,89.6,🔴 High,5,3,0.6,2980,4.6
scikit-learn,sklearn/utils/sparsetools/tests/test_traversal.py,89.6,🔴 High,7,4,0.5714285714285714,1219,42.333333333333336
scikit-learn,sklearn/utils/src/gamma.c,89.6,🔴 High,3,3,0.3333333333333333,2072,82.0
pytest,py/test/custompdb.py,89.6,🔴 High,4,3,0.75,395,61.0
requests,requests/packages/urllib3/util/__init__.py,89.6,🔴 High,7,4,0.1428571428571428,1128,32.57142857142857
cli,httpie/output/ui/palette.py,89.6,🔴 High,5,2,0.8,137,179.0
django,django/utils/simplejson/encoder.py,89.6,🔴 High,4,2,0.75,922,225.25
django,django/contrib/messages/tests/test_mixins.py,89.5,🔴 High,6,5,0.1666666666666666,665,12.0
scikit-learn,sklearn/metrics/_plot/tests/test_confusion_matrix_display.py,89.5,🔴 High,10,6,0.1,1276,276.1
pytest,_pytest/mark/legacy.py,89.5,🔴 High,5,1,0.2,90,50.8
scikit-learn,sklearn/metrics/_plot/tests/test_det_curve_display.py,89.5,🔴 High,6,6,0.1666666666666666,1799,89.5
django,tests/regressiontests/localflavor/ec/tests.py,89.4,🔴 High,3,3,1.0,288,19.5
django,django/db/backends/mysql_old/creation.py,89.4,🔴 High,6,4,0.6666666666666666,485,25.0
django,django/contrib/postgres/fields/__init__.py,89.4,🔴 High,5,2,0.8,810,3.0
django,django/contrib/admin/urls/admin.py,89.4,🔴 High,2,2,0.5,46,48.0
scikit-learn,sklearn/externals/joblib/numpy_pickle_utils.py,89.4,🔴 High,6,4,0.3333333333333333,746,312.6
pytest,py/doc/talk/makeref.py,89.4,🔴 High,2,1,0.5,570,42.0
scikit-learn,examples/svm/svm_gui.py,89.4,🔴 High,6,2,0.1666666666666666,5,217.33333333333337
django,tests/migration_test_data_persistence/tests.py,89.3,🔴 High,6,4,0.6666666666666666,3817,20.0
django,tests/regressiontests/makemessages/tests.py,89.3,🔴 High,9,3,0.8888888888888888,236,43.22222222222222
django,django/contrib/gis/tests/gis_migrations/test_commands.py,89.3,🔴 High,9,3,0.2222222222222222,315,38.125
django,tests/utils_tests/simplelazyobject.py,89.3,🔴 High,5,3,0.6,19,86.25
django,tests/regressiontests/comment_tests/urls_admin.py,89.3,🔴 High,4,3,1.0,688,10.25
scikit-learn,examples/glm/plot_lasso_lars.py,89.2,🔴 High,14,2,0.2857142857142857,83,26.5
django,tests/admin_views/test_skip_link_to_content.py,89.2,🔴 High,5,5,0.8,1460,113.0
rich,tests/test_rich_print.py,89.2,🔴 High,9,2,0.2222222222222222,566,31.333333333333332
django,tests/model_fields/test_manytomanyfield.py,89.2,🔴 High,7,5,0.7142857142857143,2144,55.142857142857146
django,tests/regressiontests/localflavor/br/tests.py,89.2,🔴 High,3,3,1.0,288,121.0
django,tests/urlpatterns/views.py,89.2,🔴 High,2,2,1.0,842,3.0
django,django/templatetags/adminapplist.py,89.2,🔴 High,3,1,0.6666666666666666,70,33.0
django,tests/migrations/test_migrations_conflict/0002_conflicting_second.py,89.2,🔴 High,6,5,0.1666666666666666,3345,11.333333333333334
scikit-learn,scikits/learn/pyem/misc.py,89.1,🔴 High,7,1,0.0,0,9.285714285714286
pytest,src/_pytest/config/exceptions.py,89.1,🔴 High,11,6,0.4545454545454545,2686,3.636363636363636
django,django/contrib/auth/tests/handlers.py,89.1,🔴 High,6,4,0.6666666666666666,120,23.166666666666668
scikit-learn,scikits/learn/cluster/tests/test_hierarchical.py,89.1,🔴 High,10,4,0.3,272,58.9
scikit-learn,sklearn/tests/test_import_deprecations.py,89.1,🔴 High,11,4,0.1818181818181818,100,34.81818181818182
django,django/parts/auth/anonymoususers.py,89.1,🔴 High,5,1,0.6,125,29.0
pytest,testing/test_modimport.py,89.1,🔴 High,9,3,0.3333333333333333,809,25.22222222222222
scikit-learn,sklearn/externals/joblib/externals/loky/process_executor.py,89.1,🔴 High,5,1,0.4,95,616.8
scikit-learn,doc/tutorial/text_analytics/solutions/exercise_02_sentiment.py,89.1,🔴 High,7,4,0.2857142857142857,2446,32.0
scikit-learn,scikits/learn/externals/joblib/testing.py,89.0,🔴 High,6,3,0.1666666666666666,400,7.5
django,django/contrib/gis/tests/geo3d/models.py,89.0,🔴 High,4,3,0.25,1506,52.0
scikit-learn,scikits/learn/base_estimator.py,89.0,🔴 High,9,1,0.2222222222222222,0,23.88888888888889
django,tests/backends/base/test_introspection.py,89.0,🔴 High,5,4,0.4,702,29.0
requests,requests/packages.py,89.0,🔴 High,6,5,0.3333333333333333,1798,9.166666666666666
django,django/contrib/messages/apps.py,89.0,🔴 High,8,8,0.5,3579,9.125
rich,rich/protocol.py,89.0,🔴 High,10,4,0.1,2229,13.9
pytest,py/thread/pool.py,89.0,🔴 High,4,3,0.5,954,149.5
django,django/contrib/admin/static/admin/js/nav_sidebar.js,89.0,🔴 High,8,5,0.75,2174,62.75
django,tests/dbshell/test_oracle.py,89.0,🔴 High,7,6,0.5714285714285714,1355,36.57142857142857
scikit-learn,scikits/learn/manifold/compression/quadratic_dimensionality_reduction.py,88.9,🔴 High,2,1,0.5,26,28.0
django,tests/backends/sqlite/test_features.py,88.9,🔴 High,5,4,0.8,1853,22.0
django,tests/gis_tests/models.py,88.9,🔴 High,5,4,0.4,580,19.0
scikit-learn,scikits/learn/tree_model/randomforest.py,88.8,🔴 High,9,2,0.2222222222222222,170,66.66666666666667
flask,flask/testsuite/reqctx.py,88.8,🔴 High,8,4,0.25,233,148.5
django,tests/base/models.py,88.8,🔴 High,10,6,0.2,1556,7.333333333333333
django,tests/postgres_tests/test_signals.py,88.8,🔴 High,7,5,0.5714285714285714,1907,30.571428571428573
django,tests/admin_docs/test_middleware.py,88.8,🔴 High,7,7,0.2857142857142857,1954,46.285714285714285
pytest,contrib/pygreen/test/test_pipelayer.py,88.7,🔴 High,2,1,0.5,199,201.0
django,tests/backends/mysql/test_schema.py,88.7,🔴 High,7,4,0.5714285714285714,1455,17.285714285714285
django,django/contrib/gis/geometry/backend/geos.py,88.7,🔴 High,4,3,0.75,1862,3.0
click,tests/test_utils/test_make_default_short_help.py,88.7,🔴 High,2,2,0.5,8,34.0
django,tests/othertests/dateformat.py,88.7,🔴 High,4,1,0.5,191,8.75
scikit-learn,examples/model_selection/grid_search_digits.py,88.7,🔴 High,9,5,0.2222222222222222,1354,42.0
django,tests/auth_tests/models/invalid_models.py,88.7,🔴 High,5,4,0.4,2549,18.8
django,tests/regressiontests/localflavor/jp/tests.py,88.7,🔴 High,3,3,1.0,288,45.0
django,tests/utils_tests/test_module/another_bad_module.py,88.7,🔴 High,3,3,0.3333333333333333,3071,6.666666666666667
scikit-learn,examples/rfe_digits.py,88.6,🔴 High,9,3,0.2222222222222222,97,23.333333333333332
django,tests/backends/sqlite/test_introspection.py,88.6,🔴 High,4,4,0.75,1377,116.5
pytest,py/doc/example/pytest/failure_demo.py,88.6,🔴 High,2,1,0.5,570,91.0
django,django/contrib/localflavor/de_CH/formats.py,88.5,🔴 High,4,3,0.75,118,27.25
click,tests/conftest.py,88.5,🔴 High,11,4,0.3636363636363636,3266,60.18181818181818
pytest,py/thread/testing/test_io.py,88.5,🔴 High,4,3,0.5,948,63.0
django,tests/modeltests/signals/tests.py,88.5,🔴 High,5,3,0.2,1156,114.8
django,tests/user_commands/management/commands/transaction.py,88.5,🔴 High,2,2,0.5,2728,7.0
django,tests/regressiontests/signals_regress/models.py,88.5,🔴 High,4,3,0.25,1012,15.5
scikit-learn,scikits/learn/externals/joblib/test/test_func_inspect.py,88.5,🔴 High,8,4,0.125,400,69.42857142857143
scikit-learn,examples/mlcomp_document_classification.py,88.5,🔴 High,6,3,0.3333333333333333,120,47.666666666666664
django,django/conf/app_template/tests.py,88.5,🔴 High,3,3,1.0,1483,3.0
scikit-learn,scikits/learn/glm/tests/test_ridge.py,88.5,🔴 High,7,3,0.4285714285714285,247,53.0
django,django/contrib/messages/tests/__init__.py,88.4,🔴 High,5,5,0.6,1248,5.0
pytest,src/_pytest/raises_group.py,88.4,🔴 High,10,3,0.5,30,793.6
rich,tests/test_columns.py,88.4,🔴 High,16,2,0.375,2062,58.375
scikit-learn,sklearn/utils/sparsefuncs_fast.c,88.4,🔴 High,6,4,0.3333333333333333,496,5736.5
django,tests/regressiontests/initial_sql_regress/tests.py,88.4,🔴 High,5,3,0.4,754,9.4
pytest,testing/pytest/plugin/test_pytest_skipping.py,88.4,🔴 High,6,1,0.6666666666666666,11,139.33333333333334
scikit-learn,asv_benchmarks/benchmarks/datasets.py,88.4,🔴 High,7,6,0.2857142857142857,2050,127.28571428571428
django,tests/regressiontests/localflavor/ch/tests.py,88.4,🔴 High,3,3,1.0,288,49.666666666666664
django,tests/template_tests/test_origin.py,88.4,🔴 High,4,4,0.25,2260,20.5
pytest,_py/test/plugin/pytest_hooklog.py,88.4,🔴 High,2,1,0.5,25,28.0
django,tests/regressiontests/forms/localflavor/ie.py,88.4,🔴 High,3,3,0.6666666666666666,598,4.0
scikit-learn,examples/linear_model/plot_sgdocsvm_vs_ocsvm.py,88.4,🔴 High,7,5,0.1428571428571428,1455,124.85714285714286
django,tests/migrations/migrations_test_apps/conflicting_app_with_dependencies/migrations/0001_initial.py,88.4,🔴 High,4,4,0.25,2732,21.25
pytest,py/c-extension/__init__.py,88.3,🔴 High,1,1,1.0,0,0.0
django,django/contrib/gis/tests/test_geoip.py,88.3,🔴 High,4,2,0.75,1071,78.5
pytest,py/test/report/__init__.py,88.3,🔴 High,1,1,1.0,0,0.0
pytest,py/test/report/testing/__init__.py,88.3,🔴 High,1,1,1.0,0,0.0
pytest,py/test/dsession/testing/__init__.py,88.3,🔴 High,1,1,1.0,0,0.0
pytest,py/test/looponfail/__init__.py,88.3,🔴 High,1,1,1.0,0,0.0
scikit-learn,build_tools/github/autoclose_prs.py,88.3,🔴 High,2,2,0.5,4,42.0
django,tests/regressiontests/file_storage/__init__.py,88.3,🔴 High,1,1,1.0,0,0.0
django,tests/modeltests/files/__init__.py,88.3,🔴 High,1,1,1.0,0,0.0
pytest,py/test/looponfail/testing/__init__.py,88.3,🔴 High,1,1,1.0,0,0.0
pytest,py/test/dsession/__init__.py,88.3,🔴 High,1,1,1.0,0,0.0
pytest,py/io/testing/__init__.py,88.3,🔴 High,1,1,1.0,0,0.0
django,django/contrib/auth/migrations/0006_require_contenttypes_0002.py,88.2,🔴 High,4,4,0.25,2906,8.25
django,tests/regressiontests/urlpatterns_reverse/urls_without_full_import.py,88.2,🔴 High,3,3,0.3333333333333333,425,6.333333333333333
pytest,testing/plugin/test_pytest_monkeypatch.py,88.2,🔴 High,5,1,0.2,340,125.8
django,tests/reserved_names/models.py,88.2,🔴 High,5,5,0.2,3264,15.0
django,django/contrib/flatpages/tests/test_forms.py,88.2,🔴 High,5,5,0.2,658,69.5
pytest,py/_plugin/pytest_genscript.py,88.2,🔴 High,5,1,0.2,255,55.0
pytest,_py/test/plugin/pytest_figleaf.py,88.2,🔴 High,3,1,0.3333333333333333,24,41.0
pytest,py/test/dsession/testing/basetest.py,88.2,🔴 High,2,1,0.5,16,22.0
scikit-learn,sklearn/externals/joblib/externals/cloudpickle/cloudpickle.py,88.1,🔴 High,4,1,0.25,95,673.5
django,tests/contenttypes_tests/test_operations.py,88.1,🔴 High,5,5,0.4,3298,137.6
pytest,py/rest/resthtml.py,88.1,🔴 High,3,2,0.3333333333333333,10,64.0
django,django/core/db/typecasts.py,88.1,🔴 High,5,1,0.6,186,34.0
django,django/utils/simplejson/scanner.py,88.1,🔴 High,5,2,0.8,922,50.6
django,tests/test_client_regress/models.py,88.0,🔴 High,4,3,0.25,3264,8.0
rich,tools/stress_test_pretty.py,88.0,🔴 High,8,2,0.125,474,14.125
pytest,src/pytest/collect.py,88.0,🔴 High,6,4,0.3333333333333333,618,29.666666666666668
scikit-learn,scikits/learn/externals/joblib/test/test_format_stack.py,88.0,🔴 High,9,4,0.1111111111111111,400,8.142857142857142
django,tests/mail/test_backends.py,88.0,🔴 High,9,2,0.7777777777777778,54,683.8888888888889
django,django/contrib/localflavor/gb/forms.py,88.0,🔴 High,3,3,0.6666666666666666,401,29.0
django,tests/db_functions/text/test_repeat.py,88.0,🔴 High,6,6,0.3333333333333333,1546,25.833333333333332
django,django/contrib/gis/db/backend/postgis/__init__.py,88.0,🔴 High,4,1,0.75,468,44.75
django,django/contrib/auth/tests/test_tokens.py,88.0,🔴 High,4,4,0.25,665,42.0
scikit-learn,examples/feature_selection/plot_f_test_vs_mi.py,88.0,🔴 High,9,6,0.2222222222222222,3116,19.77777777777778
flask,tests/test_json.py,88.0,🔴 High,9,3,0.1111111111111111,1253,295.44444444444446
django,django/db/backends/dummy/features.py,87.9,🔴 High,2,2,1.0,1322,3.5
scikit-learn,examples/svm/plot_svm.py,87.9,🔴 High,5,2,0.4,117,21.6
django,tests/regressiontests/forms/media.py,87.9,🔴 High,5,3,0.8,592,0.0
django,tests/modeltests/model_package/models/article.py,87.9,🔴 High,2,2,0.5,707,8.0
pytest,py/code/oldmagic.py,87.9,🔴 High,3,2,0.6666666666666666,8,37.0
scikit-learn,scikits/learn/mixture/tests/test_mixture.py,87.8,🔴 High,7,2,0.2857142857142857,0,210.0
pytest,testing/example_scripts/dataclasses/test_compare_dataclasses.py,87.8,🔴 High,6,4,0.3333333333333333,2043,10.166666666666666
click,tests/test_command_decorators.py,87.8,🔴 High,4,3,0.25,840,45.75
pytest,testing/example_scripts/dataclasses/test_compare_dataclasses_field_comparison_off.py,87.8,🔴 High,6,4,0.3333333333333333,2043,10.166666666666666
pytest,testing/example_scripts/dataclasses/test_compare_dataclasses_verbose.py,87.8,🔴 High,6,4,0.3333333333333333,2043,10.166666666666666
requests,tests/test_structures.py,87.8,🔴 High,7,4,0.1428571428571428,3700,64.42857142857143
django,django/urls/__init__.py,87.8,🔴 High,4,4,0.5,2227,28.25
scikit-learn,examples/miscellaneous/plot_pipeline_display.py,87.8,🔴 High,7,5,0.2857142857142857,1294,101.33333333333331
scikit-learn,sklearn/externals/six.py,87.8,🔴 High,6,6,0.5,2478,337.1666666666667
pytest,scripts/generate-gh-release-notes.py,87.8,🔴 High,8,5,0.25,673,42.0
django,tests/template_tests/filter_tests/test_truncatechars.py,87.8,🔴 High,6,6,0.5,2952,15.666666666666666
pytest,py/io/testing/test_dupfile.py,87.8,🔴 High,1,1,1.0,0,18.0
django,django/contrib/localflavor/ro/ro_counties.py,87.7,🔴 High,2,2,1.0,1418,44.5
scikit-learn,sklearn/mixture/tests/test_mixture.py,87.7,🔴 High,7,4,0.2857142857142857,2677,20.428571428571427
django,tests/forms_tests/field_tests/test_slugfield.py,87.7,🔴 High,4,4,0.0,2126,18.75
django,tests/migrations/test_migrations_squashed_extra/0002_second.py,87.7,🔴 High,2,2,0.5,106,3.5
django,tests/migrations/test_migrations_squashed_extra/0001_initial.py,87.7,🔴 High,2,2,0.5,106,3.5
django,tests/regressiontests/localflavor/be/tests.py,87.7,🔴 High,3,3,1.0,288,64.5
scikit-learn,sklearn/preprocessing/_weights.py,87.7,🔴 High,5,5,0.4,552,10.6
django,tests/migrations/test_migrations_squashed_extra/0003_third.py,87.7,🔴 High,2,2,0.5,106,3.5
django,tests/admin_scripts/app_raising_warning/models.py,87.7,🔴 High,4,4,0.25,2936,7.75
pytest,_py/test/plugin/pytest_assertion.py,87.7,🔴 High,3,1,0.6666666666666666,24,25.0
rich,tests/test_markdown_no_hyperlinks.py,87.7,🔴 High,19,2,0.4210526315789473,2080,71.36842105263158
django,tests/template_tests/filter_tests/test_removetags.py,87.7,🔴 High,5,4,0.4,200,41.0
django,tests/regressiontests/auth_backends/tests.py,87.6,🔴 High,3,3,0.6666666666666666,306,2.6666666666666665
flask,tests/test_ext.py,87.6,🔴 High,12,4,0.25,995,110.58333333333331
django,django/models/core.py,87.5,🔴 High,14,3,0.8571428571428571,178,108.07142857142856
scikit-learn,sklearn/ensemble/_hist_gradient_boosting/utils.py,87.5,🔴 High,6,5,0.1666666666666666,803,104.0
pytest,src/_pytest/_io/wcwidth.py,87.5,🔴 High,3,3,0.3333333333333333,1483,30.333333333333332
django,tests/migration_test_data_persistence/migrations/0002_add_book.py,87.5,🔴 High,4,4,0.25,4240,20.5
django,tests/forms_tests/field_tests/test_nullbooleanfield.py,87.5,🔴 High,6,6,0.3333333333333333,2126,61.333333333333336
scikit-learn,sklearn/metrics/_plot/tests/test_plot_curve_common.py,87.4,🔴 High,6,3,0.1666666666666666,370,99.16666666666669
scikit-learn,examples/linear_model/plot_lasso_lars_ic.py,87.4,🔴 High,9,4,0.3333333333333333,936,45.111111111111114
pytest,contrib/py_unittest/test_conftest.py,87.4,🔴 High,3,1,0.3333333333333333,18,60.0
scikit-learn,scikits/learn/pyem/tests/test_gmm_em.py,87.4,🔴 High,12,1,0.5,0,101.33333333333331
django,django/core/apps/cache.py,87.4,🔴 High,16,1,0.25,4,252.13333333333333
django,django/core/management/commands/sqlinitialdata.py,87.4,🔴 High,2,2,0.0,2270,5.0
scikit-learn,examples/preprocessing/plot_target_encoder.py,87.4,🔴 High,6,5,0.1666666666666666,951,122.33333333333331
rich,tests/_card_render.py,87.3,🔴 High,42,7,0.3809523809523809,2122,1.0
django,django/contrib/comments/models/comments.py,87.3,🔴 High,7,1,0.5714285714285714,131,207.5
django,tests/admin_scripts/another_app_waiting_migration/migrations/0001_initial.py,87.3,🔴 High,4,4,0.25,2616,17.75
django,django/contrib/webdesign/apps.py,87.3,🔴 High,3,3,0.6666666666666666,388,5.0
django,tests/template_tests/views.py,87.3,🔴 High,4,4,0.25,3264,14.0
django,tests/admin_scripts/app_waiting_migration/migrations/0001_initial.py,87.3,🔴 High,4,4,0.25,2616,17.75
django,tests/regressiontests/localflavor/ro/tests.py,87.3,🔴 High,3,3,1.0,288,109.5
django,django/contrib/admin/media/js/admin/ordering.js,87.2,🔴 High,2,2,1.0,106,114.0
django,django/tasks/signals.py,87.2,🔴 High,2,2,1.0,215,48.5
pytest,distribute_setup.py,87.2,🔴 High,7,1,0.0,936,364.7142857142857
django,tests/regressiontests/servers/models.py,87.1,🔴 High,2,2,1.0,876,3.0
django,django/contrib/localflavor/nl/nl_provinces.py,87.1,🔴 High,2,1,1.0,340,15.0
django,tests/invalid_models_tests/test_custom_fields.py,87.1,🔴 High,4,4,0.5,2647,14.0
scikit-learn,scikits/learn/metrics/tests/test_metrics.py,87.1,🔴 High,10,6,0.3,263,165.55555555555554
scikit-learn,scikits/learn/pyem/pyem/__init__.py,87.1,🔴 High,10,1,0.1,0,3.0
django,django/contrib/sitemaps/tests/__init__.py,87.1,🔴 High,4,4,0.75,987,3.0
django,tests/comment_tests/tests/test_moderation_views.py,87.1,🔴 High,5,4,0.4,210,222.0
pytest,py/_plugin/pytest__pytest.py,87.1,🔴 High,5,1,0.4,244,86.2
scikit-learn,scikits/learn/machine/manifold_learning/compression/geodesic_mds.py,87.1,🔴 High,6,1,0.5,8,62.0
pytest,_pytest/assertion/truncate.py,87.1,🔴 High,5,4,0.4,608,54.2
pytest,py/test/testing/test_event.py,87.1,🔴 High,3,1,0.6666666666666666,16,50.0
django,django/core/management/commands/adminindex.py,87.0,🔴 High,2,1,0.5,29,30.5
pytest,py/execnet/inputoutput.py,87.0,🔴 High,7,4,0.7142857142857143,948,79.14285714285714
pytest,py/_plugin/pytest_resultlog.py,87.0,🔴 High,5,1,0.2,255,79.75
pytest,py/test/report/testing/test_collectonly.py,87.0,🔴 High,2,1,0.5,16,48.0
pytest,py/path/local/testing/test_win.py,87.0,🔴 High,4,1,0.25,813,34.0
django,tests/regressiontests/localflavor/ru/tests.py,87.0,🔴 High,3,3,1.0,288,77.0
pytest,src/_pytest/store.py,86.9,🔴 High,6,4,0.6666666666666666,423,33.0
pytest,py/path/svn/testing/test_urlcommand.py,86.9,🔴 High,6,3,0.3333333333333333,834,81.66666666666667
django,tests/migrations/migrations_test_apps/mutate_state_a/migrations/0001_initial.py,86.9,🔴 High,4,4,0.25,2445,20.75
django,django/contrib/admin/views/autocomplete.py,86.9,🔴 High,9,6,0.6666666666666666,2248,59.22222222222222
pytest,contrib/runtesthelper.py,86.9,🔴 High,5,1,0.2,287,10.6
pytest,testing/test_python_path.py,86.9,🔴 High,8,6,0.75,1353,86.375
django,tests/model_permalink/urls.py,86.9,🔴 High,4,3,0.75,532,4.333333333333333
pytest,py/test/plugin/pytest_pastebin.py,86.9,🔴 High,5,1,0.4,34,89.6
django,tests/staticfiles_tests/test_checks.py,86.8,🔴 High,8,6,0.5,2446,102.375
django,django/contrib/localflavor/ch/ch_states.py,86.8,🔴 High,2,1,1.0,64,29.0
django,django/templatetags/log.py,86.8,🔴 High,3,2,0.6666666666666666,43,28.0
django,django/contrib/gis/db/backend/postgis/models.py,86.8,🔴 High,6,1,0.8333333333333334,254,38.5
django,tests/urlpatterns/converters.py,86.8,🔴 High,3,3,0.6666666666666666,3468,26.0
django,tests/template_tests/syntax_tests/test_querystring.py,86.7,🔴 High,8,5,0.5,509,124.28571428571428
scikit-learn,sklearn/preprocessing/tests/test_base.py,86.7,🔴 High,3,3,0.3333333333333333,415,65.33333333333333
scikit-learn,examples/linear_model/plot_ridge_coeffs.py,86.7,🔴 High,6,5,0.1666666666666666,3196,34.666666666666664
scikit-learn,scikits/learn/machine/manifold_learning/compression/euclidian_mds.py,86.7,🔴 High,4,1,0.25,8,16.0
django,tests/regressiontests/file_storage/models.py,86.7,🔴 High,12,4,0.9166666666666666,292,19.272727272727273
pytest,py/xmlobj/html.py,86.7,🔴 High,4,3,0.25,948,45.75
pytest,py/rest/testing/test_rst2pdf.py,86.7,🔴 High,4,2,0.25,606,44.0
django,tests/model_formsets/test_uuid.py,86.7,🔴 High,5,4,0.8,3058,48.2
scikit-learn,asv_benchmarks/benchmarks/linear_model.py,86.7,🔴 High,7,6,0.1428571428571428,1945,164.28571428571428
pytest,py/test/dsession/nodemanage.py,86.6,🔴 High,6,1,0.0,0,93.0
pytest,bench/xunit.py,86.6,🔴 High,2,2,0.5,1332,3.5
django,tests/regressiontests/views/tests/generic/simple.py,86.6,🔴 High,5,4,0.6,410,38.0
django,tests/regressiontests/comment_tests/custom_comments/views.py,86.5,🔴 High,2,2,0.5,961,9.0
django,tests/gis_tests/inspectapp/models.py,86.5,🔴 High,10,5,0.3,3011,17.9
pytest,src/_pytest/_raises_group.py,86.5,🔴 High,7,3,0.4285714285714285,13,691.7142857142857
django,tests/regressiontests/localflavor/sk/tests.py,86.5,🔴 High,3,3,1.0,288,66.0
scikit-learn,scikits/learn/feature_extraction/__init__.py,86.5,🔴 High,6,5,0.3333333333333333,624,2.0
django,tests/modeltests/prefetch_related/models.py,86.5,🔴 High,7,3,0.7142857142857143,389,112.0
rich,tests/test_status.py,86.5,🔴 High,5,3,0.4,1062,22.0
django,django/contrib/gis/tests/geoapp/tests_mysql.py,86.5,🔴 High,4,2,0.75,215,123.0
django,tests/admin_scripts/management/commands/color_command.py,86.5,🔴 High,3,3,0.6666666666666666,322,6.0
django,tests/db_functions/comparison/test_coalesce.py,86.4,🔴 High,5,5,0.4,1500,66.4
cli,httpie/manager/cli.py,86.4,🔴 High,10,1,0.3,156,131.5
pytest,py/thread/testing/test_pool.py,86.4,🔴 High,4,3,0.25,950,77.25
django,django/middleware/__init__.py,86.4,🔴 High,2,2,0.5,7645,47.0
django,tests/migrations/test_migrations_squashed_extra/0001_squashed_0002.py,86.3,🔴 High,2,2,0.5,106,6.5
django,tests/regressiontests/localflavor/ie/tests.py,86.3,🔴 High,3,3,1.0,288,23.5
django,tests/gis_tests/geoadmin_deprecated/tests.py,86.3,🔴 High,4,3,0.25,498,103.75
django,tests/template_tests/filter_tests/test_safe.py,86.2,🔴 High,3,3,0.3333333333333333,2618,11.0
scikit-learn,scikits/learn/ga/parallel_pop.py,86.2,🔴 High,9,1,0.3333333333333333,0,194.33333333333337
rich,tests/test_emoji.py,86.2,🔴 High,5,1,0.2,578,14.2
scikit-learn,scikits/learn/src/BallTreePoint.h,86.2,🔴 High,4,4,0.25,435,5.666666666666667
click,tests/test_normalization.py,86.2,🔴 High,7,4,0.4285714285714285,3874,30.0
django,tests/check_framework/urls/unique_namespaces.py,86.1,🔴 High,5,4,0.6,1869,14.8
pytest,testing/root/test_oldmagic.py,86.1,🔴 High,4,1,0.75,323,159.0
flask,tests/test_async.py,86.1,🔴 High,12,4,0.4166666666666667,961,94.16666666666669
pytest,py/test/rsession/outcome.py,86.1,🔴 High,7,3,0.1428571428571428,19,85.0
scikit-learn,sklearn/tests/test_site_joblib.py,86.1,🔴 High,6,4,0.5,335,24.833333333333332
django,django/contrib/gis/ptr.py,86.1,🔴 High,4,4,0.5,1875,22.5
scikit-learn,scikits/learn/svm/examples/classification2.py,86.1,🔴 High,3,1,0.6666666666666666,28,37.5
django,tests/regressiontests/context_processors/views.py,86.1,🔴 High,4,3,0.75,971,16.5
click,tests/test_utils/test_echo.py,86.0,🔴 High,2,2,0.5,0,125.0
django,tests/migrations/test_migrations/0002_second.py,86.0,🔴 High,8,6,0.375,3513,18.285714285714285
pytest,src/_pytest/pytester_assertions.py,86.0,🔴 High,8,7,0.5,1923,57.625
django,django/contrib/gis/geoip2.py,86.0,🔴 High,10,3,0.5,1571,157.7
pytest,py/test/plugin/test_pytest_runner_xunit.py,85.9,🔴 High,3,1,0.6666666666666666,58,127.0
django,tests/db_functions/text/test_right.py,85.9,🔴 High,5,5,0.4,1749,27.8
scikit-learn,examples/linear_model/plot_lasso_path_crossval.py,85.9,🔴 High,10,4,0.1,241,39.1
scikit-learn,sklearn/utils/tests/test_bench.py,85.9,🔴 High,3,3,0.3333333333333333,1536,7.0
pytest,testing/example_scripts/unittest/test_unittest_asynctest.py,85.8,🔴 High,8,6,0.375,1508,13.875
pytest,src/_pytest/subtests.py,85.8,🔴 High,4,3,0.5,109,300.5
django,tests/regressiontests/localflavor/uy/tests.py,85.8,🔴 High,3,3,1.0,288,33.333333333333336
django,django/contrib/flatpages/tests/csrf.py,85.8,🔴 High,7,4,0.7142857142857143,938,64.71428571428571
django,tests/regressiontests/max_lengths/models.py,85.8,🔴 High,3,2,0.3333333333333333,1484,11.0
scikit-learn,examples/plot_species_distribution_modeling.py,85.8,🔴 High,8,2,0.25,16,146.0
pytest,py/test/report/webjs.py,85.8,🔴 High,2,1,1.0,24,303.0
scikit-learn,doc/tutorial/text_analytics/data/twenty_newsgroups/fetch_data.py,85.7,🔴 High,5,4,0.2,2087,19.0
django,tests/migrations/test_migrations_backwards_deps_1/0001_initial.py,85.7,🔴 High,3,3,0.6666666666666666,796,3.6666666666666665
scikit-learn,examples/model_selection/plot_grid_search_text_feature_extraction.py,85.7,🔴 High,5,3,0.2,641,121.0
django,django/contrib/auth/tests/test_custom_user.py,85.6,🔴 High,4,4,0.5,116,108.33333333333331
scikit-learn,scikits/learn/glm/sparse/tests/test_logistic.py,85.6,🔴 High,4,2,0.5,10,38.0
pytest,py/impl/path/cacheutil.py,85.6,🔴 High,2,1,1.0,55,71.0
django,tests/modeltests/model_package/models/publication.py,85.6,🔴 High,2,2,0.5,707,5.0
scikit-learn,sklearn/utils/_repr_html/tests/test_attributes.py,85.6,🔴 High,2,1,0.5,14,158.0
pytest,pytest/plugin/pytest_pytester.py,85.6,🔴 High,4,1,0.25,3,419.25
scikit-learn,scikits/learn/pyem/info.py,85.6,🔴 High,7,1,0.2857142857142857,0,3.0
pytest,extra/setup-py.test/setup.py,85.6,🔴 High,5,3,1.0,2694,10.0
django,tests/regressiontests/localflavor/us/forms.py,85.5,🔴 High,3,3,0.6666666666666666,433,5.333333333333333
django,tests/view_tests/__init__.py,85.5,🔴 High,8,6,0.625,1438,6.833333333333333
django,tests/staticfiles_tests/urls/default.py,85.5,🔴 High,4,3,0.25,3264,5.0
django,django/core/checks/compatibility/django_1_7_0.py,85.5,🔴 High,3,3,0.3333333333333333,282,24.0
scikit-learn,examples/model_selection/plot_likelihood_ratios.py,85.5,🔴 High,7,4,0.2857142857142857,1064,156.0
pytest,py/_plugin/pytest_helpconfig.py,85.4,🔴 High,5,1,0.2,255,135.25
pytest,testing/process/test_cmdexec.py,85.4,🔴 High,5,1,0.6,291,30.5
scikit-learn,sklearn/cross_val.py,85.4,🔴 High,12,2,0.0833333333333333,18,257.5
django,tests/regressiontests/i18n/contenttypes/tests.py,85.4,🔴 High,7,4,0.5714285714285714,448,28.142857142857142
cli,tests/test_tokens.py,85.4,🔴 High,7,4,0.1428571428571428,326,82.42857142857143
scikit-learn,sklearn/svm/sparse/libsvm.c,85.3,🔴 High,4,1,0.5,66,5243.75
rich,examples/table_movie.py,85.3,🔴 High,10,4,0.2,457,162.9
scikit-learn,sklearn/utils/_repr_html/tests/test_features.py,85.3,🔴 High,6,2,0.8333333333333334,96,149.0
django,tests/check/models.py,85.3,🔴 High,3,3,0.6666666666666666,131,7.0
django,django/contrib/localflavor/cn/forms.py,85.3,🔴 High,3,3,0.6666666666666666,412,125.66666666666669
scikit-learn,sklearn/utils/tests/test_linear_assignment.py,85.2,🔴 High,5,4,0.2,2288,43.6
django,tests/middleware/cond_get_urls.py,85.2,🔴 High,4,3,0.25,3264,5.0
pytest,py/impl/process/cmdexec.py,85.2,🔴 High,2,1,1.0,50,31.0
django,tests/staticfiles_tests/project/documents/cached/module_test.js,85.2,🔴 High,2,2,1.0,701,5.0
pytest,doc/en/example/py2py3/conftest.py,85.2,🔴 High,8,3,0.375,2726,10.0
scikit-learn,examples/multiclass/plot_multiclass_overview.py,85.2,🔴 High,5,5,0.6,518,60.0
django,django/db/backends/postgresql_psycopg2/utils.py,85.1,🔴 High,2,2,0.5,206,3.0
django,tests/admin_scripts/urls.py,85.1,🔴 High,8,4,0.375,4808,9.857142857142858
scikit-learn,sklearn/metrics/cluster/expected_mutual_info_fast.c,85.1,🔴 High,5,5,0.6,156,4642.6
django,django/db/migrations/operations/utils.py,85.1,🔴 High,8,5,0.625,1301,43.625
django,tests/context_processors/urls.py,85.1,🔴 High,9,6,0.4444444444444444,4449,5.75
scikit-learn,scikits/learn/glm/tests/test_logistic.py,85.0,🔴 High,4,3,0.25,10,39.5
scikit-learn,scikits/learn/svm/sparse/liblinear.py,85.0,🔴 High,10,4,0.2,139,14.2
cli,tests/test_plugins_cli.py,85.0,🔴 High,8,3,0.5,535,113.625
scikit-learn,scikits/learn/em/tests/test_gauss_mix.py,85.0,🔴 High,3,2,0.6666666666666666,63,65.0
django,django/contrib/admin/static/admin/js/jquery.js,85.0,🔴 High,4,4,0.75,1271,6817.333333333333
pytest,_py/code/_assertionnew.py,85.0,🔴 High,4,2,0.5,24,283.0
django,django/contrib/localflavor/se/utils.py,85.0,🔴 High,5,3,0.4,940,45.6
scikit-learn,scikits/learn/ga/algorithm.py,85.0,🔴 High,7,1,0.2857142857142857,0,307.7142857142857
django,tests/composite_pk/test_checks.py,85.0,🔴 High,5,4,1.0,576,225.8
scikit-learn,doc/tutorial/text_analytics/skeletons/exercise_02_sentiment.py,85.0,🔴 High,7,4,0.5714285714285714,2446,21.0
pytest,py/misc/rest.py,85.0,🔴 High,4,2,0.5,945,56.25
scikit-learn,scikits/learn/svm/examples/classification.py,84.9,🔴 High,3,1,0.6666666666666666,28,60.0
scikit-learn,scikits/learn/utils/arrayfuncs.c,84.9,🔴 High,6,1,0.0,360,2948.2
scikit-learn,examples/gmm/plot_gmm_classifier.py,84.9,🔴 High,5,4,0.2,5,61.6
django,tests/tasks/test_custom_backend.py,84.8,🔴 High,3,3,0.6666666666666666,263,72.0
scikit-learn,scikits/learn/em/examples/utils.py,84.8,🔴 High,2,1,1.0,43,24.0
pytest,_pytest/outcomes.py,84.8,🔴 High,7,3,0.5714285714285714,977,76.57142857142857
pytest,pytest/plugin/skipping.py,84.8,🔴 High,5,1,0.4,33,168.25
pytest,py/test/web/webcheck.py,84.8,🔴 High,4,2,0.25,774,25.0
django,tests/flatpages_tests/no_slash_urls.py,84.8,🔴 High,2,2,0.5,799,4.0
pytest,py/apigen/tracer/testing/test_docgen.py,84.7,🔴 High,7,3,0.4285714285714285,20,365.7142857142857
rich,tests/test_control.py,84.7,🔴 High,11,3,0.2727272727272727,745,29.09090909090909
cli,docs/packaging/brew/httpie.rb,84.7,🔴 High,10,3,0.2,668,65.8
pytest,doc/example/assertion/test_failures.py,84.7,🔴 High,9,2,0.3333333333333333,406,11.75
pytest,py/path/gateway/remotepath.py,84.6,🔴 High,5,2,0.6,939,37.0
pytest,py/plugin/pytest_restdoc.py,84.6,🔴 High,2,1,0.5,67,357.0
scikit-learn,scikits/learn/machine/em/setup.py,84.6,🔴 High,3,1,0.3333333333333333,16,19.0
django,django/contrib/localflavor/mk/forms.py,84.6,🔴 High,3,3,0.6666666666666666,361,61.666666666666664
django,tests/or_lookups/models.py,84.6,🔴 High,6,6,0.1666666666666666,3264,8.8
django,tests/template_tests/syntax_tests/i18n/test_get_language_info.py,84.6,🔴 High,5,5,0.4,1902,34.2
scikit-learn,sklearn/random_projection/random_projection.py,84.5,🔴 High,10,1,0.2,9,164.4
django,tests/regressiontests/utils/tzinfo.py,84.5,🔴 High,6,3,0.5,676,27.0
django,django/conf/app_template/apps.py,84.5,🔴 High,2,2,1.0,180,3.0
django,tests/mail/__init__.py,84.5,🔴 High,3,2,0.3333333333333333,4782,36.0
django,tests/gis_tests/gis_migrations/migrations/0001_initial.py,84.5,🔴 High,6,5,0.3333333333333333,813,61.6
pytest,testing/test_compat_deprecation.py,84.5,🔴 High,2,1,0.5,66,15.0
django,tests/regressiontests/localflavor/is_/tests.py,84.5,🔴 High,3,3,1.0,288,93.0
pytest,doc/en/genapi.py,84.5,🔴 High,5,4,0.4,2043,33.0
pytest,py/test/dsession/testing/test_nodemanage.py,84.5,🔴 High,4,1,0.25,0,136.0
django,django/core/template/loaders/eggs.py,84.4,🔴 High,3,1,0.6666666666666666,40,16.0
django,tests/migrations/migrations_test_apps/mutate_state_b/migrations/0001_initial.py,84.4,🔴 High,4,4,0.25,2445,19.25
scikit-learn,maint_tools/bump-dependencies-versions.py,84.4,🔴 High,6,4,0.3333333333333333,462,144.16666666666666
scikit-learn,scikits/learn/covariance/tests/test_covariance.py,84.4,🔴 High,15,4,0.2,153,102.93333333333334
pytest,py/test/representation.py,84.4,🔴 High,6,2,0.3333333333333333,376,146.33333333333334
django,tests/modeltests/custom_columns/tests.py,84.4,🔴 High,4,3,0.25,676,52.75
scikit-learn,sklearn/svm/src/libsvm/_svm_cython_blas_helpers.h,84.4,🔴 High,2,2,0.5,1023,4.0
django,django/conf/locale/fr_CH/formats.py,84.3,🔴 High,2,2,1.0,791,25.0
django,tests/regressiontests/signals_regress/tests.py,84.3,🔴 High,5,3,0.2,711,69.0
scikit-learn,scikits/learn/ann/setup.py,84.3,🔴 High,3,1,0.6666666666666666,28,7.0
django,django/core/serializers/jsonl.py,84.3,🔴 High,5,5,0.6,2186,42.0
django,django/conf/admin_media/js/SelectBox.js,84.3,🔴 High,2,1,0.5,22,104.0
scikit-learn,scikits/learn/glm/ridge.py,84.2,🔴 High,7,4,0.2857142857142857,258,24.857142857142858
flask,examples/blueprintexample/blueprintexample.py,84.2,🔴 High,4,4,0.0,2170,6.5
scikit-learn,scikits/learn/machine/manifold_learning/compression/similarities.py,84.2,🔴 High,4,1,0.5,8,110.0
scikit-learn,examples/lda.py,84.2,🔴 High,6,3,0.1666666666666666,33,10.833333333333334
django,django/contrib/messages/constants.py,84.2,🔴 High,3,3,0.6666666666666666,4439,16.666666666666668
pytest,testing/example_scripts/fixtures/fill_fixtures/test_conftest_funcargs_only_available_in_subdir/sub2/conftest.py,84.2,🔴 High,8,3,0.5,2636,4.5
pytest,py/impl/code/code.py,84.2,🔴 High,2,1,1.0,55,555.5
django,tests/forms_tests/field_tests/__init__.py,84.1,🔴 High,4,4,0.25,2348,6.0
scikit-learn,scikits/learn/manifold/compression/stochastic_dimensionality_reduction.py,84.1,🔴 High,2,1,0.5,26,29.0
pytest,testing/example_scripts/unittest/test_unittest_asyncio.py,84.1,🔴 High,9,5,0.3333333333333333,1555,15.22222222222222
scikit-learn,scikits/learn/manifold/compression/dimensionality_reduction.py,84.1,🔴 High,2,1,0.5,26,29.0
cli,extras/profiling/run.py,84.1,🔴 High,3,3,0.3333333333333333,599,192.0
django,django/db/backends/signals.py,84.0,🔴 High,4,3,1.0,3989,2.5
django,tests/regressiontests/forms/localflavor/pt.py,84.0,🔴 High,5,4,0.8,598,22.0
scikit-learn,doc/tutorial/text_analytics/working_with_text_data_fixture.py,84.0,🔴 High,4,2,0.5,788,3.0
django,django/utils/translation/reloader.py,84.0,🔴 High,7,4,0.7142857142857143,1116,23.428571428571427
django,tests/db_functions/text/test_length.py,84.0,🔴 High,4,4,0.25,1500,41.0
pytest,doc/en/example/fixtures/test_fixtures_order_scope.py,84.0,🔴 High,2,2,0.5,1278,22.5
pytest,doc/en/example/fixtures/test_fixtures_order_autouse_temp_effects.py,84.0,🔴 High,2,2,0.5,1278,23.5
pytest,_py/path/common.py,83.9,🔴 High,2,1,0.5,26,223.0
django,tests/i18n/commands/compilation.py,83.9,🔴 High,6,4,0.6666666666666666,252,77.6
django,tests/utils_tests/test_itercompat.py,83.8,🔴 High,3,3,0.6666666666666666,4142,11.5
django,tests/admin_scripts/configured_settings_manage.py,83.8,🔴 High,3,3,0.6666666666666666,1264,6.0
django,tests/regressiontests/staticfiles_tests/urls/default.py,83.8,🔴 High,3,3,1.0,326,4.333333333333333
django,tests/i18n/models.py,83.8,🔴 High,5,5,0.2,3264,12.0
django,django/core/checks/mail.py,83.8,🔴 High,2,2,1.0,9,36.5
django,django/core/mail/exceptions.py,83.8,🔴 High,1,1,1.0,0,9.0
django,tests/forms_tests/widget_tests/test_passwordinput.py,83.8,🔴 High,4,4,0.5,2348,25.25
pytest,py/path/testing/test_svnurl.py,83.8,🔴 High,3,1,0.3333333333333333,10,94.66666666666669
scikit-learn,scikits/learn/decomposition/tests/test_pca.py,83.8,🔴 High,9,4,0.2222222222222222,151,232.71428571428572
requests,requests/packages/urllib3/contrib/appengine.py,83.8,🔴 High,10,5,0.1,678,144.0
pytest,py/impl/log/warning.py,83.7,🔴 High,3,1,0.3333333333333333,55,69.0
django,tests/check_framework/urls/path_compatibility/contains_re_named_group.py,83.7,🔴 High,4,4,0.75,1549,4.0
django,tests/regressiontests/middleware/models.py,83.7,🔴 High,2,2,1.0,1857,4.5
django,tests/composite_pk/test_values.py,83.7,🔴 High,3,3,1.0,509,209.33333333333337
django,django/contrib/gis/db/backends/mysql/creation.py,83.7,🔴 High,3,3,0.6666666666666666,1411,15.0
scikit-learn,examples/plot_svm.py,83.7,🔴 High,11,2,0.0909090909090909,50,21.636363636363637
scikit-learn,scikits/learn/manifold/compression/geodesic_mds.py,83.6,🔴 High,2,1,0.5,26,61.0
scikit-learn,scikits/learn/preprocessing/src/_preprocessing.c,83.6,🔴 High,4,2,0.25,109,3155.0
django,django/contrib/localflavor/ec/forms.py,83.6,🔴 High,2,2,0.5,80,5.5
pytest,_py/cmdline/pycleanup.py,83.5,🔴 High,3,1,0.3333333333333333,24,33.5
django,tests/regressiontests/localflavor/cz/tests.py,83.5,🔴 High,4,3,0.75,288,68.66666666666667
pytest,testing/typing_raises_group.py,83.5,🔴 High,8,3,0.25,219,148.25
cli,extras/httpie.rb,83.5,🔴 High,15,3,0.0666666666666666,1735,46.6
scikit-learn,scikits/learn/manifold/__init__.py,83.5,🔴 High,7,2,0.2857142857142857,575,2.0
pytest,testing/cmdline/test_generic.py,83.4,🔴 High,2,1,1.0,53,56.0
django,tests/modeltests/properties/tests.py,83.4,🔴 High,3,3,0.6666666666666666,535,13.666666666666666
django,tests/migrations/migrations_test_apps/conflicting_app_with_dependencies/migrations/0002_second.py,83.4,🔴 High,4,4,0.25,2732,17.25
django,tests/migrations/test_migrations_atomic_operation/0001_initial.py,83.4,🔴 High,4,4,0.5,2195,16.25
rich,rich/constrain.py,83.4,🔴 High,14,1,0.2857142857142857,407,17.285714285714285
django,tests/admin_scripts/views.py,83.4,🔴 High,1,1,1.0,0,13.0
scikit-learn,examples/release_highlights/plot_release_highlights_1_4_0.py,83.4,🔴 High,6,5,0.1666666666666666,495,113.5
django,tests/modeltests/update_only_fields/tests.py,83.4,🔴 High,7,4,0.8571428571428571,272,154.42857142857142
pytest,py/test/report/collectonly.py,83.4,🔴 High,1,1,1.0,0,32.0
cli,httpie/output/formatters/json.py,83.3,🔴 High,10,2,0.3,2702,24.3
cli,tests/utils/plugins_cli.py,83.3,🔴 High,4,1,0.5,135,161.5
django,django/core/template_loader.py,83.3,🔴 High,6,2,0.5,293,71.16666666666667
django,django/core/handlers/profiler-hotshot.py,83.3,🔴 High,3,2,0.3333333333333333,2186,8.666666666666666
pytest,py/misc/testing/test_cache.py,83.3,🔴 High,4,1,0.5,764,56.5
scikit-learn,sklearn/utils/_arpack.py,83.3,🔴 High,4,4,0.25,1830,5.0
django,tests/db_functions/text/test_chr.py,83.3,🔴 High,4,4,0.5,1698,31.25
django,tests/admin_scripts/complex_app/models/bar.py,83.3,🔴 High,5,5,0.4,3264,5.5
django,django/contrib/localflavor/co/forms.py,83.3,🔴 High,2,2,0.5,80,5.5
rich,rich/file_proxy.py,83.3,🔴 High,10,2,0.1,1954,42.4
django,tests/regressiontests/localflavor/mk/forms.py,83.2,🔴 High,2,2,0.5,123,5.5
django,tests/project_template/views.py,83.2,🔴 High,2,2,1.0,1529,3.0
pytest,scripts/towncrier-draft-to-file.py,83.1,🔴 High,4,4,0.25,1340,8.5
pytest,py/apigen/rest/testing/test_rest.py,83.1,🔴 High,3,2,0.3333333333333333,764,404.6666666666667
django,django/contrib/localflavor/generic/forms.py,83.1,🔴 High,4,3,1.0,554,28.25
pytest,py/error.py,83.1,🔴 High,3,2,0.6666666666666666,17,64.0
django,django/contrib/comments/apps.py,83.1,🔴 High,2,2,1.0,60,5.0
django,django/contrib/formtools/apps.py,83.1,🔴 High,2,2,1.0,60,5.0
pytest,py/cmdline/pyrest.py,83.1,🔴 High,4,3,0.25,373,58.0
django,tests/model_fields/test_mixins.py,83.1,🔴 High,3,3,0.3333333333333333,223,48.333333333333336
pytest,py/_plugin/pytest_nose.py,83.1,🔴 High,5,2,0.6,232,42.5
scikit-learn,sklearn/tree/_splitter.c,83.0,🔴 High,5,2,0.2,14,8279.6
django,django/contrib/gis/db/backend/__init__.py,83.0,🔴 High,4,1,0.5,637,13.0
django,tests/db_functions/text/test_upper.py,83.0,🔴 High,4,4,0.25,1500,38.0
scikit-learn,scikits/learn/tests/test_preprocessing.py,83.0,🔴 High,5,3,0.4,31,15.6
scikit-learn,sklearn/tree/_criterion.c,83.0,🔴 High,5,2,0.2,14,5688.8
scikit-learn,scikits/learn/pyem/online_em.py,83.0,🔴 High,8,1,0.25,0,179.85714285714286
rich,rich/_emoji_replace.py,83.0,🔴 High,10,3,0.2,2327,15.8
django,tests/regressiontests/admin_inlines/urls.py,82.9,🔴 High,2,2,0.5,23,5.5
scikit-learn,examples/decomposition/plot_dict_learning.py,82.9,🔴 High,11,3,0.3636363636363636,474,22.636363636363637
django,tests/testapp/models/many_to_one.py,82.9,🔴 High,3,1,0.3333333333333333,114,78.33333333333333
pytest,py/test/dsession/mypickle.py,82.9,🔴 High,2,1,0.5,6,110.5
scikit-learn,sklearn/utils/_ransac.py,82.8,🔴 High,8,1,0.125,1,42.714285714285715
pytest,testing/cx_freeze/runtests_setup.py,82.8,🔴 High,6,3,0.3333333333333333,692,9.666666666666666
pytest,py/apigen/source/testing/test_color.py,82.8,🔴 High,5,2,0.8,16,71.6
django,tests/regressiontests/managers_regress/tests.py,82.8,🔴 High,4,3,0.75,791,89.5
django,js_tests/admin/navigation.test.js,82.7,🔴 High,3,3,0.3333333333333333,1961,19.0
django,tests/test_runner_deprecation_app/tests.py,82.7,🔴 High,3,3,1.0,301,6.333333333333333
scikit-learn,examples/glm/plot_bayesian_ridge.py,82.6,🔴 High,4,3,0.25,21,39.75
django,tests/regressiontests/localflavor/ar/tests.py,82.6,🔴 High,6,4,1.0,330,89.0
pytest,py/apigen/tracer/testing/test_package.py,82.6,🔴 High,3,1,0.3333333333333333,572,40.666666666666664
django,django/contrib/sitemaps/tests/generic.py,82.6,🔴 High,6,3,0.5,418,15.833333333333334
pytest,py/test/testing/test_setup_functional.py,82.6,🔴 High,5,2,0.2,64,131.0
pytest,py/execnet/multi.py,82.6,🔴 High,5,3,0.2,175,54.4
django,tests/builtin_server/urls.py,82.6,🔴 High,2,2,0.5,727,5.0
django,django/core/mail/deprecation.py,82.6,🔴 High,2,2,1.0,65,44.0
django,tests/regressiontests/commands_sql/tests.py,82.6,🔴 High,3,3,0.6666666666666666,14,32.0
scikit-learn,sklearn/utils/metadata_routing.py,82.6,🔴 High,10,4,0.3,1102,11.8
django,django/contrib/gis/tests/test_geos.py,82.6,🔴 High,2,1,0.5,97,564.5
requests,tests/informal/test_leaked_connections.py,82.6,🔴 High,3,3,0.6666666666666666,82,15.333333333333334
django,tests/template_tests/syntax_tests/test_resetcycle.py,82.5,🔴 High,4,4,0.5,2041,100.5
pytest,bench/empty.py,82.5,🔴 High,9,5,0.4444444444444444,5159,2.5555555555555554
pytest,py/misc/testing/test_api.py,82.5,🔴 High,4,2,0.5,876,29.5
rich,rich/_wrap.py,82.5,🔴 High,13,2,0.6153846153846154,1418,37.61538461538461
scikit-learn,sklearn/linear_model/randomized_lasso.py,82.5,🔴 High,10,2,0.1,91,129.4
scikit-learn,examples/decomposition/plot_varimax_fa.py,82.5,🔴 High,8,6,0.25,1442,41.375
pytest,py/code/safe_repr.py,82.4,🔴 High,3,1,0.6666666666666666,574,37.333333333333336
scikit-learn,scikits/learn/machine/manifold_learning/regression/cluster/__init__.py,82.4,🔴 High,3,1,0.6666666666666666,26,4.0
scikit-learn,scikits/learn/manifold/compression/robust_dimensionality_reduction.py,82.4,🔴 High,2,1,0.5,26,53.0
scikit-learn,scikits/learn/tests/test_label_propagation.py,82.4,🔴 High,13,2,0.3846153846153846,48,30.846153846153847
pytest,py/magic/testing/test_exprinfo.py,82.4,🔴 High,4,2,0.5,913,111.75
django,tests/regressiontests/i18n/test_warnings.py,82.3,🔴 High,5,4,0.4,243,32.8
scikit-learn,benchmarks/bench_plot_balltree.py,82.3,🔴 High,4,4,0.25,280,45.666666666666664
cli,tests/__init__.py,82.3,🔴 High,16,2,0.125,2568,110.6
pytest,doc/en/example/fixtures/test_fixtures_order_autouse_multiple_scopes.py,82.3,🔴 High,2,2,0.5,1278,19.5
django,django/contrib/gis/tests/test_gdal_geom.py,82.2,🔴 High,2,1,0.5,97,323.5
django,tests/migrations/test_migrations_squashed_ref_squashed/app1/1_auto.py,82.2,🔴 High,2,2,0.5,195,3.5
scikit-learn,scikits/learn/svm/src/libsvm/svm.h,82.2,🔴 High,8,1,0.25,338,89.66666666666667
pytest,testing/execnet/test_gateway.py,82.2,🔴 High,4,1,0.25,4,465.0
scikit-learn,testbdt.py,82.1,🔴 High,14,1,0.3571428571428571,2,21.214285714285715
scikit-learn,examples/stock_market.py,82.1,🔴 High,6,2,0.3333333333333333,107,80.33333333333333
pytest,testing/example_scripts/unittest/test_unittest_plain_async.py,82.1,🔴 High,3,2,0.3333333333333333,1412,4.333333333333333
pytest,testing/examples/test_issue519.py,82.1,🔴 High,6,3,0.5,2182,4.0
django,tests/servers/test_liveserverthread.py,82.1,🔴 High,6,4,0.6666666666666666,2356,26.5
django,tests/apps/one_config_app/apps.py,82.1,🔴 High,2,2,0.5,562,3.0
scikit-learn,examples/miscellaneous/plot_isotonic_regression.py,82.0,🔴 High,8,6,0.125,1995,30.285714285714285
pytest,py/plugin/pytest_mark.py,82.0,🔴 High,3,1,1.0,54,59.0
django,django/db/backends/postgresql/version.py,82.0,🔴 High,5,4,0.6,3087,10.5
pytest,py/doc/example/pytest/test_setup_flow_example.py,82.0,🔴 High,2,1,0.5,570,17.0
pytest,_py/test/plugin/pytest_unittest.py,82.0,🔴 High,3,1,0.6666666666666666,18,53.0
django,tests/regressiontests/localflavor/mx/forms.py,81.9,🔴 High,2,2,0.5,76,5.5
cli,httpie/cli/options.py,81.9,🔴 High,3,1,0.6666666666666666,58,177.66666666666666
scikit-learn,scikits/learn/feature_extraction/text/sparse.py,81.9,🔴 High,5,2,0.2,22,53.6
django,tests/testapp/models/get_latest.py,81.9,🔴 High,2,1,0.5,27,30.5
pytest,testing/code/test_source_multiline_block.py,81.9,🔴 High,6,3,0.3333333333333333,340,12.5
scikit-learn,doc/tutorial/text_analytics/data/movie_reviews/fetch_data.py,81.9,🔴 High,6,4,0.1666666666666666,3433,18.8
django,django/contrib/localflavor/es/es_provinces.py,81.9,🔴 High,2,2,1.0,1671,55.0
scikit-learn,examples/sgd/plot_separating_hyperplane.py,81.8,🔴 High,7,3,0.1428571428571428,34,26.142857142857142
scikit-learn,scikits/learn/utils/setup.py,81.8,🔴 High,6,4,0.1666666666666666,370,22.0
django,tests/testapp/models/repr.py,81.8,🔴 High,2,1,0.5,27,19.0
django,tests/admin_autodiscover/tests.py,81.8,🔴 High,3,3,0.3333333333333333,2749,8.666666666666666
pytest,py/magic/testing/test_assertion.py,81.7,🔴 High,2,1,0.5,574,78.0
django,django/conf/admin_media/js/core.js,81.7,🔴 High,2,1,0.5,22,91.0
django,tests/regressiontests/localflavor/es/tests.py,81.7,🔴 High,4,3,1.0,288,108.5
django,tests/urlpatterns_reverse/urls_error_handlers_callables.py,81.6,🔴 High,6,5,0.3333333333333333,4023,5.8
django,tests/proxy_model_inheritance/models.py,81.6,🔴 High,4,4,0.5,3264,10.0
django,tests/modeltests/test_client/tests.py,81.6,🔴 High,3,2,0.6666666666666666,1546,10.0
django,tests/i18n/sampleproject/manage.py,81.6,🔴 High,4,4,0.75,2485,7.0
django,tests/regressiontests/bash_completion/management/commands/test_command.py,81.6,🔴 High,3,2,0.3333333333333333,601,9.666666666666666
django,tests/flatpages_tests/absolute_urls.py,81.6,🔴 High,2,2,0.5,799,5.0
django,tests/db_functions/text/test_lower.py,81.6,🔴 High,4,4,0.25,1500,35.0
django,tests/test_client/test_conditional_content_removal.py,81.6,🔴 High,5,4,0.4,2110,40.6
pytest,py/bin/_makepyrelease.py,81.5,🔴 High,4,1,0.25,379,150.75
django,tests/check_framework/urls/include_contains_tuple.py,81.5,🔴 High,2,2,0.5,1932,4.0
django,tests/regressiontests/admin_changelist/urls.py,81.5,🔴 High,2,2,0.5,23,5.0
django,tests/regressiontests/admin_custom_urls/urls.py,81.5,🔴 High,2,2,0.5,22,5.0
django,tests/null_queries/models.py,81.4,🔴 High,8,7,0.375,4705,16.857142857142858
pytest,py/code/testing/test_code.py,81.4,🔴 High,7,4,0.4285714285714285,947,103.28571428571428
scikit-learn,scikits/learn/ga/genome.py,81.4,🔴 High,9,1,0.4444444444444444,0,205.77777777777777
pytest,py/test/rsession/testing/test_executor.py,81.4,🔴 High,12,2,0.3333333333333333,214,126.16666666666669
pytest,py/io/forkedfunc.py,81.3,🔴 High,1,1,1.0,0,87.0
rich,tests/test_protocol.py,81.3,🔴 High,7,1,0.1428571428571428,579,28.285714285714285
django,django/contrib/admin/templatetags/admin_filters.py,81.3,🔴 High,2,2,0.5,61,32.5
pytest,testing/plugin/test_pytest_logxml.py,81.2,🔴 High,3,1,0.3333333333333333,11,121.0
scikit-learn,sklearn/utils/_repr_html/common.py,81.2,🔴 High,2,1,0.5,63,37.0
django,tests/migrations/migrations_test_apps/unmigrated_app_simple/models.py,81.2,🔴 High,2,2,0.5,1298,3.0
scikit-learn,sklearn/utils/_repr_html/fitted_attributes.py,81.2,🔴 High,2,1,0.5,14,114.0
django,tests/logging_tests/logconfig.py,81.2,🔴 High,4,4,0.5,4795,12.666666666666666
django,django/contrib/staticfiles/testing.py,81.2,🔴 High,4,4,0.5,1333,4.0
django,tests/db_functions/text/test_left.py,81.1,🔴 High,4,4,0.25,1500,24.0
django,tests/gis_tests/gis_migrations/test_commands.py,81.1,🔴 High,9,6,0.3333333333333333,3770,37.44444444444444
scikit-learn,scikits/learn/svm/sparse/classes.py,81.0,🔴 High,13,5,0.1538461538461538,155,44.0
django,django/utils/unittest/suite.py,81.0,🔴 High,2,2,1.0,805,205.0
django,tests/regressiontests/localflavor/au/forms.py,81.0,🔴 High,2,2,0.5,174,5.5
django,tests/migrations/test_migrations_clashing_prefix/ab.py,81.0,🔴 High,2,2,0.5,1293,3.0
cli,extras/get-homebrew-formula-vars.py,81.0,🔴 High,5,1,0.4,903,41.4
django,tests/regressiontests/invalid_admin_options/models.py,81.0,🔴 High,2,2,1.0,214,179.0
django,tests/regressiontests/middleware_exceptions/models.py,81.0,🔴 High,2,2,1.0,548,1.0
scikit-learn,sklearn/cluster/tests/test_bisect_k_means.py,81.0,🔴 High,8,7,0.375,1402,86.25
django,tests/model_permalink/views.py,81.0,🔴 High,3,3,0.3333333333333333,482,3.0
django,tests/db_functions/text/test_trim.py,80.9,🔴 High,4,4,0.25,1500,36.0
django,django/contrib/sitemaps/tests/flatpages.py,80.9,🔴 High,2,2,1.0,129,26.5
click,click/_optparse.py,80.9,🔴 High,10,2,0.3,5,287.1
scikit-learn,sklearn/externals/joblib/externals/loky/backend/reduction.py,80.8,🔴 High,4,2,0.25,95,125.0
pytest,testing/io/test_wcwidth.py,80.8,🔴 High,5,4,0.4,1483,34.2
django,django/conf/locale/uz/formats.py,80.8,🔴 High,3,3,0.3333333333333333,826,23.666666666666668
pytest,pytest/plugin/unittest.py,80.8,🔴 High,7,1,0.1428571428571428,33,45.166666666666664
django,tests/migrations/migrations_test_apps/unmigrated_app_syncdb/models.py,80.8,🔴 High,2,2,1.0,3396,6.5
pytest,py/test/plugin/pytest_tmpdir.py,80.7,🔴 High,14,2,0.2142857142857142,191,14.214285714285714
django,django/contrib/gis/tests/geometries.py,80.7,🔴 High,4,2,0.25,523,132.5
django,tests/db_functions/text/test_pad.py,80.7,🔴 High,6,6,0.3333333333333333,1546,45.0
django,tests/transactions_regress/models.py,80.7,🔴 High,3,3,0.6666666666666666,338,9.0
scikit-learn,examples/tree_model/plot_random_forest_iris.py,80.7,🔴 High,2,2,0.5,112,40.5
scikit-learn,sklearn/decomposition/_online_lda.c,80.7,🔴 High,5,2,0.2,375,4028.6
pytest,_pytest/mark/__init__.py,80.7,🔴 High,7,2,0.1428571428571428,90,162.0
django,django/contrib/gis/templates/gis/google/google-multi.js,80.6,🔴 High,3,2,0.6666666666666666,1864,8.0
django,tests/async/test_async_auth.py,80.6,🔴 High,6,5,0.6666666666666666,937,126.0
pytest,py/apigen/tracer/description.py,80.6,🔴 High,5,3,0.4,6,239.2
django,tests/regressiontests/maxlength/tests.py,80.6,🔴 High,2,2,1.0,121,3.0
scikit-learn,scikits/learn/machine/manifold_learning/compression/quadratic_dimensionality_reduction.py,80.5,🔴 High,3,1,0.3333333333333333,19,29.666666666666668
django,tests/backends/sqlite/test_operations.py,80.5,🔴 High,8,6,0.625,2101,96.0
requests,tests/unit/test_requests_api.py,80.5,🔴 High,8,1,0.125,1,120.75
django,django/contrib/formtools/wizard/__init__.py,80.5,🔴 High,3,3,0.6666666666666666,1274,1.0
django,tests/regressiontests/i18n/patterns/urls/disabled.py,80.5,🔴 High,2,2,1.0,88,7.0
django,django/conf/project_template/settings/urls/admin.py,80.5,🔴 High,2,1,1.0,49,4.5
scikit-learn,scikits/learn/kriging.py,80.5,🔴 High,4,1,0.5,12,401.75
django,django/test/doctest.py,80.5,🔴 High,2,2,0.5,28,1056.5
django,tests/othertests/markup.py,80.5,🔴 High,6,3,0.6666666666666666,345,37.0
django,tests/postgres_tests/integration_settings.py,80.5,🔴 High,2,2,0.5,1107,4.0
pytest,_py/apipkg.py,80.5,🔴 High,3,1,0.0,24,53.333333333333336
pytest,py/_process/cmdexec.py,80.5,🔴 High,4,1,0.25,194,34.333333333333336
django,django/contrib/gis/tests/maps/tests.py,80.4,🔴 High,4,4,0.75,27,21.75
scikit-learn,scikits/learn/decisiontree/decisiontree.py,80.4,🔴 High,12,1,0.25,29,26.5
django,django/contrib/gis/db/backend/oracle/models.py,80.4,🔴 High,6,1,0.8333333333333334,254,32.5
django,tests/migrations/test_migrations_noop/0001_initial.py,80.4,🔴 High,2,2,0.5,355,6.0
pytest,doc/en/example/fixtures/test_fixtures_request_different_scope.py,80.4,🔴 High,2,2,0.5,1278,19.5
pytest,py/io/testing/test_fdcapture.py,80.4,🔴 High,1,1,1.0,0,51.0
pytest,py/_path/common.py,80.3,🔴 High,4,1,0.25,194,224.33333333333337
pytest,_py/test/defaultconftest.py,80.3,🔴 High,3,1,0.3333333333333333,19,9.0
pytest,py/bin/_genscripts.py,80.2,🔴 High,1,1,1.0,0,27.0
scikit-learn,sklearn/neural_network/tests/test_base.py,80.2,🔴 High,4,4,0.25,1901,24.75
django,tests/modeltests/m2m_recursive/tests.py,80.2,🔴 High,3,2,0.3333333333333333,795,198.66666666666663
django,django/parts/auth/formfields.py,80.2,🔴 High,4,2,0.5,166,30.0
django,tests/regressiontests/middleware/extra_urls.py,80.2,🔴 High,2,2,0.5,553,6.0
scikit-learn,scikits/learn/meta/multiclass.py,80.1,🔴 High,9,1,0.3333333333333333,0,86.33333333333333
django,tests/sessions_tests/no_clear_expired.py,80.1,🔴 High,2,2,0.5,625,3.0
django,tests/regressiontests/templates/alternate_urls.py,80.1,🔴 High,4,3,0.75,270,6.25
scikit-learn,sklearn/__check_build/setup.py,80.1,🔴 High,5,5,0.6,3326,11.0
django,tests/dbshell/tests.py,80.1,🔴 High,3,3,0.3333333333333333,2815,31.0
pytest,testing/plugin/test_helpconfig.py,80.1,🔴 High,6,1,0.1666666666666666,33,46.333333333333336
django,django/utils/choices.py,80.0,🔴 High,8,3,0.5,391,48.625
pytest,py/test/report/web.py,80.0,🔴 High,2,1,1.0,24,384.0
django,tests/db_functions/text/test_substr.py,80.0,🔴 High,4,4,0.25,1500,42.0
django,tests/regressiontests/localflavor/se/tests.py,80.0,🔴 High,3,3,1.0,288,105.0
scikit-learn,scikits/learn/svm/sparse/libsvm.py,80.0,🔴 High,7,3,0.1428571428571428,126,39.285714285714285
django,tests/contenttypes_tests/operations_migrations/0002_rename_foo.py,79.9,🔴 High,4,4,0.25,2448,27.25
scikit-learn,scikits/learn/src/cblas/atlas_reflevel1.h,79.9,🔴 High,4,1,0.5,350,315.3333333333333
django,tests/user_commands/urls.py,79.9,🔴 High,3,3,0.3333333333333333,2295,4.0
django,django/urls/exceptions.py,79.9,🔴 High,2,2,0.5,325,5.5
scikit-learn,scikits/learn/linear_model/sparse/coordinate_descent.py,79.9,🔴 High,10,5,0.2,280,49.875
scikit-learn,examples/miscellaneous/plot_anomaly_comparison.py,79.9,🔴 High,9,7,0.1111111111111111,1512,90.625
scikit-learn,scikits/learn/pyem/densities.py,79.8,🔴 High,16,1,0.0625,0,142.93333333333334
rich,rich/_null_file.py,79.8,🔴 High,9,3,0.3333333333333333,754,49.77777777777778
scikit-learn,scikits/learn/metrics/cluster.py,79.8,🔴 High,10,3,0.3,117,44.0
django,tests/forms_tests/views.py,79.8,🔴 High,5,4,0.4,3264,14.5
scikit-learn,sklearn/externals/joblib/numpy_pickle_compat.py,79.8,🔴 High,3,3,0.3333333333333333,729,114.0
scikit-learn,scikits/learn/naive_bayes/naive_bayes.py,79.7,🔴 High,5,3,0.2,38,97.4
cli,httpie/output/formatters/xml.py,79.7,🔴 High,6,3,0.5,2786,43.666666666666664
django,tests/migrations/test_migrations_squashed_replaced_order/app1/0001_squashed_initial.py,79.7,🔴 High,1,1,1.0,0,8.0
django,tests/migrations/test_migrations_squashed_replaced_order/app2/0001_squashed_initial.py,79.7,🔴 High,1,1,1.0,0,8.0
django,tests/regressiontests/utils/ipv6.py,79.7,🔴 High,2,2,1.0,362,41.5
django,tests/regressiontests/app_loading/parent/app/__init__.py,79.6,🔴 High,3,2,0.6666666666666666,994,0.0
django,tests/regressiontests/app_loading/parent/app1/__init__.py,79.6,🔴 High,3,2,0.6666666666666666,994,0.0
django,tests/regressiontests/app_loading/parent/__init__.py,79.6,🔴 High,3,2,0.6666666666666666,994,0.0
django,tests/comment_tests/tests/test_comment_form.py,79.6,🔴 High,5,5,0.2,260,57.75
pytest,contrib/pygreen/server/httpserver.py,79.6,🔴 High,2,1,1.0,64,28.0
django,django/contrib/databrowse/plugins/objects.py,79.6,🔴 High,2,2,0.0,1921,13.5
django,tests/migrations2/test_migrations_2_first/0001_initial.py,79.6,🔴 High,4,4,0.25,3150,17.25
django,tests/syncdb_signals/tests.py,79.5,🔴 High,4,3,0.5,27,45.0
scikit-learn,scikits/learn/datasets/tests/test_mldata.py,79.5,🔴 High,11,3,0.2727272727272727,101,99.27272727272728
django,tests/check_framework/urls/good_error_handler_deferred_annotations.py,79.5,🔴 High,1,1,1.0,0,10.0
django,docs/lint.py,79.5,🔴 High,6,2,0.1666666666666666,346,124.0
django,tests/migrations/test_migrations_squashed_replaced_order/app1/0002_squashed_initial.py,79.5,🔴 High,1,1,1.0,0,11.0
scikit-learn,scikits/learn/svm/svm.py,79.4,🔴 High,4,2,0.5,4,65.25
pytest,py/test/testing/test_setup_nested.py,79.4,🔴 High,4,2,0.25,764,86.25
django,tests/migrations/test_add_many_to_many_field_initial/0002_initial.py,79.4,🔴 High,4,4,0.25,2600,13.25
django,tests/db_functions/text/test_reverse.py,79.4,🔴 High,4,4,0.25,1582,51.75
scikit-learn,build_tools/check-meson-openmp-dependencies.py,79.3,🔴 High,2,2,0.5,413,79.0
django,tests/deprecation/test_storages.py,79.3,🔴 High,3,2,1.0,364,201.33333333333337
scikit-learn,examples/gaussian_process/new/plot_gpr_noisy.py,79.3,🔴 High,8,1,0.125,18,58.625
requests,src/requests/help.py,79.3,🔴 High,5,2,0.4,1029,98.75
pytest,testing/plugin/test_runner.py,79.3,🔴 High,6,1,0.1666666666666666,33,338.6666666666667
pytest,py/test/testing/test_compat.py,79.3,🔴 High,4,3,0.25,948,39.5
scikit-learn,scikits/learn/machine/manifold_learning/compression/__init__.py,79.3,🔴 High,3,1,0.3333333333333333,16,10.0
scikit-learn,sklearn/neural_network/__init__.py,79.2,🔴 High,12,9,0.0833333333333333,4559,3.8333333333333335
scikit-learn,examples/rfe_with_cross_validation.py,79.2,🔴 High,5,2,0.4,97,14.0
django,tests/migrations/migrations_test_apps/migrated_app/migrations/0001_initial.py,79.2,🔴 High,4,4,0.25,3155,21.25
django,tests/migrations/test_migrations_first/thefirst.py,79.2,🔴 High,4,4,0.25,3150,21.25
django,tests/migrations/test_migrations_no_ancestor/0001_initial.py,79.2,🔴 High,4,4,0.25,3178,21.25
scikit-learn,scikits/learn/sgd/sparse/__init__.py,79.2,🔴 High,6,1,0.1666666666666666,34,1.0
pytest,py/test/looponfail/util.py,79.2,🔴 High,4,2,0.25,378,50.75
django,django/core/files/storage/memory.py,79.2,🔴 High,2,2,1.0,634,208.5
pytest,py/misc/std.py,79.2,🔴 High,6,3,0.5,834,10.333333333333334
django,tests/migrations/migrations_test_apps/unspecified_app_with_conflict/migrations/0001_initial.py,79.2,🔴 High,4,4,0.25,3148,21.25
django,django/contrib/admin/static/admin/js/filters.js,79.1,🔴 High,3,3,0.6666666666666666,1525,23.0
django,tests/str/models.py,79.1,🔴 High,7,5,0.2857142857142857,1374,11.5
django,tests/regressiontests/test_utils/urls.py,79.1,🔴 High,4,3,0.75,266,5.25
pytest,py/impl/path/svnurl.py,79.1,🔴 High,2,1,1.0,55,270.0
django,django/contrib/postgres/functions.py,79.1,🔴 High,6,6,0.6666666666666666,2439,8.166666666666666
django,django/contrib/localflavor/si/forms.py,79.1,🔴 High,5,4,0.8,351,96.8
pytest,py/_plugin/pytest_monkeypatch.py,79.1,🔴 High,4,1,0.25,255,59.0
django,tests/urlpatterns/path_base64_urls.py,79.1,🔴 High,4,4,0.75,1932,14.25
django,tests/modeltests/model_inheritance_same_model_name/tests.py,79.1,🔴 High,3,3,0.3333333333333333,641,23.333333333333332
django,django/dispatch/weakref_backports.py,79.1,🔴 High,4,2,0.25,628,41.0
pytest,bin-for-dist/hudson.py,79.1,🔴 High,5,1,0.6,213,19.6
scikit-learn,scikits/learn/pyem/__init__.py,79.0,🔴 High,6,1,0.3333333333333333,0,6.4
cli,docs/contributors/fetch.py,79.0,🔴 High,2,2,0.5,203,192.5
django,tests/file_storage/test_inmemory_storage.py,79.0,🔴 High,2,2,1.0,129,212.0
django,tests/forms_tests/widget_tests/test_textarea.py,79.0,🔴 High,4,4,0.25,2349,50.0
cli,docs/markdownlint.rb,79.0,🔴 High,4,3,0.5,190,9.5
django,django/conf/app_template/models.py,78.9,🔴 High,2,2,0.5,3326,1.0
click,src/click/_unicodefun.py,78.9,🔴 High,10,1,0.0,412,89.33333333333333
flask,flask/session.py,78.9,🔴 High,7,3,0.2857142857142857,456,11.142857142857142
django,tests/composite_pk/test_models.py,78.9,🔴 High,2,2,0.5,277,124.5
django,tests/regressiontests/forms/localflavor/ec.py,78.9,🔴 High,2,2,1.0,24,6.0
rich,tests/test_file_proxy.py,78.9,🔴 High,5,2,0.4,1941,26.4
django,tests/i18n/loading_app/apps.py,78.9,🔴 High,3,3,0.6666666666666666,616,3.0
django,tests/utils_tests/test_csp.py,78.9,🔴 High,3,3,0.6666666666666666,230,116.0
django,tests/migrations/test_migrations_plan/0005_fifth.py,78.9,🔴 High,2,2,0.5,843,14.0
django,django/contrib/gis/db/backend/postgis/adaptor.py,78.8,🔴 High,4,2,0.75,468,21.5
django,tests/user_commands/management/commands/reverse_url.py,78.8,🔴 High,3,3,0.6666666666666666,2295,5.0
django,django/contrib/localflavor/se/se_counties.py,78.8,🔴 High,2,2,1.0,897,24.5
django,django/contrib/localflavor/uy/uy_departaments.py,78.8,🔴 High,2,2,1.0,887,21.5
django,tests/context_processors/models.py,78.8,🔴 High,2,2,0.5,546,3.0
django,tests/handlers/test_exception.py,78.8,🔴 High,4,4,0.5,2132,28.75
pytest,py/cmdline/pycountloc.py,78.8,🔴 High,5,3,0.2,373,42.8
scikit-learn,scikits/learn/manifold/regression/cluster/__init__.py,78.8,🔴 High,2,1,0.5,26,1.0
pytest,py/misc/testing/test_std.py,78.8,🔴 High,4,2,0.75,834,9.0
django,tests/template_tests/syntax_tests/i18n/test_underscore_syntax.py,78.8,🔴 High,7,5,0.4285714285714285,2264,78.71428571428571
rich,rich/color_triplet.py,78.7,🔴 High,7,2,0.2857142857142857,556,16.0
scikit-learn,scikits/learn/cluster/sparse/_fast_kmeans.c,78.7,🔴 High,5,1,0.0,3,4013.4
django,tests/modeltests/mutually_referential/tests.py,78.7,🔴 High,3,3,0.6666666666666666,366,11.333333333333334
django,tests/syndication/feeds.py,78.7,🔴 High,4,4,0.25,193,99.33333333333331
pytest,doc/en/example/customdirectory/tests/test_third.py,78.7,🔴 High,2,2,0.5,381,2.5
pytest,doc/en/example/customdirectory/tests/test_first.py,78.7,🔴 High,2,2,0.5,381,2.5
requests,tests/test_requests_https.py,78.7,🔴 High,3,3,0.3333333333333333,174,16.0
pytest,doc/en/example/customdirectory/tests/test_second.py,78.7,🔴 High,2,2,0.5,381,2.5
django,tests/migrations/migrations_test_apps/mutate_state_b/migrations/0002_add_field.py,78.7,🔴 High,4,4,0.25,2445,15.75
django,tests/migrations/test_migrations_squashed_no_replaces/0001_squashed_0002.py,78.6,🔴 High,3,3,0.3333333333333333,403,20.0
scikit-learn,examples/plot_svm_hyperplane.py,78.6,🔴 High,6,3,0.0,35,22.833333333333332
django,tests/gis_tests/geogapp/models.py,78.6,🔴 High,10,5,0.2,2914,24.2
django,django/contrib/messages/tests/test_session.py,78.6,🔴 High,4,3,0.5,665,31.75
pytest,py/execnet/serializer.py,78.6,🔴 High,6,1,0.1666666666666666,3,204.5
rich,rich/errors.py,78.5,🔴 High,6,1,0.1666666666666666,495,7.333333333333333
django,tests/backends/base/test_client.py,78.5,🔴 High,3,3,0.3333333333333333,486,21.0
django,tests/staticfiles_tests/test_views.py,78.4,🔴 High,5,4,0.4,2409,21.2
django,tests/forms_tests/field_tests/test_typedmultiplechoicefield.py,78.4,🔴 High,5,4,0.4,3391,53.8
rich,tests/test_stack.py,78.4,🔴 High,2,2,0.5,1414,8.0
django,tests/regressiontests/bug8245/models.py,78.4,🔴 High,2,2,0.5,1024,3.0
scikit-learn,scikits/learn/sgd/__init__.py,78.4,🔴 High,6,1,0.3333333333333333,34,2.1666666666666665
scikit-learn,examples/miscellaneous/plot_multilabel.py,78.3,🔴 High,9,7,0.2222222222222222,1810,74.25
scikit-learn,examples/plot_partial_dependence_visualization_api.py,78.3,🔴 High,5,3,0.2,138,48.0
django,tests/utils_tests/test_module/__init__.py,78.3,🔴 High,4,4,0.5,1422,3.0
scikit-learn,scikits/learn/preprocessing/sparse/src/_preprocessing.c,78.3,🔴 High,4,2,0.5,205,2840.0
django,tests/migrations/test_migrations_squashed_partially_applied/0003_alter_mymodel2_unique_together.py,78.3,🔴 High,1,1,1.0,0,9.0
django,tests/regressiontests/indexes/models.py,78.2,🔴 High,4,3,0.5,63,12.0
django,django/conf/locale/fy_NL/formats.py,78.2,🔴 High,4,3,0.25,1252,0.5
django,ez_setup.py,78.2,🔴 High,7,1,0.4285714285714285,455,144.14285714285714
requests,src/requests/compat.py,78.2,🔴 High,7,2,0.1428571428571428,1029,62.166666666666664
django,django/contrib/localflavor/de/de_states.py,78.1,🔴 High,3,1,0.6666666666666666,91,19.0
cli,httpie/httpmessage.py,78.1,🔴 High,7,4,0.2857142857142857,80,53.857142857142854
django,tests/serializers/models/__init__.py,78.1,🔴 High,4,4,1.0,503,3.5
scikit-learn,scikits/learn/svm/sparse/libsvm.c,78.1,🔴 High,5,1,0.2,155,4868.2
django,tests/view_tests/tests/test_i18n_deprecated.py,78.1,🔴 High,2,2,1.0,276,145.5
pytest,py/impl/test/__init__.py,78.1,🔴 High,2,1,1.0,54,0.0
django,django/views/decorators/common.py,78.1,🔴 High,7,6,0.1428571428571428,1928,7.714285714285714
django,js_tests/qunit/qunit.js,78.0,🔴 High,5,4,0.2,1539,3016.0
django,tests/regressiontests/admin_views/forms.py,78.0,🔴 High,2,2,0.5,315,8.0
django,tests/i18n/exclude/__init__.py,78.0,🔴 High,2,2,0.5,1039,3.0
scikit-learn,scikits/learn/machine/svm/tests/test_regression.py,78.0,🔴 High,4,1,0.5,5,155.33333333333334
django,tests/staticfiles_tests/apps/staticfiles_config.py,78.0,🔴 High,3,3,0.6666666666666666,2120,3.0
django,tests/check_framework/template_test_apps/different_tags_app/apps.py,77.9,🔴 High,2,2,0.5,184,3.0
scikit-learn,sklearn/callback/_transport.py,77.9,🔴 High,2,2,0.0,13,60.0
django,tests/check_framework/urls/path_compatibility/ending_with_dollar.py,77.9,🔴 High,2,2,0.5,1549,4.0
scikit-learn,scikits/learn/datasets/tests/test_lfw.py,77.9,🔴 High,15,2,0.2666666666666666,190,108.0
scikit-learn,sklearn/tests/test_docstring_parameters_consistency.py,77.9,🔴 High,3,3,0.0,68,67.66666666666667
django,tests/check_framework/template_test_apps/same_tags_app_2/apps.py,77.9,🔴 High,2,2,0.5,184,3.0
django,tests/test_utils/test_simpletestcase.py,77.9,🔴 High,4,3,0.5,3409,104.5
django,tests/check_framework/urls/path_compatibility/beginning_with_caret.py,77.9,🔴 High,2,2,0.5,1549,4.0
requests,requests/safe_mode.py,77.9,🔴 High,5,4,0.6,197,18.4
django,tests/check_framework/template_test_apps/same_tags_app_1/apps.py,77.9,🔴 High,2,2,0.5,184,3.0
scikit-learn,scikits/learn/machine/svm/tests/test_kernel.py,77.8,🔴 High,4,1,0.25,5,52.333333333333336
click,tests/typing/typing_confirmation_option.py,77.8,🔴 High,4,3,0.75,621,7.0
django,tests/model_meta/test_legacy.py,77.7,🔴 High,4,3,0.25,166,129.0
django,tests/validation/test_picklable.py,77.7,🔴 High,2,2,0.5,2983,38.0
django,tests/admin_scripts/management/commands/validation_command.py,77.7,🔴 High,2,2,1.0,148,8.0
cli,httpie/output/ui/rich_help.py,77.7,🔴 High,3,1,1.0,21,179.66666666666666
scikit-learn,scikits/learn/machine/svm/tests/test_dataset.py,77.7,🔴 High,4,1,0.5,5,107.0
scikit-learn,scikits/learn/machine/svm/libsvm.py,77.7,🔴 High,2,1,0.5,12,103.0
flask,examples/minitwit/minitwit_tests.py,77.6,🔴 High,7,3,0.2857142857142857,1481,98.42857142857144
scikit-learn,sklearn/check_build/__init__.py,77.6,🔴 High,6,4,0.3333333333333333,100,31.25
scikit-learn,sklearn/externals/odict.py,77.6,🔴 High,2,2,0.5,75,182.0
django,tests/modeltests/m2m_signals/models.py,77.6,🔴 High,4,3,0.75,941,30.0
scikit-learn,examples/tree/plot_structure.py,77.6,🔴 High,8,1,0.0,1,67.625
pytest,py/impl/test/parseopt.py,77.5,🔴 High,3,1,0.6666666666666666,59,73.0
django,tests/regressiontests/comment_tests/custom_comments/models.py,77.4,🔴 High,2,2,0.5,961,3.0
django,tests/regressiontests/comment_tests/custom_comments/forms.py,77.4,🔴 High,2,2,0.5,961,3.0
cli,tests/utils/http_server.py,77.4,🔴 High,6,1,0.5,140,68.0
scikit-learn,sklearn/utils/tests/test_deprecated_utils.py,77.3,🔴 High,9,3,0.4444444444444444,252,41.111111111111114
django,tests/template_backends/test_utils.py,77.3,🔴 High,5,3,0.4,2555,32.0
django,django/contrib/postgres/serializers.py,77.3,🔴 High,2,2,0.5,1120,6.0
scikit-learn,examples/feature_selection/plot_select_from_model_boston.py,77.3,🔴 High,4,4,0.25,1427,25.75
scikit-learn,sklearn/utils/fast_dict.cpp,77.2,🔴 High,5,1,0.2,207,7707.666666666667
django,tests/regressiontests/admin_scripts/complex_app/models/foo.py,77.2,🔴 High,2,2,0.5,546,5.0
django,django/conf/admin_media/js/admin/add_calendars.js,77.2,🔴 High,2,1,0.5,22,64.0
django,tests/composite_pk/test_create.py,77.2,🔴 High,3,2,1.0,278,135.0
django,tests/tablespaces/models.py,77.2,🔴 High,4,4,0.5,249,27.0
django,django/contrib/gis/db/backend/spatialite/models.py,77.1,🔴 High,3,1,0.6666666666666666,17,32.666666666666664
django,tests/modeltests/custom_managers/tests.py,77.1,🔴 High,3,3,0.0,676,50.0
click,tests/typing/typing_options.py,77.1,🔴 High,4,3,0.75,621,9.0
requests,requests/packages/urllib3/util/retry.py,77.1,🔴 High,13,4,0.1538461538461538,1022,134.46153846153845
scikit-learn,sklearn/externals/joblib/backports.py,77.1,🔴 High,3,3,0.3333333333333333,514,57.0
scikit-learn,sklearn/feature_selection/tests/test_selector_mixin.py,77.1,🔴 High,10,5,0.6,290,27.7
django,tests/fixtures_migration/tests.py,77.0,🔴 High,2,2,1.0,5,21.0
pytest,testing/plugins_integration/pytest_rerunfailures_integration.py,77.0,🔴 High,2,2,0.5,10,7.5
django,tests/gis_tests/geoadmin_deprecated/urls.py,76.9,🔴 High,2,2,0.5,421,5.0
pytest,py/apigen/source/testing/test_html.py,76.9,🔴 High,3,2,0.3333333333333333,8,147.66666666666666
flask,examples/tutorial/flaskr/auth.py,76.9,🔴 High,8,3,0.0,2098,76.0
django,tests/testapp/models/save_delete_hooks.py,76.9,🔴 High,3,1,0.6666666666666666,17,31.333333333333332
pytest,testing/pytest/plugin/test_pytest_pdb.py,76.8,🔴 High,3,1,0.6666666666666666,40,49.666666666666664
scikit-learn,examples/sgd/plot_iris.py,76.8,🔴 High,4,2,0.25,22,45.25
django,tests/modeltests/model_package/models/__init__.py,76.8,🔴 High,2,2,0.5,707,2.5
pytest,testing/plugin/test_pytest_recwarn.py,76.8,🔴 High,5,1,0.4,336,66.0
django,tests/modeltests/delete/__init__.py,76.8,🔴 High,2,2,1.0,870,0.0
django,tests/template_tests/templatetags/testtags.py,76.8,🔴 High,3,3,0.6666666666666666,2462,14.0
django,django/utils/hashable.py,76.8,🔴 High,5,4,0.4,1864,13.8
django,tests/regressiontests/views/templatetags/debugtags.py,76.8,🔴 High,2,2,0.5,584,6.5
scikit-learn,examples/linear_model/plot_isotonic_regression.py,76.8,🔴 High,7,4,0.2857142857142857,21,22.428571428571427
django,tests/composite_pk/models/__init__.py,76.7,🔴 High,3,3,1.0,789,9.0
scikit-learn,scikits/learn/ga/__init__.py,76.7,🔴 High,6,1,0.5,0,9.166666666666666
django,django/core/cache/backends/simple.py,76.7,🔴 High,3,2,0.6666666666666666,603,57.666666666666664
django,tests/dispatch/tests/test_saferef.py,76.7,🔴 High,4,4,0.25,249,52.0
django,tests/auth_tests/models/minimal.py,76.6,🔴 High,2,2,0.5,1713,4.0
django,django/contrib/admin/migrations/0002_logentry_remove_auto_add.py,76.6,🔴 High,4,4,0.25,2706,17.25
django,tests/regressiontests/urlpatterns_reverse/reverse_lazy_urls.py,76.6,🔴 High,4,3,0.5,167,8.25
scikit-learn,examples/ensemble/plot_forest_hist_grad_boosting_comparison.py,76.5,🔴 High,8,4,0.25,655,98.125
flask,tests/test_apps/helloworld/hello.py,76.5,🔴 High,2,2,0.5,690,5.0
scikit-learn,scikits/learn/decomposition/tests/test_nmf.py,76.5,🔴 High,8,3,0.5,151,70.0
django,tests/modeltests/distinct_on_fields/tests.py,76.4,🔴 High,3,2,1.0,167,94.66666666666669
pytest,doc/en/plugins_index/test_plugins_index.py,76.4,🔴 High,9,2,0.3333333333333333,64,60.125
django,django/conf/urls/admin_password_reset.py,76.4,🔴 High,2,1,0.5,23,5.0
django,django/contrib/gis/tests/urls.py,76.4,🔴 High,1,1,1.0,0,4.0
pytest,py/log/testing/test_log.py,76.4,🔴 High,4,2,0.25,950,150.75
scikit-learn,scikits/learn/em/examples/pdfestimation.py,76.4,🔴 High,2,1,1.0,0,29.0
django,tests/view_tests/tests/test_default_content_type.py,76.3,🔴 High,2,2,1.0,606,37.0
scikit-learn,examples/glm/lasso_path_with_crossvalidation.py,76.3,🔴 High,6,2,0.3333333333333333,128,19.6
django,tests/apps/two_configs_one_default_app/apps.py,76.3,🔴 High,2,2,0.5,562,6.0
scikit-learn,sklearn/utils/_repr_html/tests/test_params.py,76.3,🔴 High,7,2,0.5714285714285714,426,127.42857142857144
scikit-learn,examples/cluster/plot_kmeans_plusplus.py,76.3,🔴 High,6,5,0.1666666666666666,1349,20.833333333333332
django,tests/apps/two_configs_app/apps.py,76.3,🔴 High,2,2,0.5,562,5.0
pytest,py/cmdline/testing/test_cmdline.py,76.2,🔴 High,4,2,0.5,189,14.75
scikit-learn,examples/svm/plot_svm_tie_breaking.py,76.2,🔴 High,8,4,0.125,2347,35.75
cli,httpie/manager/tasks.py,76.2,🔴 High,4,1,0.25,34,93.5
scikit-learn,scikits/learn/utils/_csgraph.py,76.2,🔴 High,6,4,0.1666666666666666,370,22.0
scikit-learn,tutorial/sphinxtoghpages.py,76.1,🔴 High,2,2,0.5,41,249.0
pytest,py/_plugin/pytest_mark.py,76.1,🔴 High,5,1,0.4,194,73.75
scikit-learn,sklearn/tests/random_seed.py,76.1,🔴 High,6,3,0.5,758,48.0
scikit-learn,scikits/learn/manifold/compression/cost_function/__init__.py,76.0,🔴 High,2,1,0.5,26,0.0
scikit-learn,sklearn/utils/_repr_html/tests/test_js.py,76.0,🔴 High,4,3,0.25,259,89.0
django,tests/text/tests.py,76.0,🔴 High,3,3,0.3333333333333333,443,87.0
django,tests/forms_tests/widget_tests/test_hiddeninput.py,76.0,🔴 High,5,4,0.6,2348,12.0
scikit-learn,examples/linear_model/plot_elastic_net_precomputed_gram_matrix_with_weighted_samples.py,75.9,🔴 High,6,5,0.1666666666666666,1294,14.333333333333334
django,tests/admin_views/test_password_form.py,75.9,🔴 High,2,2,1.0,758,92.5
pytest,py/code/testing/test_assertion.py,75.9,🔴 High,6,2,0.3333333333333333,1,136.33333333333334
django,tests/m2m_intermediary/models.py,75.9,🔴 High,9,7,0.1111111111111111,3986,19.0
django,tests/auth_tests/models/no_natural_key.py,75.8,🔴 High,1,1,1.0,0,16.0
pytest,pytest/collect.py,75.8,🔴 High,4,1,0.25,4,211.0
scikit-learn,sklearn/utils/arraybuilder.c,75.8,🔴 High,4,3,0.5,529,3098.75
django,tests/modeltests/force_insert_update/tests.py,75.8,🔴 High,3,3,0.3333333333333333,425,26.666666666666668
django,django/contrib/localflavor/il/forms.py,75.8,🔴 High,3,2,1.0,601,32.0
scikit-learn,examples/applications/plot_digits_denoising.py,75.8,🔴 High,10,6,0.2,1119,49.7
scikit-learn,scikits/learn/tests/test_ridge.py,75.7,🔴 High,4,3,0.5,85,76.25
django,tests/forms_tests/tests/formsets.py,75.7,🔴 High,2,2,0.5,22,752.0
cli,httpie/output/ui/rich_palette.py,75.7,🔴 High,4,1,1.0,21,41.5
django,tests/admin_scripts/app_with_urls/urls_namespaced.py,75.7,🔴 High,1,1,1.0,0,14.0
django,tests/admin_scripts/app_with_urls/urls_nons.py,75.7,🔴 High,1,1,1.0,0,14.0
scikit-learn,sklearn/covariance/tests/test_elliptic_envelope.py,75.7,🔴 High,8,8,0.125,1961,38.125
django,tests/admin_scripts/app_with_urls/urls_cbv.py,75.7,🔴 High,1,1,1.0,0,14.0
scikit-learn,scikits/learn/tests/test_coordinate_descent.py,75.7,🔴 High,4,2,0.5,79,81.75
scikit-learn,scikits/learn/glm/sparse/logistic.py,75.6,🔴 High,4,3,0.5,24,22.5
scikit-learn,scikits/learn/features/image.py,75.6,🔴 High,6,2,0.1666666666666666,39,57.666666666666664
django,tests/backends/base/app_unmigrated/models.py,75.6,🔴 High,2,2,0.5,498,5.0
django,tests/backends/postgresql/test_features.py,75.6,🔴 High,1,1,1.0,0,11.0
scikit-learn,examples/glm/plot_lasso_coordinate_descent_path.py,75.6,🔴 High,5,2,0.2,128,28.75
scikit-learn,sklearn/utils/_repr_html/estimator.js,75.6,🔴 High,5,2,0.4,329,71.8
scikit-learn,sklearn/utils/random.c,75.6,🔴 High,6,2,0.3333333333333333,214,4778.833333333333
pytest,testing/plugin/test_skipping.py,75.5,🔴 High,4,1,0.25,33,404.0
django,tests/migrations/test_migrations_squashed_erroneous/3_squashed_5.py,75.5,🔴 High,5,4,0.4,3050,10.6
django,tests/many_to_one_regress/models.py,75.5,🔴 High,3,3,0.3333333333333333,489,34.0
django,tests/migrations/test_migrations_squashed_complex/3_squashed_5.py,75.5,🔴 High,5,4,0.4,3050,10.6
scikit-learn,doc/modules/datasets_fixture.py,75.4,🔴 High,5,2,0.4,91,26.4
click,tests/test_utils/test_prompt.py,75.4,🔴 High,2,2,0.5,8,62.0
django,tests/regressiontests/admin_scripts/complex_app/models/bar.py,75.4,🔴 High,3,2,0.6666666666666666,546,6.333333333333333
django,tests/test_client/urls_middleware_urlconf.py,75.4,🔴 High,2,2,0.5,346,7.0
django,tests/template_tests/loaders.py,75.3,🔴 High,3,3,0.3333333333333333,125,110.0
django,tests/composite_pk/test_aggregate.py,75.3,🔴 High,6,3,0.8333333333333334,556,128.5
scikit-learn,scikits/learn/machine/svm/tests/test_oneclass.py,75.3,🔴 High,4,1,0.5,5,60.333333333333336
django,tests/urlpatterns_reverse/included_app_urls.py,75.3,🔴 High,3,3,0.3333333333333333,2443,15.0
django,django/contrib/formtools/wizard/tests/formtests.py,75.3,🔴 High,3,1,1.0,12,147.33333333333334
pytest,pytest_stepwise/compat.py,75.3,🔴 High,3,2,0.0,1039,8.666666666666666
django,django/contrib/staticfiles/checks.py,75.2,🔴 High,3,3,0.6666666666666666,3081,18.333333333333332
django,django/contrib/localflavor/fi/fi_municipalities.py,75.1,🔴 High,3,3,1.0,1896,369.0
django,tests/admin_scripts/app_waiting_migration/models.py,75.1,🔴 High,3,3,0.3333333333333333,2254,5.333333333333333
django,django/views/decorators/csp.py,75.1,🔴 High,3,3,0.3333333333333333,292,24.0
django,tests/admin_scripts/another_app_waiting_migration/models.py,75.1,🔴 High,3,3,0.3333333333333333,2254,5.333333333333333
cli,tests/test_auth_plugins.py,75.0,🔴 High,11,2,0.1818181818181818,1644,95.63636363636364
pytest,py/impl/compat/dep_textwrap.py,75.0,🔴 High,2,1,0.5,7,4.0
django,tests/modeltests/get_latest/tests.py,75.0,🔴 High,3,3,0.3333333333333333,395,38.0
scikit-learn,scikits/learn/machine/manifold_learning/compression/multiresolution_dimensionality_reduction.py,75.0,🔴 High,4,1,0.5,0,54.0
django,tests/auth_tests/settings.py,75.0,🔴 High,5,4,0.4,2550,17.25
django,tests/migrations/migrations_test_apps/migrated_unapplied_app/migrations/0001_initial.py,75.0,🔴 High,4,4,0.25,3155,14.25
django,tests/gis_tests/test_ptr.py,75.0,🔴 High,5,4,0.6,3141,43.4
pytest,py/impl/compat/dep_subprocess.py,75.0,🔴 High,2,1,0.5,7,4.0
pytest,py/impl/compat/dep_doctest.py,75.0,🔴 High,2,1,0.5,7,4.0
pytest,testing/test_subtests.py,74.9,🔴 High,4,2,0.75,109,911.5
pytest,py/code/assertion.py,74.9,🔴 High,4,2,0.5,2,170.25
pytest,py/cmdline/testing/__init__.py,74.9,🔴 High,1,1,1.0,0,0.0
django,tests/regressiontests/forms/localflavor/co.py,74.9,🔴 High,2,2,1.0,24,6.0
pytest,py/execnet/script/__init__.py,74.9,🔴 High,1,1,0.0,0,0.0
pytest,py/cmdline/__init__.py,74.9,🔴 High,1,1,1.0,0,0.0
pytest,py/compat/conftest.py,74.8,🔴 High,3,1,0.6666666666666666,586,4.0
django,tests/migrations/test_migrations_squashed_double/0004_auto.py,74.8,🔴 High,1,1,1.0,0,10.0
django,tests/migrations/test_migrations_squashed_double/0002_auto.py,74.8,🔴 High,1,1,1.0,0,10.0
scikit-learn,benchmarks/bench_svm.py,74.8,🔴 High,4,4,0.5,280,99.66666666666669
django,tests/urlpatterns_reverse/urls_without_full_import.py,74.8,🔴 High,4,3,0.25,701,6.0
scikit-learn,scikits/learn/em/examples/pdfestimation1d.py,74.8,🔴 High,2,1,1.0,0,47.0
django,tests/migrations2/test_migrations_2_no_deps/0001_initial.py,74.7,🔴 High,4,4,0.25,2715,15.25
scikit-learn,build_tools/wheels/check_license.py,74.7,🔴 High,2,2,0.5,263,22.0
django,tests/foreign_object/models/customers.py,74.7,🔴 High,4,4,0.25,3437,34.25
click,tests/typing/typing_version_option.py,74.7,🔴 High,4,3,0.75,621,7.0
django,django/core/management/commands/optimizemigration.py,74.7,🔴 High,3,3,0.6666666666666666,1062,108.33333333333331
scikit-learn,examples/plot_pca.py,74.6,🔴 High,8,5,0.25,209,17.125
django,django/contrib/admin/static/admin/js/timeparse.js,74.6,🔴 High,4,3,1.0,1481,92.0
scikit-learn,sklearn/utils/tests/test_cython_templating.py,74.6,🔴 High,3,3,0.3333333333333333,680,14.0
scikit-learn,scikits/learn/externals/joblib/test/test_my_exceptions.py,74.6,🔴 High,6,4,0.1666666666666666,283,8.0
django,tests/async/test_async_model_methods.py,74.5,🔴 High,2,2,1.0,406,24.0
django,tests/regressiontests/localflavor/gb/tests.py,74.5,🔴 High,2,2,1.0,288,28.0
django,tests/regressiontests/localflavor/za/tests.py,74.5,🔴 High,2,2,1.0,288,26.0
django,tests/regressiontests/localflavor/pt/tests.py,74.5,🔴 High,2,2,1.0,288,28.0
cli,httpie/plugins/__init__.py,74.5,🔴 High,8,2,0.25,2806,10.25
django,django/contrib/localflavor/cn/cn_provinces.py,74.5,🔴 High,2,2,1.0,412,36.5
django,tests/template_tests/alternate_urls.py,74.5,🔴 High,6,4,0.1666666666666666,3264,6.0
scikit-learn,scikits/learn/linreg/lasso_cd.py,74.4,🔴 High,2,2,0.5,2,26.0
django,django/contrib/csrf/tests.py,74.4,🔴 High,8,2,0.5,328,88.625
pytest,src/_pytest/_code/_py2traceback.py,74.4,🔴 High,7,2,0.4285714285714285,372,50.0
scikit-learn,sklearn/externals/joblib/externals/loky/backend/process.py,74.4,🔴 High,2,1,0.5,27,64.5
django,tests/regressiontests/dates/tests.py,74.3,🔴 High,3,2,0.6666666666666666,828,74.66666666666667
pytest,bin-for-dist/generate_standalone_pytest.py,74.3,🔴 High,3,2,0.3333333333333333,2,33.0
django,django/contrib/formtools/wizard/tests/namedwizardtests/tests.py,74.3,🔴 High,3,1,1.0,41,285.6666666666667
scikit-learn,sklearn/cluster/bicluster/tests/test_utils.py,74.2,🔴 High,4,3,0.25,305,31.25
django,tests/tasks/tasks.py,74.2,🔴 High,2,2,0.5,62,48.0
django,django/contrib/gis/geometry.py,74.2,🔴 High,8,7,0.5,2866,12.571428571428571
django,tests/db_functions/math/test_mod.py,74.2,🔴 High,3,3,0.3333333333333333,1313,34.333333333333336
scikit-learn,examples/miscellaneous/plot_roc_curve_visualization_api.py,74.2,🔴 High,8,6,0.125,2044,19.857142857142858
django,django/utils/stopwords.py,74.2,🔴 High,2,2,0.5,721,35.0
scikit-learn,examples/imputation.py,74.2,🔴 High,5,3,0.6,416,37.4
pytest,_py/test/plugin/pytest_pastebin.py,74.1,🔴 High,3,1,0.3333333333333333,14,56.0
django,tests/apps/two_default_configs_app/apps.py,74.1,🔴 High,2,2,0.5,562,7.0
django,tests/utils_tests/utils.py,74.0,🔴 High,2,2,0.5,1016,7.0
cli,httpie/manager/plugins.py,74.0,🔴 High,3,1,0.6666666666666666,16,159.33333333333334
django,tests/testapp/models/m2o_recursive2.py,74.0,🔴 High,2,1,0.5,25,33.0
pytest,py/plugin/pytest_tmpdir.py,73.9,🔴 High,3,1,0.6666666666666666,7,4.5
django,tests/reverse_lookup/models.py,73.9,🔴 High,7,7,0.2857142857142857,3264,16.333333333333332
scikit-learn,examples/plot_learning_curve.py,73.9,🔴 High,7,3,0.1428571428571428,109,40.42857142857143
django,tests/regressiontests/i18n/commands/__init__.py,73.9,🔴 High,2,2,0.5,37,3.0
django,tests/modeltests/field_defaults/tests.py,73.9,🔴 High,3,3,0.3333333333333333,676,12.0
pytest,py/test/testing/test_runner.py,73.8,🔴 High,10,2,0.1,47,116.8
scikit-learn,examples/randomized_search.py,73.8,🔴 High,4,3,0.5,62,45.25
django,django/contrib/localflavor/jp/jp_prefectures.py,73.8,🔴 High,2,2,1.0,100,50.0
rich,rich/terminal_theme.py,73.8,🔴 High,6,3,0.1666666666666666,812,83.16666666666667
django,tests/urlpatterns_reverse/test_localeregexdescriptor.py,73.8,🔴 High,3,3,0.3333333333333333,1932,45.333333333333336
pytest,py/process/testing/test_forkedfunc.py,73.8,🔴 High,3,2,0.6666666666666666,373,110.33333333333331
django,tests/one_to_one_regress/models.py,73.7,🔴 High,4,4,0.75,174,37.666666666666664
django,tests/modeltests/model_forms/mforms.py,73.7,🔴 High,4,3,0.75,298,28.666666666666668
django,tests/generic_inline_admin/admin.py,73.7,🔴 High,7,7,0.2857142857142857,3264,24.5
django,tests/regressiontests/utils/archive.py,73.7,🔴 High,3,3,0.6666666666666666,351,46.666666666666664
scikit-learn,sklearn/externals/_lobpcg.py,73.7,🔴 High,8,4,0.25,1434,447.125
scikit-learn,examples/applications/plot_hmm_stock_analysis.py,73.7,🔴 High,4,3,0.25,485,53.0
django,tests/template_tests/syntax_tests/i18n/test_get_available_languages.py,73.6,🔴 High,5,5,0.2,1902,16.0
scikit-learn,scikits/learn/utils/tests/test_svd.py,73.5,🔴 High,10,3,0.2,278,58.2
django,tests/testapp/templatetags/testtags.py,73.5,🔴 High,2,2,0.5,117,9.5
django,tests/reverse_single_related/models.py,73.5,🔴 High,4,4,0.75,249,9.0
django,django/contrib/gis/db/backend/mysql/creation.py,73.5,🔴 High,3,2,0.6666666666666666,236,4.0
scikit-learn,sklearn/externals/joblib/externals/loky/backend/context.py,73.4,🔴 High,3,1,0.6666666666666666,33,142.66666666666666
django,tests/filtered_relation/models.py,73.4,🔴 High,5,5,0.6,2281,93.8
django,tests/admin_default_site/apps.py,73.4,🔴 High,2,2,0.5,1862,4.0
django,tests/test_exceptions/test_validation_error.py,73.4,🔴 High,4,3,0.75,2639,158.5
django,tests/postgres_tests/test_citext.py,73.4,🔴 High,7,5,0.5714285714285714,2373,41.714285714285715
django,tests/gis_tests/maps/tests.py,73.4,🔴 High,4,3,0.5,66,35.75
scikit-learn,scikits/learn/pyem/_c_densities.py,73.4,🔴 High,4,1,0.25,0,104.33333333333331
django,django/contrib/localflavor/hk/forms.py,73.3,🔴 High,3,3,0.6666666666666666,102,42.0
django,tests/migrations/migrations_test_apps/lookuperror_a/models.py,73.3,🔴 High,3,3,0.6666666666666666,2580,10.0
django,django/contrib/messages/tests/fallback.py,73.3,🔴 High,3,2,0.6666666666666666,580,103.66666666666669
pytest,testing/pytest/plugin/test_pytest_capture.py,73.3,🔴 High,3,1,0.6666666666666666,51,343.0
cli,tests/test_cli_utils.py,73.3,🔴 High,3,2,0.6666666666666666,135,64.0
scikit-learn,sklearn/utils/_repr_html/base.py,73.2,🔴 High,4,3,0.25,329,58.75
django,django/contrib/admin/media/js/collapse.min.js,73.2,🔴 High,3,1,0.3333333333333333,76,1.6666666666666667
django,django/contrib/admin/media/js/SelectBox.js,73.2,🔴 High,2,1,1.0,675,106.0
pytest,pytest/plugin/pytest_python.py,73.2,🔴 High,4,1,0.25,3,575.0
django,tests/modeltests/distinct_on_fields/models.py,73.1,🔴 High,3,3,0.6666666666666666,233,31.333333333333332
django,tests/migrations/test_fake_initial_case_insensitive/fake_initial/0001_initial.py,73.1,🔴 High,3,3,0.6666666666666666,811,25.666666666666668
django,tests/check_framework/tests_1_8_compatibility.py,73.1,🔴 High,2,2,0.5,63,24.0
click,src/click/globals.py,73.0,🔴 High,12,3,0.1666666666666666,1509,25.545454545454547
scikit-learn,scikits/learn/em/examples/basic_example3.py,73.0,🔴 High,2,1,1.0,0,35.0
pytest,py/test/report/testing/test_webjs.py,72.9,🔴 High,2,1,1.0,24,123.0
django,tests/othertests/httpwrappers.py,72.9,🔴 High,4,1,0.5,152,4.0
django,tests/regressiontests/localflavor/il/tests.py,72.9,🔴 High,2,2,1.0,288,36.0
django,tests/regressiontests/admin_scripts/complex_app/admin/foo.py,72.9,🔴 High,2,2,0.5,546,3.5
scikit-learn,examples/cluster/mini_batch_kmeans_digits.py,72.9,🔴 High,6,2,0.3333333333333333,21,54.0
django,tests/gis_tests/rasterapp/migrations/0001_setup_extensions.py,72.8,🔴 High,3,3,0.3333333333333333,1257,12.666666666666666
django,tests/gis_tests/gis_migrations/migrations/0001_setup_extensions.py,72.8,🔴 High,3,3,0.3333333333333333,1257,12.666666666666666
pytest,py/io/testing/test_forkedfunc.py,72.8,🔴 High,1,1,1.0,0,110.0
scikit-learn,scikits/learn/glm/sparse/setup.py,72.8,🔴 High,3,2,0.3333333333333333,26,24.0
django,tests/check_framework/test_mail.py,72.8,🔴 High,2,2,1.0,9,77.0
django,tests/urlpatterns/more_urls.py,72.8,🔴 High,3,3,0.6666666666666666,1606,6.666666666666667
django,tests/regressiontests/queryset_pickle/models.py,72.8,🔴 High,4,2,0.75,565,18.5
scikit-learn,sklearn/metrics/cluster/bicluster/bicluster_metrics.py,72.7,🔴 High,4,2,0.25,6,32.0
django,tests/tasks/test_immediate_backend.py,72.7,🔴 High,3,3,0.6666666666666666,215,275.0
scikit-learn,sklearn/tree/tests/test_monotonic_tree.py,72.7,🔴 High,6,4,0.1666666666666666,1043,359.0
scikit-learn,scikits/learn/svm/src/liblinear/linear.cpp,72.7,🔴 High,4,2,0.25,338,1917.5
django,django/contrib/gis/tests/distapp/data.py,72.7,🔴 High,2,1,0.5,236,30.0
django,tests/migrations/test_migrations_squashed_partially_applied/0004_remove_mymodel1_field_1_mymodel1_field_3_and_more.py,72.7,🔴 High,1,1,1.0,0,19.0
pytest,testing/plugin/test_resultlog.py,72.7,🔴 High,5,1,0.2,33,163.0
requests,requests/_oauth.py,72.6,🔴 High,4,3,0.25,114,12.5
scikit-learn,scikits/learn/tests/test_clustering.py,72.6,🔴 High,4,2,0.25,40,39.5
django,tests/regressiontests/urlpatterns_reverse/urls_error_handlers.py,72.5,🔴 High,2,2,1.0,637,4.0
django,django/contrib/localflavor/py/py_department.py,72.5,🔴 High,2,2,1.0,345,40.5
scikit-learn,scikits/learn/manifold/examples/knn.py,72.4,🔴 High,2,1,1.0,0,22.0
scikit-learn,scikits/learn/em/examples/plotexamples.py,72.4,🔴 High,2,1,1.0,0,22.0
scikit-learn,scikits/learn/em/examples/expectation.py,72.4,🔴 High,2,1,1.0,0,22.0
requests,requests/monkeys.py,72.4,🔴 High,10,2,0.4,162,54.2
django,tests/regressiontests/localflavor/kw/tests.py,72.3,🔴 High,2,2,1.0,288,12.5
pytest,doc/en/_getdoctarget.py,72.3,🔴 High,2,2,0.5,143,11.0
scikit-learn,scikits/learn/machine/manifold_learning/compression/cca_multiresolution_dimensionality_reduction.py,72.2,🔴 High,4,1,0.5,0,54.25
pytest,testing/example_scripts/tmpdir/tmpdir_fixture.py,72.2,🔴 High,3,2,1.0,315,5.0
scikit-learn,benchmarks/bench_hist_gradient_boosting_adult.py,72.2,🔴 High,9,7,0.1111111111111111,1610,75.88888888888889
django,tests/bug639/tests.py,72.2,🔴 High,4,4,0.25,496,20.333333333333332
django,tests/user_commands/management/commands/outputwrapper.py,72.1,🔴 High,2,2,0.5,483,6.0
pytest,src/_pytest/stash.py,72.0,🔴 High,7,4,0.2857142857142857,1065,35.57142857142857
pytest,py/test/plugin/pytest_nose.py,72.0,🔴 High,3,1,0.3333333333333333,9,38.0
scikit-learn,scikits/learn/src/ball_tree.c,72.0,🔴 High,5,1,0.2,2,6312.4
scikit-learn,sklearn/src/cblas/atlas_level2.h,72.0,🔴 High,3,2,0.3333333333333333,1557,279.0
scikit-learn,sklearn/externals/joblib/externals/loky/backend/popen_loky_win32.py,72.0,🔴 High,2,1,0.5,27,79.0
scikit-learn,scikits/learn/utils/tests/test_utils.py,72.0,🔴 High,7,2,0.2857142857142857,129,20.714285714285715
django,tests/check_framework/apps.py,72.0,🔴 High,2,2,0.5,571,6.0
django,tests/gis_tests/geoapp/urls.py,72.0,🔴 High,5,4,0.2,2550,22.0
django,django/contrib/gis/db/backend/oracle/creation.py,72.0,🔴 High,3,2,0.6666666666666666,236,5.333333333333333
django,tests/auth_tests/operations_migrations/0002_rename_oldmodel_to_newmodel.py,71.9,🔴 High,2,1,1.0,0,11.0
django,tests/auth_tests/operations_migrations/0001_initial.py,71.9,🔴 High,2,1,1.0,0,11.0
scikit-learn,sklearn/externals/conftest.py,71.8,🔴 High,3,3,0.3333333333333333,2237,2.0
django,django/contrib/flatpages/sitemaps.py,71.8,🔴 High,2,2,0.5,2614,11.0
cli,httpie/manager/tasks/plugins.py,71.8,🔴 High,3,2,0.3333333333333333,12,192.0
django,tests/regressiontests/middleware/cond_get_urls.py,71.8,🔴 High,2,2,0.5,194,5.0
scikit-learn,scikits/learn/pyem/pyem/gauss_mix.py,71.8,🔴 High,9,1,0.1111111111111111,0,168.88888888888889
scikit-learn,scikits/learn/tests/test_qda.py,71.7,🔴 High,7,4,0.1428571428571428,386,19.166666666666668
pytest,py/impl/test/dist/mypickle.py,71.7,🔴 High,2,1,1.0,67,114.0
django,tests/model_fields/test_genericipaddressfield.py,71.7,🔴 High,3,3,0.3333333333333333,2144,26.666666666666668
django,tests/migrations/test_migrations_squashed_ref_squashed/app2/2_auto.py,71.6,🔴 High,3,3,0.3333333333333333,2460,3.3333333333333335
django,tests/migrations/test_migrations_squashed_ref_squashed/app1/2_auto.py,71.6,🔴 High,3,3,0.3333333333333333,2460,3.3333333333333335
scikit-learn,scikits/learn/utils/utils.py,71.6,🔴 High,3,2,0.3333333333333333,0,10.666666666666666
django,django/contrib/formtools/__init__.py,71.6,🔴 High,2,2,0.5,2607,1.0
scikit-learn,scikits/learn/utils/testing.py,71.6,🔴 High,5,4,0.2,98,40.5
django,tests/migrations/test_migrations_squashed_ref_squashed/app2/1_auto.py,71.6,🔴 High,3,3,0.3333333333333333,2460,3.3333333333333335
django,tests/migrations/test_migrations_squashed_ref_squashed/app1/4_auto.py,71.6,🔴 High,3,3,0.3333333333333333,2460,3.3333333333333335
django,tests/migrations/test_migrations_squashed_replaced_order/app2/0001_initial.py,71.6,🔴 High,1,1,1.0,0,7.0
django,tests/migrations/test_migrations_squashed_ref_squashed/app1/3_auto.py,71.6,🔴 High,3,3,0.3333333333333333,2460,3.3333333333333335
click,tests/test_parser.py,71.5,🔴 High,3,3,0.3333333333333333,1013,21.333333333333332
django,tests/urlpatterns/included_urls.py,71.5,🔴 High,3,3,0.3333333333333333,1554,5.666666666666667
django,django/db/models/functions/json.py,71.4,🔴 High,3,3,0.6666666666666666,321,78.66666666666667
django,tests/regressiontests/conditional_processing/views.py,71.4,🔴 High,3,2,0.6666666666666666,935,16.333333333333332
rich,tests/test_pick.py,71.4,🔴 High,2,2,0.0,966,10.5
django,tests/migrations/test_migrations_squashed_double/0001_initial.py,71.4,🔴 High,1,1,1.0,0,19.0
django,django/utils/json.py,71.4,🔴 High,1,1,1.0,0,16.0
django,tests/migrations/test_migrations_plan/0003_third.py,71.3,🔴 High,4,4,0.5,1718,15.0
django,tests/regressiontests/file_uploads/uploadhandler.py,71.3,🔴 High,3,2,0.6666666666666666,1199,16.333333333333332
django,tests/regressiontests/urlpatterns_reverse/no_urls.py,71.3,🔴 High,2,2,1.0,890,0.0
scikit-learn,sklearn/_build_utils/cythonize.py,71.3,🔴 High,4,3,0.5,115,107.25
scikit-learn,scikits/learn/externals/joblib/test/__init__.py,71.3,🔴 High,5,3,0.2,400,0.0
cli,httpie/output/lexers/http.py,71.3,🔴 High,4,2,0.5,163,66.25
pytest,src/_pytest/assertion/_compare_any.py,71.3,🔴 High,8,2,0.125,29,115.125
django,tests/m2m_multiple/models.py,71.3,🔴 High,5,5,0.2,3264,18.5
scikit-learn,sklearn/externals/joblib/_multiprocessing_helpers.py,71.2,🔴 High,4,2,0.5,1555,25.0
django,django/contrib/auth/migrations/0012_alter_user_first_name_max_length.py,71.2,🔴 High,3,3,0.3333333333333333,1050,13.333333333333334
cli,extras/profiling/benchmarks.py,71.2,🔴 High,5,4,0.6,290,112.2
django,django/bin/django-2to3.py,71.1,🔴 High,2,2,0.5,425,3.0
scikit-learn,scikits/learn/pyem/pyem/kmean.py,71.1,🔴 High,7,1,0.1428571428571428,0,53.42857142857143
django,tests/regressiontests/test_utils/python_25.py,71.1,🔴 High,3,2,0.6666666666666666,18,20.0
django,django/contrib/auth/migrations/0003_alter_user_email_max_length.py,71.0,🔴 High,5,4,0.2,3137,13.2
django,tests/user_commands/management/commands/required_list_option.py,71.0,🔴 High,2,2,0.5,462,7.0
django,django/tasks/backends/immediate.py,71.0,🔴 High,2,2,0.5,62,78.5
pytest,py/process/forkedfunc.py,71.0,🔴 High,2,2,0.5,379,87.0
django,tests/utils_tests/test_warnings.py,71.0,🔴 High,1,1,1.0,0,26.0
scikit-learn,sklearn/tests/test_check_build.py,70.9,🔴 High,9,8,0.2222222222222222,4346,4.333333333333333
django,django/contrib/gis/templates/gis/google/google-map.js,70.9,🔴 High,3,2,1.0,598,33.666666666666664
pytest,py/code/testing/test_frame.py,70.9,🔴 High,4,3,0.25,944,13.0
pytest,py/execnet/testing/test_gwspec.py,70.9,🔴 High,4,1,0.25,2,80.25
pytest,py/cmdline/pysvnwcrevert.py,70.8,🔴 High,6,4,0.1666666666666666,346,29.166666666666668
scikit-learn,scikits/learn/ga/population.py,70.8,🔴 High,6,1,0.3333333333333333,0,140.0
pytest,py/bin/env.py,70.8,🔴 High,3,3,0.3333333333333333,17,27.0
django,django/contrib/comments/tests.py,70.8,🔴 High,1,1,1.0,0,0.0
django,tests/i18n/patterns/urls/path_unused.py,70.8,🔴 High,5,3,0.2,3264,6.0
scikit-learn,sklearn/cross_decomposition/_cca.py,70.7,🔴 High,4,4,0.25,220,11.0
scikit-learn,examples/hetero_feature_union.py,70.7,🔴 High,3,3,0.6666666666666666,708,85.0
django,django/contrib/auth/migrations/0002_alter_permission_name_max_length.py,70.6,🔴 High,5,4,0.2,3141,12.4
django,tests/regressiontests/indexes/tests.py,70.6,🔴 High,3,3,0.6666666666666666,54,16.0
pytest,py/test/rsession/testing/basetest.py,70.5,🔴 High,3,2,0.3333333333333333,352,36.666666666666664
django,tests/regressiontests/model_permalink/urls.py,70.5,🔴 High,2,2,1.0,181,4.0
django,tests/testapp/models/m2o_recursive.py,70.5,🔴 High,2,1,0.5,25,30.0
django,tests/urlpatterns/path_dynamic_urls.py,70.5,🔴 High,2,2,0.5,1932,6.0
django,django/contrib/gis/tests/test_gdal_ds.py,70.5,🔴 High,2,1,0.5,82,119.5
django,tests/urlpatterns/converter_urls.py,70.5,🔴 High,2,2,0.5,1932,6.0
django,django/dispatch/__init__.py,70.5,🔴 High,8,7,0.75,7022,1.25
scikit-learn,examples/text/mlcomp_sparse_document_classification.py,70.4,🔴 High,3,3,0.3333333333333333,1016,80.0
pytest,py/test/report/testing/test_web.py,70.4,🔴 High,2,1,1.0,24,77.0
scikit-learn,sklearn/preprocessing/function_transformer.py,70.3,🔴 High,3,2,0.3333333333333333,30,19.333333333333332
django,tests/admin_default_site/tests.py,70.3,🔴 High,3,3,0.6666666666666666,1862,28.0
django,tests/regressiontests/admin_scripts/app_with_import/models.py,70.3,🔴 High,2,2,0.5,541,4.0
flask,examples/flaskr/schema.sql,70.2,🔴 High,3,3,0.0,1280,6.0
pytest,testing/python/invocation_scope.py,70.2,🔴 High,3,1,0.6666666666666666,11,142.66666666666666
pytest,py/builtin/testing/test_exception.py,70.2,🔴 High,3,3,0.3333333333333333,825,12.0
pytest,py/test/dist/testing/test_functional_dsession.py,70.2,🔴 High,4,1,0.25,0,85.0
django,django/utils/connection.py,70.1,🔴 High,4,3,0.25,1662,55.75
pytest,py/_test/outcome.py,70.1,🔴 High,2,1,0.5,100,83.0
django,tests/redirects_tests/urls.py,70.1,🔴 High,3,3,0.0,1783,5.0
django,django/db/backends/postgresql/compiler.py,70.1,🔴 High,10,4,0.9,401,34.5
flask,scripts/flaskext_test.py,70.1,🔴 High,4,4,0.5,1110,168.0
django,tests/template_tests/filter_tests/timezone_utils.py,70.1,🔴 High,2,2,0.5,2618,14.0
django,django/contrib/localflavor/mk/mk_choices.py,70.1,🔴 High,2,2,1.0,361,87.5
pytest,py/test/looponfail/testing/test_remote.py,70.1,🔴 High,6,2,0.5,375,114.33333333333331
django,tests/save_delete_hooks/models.py,70.0,🟡 Medium,7,6,0.0,3986,18.333333333333332
click,tests/test_utils/test_LazyFile.py,70.0,🟡 Medium,2,2,0.5,8,9.0
pytest,_py/test/outcome.py,70.0,🟡 Medium,3,1,0.6666666666666666,12,74.5
click,tests/test_utils/test_style.py,70.0,🟡 Medium,3,2,0.6666666666666666,7,108.0
pytest,py/_io/saferepr.py,69.9,🟡 Medium,4,2,0.25,138,37.5
scikit-learn,sklearn/datasets/tests/test_arff_parser.py,69.9,🟡 Medium,5,2,0.2,698,201.0
django,django/contrib/localflavor/pl/pl_administrativeunits.py,69.9,🟡 Medium,2,2,1.0,1754,378.5
scikit-learn,scikits/learn/src/cblas/atlas_level2.h,69.9,🟡 Medium,3,1,0.3333333333333333,350,278.5
django,tests/regressiontests/utils/urls.py,69.8,🟡 Medium,2,2,1.0,724,5.5
django,tests/urlpatterns_reverse/test_localeregexprovider.py,69.8,🟡 Medium,5,3,0.2,75,40.6
scikit-learn,examples/plot_face_recognition.py,69.8,🟡 Medium,5,2,0.2,5,72.4
scikit-learn,scikits/learn/datasets/olivetti_faces.py,69.7,🟡 Medium,7,3,0.1428571428571428,47,38.166666666666664
pytest,pytest/plugin/capture.py,69.7,🟡 Medium,4,1,0.25,26,173.0
scikit-learn,scikits/learn/covariance/empirical_covariance_.py,69.6,🟡 Medium,13,5,0.2307692307692307,147,43.583333333333336
django,django/conf/locale/no/formats.py,69.6,🟡 Medium,5,2,1.0,355,32.2
django,tests/apps/models.py,69.6,🟡 Medium,6,4,0.1666666666666666,2963,9.5
pytest,_py/test/plugin/pytest_skipping.py,69.6,🟡 Medium,7,1,0.5714285714285714,11,93.14285714285714
django,tests/migrations/test_migrations_squashed_partially_applied/0001_initial.py,69.6,🟡 Medium,1,1,1.0,0,33.0
django,django/contrib/gis/__init__.py,69.5,🟡 Medium,5,3,0.6,4367,4.0
requests,tests/test_requests_async.py,69.5,🟡 Medium,4,4,0.25,83,41.75
pytest,testing/process/test_forkedfunc.py,69.5,🟡 Medium,4,1,0.5,323,108.0
scikit-learn,examples/XFailed_plot_svm_anova.py,69.4,🟡 Medium,2,2,0.5,3,25.0
scikit-learn,examples/glm/lasso_and_elasticnet.py,69.4,🟡 Medium,2,2,0.5,128,24.0
django,django/core/management/commands/cleanup.py,69.4,🟡 Medium,4,2,0.75,1633,8.5
django,tests/schema/test_logging.py,69.3,🟡 Medium,5,4,0.6,1756,15.8
django,tests/regressiontests/utils/regex_helper.py,69.2,🟡 Medium,2,2,1.0,155,40.5
scikit-learn,examples/sgd/plot_penalties.py,69.2,🟡 Medium,5,3,0.2,34,33.4
scikit-learn,examples/plot_gmm_pdf.py,69.2,🟡 Medium,5,2,0.6,55,22.4
django,tests/utils_tests/test_glob.py,69.1,🟡 Medium,2,2,0.5,525,10.5
django,tests/migrations/test_auto_now_add/0001_initial.py,69.1,🟡 Medium,4,4,0.25,2495,16.25
django,tests/regressiontests/admin_filterspecs/tests.py,69.1,🟡 Medium,4,1,0.75,17,119.75
scikit-learn,examples/logistic_l1_l2_coef.py,69.1,🟡 Medium,5,2,0.4,152,17.5
django,tests/urlpatterns/lazy_path_urls.py,69.1,🟡 Medium,1,1,1.0,0,7.0
scikit-learn,scikits/learn/manifold/regression/PLMR.py,69.1,🟡 Medium,2,1,1.0,0,162.0
django,tests/staticfiles_tests/test_utils.py,69.1,🟡 Medium,3,3,0.3333333333333333,1260,11.0
pytest,py/code/_assertion.py,69.1,🟡 Medium,2,2,0.5,0,498.0
django,tests/migrations/test_migrations_squashed_ref_squashed/app2/1_squashed_2.py,69.0,🟡 Medium,3,3,0.3333333333333333,2460,7.333333333333333
django,tests/utils_tests/test_choices.py,69.0,🟡 Medium,3,1,0.3333333333333333,46,276.3333333333333
scikit-learn,scikits/learn/em/src/pure_den.c,69.0,🟡 Medium,2,1,1.0,86,351.0
flask,flask/testsuite/examples.py,69.0,🟡 Medium,2,2,0.5,860,24.0
django,django/contrib/contenttypes/prefetch.py,69.0,🟡 Medium,2,2,1.0,275,31.0
django,tests/migrations/test_migrations_non_atomic/0001_initial.py,69.0,🟡 Medium,3,3,0.3333333333333333,2195,25.0
scikit-learn,scikits/learn/em/examples/discriminant_analysis.py,69.0,🟡 Medium,2,1,1.0,0,79.0
django,tests/migrations/test_migrations_squashed_ref_squashed/app1/2_squashed_3.py,69.0,🟡 Medium,3,3,0.3333333333333333,2460,7.333333333333333
scikit-learn,sklearn/externals/joblib/externals/loky/_base.py,68.9,🟡 Medium,2,1,0.5,33,331.5
scikit-learn,scikits/learn/machine/manifold_learning/compression/robust_dimensionality_reduction.py,68.9,🟡 Medium,5,1,0.6,0,54.8
django,tests/template_tests/test_partials.py,68.9,🟡 Medium,4,1,1.0,93,454.25
django,django/contrib/gis/db/backend/postgis/field.py,68.9,🟡 Medium,2,1,0.5,236,54.0
django,tests/test_suite_override/tests.py,68.9,🟡 Medium,11,3,0.1818181818181818,255,19.90909090909091
scikit-learn,scikits/learn/ga/setup_ga.py,68.8,🟡 Medium,4,1,0.25,0,9.0
django,tests/comment_tests/tests/templatetag_tests.py,68.8,🟡 Medium,2,2,0.5,0,141.0
requests,src/requests/auth.py,68.8,🟡 Medium,5,2,0.2,1029,221.5
pytest,py/test/report/webdata/source.js,68.8,🟡 Medium,1,1,1.0,0,3697.0
django,django/contrib/auth/migrations/0005_alter_user_last_login_null.py,68.7,🟡 Medium,5,4,0.2,3108,13.2
scikit-learn,scikits/learn/em/examples/regularized_example.py,68.7,🟡 Medium,2,1,1.0,0,43.0
django,tests/builtin_server/views.py,68.7,🟡 Medium,2,2,0.5,727,11.0
django,tests/check_framework/test_async_checks.py,68.7,🟡 Medium,2,2,0.5,684,11.0
scikit-learn,sklearn/utils/_bunch.py,68.6,🟡 Medium,4,3,0.0,1466,23.0
django,tests/decorators/test_gzip.py,68.6,🟡 Medium,4,3,0.25,936,34.25
scikit-learn,scikits/learn/datasets/tests/test_svmlight_format.py,68.6,🟡 Medium,7,3,0.4285714285714285,83,40.285714285714285
click,tests/test_utils/test_KeepOpenFile.py,68.6,🟡 Medium,2,2,0.5,8,8.0
django,tests/migrations/test_migrations_squashed_loop/2_squashed.py,68.6,🟡 Medium,1,1,1.0,0,5.0
django,django/contrib/messages/test.py,68.6,🟡 Medium,2,2,1.0,402,6.5
django,tests/migrations/test_migrations_squashed_loop/2_auto.py,68.6,🟡 Medium,1,1,1.0,0,5.0
scikit-learn,sklearn/metrics/_plot/tests/test_predict_error_display.py,68.6,🟡 Medium,3,3,0.6666666666666666,692,134.33333333333334
scikit-learn,scikits/learn/em/tests/generate_tests_data.py,68.6,🟡 Medium,2,1,1.0,0,63.0
django,django/contrib/flatpages/tests/test_sitemaps.py,68.5,🟡 Medium,2,2,0.5,45,22.5
pytest,testing/plugin/test_genscript.py,68.5,🟡 Medium,5,2,0.2,33,35.25
django,tests/decorators/test_vary.py,68.5,🟡 Medium,2,2,0.0,936,50.0
scikit-learn,sklearn/externals/funcsigs.py,68.5,🟡 Medium,2,2,0.5,427,505.5
pytest,py/test/report/testing/test_rest.py,68.4,🟡 Medium,1,1,1.0,0,291.0
pytest,example/assertion/global_testmodule_config/conftest.py,68.4,🟡 Medium,4,1,0.25,428,8.0
django,django/contrib/localflavor/co/co_departments.py,68.4,🟡 Medium,2,2,1.0,314,35.5
scikit-learn,scikits/learn/src/cblas/atlas_reflevel2.h,68.4,🟡 Medium,4,1,0.5,451,655.3333333333334
django,tests/foreign_object/test_agnostic_order_trimjoin.py,68.4,🟡 Medium,3,3,0.3333333333333333,2349,21.0
django,tests/dbshell/test_sqlite.py,68.3,🟡 Medium,7,6,0.5714285714285714,1503,26.857142857142858
pytest,example/funcarg/mysetup2/conftest.py,68.3,🟡 Medium,5,1,0.4,515,17.25
django,tests/regressiontests/admin_registration/tests.py,68.3,🟡 Medium,4,3,0.5,393,46.75
django,tests/sitemaps_tests/models.py,68.3,🟡 Medium,4,4,0.25,2550,10.5
pytest,py/process/testing/test_killproc.py,68.2,🟡 Medium,2,1,0.5,176,12.5
django,django/core/handler.py,68.2,🟡 Medium,7,1,0.0,5,94.0
scikit-learn,scikits/learn/manifold/examples/knn2.py,68.2,🟡 Medium,2,1,1.0,0,20.0
scikit-learn,examples/decomposition/plot_digits_decomposition.py,68.2,🟡 Medium,6,2,0.3333333333333333,0,62.333333333333336
django,tests/modeltests/m2m_and_m2o/tests.py,68.1,🟡 Medium,4,3,0.25,395,68.75
scikit-learn,examples/decomposition/topics_extraction_with_online_lda.py,68.1,🟡 Medium,6,1,0.6666666666666666,260,39.333333333333336
pytest,py/test/report/rest.py,68.1,🟡 Medium,1,1,1.0,0,246.0
django,django/contrib/admin/media/js/getElementsBySelector.js,68.1,🟡 Medium,2,2,1.0,1270,137.0
django,django/contrib/databrowse/views.py,68.1,🟡 Medium,3,2,0.6666666666666666,462,15.0
django,tests/user_commands/management/commands/leave_locale_alone_true.py,68.1,🟡 Medium,3,3,0.6666666666666666,1314,6.5
django,tests/user_commands/management/commands/leave_locale_alone_false.py,68.1,🟡 Medium,3,3,0.6666666666666666,1314,6.5
scikit-learn,scikits/learn/manifold/examples/compression.py,68.1,🟡 Medium,2,1,1.0,0,40.0
scikit-learn,scikits/learn/manifold/tests/test_isomap.py,68.1,🟡 Medium,7,3,0.4285714285714285,32,58.42857142857143
scikit-learn,scikits/learn/linear_model/sparse/tests/test_coordinate_descent.py,68.1,🟡 Medium,6,3,0.1666666666666666,280,117.5
django,eslint.config.mjs,68.0,🟡 Medium,2,2,0.5,506,62.0
scikit-learn,sklearn/utils/_dataframe.py,68.0,🟡 Medium,2,2,0.5,167,30.0
django,tests/i18n/unchanged/__init__.py,68.0,🟡 Medium,2,2,0.5,86,3.0
requests,docs/_static/native.js,68.0,🟡 Medium,2,2,0.0,0,113.0
django,tests/migrations/migrations_test_apps/unspecified_app_with_conflict/migrations/0002_second.py,67.9,🟡 Medium,4,4,0.25,3148,14.25
cli,httpie/uploads.py,67.9,🟡 Medium,13,3,0.1538461538461538,606,111.3076923076923
django,tests/template_tests/filter_tests/test_get_digit.py,67.9,🟡 Medium,2,2,0.5,2607,11.0
django,django/contrib/postgres/fields/citext.py,67.9,🟡 Medium,6,3,0.5,2659,23.666666666666668
django,tests/backends/test_features.py,67.9,🟡 Medium,3,3,0.6666666666666666,493,11.666666666666666
scikit-learn,scikits/learn/linreg/enet_cd.py,67.9,🟡 Medium,2,2,0.5,2,33.0
django,django/contrib/admin/media/js/jquery.js,67.9,🟡 Medium,2,1,0.5,60,4949.0
django,django/contrib/gis/db/backend/oracle/__init__.py,67.9,🟡 Medium,3,1,0.3333333333333333,236,30.666666666666668
scikit-learn,sklearn/src/cblas/cblas_errprn.c,67.8,🟡 Medium,3,2,0.3333333333333333,1557,14.0
django,django/contrib/staticfiles/__init__.py,67.8,🟡 Medium,3,2,1.0,3562,1.0
scikit-learn,doc/datasets/rcv1_fixture.py,67.8,🟡 Medium,3,2,0.3333333333333333,425,6.333333333333333
pytest,doc/en/example/costlysetup/sub_b/__init__.py,67.8,🟡 Medium,3,2,1.0,440,0.0
pytest,doc/en/example/costlysetup/sub_a/__init__.py,67.8,🟡 Medium,3,2,1.0,440,0.0
django,tests/model_inheritance/same_model_name/models.py,67.7,🟡 Medium,2,2,0.5,282,8.0
rich,rich/_palettes.py,67.7,🟡 Medium,5,2,0.2,413,286.6
django,django/utils/maxlength.py,67.6,🟡 Medium,3,2,0.6666666666666666,121,28.0
django,tests/migrations2/test_migrations_2_first/0002_second.py,67.6,🟡 Medium,4,4,0.25,3150,13.25
django,django/contrib/sessions/base_session.py,67.6,🟡 Medium,6,4,0.1666666666666666,3541,30.833333333333332
pytest,py/test/parseopt.py,67.5,🟡 Medium,6,2,0.1666666666666666,217,61.166666666666664
django,django/conf/locale/ar_DZ/formats.py,67.5,🟡 Medium,3,3,0.3333333333333333,783,17.666666666666668
django,django/core/template/loader_tags.py,67.4,🟡 Medium,3,2,0.6666666666666666,136,127.66666666666669
django,tests/commands_sql_migrations/tests.py,67.4,🟡 Medium,3,2,0.3333333333333333,1,30.0
django,tests/modeltests/empty/no_models/tests.py,67.4,🟡 Medium,2,2,0.5,20,3.0
django,tests/backends/postgresql/test_compilation.py,67.4,🟡 Medium,4,1,1.0,401,36.0
rich,examples/top_lite_simulator.py,67.4,🟡 Medium,8,5,0.25,1687,65.75
django,tests/backends/mysql/test_introspection.py,67.4,🟡 Medium,6,5,0.5,2364,57.5
rich,tests/test_tools.py,67.3,🟡 Medium,5,1,0.2,177,29.4
pytest,bin-for-dist/genscripts.py,67.3,🟡 Medium,2,1,0.5,126,28.0
django,tests/modeltests/m2m_intermediary/tests.py,67.3,🟡 Medium,3,3,0.0,676,30.0
django,tests/check_framework/urls/bad_error_handlers_invalid_path.py,67.3,🟡 Medium,2,2,0.5,1036,5.0
scikit-learn,sklearn/externals/joblib/externals/loky/__init__.py,67.2,🟡 Medium,5,1,0.4,95,9.8
pytest,py/impl/test/outcome.py,67.2,🟡 Medium,2,1,1.0,54,83.0
django,globals.js,67.2,🟡 Medium,2,1,0.5,57,1175.0
scikit-learn,sklearn/preprocessing/tests/test_weights.py,67.2,🟡 Medium,2,2,0.5,0,9.0
django,tests/auth_tests/test_password_reset_timeout_days.py,67.2,🟡 Medium,3,3,0.6666666666666666,343,72.33333333333333
django,tests/migrations/test_migrations_conflict_long_name/0001_initial.py,67.2,🟡 Medium,2,2,0.5,576,11.0
scikit-learn,sklearn/externals/joblib/externals/loky/backend/queues.py,67.1,🟡 Medium,3,1,0.3333333333333333,95,164.33333333333334
django,eslint-recommended.js,67.1,🟡 Medium,2,1,0.5,57,66.0
pytest,py/c-extension/greenlet/slp_platformselect.h,67.1,🟡 Medium,2,2,0.5,354,8.5
django,django/contrib/redirects/migrations/0002_alter_redirect_new_path_help_text.py,67.1,🟡 Medium,3,3,0.0,999,20.0
pytest,py/test/report/webdata/json.py,67.1,🟡 Medium,1,1,1.0,0,264.0
pytest,src/_pytest/paths.py,67.0,🟡 Medium,5,2,0.6,102,22.2
django,tests/regressiontests/servers/urls.py,67.0,🟡 Medium,2,2,1.0,303,8.5
django,django/contrib/localflavor/py/forms.py,67.0,🟡 Medium,2,2,0.5,111,9.0
scikit-learn,sklearn/externals/joblib/externals/loky/backend/utils.py,67.0,🟡 Medium,3,1,0.3333333333333333,95,86.0
scikit-learn,examples/model_selection/randomized_search.py,67.0,🟡 Medium,6,4,0.1666666666666666,1381,46.8
django,django/core/management/commands/checksetup.py,67.0,🟡 Medium,2,2,0.5,0,10.0
django,tests/migrations/test_migrations_plan/0002_second.py,66.9,🟡 Medium,4,4,0.5,1718,15.0
cli,extras/scripts/generate_man_pages.py,66.9,🟡 Medium,4,2,0.5,403,130.25
rich,rich/_windows_renderer.py,66.9,🟡 Medium,4,2,0.25,49,45.25
django,django/db/models/functions/uuid.py,66.9,🟡 Medium,2,1,0.5,5,61.5
scikit-learn,scikits/learn/linreg/tests/test_ridge.py,66.8,🟡 Medium,4,1,0.25,2,56.0
pytest,py/plugin/pytest_genscript.py,66.8,🟡 Medium,4,1,0.5,3,52.25
scikit-learn,examples/model_selection/plot_permutation_tests_for_classification.py,66.8,🟡 Medium,10,7,0.2,1265,35.9
rich,tests/test_card.py,66.8,🟡 Medium,8,1,0.25,1275,25.75
pytest,testing/test_discover_imports.py,66.8,🟡 Medium,3,2,0.3333333333333333,11,93.33333333333331
django,tests/migrations/test_migrations_squashed_double/0003_squashed_0001_and_0002.py,66.7,🟡 Medium,1,1,1.0,0,20.0
scikit-learn,examples/cluster/plot_bisect_kmeans.py,66.7,🟡 Medium,7,5,0.0,1270,28.857142857142858
django,tests/migrations/test_migrations_conflict_long_name/0002_second.py,66.7,🟡 Medium,2,2,0.5,576,11.0
django,tests/migrations/test_migrations_conflict_long_name/0002_conflicting_second_migration_with_long_name.py,66.7,🟡 Medium,2,2,0.5,576,11.0
cli,httpie/internal/daemons.py,66.7,🟡 Medium,3,2,0.3333333333333333,13,72.0
scikit-learn,scikits/learn/linear_model/tests/test_logistic.py,66.6,🟡 Medium,6,4,0.1666666666666666,280,52.0
django,tests/many_to_one_regress/tests.py,66.6,🟡 Medium,7,5,0.4285714285714285,489,83.16666666666667
django,tests/shell/models.py,66.6,🟡 Medium,1,1,1.0,0,5.0
pytest,py/test/plugin/pytest_helpconfig.py,66.6,🟡 Medium,2,1,0.5,16,56.0
scikit-learn,scikits/learn/gaussian_process/correlation_models.py,66.5,🟡 Medium,5,3,0.2,284,89.0
django,tests/template_tests/syntax_tests/i18n/test_translate.py,66.5,🟡 Medium,4,3,0.25,958,223.75
django,tests/regressiontests/datetime_safe/tests.py,66.5,🟡 Medium,1,1,1.0,0,0.0
pytest,testing/pytest/plugin/test_pytest_monkeypatch.py,66.5,🟡 Medium,3,1,0.6666666666666666,26,125.0
scikit-learn,sklearn/test_setup.py,66.4,🟡 Medium,3,3,0.3333333333333333,23,3.3333333333333335
scikit-learn,examples/plot_lda_vs_qda.py,66.4,🟡 Medium,7,4,0.0,493,54.857142857142854
cli,tests/test_encoding.py,66.4,🟡 Medium,2,2,0.5,880,160.0
pytest,py/plugin/pytest__pytest.py,66.4,🟡 Medium,2,1,0.5,54,79.0
django,tests/regressiontests/localflavor/generic/tests.py,66.4,🟡 Medium,2,2,1.0,288,80.0
django,tests/modeltests/base/models.py,66.4,🟡 Medium,2,2,1.0,26,6.0
scikit-learn,sklearn/cross_decomposition/__init__.py,66.4,🟡 Medium,12,8,0.1666666666666666,4389,2.1666666666666665
django,tests/modeltests/proxy_model_inheritance/app1/models.py,66.4,🟡 Medium,2,2,0.0,570,4.5
cli,docs/contributors/generate.py,66.4,🟡 Medium,4,2,0.25,203,28.5
flask,examples/flaskr/setup.py,66.3,🟡 Medium,4,2,0.5,582,15.0
django,tests/regressiontests/dates/models.py,66.3,🟡 Medium,3,2,0.6666666666666666,828,18.333333333333332
pytest,py/io/test/test_stdcapture.py,66.3,🟡 Medium,3,1,0.3333333333333333,1,124.66666666666669
scikit-learn,scikits/learn/em/examples/basic_example1.py,66.2,🟡 Medium,2,1,1.0,0,14.0
pytest,testing/cx_freeze/install_cx_freeze.py,66.2,🟡 Medium,5,1,0.8,148,47.6
pytest,pytest/plugin/genscript.py,66.2,🟡 Medium,4,2,0.25,26,54.0
scikit-learn,scikits/learn/em/examples/basic_example2.py,66.2,🟡 Medium,2,1,1.0,0,15.0
pytest,testing/pytest/plugin/test_pytest_resultlog.py,66.1,🟡 Medium,3,2,0.3333333333333333,26,139.0
django,tests/i18n/commands/javascript.js,66.1,🟡 Medium,2,2,0.5,622,25.0
django,tests/modeltests/validation/test_custom_messages.py,66.0,🟡 Medium,3,2,0.3333333333333333,646,9.333333333333334
rich,examples/listdir.py,66.0,🟡 Medium,7,1,0.2857142857142857,135,21.142857142857142
flask,examples/flaskr/flaskr/factory.py,66.0,🟡 Medium,6,2,0.1666666666666666,312,35.0
scikit-learn,sklearn/random_projection/_random_projection.c,65.9,🟡 Medium,9,1,0.1111111111111111,8,4215.0
django,tests/forms_tests/tests/regressions.py,65.9,🟡 Medium,3,3,0.6666666666666666,16,85.66666666666667
django,django/contrib/messages/tests/test_fallback.py,65.9,🟡 Medium,3,3,0.3333333333333333,665,105.66666666666669
click,tests/typing/typing_simple_example.py,65.8,🟡 Medium,3,2,0.6666666666666666,286,9.0
django,tests/regressiontests/test_client_regress/session.py,65.8,🟡 Medium,3,3,1.0,618,18.0
scikit-learn,doc/js/scripts/theme-observer.js,65.8,🟡 Medium,1,1,1.0,0,22.0
pytest,py/bin/gendoc.py,65.8,🟡 Medium,6,4,0.1666666666666666,300,30.0
click,tests/test_utils/test_open_file.py,65.8,🟡 Medium,2,2,1.0,45,83.0
pytest,testing/rest/test_rst2pdf.py,65.7,🟡 Medium,2,1,0.5,26,42.0
pytest,testing/test_collect_imported_tests.py,65.7,🟡 Medium,3,1,0.3333333333333333,0,75.33333333333333
scikit-learn,scikits/learn/svm/src/liblinear/tron.cpp,65.7,🟡 Medium,4,1,0.0,338,182.0
django,tests/check/tests.py,65.6,🟡 Medium,4,3,0.5,131,79.25
scikit-learn,examples/cluster/vq_china.py,65.6,🟡 Medium,8,3,0.25,2,41.625
scikit-learn,sklearn/check_build/_check_build.c,65.5,🟡 Medium,4,2,0.0,1,723.0
cli,httpie/ssl.py,65.4,🟡 Medium,6,2,0.1666666666666666,550,42.666666666666664
django,django/tasks/backends/dummy.py,65.4,🟡 Medium,2,2,0.5,62,50.5
pytest,testing/test_pytest_generate_tests_discovery.py,65.4,🟡 Medium,2,1,0.5,0,18.0
scikit-learn,scikits/learn/em/tests/test_examples.py,65.4,🟡 Medium,2,1,1.0,0,13.0
scikit-learn,scikits/learn/svm/tests/test_bounds.py,65.3,🟡 Medium,6,2,0.1666666666666666,137,50.666666666666664
django,tests/migrations/test_fake_initial_case_insensitive/initial/0001_initial.py,65.3,🟡 Medium,3,3,0.6666666666666666,811,21.666666666666668
django,tests/composite_pk/test_get.py,65.3,🟡 Medium,2,2,1.0,283,117.0
django,tests/forms_tests/tests/validators.py,65.3,🟡 Medium,2,2,0.5,16,32.0
scikit-learn,scikits/learn/linreg/tests/test_cd.py,65.3,🟡 Medium,2,2,0.5,2,59.0
scikit-learn,sklearn/externals/_packaging/version.py,65.2,🟡 Medium,3,3,0.3333333333333333,1663,293.0
django,tests/model_utils/tests.py,65.2,🟡 Medium,2,2,0.5,245,8.0
scikit-learn,sklearn/utils/tests/test_ransac.py,65.2,🟡 Medium,8,1,0.125,0,37.875
django,tests/utils_tests/module_loading.py,65.1,🟡 Medium,3,3,0.6666666666666666,32,132.33333333333334
django,tests/auth_tests/urls_deprecated.py,65.1,🟡 Medium,3,3,0.3333333333333333,1514,33.0
django,tests/regressiontests/utils/jslex.py,65.1,🟡 Medium,3,2,1.0,365,78.33333333333333
scikit-learn,sklearn/preprocessing/tests/test_target.py,65.1,🟡 Medium,2,2,0.5,55,194.0
pytest,testing/test_compat_35.py,65.1,🟡 Medium,1,1,1.0,0,8.0
scikit-learn,scikits/learn/utils/sparsetools/csgraph_wrap.cxx,65.1,🟡 Medium,6,2,0.1666666666666666,370,2512.8
scikit-learn,sklearn/utils/tests/test_encode.py,65.0,🟡 Medium,6,4,0.1666666666666666,2242,173.16666666666666
django,django/contrib/localflavor/hr/hr_choices.py,65.0,🟡 Medium,2,2,1.0,412,88.5
scikit-learn,scikits/learn/utils/tests/test___init__.py,65.0,🟡 Medium,5,2,0.6,15,12.25
django,tests/regressiontests/utils/itercompat.py,64.9,🟡 Medium,1,1,1.0,0,0.0
pytest,testing/pytest/plugin/conftest.py,64.9,🟡 Medium,3,1,0.3333333333333333,51,20.0
django,tests/utils_tests/tests.py,64.9,🟡 Medium,3,3,0.3333333333333333,39,30.0
scikit-learn,scikits/learn/metrics/tests/test_cluster.py,64.9,🟡 Medium,6,2,0.1666666666666666,117,45.666666666666664
pytest,testing/plugin/test_assertion.py,64.9,🟡 Medium,4,1,0.25,33,171.0
django,django/core/files/storage/__init__.py,64.9,🟡 Medium,5,3,0.8,368,23.2
scikit-learn,scikits/learn/manifold/examples/projection.py,64.8,🟡 Medium,2,1,1.0,0,54.0
scikit-learn,scikits/learn/manifold/examples/regression.py,64.8,🟡 Medium,2,1,1.0,0,49.0
pytest,py/misc/cache.py,64.8,🟡 Medium,4,2,0.5,943,105.0
scikit-learn,examples/plot_changed_only_pprint_parameter.py,64.8,🟡 Medium,3,3,1.0,364,9.0
django,tests/forms_tests/tests/input_formats.py,64.7,🟡 Medium,2,2,0.5,4,484.0
flask,src/flask/signals.py,64.7,🟡 Medium,8,2,0.125,1537,30.0
django,tests/regressiontests/templates/callables.py,64.7,🟡 Medium,2,2,1.0,414,68.5
django,tests/regressiontests/forms/localflavor/uy.py,64.6,🟡 Medium,3,3,0.6666666666666666,598,17.333333333333332
pytest,src/_pytest/python_path.py,64.5,🟡 Medium,2,2,0.5,859,17.0
django,tests/regressiontests/sites_framework/models.py,64.5,🟡 Medium,2,2,0.5,664,26.0
pytest,doc/ja/example/pythoncollection.py,64.5,🟡 Medium,2,2,0.0,421,7.0
django,tests/regressiontests/admin_scripts/complex_app/models/__init__.py,64.5,🟡 Medium,2,2,0.5,546,3.0
pytest,doc/en/example/py2py3/test_py2.py,64.5,🟡 Medium,3,3,0.6666666666666666,2329,5.0
django,django/contrib/messages/tests/session.py,64.5,🟡 Medium,2,2,1.0,1107,27.0
django,tests/test_client_regress/auth_backends.py,64.5,🟡 Medium,3,3,0.6666666666666666,2799,15.0
requests,requests/packages/oreos/structures.py,64.4,🟡 Medium,3,3,0.6666666666666666,78,148.0
scikit-learn,scikits/learn/svm/bounds.py,64.4,🟡 Medium,6,2,0.3333333333333333,137,38.6
pytest,py/c-extension/greenlet/greenlet.c,64.4,🟡 Medium,3,2,0.3333333333333333,10,694.3333333333334
django,tests/db_functions/text/test_ord.py,64.3,🟡 Medium,3,3,0.3333333333333333,1267,23.333333333333332
django,tests/urlpatterns_reverse/named_urls_conflict.py,64.3,🟡 Medium,3,3,0.3333333333333333,1916,14.666666666666666
pytest,py/impl/log/log.py,64.3,🟡 Medium,2,1,1.0,19,113.0
django,django/contrib/formtools/tests/wizard/sessionstorage.py,64.3,🟡 Medium,2,2,1.0,587,7.0
django,tests/check_framework/urls_slash.py,64.2,🟡 Medium,1,1,1.0,0,9.0
django,tests/check_framework/urls_name.py,64.2,🟡 Medium,1,1,1.0,0,9.0
pytest,py/plugin/pytest_recwarn.py,64.2,🟡 Medium,2,1,0.5,55,61.0
scikit-learn,sklearn/linear_model/sparse/base.py,64.2,🟡 Medium,4,3,0.25,87,12.0
django,tests/queries/test_contains.py,64.2,🟡 Medium,2,2,0.5,604,49.0
scikit-learn,sklearn/src/cblas/atlas_misc.h,64.1,🟡 Medium,3,2,0.3333333333333333,2425,51.0
pytest,py/impl/compat/dep_optparse.py,64.1,🟡 Medium,2,1,0.5,7,3.0
pytest,py/test/testing/test_reporter.py,64.0,🟡 Medium,2,2,0.0,151,202.5
pytest,py/test/doctest.py,63.9,🟡 Medium,3,1,0.6666666666666666,526,11.666666666666666
scikit-learn,scikits/learn/linear_model/cd_fast.c,63.8,🟡 Medium,7,4,0.2857142857142857,280,4040.8333333333335
click,tests/typing/typing_group_kw_options.py,63.8,🟡 Medium,1,1,1.0,0,6.0
django,tests/contenttypes_tests/test_order_with_respect_to.py,63.7,🟡 Medium,2,2,1.0,281,9.0
django,tests/migrations/test_checks.py,63.7,🟡 Medium,2,2,0.5,0,23.0
django,tests/mail/test_deprecated.py,63.6,🟡 Medium,2,1,1.0,464,211.0
django,django/utils/unittest.py,63.5,🟡 Medium,2,2,0.5,240,8.5
scikit-learn,scikits/learn/machine/manifold_learning/regression/MLPLMR.py,63.5,🟡 Medium,6,1,0.5,0,79.66666666666667
scikit-learn,scikits/learn/manifold/compression/cost_function/setup.py,63.5,🟡 Medium,3,1,0.6666666666666666,84,18.0
scikit-learn,examples/svm/plot_svm_parameters_selection.py,63.4,🟡 Medium,7,3,0.1428571428571428,140,29.857142857142858
scikit-learn,scikits/learn/pyem/example.py,63.4,🟡 Medium,4,1,0.5,0,48.25
django,tests/project_template/urls.py,63.4,🟡 Medium,3,2,0.3333333333333333,2619,5.0
scikit-learn,asv_benchmarks/benchmarks/cluster.py,63.3,🟡 Medium,5,4,0.4,1057,72.2
django,tests/queries/test_iterator.py,63.3,🟡 Medium,3,3,0.6666666666666666,1707,38.333333333333336
django,tests/check_framework/urls/beginning_with_slash.py,63.3,🟡 Medium,5,4,0.2,2327,5.2
scikit-learn,examples/gmm/plot_gmm_pdf.py,63.3,🟡 Medium,4,4,0.25,68,21.333333333333332
django,tests/model_permalink/tests.py,63.3,🟡 Medium,5,4,0.2,780,15.25
django,tests/admin_scripts/simple_app/models.py,63.3,🟡 Medium,4,4,0.25,3264,1.6666666666666667
django,tests/regressiontests/max_lengths/__init__.py,63.2,🟡 Medium,1,1,1.0,0,0.0
flask,src/flask/json/provider.py,63.2,🟡 Medium,11,2,0.0909090909090909,1035,83.54545454545455
scikit-learn,scikits/learn/meta/tests/test_multiclass.py,63.2,🟡 Medium,7,1,0.2857142857142857,0,54.285714285714285
django,tests/regressiontests/i18n/resolution/models.py,63.2,🟡 Medium,1,1,1.0,0,0.0
django,tests/template_tests/filter_tests/test_default_if_none.py,63.2,🟡 Medium,2,2,0.5,2607,9.0
django,tests/regressiontests/utils/models.py,63.2,🟡 Medium,1,1,1.0,0,0.0
django,django/contrib/in_/__init__.py,63.2,🟡 Medium,1,1,1.0,0,0.0
rich,benchmarks/benchmarks.py,63.1,🟡 Medium,3,2,0.0,122,153.33333333333334
django,tests/utils_tests/test_connection.py,63.1,🟡 Medium,3,2,0.3333333333333333,1597,9.0
django,tests/user_commands/management/commands/set_option.py,63.1,🟡 Medium,2,2,0.5,1367,6.0
django,django/contrib/gis/db/backend/adaptor.py,63.0,🟡 Medium,2,2,0.5,215,9.0
pytest,contrib/pygreen/conftest.py,63.0,🟡 Medium,1,1,1.0,0,7.0
django,tests/decorators/test_csp.py,63.0,🟡 Medium,2,2,0.5,160,74.0
django,django/contrib/gis/db/backend/mysql/field.py,62.9,🟡 Medium,3,1,0.6666666666666666,236,23.0
pytest,testing/plugin/test_pytester.py,62.9,🟡 Medium,5,1,0.2,33,91.8
flask,examples/patterns/largerapp/yourapplication/views.py,62.9,🟡 Medium,2,2,0.0,404,4.0
cli,httpie/ssl_.py,62.9,🟡 Medium,9,4,0.6666666666666666,1067,76.25
django,tests/auth_tests/models/no_password.py,62.9,🟡 Medium,2,2,0.5,1278,15.0
django,tests/modeltests/fixtures_model_package/__init__.py,62.8,🟡 Medium,1,1,1.0,0,0.0
scikit-learn,sklearn/inspection/tests/test_pd_utils.py,62.8,🟡 Medium,4,3,0.25,1261,38.0
pytest,py/test/web/post_multipart.py,62.8,🟡 Medium,3,1,0.3333333333333333,594,34.0
django,tests/auth_tests/models/uuid_pk.py,62.7,🟡 Medium,4,3,0.75,2548,7.5
django,tests/migrations/test_migrations_plan/0004_fourth.py,62.7,🟡 Medium,3,3,0.3333333333333333,1718,6.666666666666667
django,django/contrib/formtools/test_urls.py,62.7,🟡 Medium,2,2,1.0,487,5.0
scikit-learn,examples/release_highlights/plot_release_highlights_1_6_0.py,62.7,🟡 Medium,5,4,0.4,142,23.0
click,tests/typing/typing_help_option.py,62.7,🟡 Medium,1,1,1.0,0,7.0
rich,rich/_timer.py,62.7,🟡 Medium,5,2,0.2,106,9.4
pytest,py/test/report/testing/test_basereporter.py,62.6,🟡 Medium,3,1,0.6666666666666666,16,98.66666666666669
scikit-learn,sklearn/linear_model/sgd_fast_helpers.h,62.6,🟡 Medium,2,2,1.0,1640,2.0
django,django/contrib/gis/geometry/backend/__init__.py,62.6,🟡 Medium,3,2,0.6666666666666666,1314,18.0
scikit-learn,examples/gmm/plot_gmm.py,62.6,🟡 Medium,2,2,0.5,55,26.0
django,django/contrib/gis/db/backend/base.py,62.6,🟡 Medium,2,1,0.5,236,13.0
pytest,testing/rest/test_convert.py,62.5,🟡 Medium,2,1,0.5,26,25.0
pytest,doc/example/assertion/global_testmodule_config/conftest.py,62.5,🟡 Medium,4,1,0.25,388,9.0
rich,rich/_console.py,62.5,🟡 Medium,3,1,0.0,0,142.33333333333334
django,django/tasks/backends/base.py,62.5,🟡 Medium,2,2,0.5,62,85.0
django,django/contrib/localflavor/tr/tr_provinces.py,62.5,🟡 Medium,2,2,1.0,556,83.5
django,tests/null_fk/models.py,62.5,🟡 Medium,6,6,0.3333333333333333,3264,29.4
django,tests/custom_migration_operations/more_operations.py,62.5,🟡 Medium,3,3,0.6666666666666666,2794,17.666666666666668
pytest,testing/test_compat_3.py,62.4,🟡 Medium,1,1,1.0,0,12.0
django,django/db/models/functions/window.py,62.4,🟡 Medium,4,3,0.25,1599,83.25
django,tests/expressions_regress/models.py,62.4,🟡 Medium,4,4,0.25,254,19.0
django,django/template/loaders/utils.py,62.4,🟡 Medium,4,1,0.5,4,40.25
scikit-learn,scikits/learn/src/minilearn/minilearn.h,62.3,🟡 Medium,4,1,0.5,10,7.5
django,tests/admin_scripts/app_with_urls/views.py,62.3,🟡 Medium,1,1,1.0,0,11.0
pytest,py/path/testing/test_cacheutil.py,62.2,🟡 Medium,2,1,0.0,6,61.0
django,tests/regressiontests/context_processors/models.py,62.1,🟡 Medium,1,1,1.0,0,0.0
django,tests/regressiontests/requests/models.py,62.1,🟡 Medium,1,1,1.0,0,0.0
django,tests/regressiontests/mail/models.py,62.1,🟡 Medium,1,1,1.0,0,0.0
django,tests/regressiontests/pagination_regress/models.py,62.1,🟡 Medium,1,1,1.0,0,0.0
scikit-learn,sklearn/externals/joblib/externals/loky/backend/popen_loky_posix.py,62.1,🟡 Medium,2,1,0.5,27,166.0
scikit-learn,sklearn/utils/tests/test_arpack.py,62.0,🟡 Medium,3,3,0.0,1864,10.0
scikit-learn,sklearn/src/cblas/cblas_dasum.c,62.0,🟡 Medium,2,2,0.5,637,10.0
scikit-learn,scikits/learn/machine/manifold_learning/projection/MAP_projection.py,62.0,🟡 Medium,4,1,0.5,0,29.0
cli,httpie/manage.py,62.0,🟡 Medium,5,1,0.2,137,39.8
django,tests/forms_tests/tests/extra.py,62.0,🟡 Medium,2,2,0.5,16,692.0
django,tests/model_permalink/models.py,62.0,🟡 Medium,2,2,0.0,1316,22.0
pytest,contrib/pygreen/greenexecnet.py,62.0,🟡 Medium,1,1,1.0,0,164.0
scikit-learn,examples/glm/plot_ols.py,61.9,🟡 Medium,4,2,0.25,160,13.0
scikit-learn,maint_tools/create_issue_from_juint.py,61.9,🟡 Medium,4,1,1.0,96,72.25
django,tests/utils_tests/encoding.py,61.9,🟡 Medium,2,2,0.5,24,14.0
django,tests/db_functions/test_uuid.py,61.8,🟡 Medium,3,2,0.3333333333333333,115,72.33333333333333
django,tests/gis_tests/geos_tests/test_coordseq.py,61.8,🟡 Medium,4,3,0.25,2976,41.25
django,django/tasks/checks.py,61.8,🟡 Medium,1,1,1.0,0,6.0
flask,examples/tutorial/tests/test_auth.py,61.8,🟡 Medium,5,3,0.2,1504,45.4
django,tests/tasks/test_dummy_backend.py,61.8,🟡 Medium,2,2,0.5,62,218.0
django,django/contrib/admin/static/admin/js/vendor/xregexp/xregexp.min.js,61.8,🟡 Medium,3,3,0.3333333333333333,2924,48.0
pytest,testing/test_parametrize_with_fixture.py,61.7,🟡 Medium,3,2,0.6666666666666666,0,15.666666666666666
django,django/parts/admin/doc.py,61.7,🟡 Medium,2,2,0.5,20,67.0
django,tests/deprecation/test_deprecate_posargs.py,61.7,🟡 Medium,2,2,1.0,208,307.0
django,django/utils/warnings.py,61.6,🟡 Medium,1,1,1.0,0,9.0
pytest,doc/ja/example/assertion/failure_demo.py,61.6,🟡 Medium,2,2,0.5,121,157.0
cli,httpie/cli/dicts.py,61.6,🟡 Medium,7,2,0.1428571428571428,1126,35.0
django,tests/model_inheritance_select_related/models.py,61.5,🟡 Medium,3,3,0.3333333333333333,249,22.0
django,tests/dispatch/tests/__init__.py,61.5,🟡 Medium,4,3,0.25,496,2.0
cli,httpie/plugins/registry.py,61.4,🟡 Medium,4,3,0.25,554,14.25
scikit-learn,scikits/learn/svm/tests/test_precomputed.py,61.4,🟡 Medium,6,1,0.1666666666666666,0,69.83333333333333
pytest,py/tool/utestconvert.py,61.4,🟡 Medium,2,2,0.5,356,166.0
django,tests/app_cache/models.py,61.4,🟡 Medium,5,2,0.2,226,9.0
scikit-learn,scikits/learn/preprocessing/sparse/setup.py,61.3,🟡 Medium,2,2,0.0,47,19.5
django,django/contrib/gis/db/backend/oracle/field.py,61.3,🟡 Medium,3,1,0.6666666666666666,262,55.0
django,tests/migrations/test_migrations_squashed_replaced_order/app1/0001_initial.py,61.2,🟡 Medium,1,1,1.0,0,5.0
django,django/utils/topological_sort.py,61.2,🟡 Medium,3,3,0.3333333333333333,1075,21.0
scikit-learn,sklearn/neural_networks/rbm.py,61.2,🟡 Medium,6,3,0.6666666666666666,79,90.16666666666669
django,django/contrib/gis/db/backend/mysql/__init__.py,61.2,🟡 Medium,2,1,0.5,236,11.0
django,tests/regressiontests/forms/localflavor/in_.py,61.1,🟡 Medium,4,2,1.0,55,128.0
scikit-learn,examples/semi_supervised/plot_semi_supervised_newsgroups.py,61.1,🟡 Medium,9,7,0.1111111111111111,1734,74.66666666666667
django,tests/requests_tests/test_data_upload_settings.py,61.1,🟡 Medium,2,2,0.5,25,233.0
django,tests/empty_models/test_commands.py,61.1,🟡 Medium,3,3,0.3333333333333333,949,15.666666666666666
django,tests/regressiontests/custom_columns_regress/tests.py,61.0,🟡 Medium,5,3,0.6,381,68.0
django,tests/migrations/test_migrations_plan/0001_initial.py,61.0,🟡 Medium,3,3,0.3333333333333333,1718,18.0
django,django/contrib/admin/static/admin/js/theme.js,60.9,🟡 Medium,3,3,0.6666666666666666,1375,45.333333333333336
scikit-learn,scikits/learn/cluster/tests/test_feature_agglomeration.py,60.9,🟡 Medium,2,2,0.5,10,0.0
django,tests/regressiontests/forms/localflavor/mx.py,60.9,🟡 Medium,2,2,1.0,24,84.0
pytest,py/test/testing/test_remote.py,60.9,🟡 Medium,3,1,0.6666666666666666,362,48.333333333333336
django,tests/regressiontests/localflavor/si/tests.py,60.8,🟡 Medium,3,3,1.0,284,236.33333333333337
django,tests/check_framework/test_files.py,60.8,🟡 Medium,2,2,0.5,379,28.0
django,django/db/backends/sqlite3/utils.py,60.8,🟡 Medium,1,1,1.0,0,8.0
scikit-learn,examples/svm/plot_svm_hyperplane.py,60.8,🟡 Medium,3,2,0.0,34,24.0
scikit-learn,scikits/learn/manifold/regression/cluster/setup.py,60.7,🟡 Medium,3,1,0.6666666666666666,84,18.0
django,django/contrib/gis/db/backend/util.py,60.7,🟡 Medium,2,1,0.5,236,33.0
scikit-learn,sklearn/utils/tests/test_dataframe.py,60.6,🟡 Medium,3,2,0.3333333333333333,167,51.666666666666664
django,tests/db_functions/comparison/test_greatest.py,60.6,🟡 Medium,3,3,0.3333333333333333,1267,80.33333333333333
django,tests/lookup/test_decimalfield.py,60.6,🟡 Medium,3,3,0.3333333333333333,1881,30.333333333333332
pytest,py/impl/test/cmdline.py,60.6,🟡 Medium,2,1,0.5,66,18.0
django,tests/db_functions/comparison/test_least.py,60.6,🟡 Medium,3,3,0.3333333333333333,1267,79.66666666666667
django,tests/files/models.py,60.5,🟡 Medium,4,4,0.25,294,16.0
django,tests/sphinx/testdata/package/import_error.py,60.5,🟡 Medium,1,1,1.0,0,3.0
django,tests/invalid_models_tests/base.py,60.5,🟡 Medium,2,2,0.5,452,10.0
scikit-learn,benchmarks/plot_tsne_mnist.py,60.5,🟡 Medium,3,3,0.3333333333333333,2169,25.666666666666668
django,tests/sphinx/testdata/package/wildcard_module.py,60.5,🟡 Medium,1,1,1.0,0,3.0
django,tests/staticfiles_tests/test_templatetag_deprecation.py,60.5,🟡 Medium,2,2,0.5,95,34.5
django,tests/regressiontests/createsuperuser/tests.py,60.5,🟡 Medium,3,3,0.3333333333333333,149,37.0
django,tests/regressiontests/forms/localflavor/be.py,60.4,🟡 Medium,5,3,1.0,315,73.0
rich,benchmarks/snippets.py,60.4,🟡 Medium,4,3,0.0,192,172.0
django,django/contrib/admin/media/js/prepopulate.min.js,60.3,🟡 Medium,3,3,0.6666666666666666,297,1.0
django,tests/template_tests/templatetags/bad_tag.py,60.3,🟡 Medium,3,3,0.3333333333333333,701,8.0
pytest,testing/root/test_error.py,60.3,🟡 Medium,3,2,0.3333333333333333,323,24.0
rich,examples/tree.py,60.3,🟡 Medium,7,1,0.1428571428571428,40,39.57142857142857
scikit-learn,scikits/learn/machine/manifold_learning/regression/cluster/ModifiedGeneralClustering.h,60.3,🟡 Medium,3,1,0.3333333333333333,6,70.33333333333333
scikit-learn,scikits/learn/machine/manifold_learning/compression/dimensionality_reduction.py,60.2,🟡 Medium,4,1,0.5,0,30.0
scikit-learn,scikits/learn/machine/manifold_learning/compression/stochastic_dimensionality_reduction.py,60.2,🟡 Medium,4,1,0.5,0,30.0
django,django/contrib/gis/db/backend/spatialite/field.py,60.2,🟡 Medium,2,1,0.5,8,43.0
rich,tools/make_emoji.py,60.2,🟡 Medium,5,2,0.4,822,9.8
django,tests/urlpatterns_reverse/nested_urls.py,60.2,🟡 Medium,3,3,0.3333333333333333,2056,17.0
django,tests/backends/oracle/test_creation.py,60.1,🟡 Medium,4,3,0.25,1817,67.75
django,django/utils/_decimal.py,60.1,🟡 Medium,2,2,1.0,941,1574.0
scikit-learn,sklearn/check_build/setup.py,60.1,🟡 Medium,4,3,0.0,22,11.5
django,tests/gis_tests/geoadmin_deprecated/models.py,60.0,🟡 Medium,2,2,0.5,421,14.0
django,tests/forms_tests/widget_tests/test_choicewidget.py,60.0,🟡 Medium,2,2,1.0,33,61.5
django,tests/test_runner_apps/buffer/tests_buffer.py,60.0,🟡 Medium,2,2,0.5,795,11.0
django,tests/deprecation/test_signed_cookie_legacy_salt_fallback.py,59.9,🟡 Medium,1,1,1.0,0,32.0
django,tests/deprecation/test_use_blank_choice_dash.py,59.9,🟡 Medium,1,1,1.0,0,32.0
pytest,doc/en/example/costlysetup/sub_a/test_quick.py,59.9,🟡 Medium,4,3,0.75,440,2.0
django,tests/regressiontests/utils/termcolors.py,59.9,🟡 Medium,5,2,0.6,1131,126.2
django,tests/check_framework/urls/path_compatibility/unmatched_angle_brackets.py,59.9,🟡 Medium,1,1,1.0,0,7.0
pytest,py/misc/dynpkg.py,59.9,🟡 Medium,3,2,0.3333333333333333,940,65.0
django,tests/db_functions/text/test_sha384.py,59.8,🟡 Medium,4,3,0.25,1772,47.75
django,tests/template_tests/syntax_tests/test_csp_nonce_attr.py,59.8,🟡 Medium,1,1,1.0,0,76.0
django,django/contrib/gis/db/backend/spatialite/__init__.py,59.8,🟡 Medium,2,1,0.5,7,46.5
scikit-learn,scikits/learn/machine/manifold_learning/regression/PLMR.py,59.7,🟡 Medium,6,1,0.5,0,154.5
pytest,py/test/dsession/testing/test_mypickle.py,59.7,🟡 Medium,1,1,1.0,0,186.0
django,django/contrib/localflavor/ec/ec_provinces.py,59.7,🟡 Medium,2,2,1.0,314,26.5
django,tests/test_utils/test_serializemixin.py,59.7,🟡 Medium,2,2,0.0,258,15.0
scikit-learn,examples/preprocessing/plot_robust_scaling.py,59.7,🟡 Medium,5,3,0.6,179,45.2
scikit-learn,scikits/learn/tree_model/__init__.py,59.7,🟡 Medium,4,2,0.25,166,2.25
django,tests/gis_tests/test_gis_tests_utils.py,59.6,🟡 Medium,3,3,0.3333333333333333,1606,38.333333333333336
scikit-learn,scikits/learn/machine/manifold_learning/projection/ML_projection.py,59.6,🟡 Medium,4,1,0.75,0,46.75
click,tests/test_deprecations.py,59.6,🟡 Medium,3,2,0.3333333333333333,60,33.0
scikit-learn,sklearn/utils/_csgraph.py,59.6,🟡 Medium,4,3,0.25,112,22.0
django,tests/migrations/test_migrations_squashed_partially_applied/0002_mymodel1_field_1_mymodel2_field_2_and_more.py,59.5,🟡 Medium,1,1,1.0,0,20.0
flask,examples/minitwit/tests/test_minitwit.py,59.5,🟡 Medium,3,3,0.6666666666666666,535,98.66666666666669
django,tests/migrations/test_migrations_latest/0001_initial.py,59.5,🟡 Medium,1,1,1.0,0,7.0
django,tests/migrations/test_migrations_latest_basic/0002_second.py,59.5,🟡 Medium,1,1,1.0,0,7.0
scikit-learn,scikits/learn/machine/em/densities2.py,59.4,🟡 Medium,2,1,0.0,8,112.0
django,django/conf/app_template/views.py,59.4,🟡 Medium,2,2,0.5,2630,0.5
django,tests/app_loading/not_installed/models.py,59.4,🟡 Medium,4,4,0.5,3264,12.0
django,tests/admin_scripts/app_with_urls/root_urls.py,59.4,🟡 Medium,1,1,1.0,0,21.0
cli,httpie/output/lexers/metadata.py,59.4,🟡 Medium,2,2,0.5,30,47.5
django,tests/regressiontests/forms/localflavor/hr.py,59.4,🟡 Medium,3,3,1.0,122,92.0
django,django/contrib/formtools/wizard/tests/wizardtests/tests.py,59.3,🟡 Medium,3,2,1.0,11,228.66666666666663
scikit-learn,scikits/learn/utils/sparsetools/csgraph.py,59.3,🟡 Medium,6,2,0.1666666666666666,370,57.0
scikit-learn,scikits/learn/ensemble/tests/test_random_forest.py,59.3,🟡 Medium,4,1,0.25,29,73.75
django,django/utils/simplejson/tool.py,59.3,🟡 Medium,2,1,1.0,162,22.0
django,tests/logging_tests/urls_i18n.py,59.3,🟡 Medium,4,4,0.0,2121,6.25
scikit-learn,sklearn/covariance/tests/test_g_lasso.py,59.3,🟡 Medium,6,1,0.1666666666666666,7,29.5
pytest,py/cmdline/pycleanup.py,59.2,🟡 Medium,4,3,0.25,373,21.5
scikit-learn,scikits/learn/glm/logistic.py,59.2,🟡 Medium,4,3,0.25,24,19.5
flask,examples/minitwit/minitwit/minitwit.py,59.2,🟡 Medium,5,3,0.4,535,179.0
click,tests/typing/typing_aliased_group.py,59.2,🟡 Medium,4,3,0.75,621,30.0
django,django/contrib/localflavor/id/id_choices.py,59.2,🟡 Medium,3,3,1.0,303,95.66666666666669
django,tests/template_tests/test_extends_relative.py,59.1,🟡 Medium,4,3,0.5,2142,89.25
pytest,contrib/pygreen/pipe/common.py,59.1,🟡 Medium,1,1,1.0,0,36.0
django,django/contrib/gis/db/backend/spatialite/creation.py,59.1,🟡 Medium,3,2,1.0,47,31.0
rich,tests/test_ratio.py,59.0,🟡 Medium,7,3,0.2857142857142857,258,42.857142857142854
django,tests/db_functions/text/test_sha1.py,59.0,🟡 Medium,3,3,0.3333333333333333,1772,42.333333333333336
django,tests/regressiontests/localflavor/mx/models.py,59.0,🟡 Medium,2,2,0.5,76,10.0
rich,tests/test_block_bar.py,58.9,🟡 Medium,7,2,0.1428571428571428,168,39.285714285714285
requests,src/requests/exceptions.py,58.9,🟡 Medium,4,2,0.5,993,41.0
django,tests/admin_scripts/management/commands/suppress_base_options_command.py,58.9,🟡 Medium,3,3,0.3333333333333333,556,19.0
django,tests/check_framework/urls/path_compatibility/matched_angle_brackets.py,58.9,🟡 Medium,1,1,1.0,0,4.0
django,tests/regressiontests/servers/views.py,58.9,🟡 Medium,2,2,1.0,303,12.0
pytest,contrib/pygreen/pipe/fd.py,58.8,🟡 Medium,1,1,1.0,0,45.0
rich,rich/_tools.py,58.8,🟡 Medium,10,1,0.2,20,49.2
scikit-learn,sklearn/externals/joblib/externals/cloudpickle/__init__.py,58.7,🟡 Medium,4,1,0.25,95,3.0
pytest,doc/en/example/py2py3/test_py3.py,58.7,🟡 Medium,6,3,0.6666666666666666,2552,5.0
pytest,testing/io/test_pprint.py,58.7,🟡 Medium,6,3,0.3333333333333333,945,357.0
cli,tests/utils/matching/parsing.py,58.7,🟡 Medium,4,3,0.25,326,63.0
pytest,py/bin/_findpy.py,58.7,🟡 Medium,4,2,0.25,947,23.75
django,tests/model_package/models/__init__.py,58.6,🟡 Medium,4,4,0.25,3264,2.6666666666666665
pytest,doc/en/example/fixtures/test_fixtures_order_autouse.py,58.6,🟡 Medium,2,2,0.5,1278,27.5
scikit-learn,scikits/learn/machine/svm/examples/utils.py,58.6,🟡 Medium,2,1,0.0,8,39.0
pytest,testing/test_setupplan.py,58.6,🟡 Medium,5,4,0.4,1707,84.75
rich,rich/_lru_cache.py,58.6,🟡 Medium,7,3,0.1428571428571428,821,34.857142857142854
scikit-learn,scikits/learn/utils/tests/test_hungarian.py,58.5,🟡 Medium,6,2,0.1666666666666666,44,42.833333333333336
pytest,py/test/testing/import_test/package/test_import.py,58.5,🟡 Medium,3,2,0.3333333333333333,948,48.333333333333336
pytest,testing/pytest/plugin/test_pytest_recwarn.py,58.5,🟡 Medium,2,1,0.5,26,66.0
scikit-learn,scikits/learn/preprocessing.py,58.4,🟡 Medium,3,2,0.3333333333333333,13,24.0
scikit-learn,scikits/learn/linear_model/sparse/tests/test_ridge.py,58.4,🟡 Medium,5,1,0.2,1,29.2
pytest,runtox.py,58.4,🟡 Medium,4,2,0.25,71,6.0
django,django/core/checks/files.py,58.4,🟡 Medium,2,2,0.5,379,15.0
django,js_tests/admin/timeparse.test.js,58.4,🟡 Medium,3,3,0.0,615,27.666666666666668
django,tests/sitecustomize.py,58.4,🟡 Medium,1,1,1.0,0,6.0
scikit-learn,scikits/learn/pyem/pyem/profile_gmm.py,58.4,🟡 Medium,6,1,0.1666666666666666,0,32.0
django,tests/sites_framework/models.py,58.4,🟡 Medium,6,6,0.5,2521,21.0
scikit-learn,scikits/learn/em/src/c_gden.c,58.4,🟡 Medium,2,1,1.0,86,24.0
pytest,ez_setup.py,58.3,🟡 Medium,3,2,0.6666666666666666,304,179.33333333333334
django,tests/regressiontests/admin_scripts/urls.py,58.3,🟡 Medium,2,2,1.0,351,8.5
pytest,testing/test_lastfailed.py,58.2,🟡 Medium,2,1,0.5,12,201.0
flask,flask/run.py,58.2,🟡 Medium,4,2,0.25,0,155.25
django,tests/regressiontests/localflavor/au/models.py,58.2,🟡 Medium,2,2,0.5,174,12.0
django,tests/choices/tests.py,58.1,🟡 Medium,4,4,0.25,2215,14.333333333333334
scikit-learn,scikits/learn/em/tests/test_online_em.py,58.1,🟡 Medium,2,1,1.0,0,150.0
django,tests/check_framework/test_migrations.py,58.1,🟡 Medium,3,2,0.3333333333333333,63,89.33333333333333
pytest,contrib/pygreen/pipe/gsocket.py,58.1,🟡 Medium,1,1,1.0,0,87.0
django,django/utils/unittest/__init__.py,58.0,🟡 Medium,3,2,1.0,993,25.0
django,docs/_ext/github_links.py,58.0,🟡 Medium,3,3,1.0,395,103.0
scikit-learn,scikits/learn/pyem/profile_data/profile_densities.py,58.0,🟡 Medium,4,1,0.25,0,50.0
pytest,py/test/looponfail/testing/test_util.py,58.0,🟡 Medium,2,1,0.5,194,59.0
django,tests/migrations/migrations_test_apps/conflicting_app_with_dependencies/migrations/0002_conflicting_second.py,58.0,🟡 Medium,3,3,0.3333333333333333,2732,13.333333333333334
django,tests/regressiontests/admin_widgets/urls2.py,58.0,🟡 Medium,2,1,1.0,143,5.0
pytest,py/plugin/pytest_pastebin.py,57.9,🟡 Medium,2,1,0.5,59,56.0
django,tests/test_client/test_fakepayload.py,57.9,🟡 Medium,3,3,0.3333333333333333,1274,9.666666666666666
django,tests/admin_views/test_breadcrumbs.py,57.9,🟡 Medium,2,2,0.5,213,22.0
scikit-learn,sklearn/src/cblas/ATL_srefgemvN.c,57.8,🟡 Medium,1,1,1.0,0,27.0
scikit-learn,sklearn/src/cblas/ATL_srefgemvT.c,57.8,🟡 Medium,1,1,1.0,0,27.0
django,django/contrib/gis/tests/geoapp/test_serializers.py,57.8,🟡 Medium,2,2,0.5,11,52.0
django,tests/utils_tests/test_hashable.py,57.8,🟡 Medium,4,3,0.25,1206,28.5
pytest,testing/example_scripts/dataclasses/test_compare_recursive_dataclasses.py,57.8,🟡 Medium,6,5,0.6666666666666666,1476,29.166666666666668
pytest,py/impl/path/gateway/remotepath.py,57.8,🟡 Medium,1,1,1.0,0,37.0
django,tests/db_functions/datetime/test_now.py,57.8,🟡 Medium,4,4,0.25,1501,50.5
requests,requests/packages/urllib3/fields.py,57.7,🟡 Medium,7,4,0.0,1340,65.14285714285714
pytest,contrib/pygreen/test/test_greenexecnet.py,57.7,🟡 Medium,1,1,1.0,0,40.0
django,tests/user_commands/management/commands/mutually_exclusive_required_with_same_dest.py,57.7,🟡 Medium,2,2,0.5,104,10.0
django,tests/gis_tests/data/rasters/textrasters.py,57.7,🟡 Medium,2,1,0.5,97,12.0
scikit-learn,examples/frozen/plot_frozen_examples.py,57.6,🟡 Medium,2,2,0.5,207,37.0
pytest,test_warnings.py,57.6,🟡 Medium,2,2,0.0,117,42.0
django,tests/regressiontests/mail/__init__.py,57.6,🟡 Medium,1,1,1.0,0,0.0
django,tests/regressiontests/m2m_through_regress/__init__.py,57.6,🟡 Medium,1,1,1.0,0,0.0
django,tests/regressiontests/decorators/models.py,57.6,🟡 Medium,1,1,1.0,0,0.0
django,tests/modeltests/m2m_through/__init__.py,57.6,🟡 Medium,1,1,1.0,0,0.0
pytest,testing/example_scripts/deprecated/test_fixture_named_request.py,57.6,🟡 Medium,3,2,1.0,225,6.0
django,tests/template_tests/syntax_tests/i18n/test_filters.py,57.6,🟡 Medium,3,3,0.3333333333333333,1902,44.0
flask,examples/tutorial/flaskr/blog.py,57.6,🟡 Medium,7,2,0.1428571428571428,2098,82.28571428571429
scikit-learn,scikits/learn/externals/__init__.py,57.6,🟡 Medium,4,3,0.0,400,0.0
django,tests/staticfiles_tests/project/documents/nested/js/nested.js,57.5,🟡 Medium,2,2,1.0,701,1.0
click,tests/test_stream_lifecycle.py,57.5,🟡 Medium,2,1,0.5,83,323.0
pytest,py/test/repevent.py,57.5,🟡 Medium,2,2,0.0,151,108.5
pytest,testing/plugin/test_pytest_figleaf.py,57.5,🟡 Medium,2,1,1.0,59,14.0
django,tests/auth_tests/test_apps.py,57.5,🟡 Medium,2,2,0.5,2,51.0
scikit-learn,scikits/learn/pyem/tests/test_gauss_mix.py,57.4,🟡 Medium,4,1,0.25,0,48.5
scikit-learn,scikits/learn/pyem/examples/utils.py,57.4,🟡 Medium,5,1,0.2,0,25.6
django,tests/regressiontests/i18n/patterns/urls/wrong.py,57.4,🟡 Medium,3,2,1.0,88,6.0
pytest,py/test/resultlog.py,57.4,🟡 Medium,2,1,0.0,39,45.0
django,tests/check_framework/urls_no_warnings.py,57.3,🟡 Medium,1,1,1.0,0,10.0
django,tests/urlpatterns_reverse/erroneous_views_module.py,57.3,🟡 Medium,3,3,0.6666666666666666,249,3.0
cli,tests/test_update_warnings.py,57.3,🟡 Medium,2,2,0.5,668,174.5
scikit-learn,benchmarks/bench_bayes.py,57.3,🟡 Medium,3,3,0.3333333333333333,280,15.0
django,tests/migrations/migrations_test_apps/with_generic_model/models.py,57.2,🟡 Medium,1,1,1.0,0,15.0
django,tests/regressiontests/requests/__init__.py,57.2,🟡 Medium,1,1,1.0,0,0.0
pytest,testing/pytest/plugin/test_pytest_unittest.py,57.2,🟡 Medium,2,1,1.0,32,61.0
requests,requests/packages/urllib3/util/ssl_.py,57.2,🟡 Medium,16,6,0.0,1110,146.3125
django,tests/migrations/migrations_test_apps/migrated_unapplied_app/models.py,57.2,🟡 Medium,1,1,1.0,0,9.0
cli,tests/test_cli_ui.py,57.2,🟡 Medium,3,1,0.6666666666666666,65,33.333333333333336
scikit-learn,scikits/learn/svm/libsvm-2.82/svm.cpp,57.1,🟡 Medium,2,1,0.5,28,2595.0
rich,examples/table.py,57.0,🟡 Medium,8,2,0.5,248,12.5
django,tests/admin_scripts/complex_app/models/foo.py,57.0,🟡 Medium,3,3,0.3333333333333333,3264,5.0
cli,tests/fixtures.py,57.0,🟡 Medium,2,2,0.5,542,18.0
django,tests/utils_tests/test_module/formats/__init__.py,56.9,🟡 Medium,1,1,1.0,0,0.0
scikit-learn,sklearn/utils/ransac.py,56.8,🟡 Medium,7,1,0.2857142857142857,0,43.42857142857143
pytest,py/test/web/exception.py,56.8,🟡 Medium,3,1,0.3333333333333333,594,2.0
pytest,src/_pytest/terminalprogress.py,56.7,🟡 Medium,2,1,0.5,2,13.5
scikit-learn,scikits/learn/tests/test_rfe.py,56.7,🟡 Medium,3,2,0.3333333333333333,18,18.666666666666668
click,tests/typing/typing_password_option.py,56.7,🟡 Medium,1,1,1.0,0,8.0
django,tests/regressiontests/i18n/patterns/urls/wrong_namespace.py,56.7,🟡 Medium,3,2,1.0,88,8.0
click,examples/naval/naval.py,56.7,🟡 Medium,6,2,0.1666666666666666,2172,42.333333333333336
cli,httpie/output/ui/rich_progress.py,56.7,🟡 Medium,2,1,1.0,21,105.5
rich,rich/_cell_widths.py,56.6,🟡 Medium,6,3,0.5,1441,464.0
pytest,doc/ja/example/multipython.py,56.6,🟡 Medium,2,2,0.5,121,45.0
requests,requests/packages/poster/streaminghttp.py,56.6,🟡 Medium,2,2,0.5,8,92.0
pytest,py/cmdline/pytest.py,56.5,🟡 Medium,1,1,1.0,0,3.0
django,tests/modeltests/select_for_update/models.py,56.5,🟡 Medium,2,2,0.5,175,3.0
scikit-learn,sklearn/linear_model/_glm/__init__.py,56.5,🟡 Medium,8,6,0.0,1973,12.0
django,tests/urlpatterns_reverse/test_deprecated.py,56.4,🟡 Medium,1,1,1.0,0,27.0
scikit-learn,scikits/learn/externals/setup.py,56.4,🟡 Medium,3,2,0.6666666666666666,379,6.0
click,examples/inout/inout.py,56.4,🟡 Medium,5,4,0.2,2143,11.8
scikit-learn,doc/themes/scikit-learn/static/js/copybutton.js,56.3,🟡 Medium,3,2,0.3333333333333333,1095,46.666666666666664
pytest,contrib/pygreen/test/test_greensock2.py,56.3,🟡 Medium,1,1,1.0,0,106.0
django,django/contrib/admin/media/js/compress.py,56.3,🟡 Medium,3,1,0.3333333333333333,70,39.0
scikit-learn,scikits/learn/svm/examples/utils.py,56.3,🟡 Medium,2,1,0.5,28,40.0
django,tests/xor_lookups/tests.py,56.3,🟡 Medium,2,2,1.0,696,68.0
django,django/contrib/auth/tests/settings.py,56.3,🟡 Medium,4,3,0.5,41,18.25
django,django/db/models/functions/mixins.py,56.3,🟡 Medium,8,5,0.25,1881,35.375
scikit-learn,examples/gaussian_process/new/plot_gpc_xor.py,56.2,🟡 Medium,5,1,0.0,11,24.8
pytest,py/log/log.py,56.2,🟡 Medium,2,1,0.5,10,110.0
scikit-learn,asv_benchmarks/benchmarks/decomposition.py,56.2,🟡 Medium,4,3,0.25,1057,58.25
django,tests/fixtures_migration/migrations/0001_initial.py,56.1,🟡 Medium,1,1,1.0,0,11.0
django,django/conf/locale/fr_CA/formats.py,56.1,🟡 Medium,3,3,0.3333333333333333,713,23.0
django,tests/regressiontests/localflavor/tr/tests.py,56.1,🟡 Medium,2,2,0.5,380,69.0
django,django/db/backends/oracle/oracledb_any.py,56.1,🟡 Medium,2,2,1.0,790,16.5
django,tests/backends/base/test_features.py,56.0,🟡 Medium,3,3,0.0,1817,5.0
django,tests/regressiontests/forms/localflavor/cn.py,56.0,🟡 Medium,2,2,1.0,122,64.0
pytest,testing/example_scripts/fixtures/test_fixture_named_request.py,56.0,🟡 Medium,3,2,0.6666666666666666,1813,6.5
django,django/contrib/admin/media/js/prepopulate.js,56.0,🟡 Medium,3,3,1.0,185,22.0
django,django/contrib/auth/utils.py,56.0,🟡 Medium,2,2,0.5,114,38.0
django,django/core/checks/async_checks.py,56.0,🟡 Medium,2,2,0.5,684,12.0
pytest,py/magic/greenlet.py,55.9,🟡 Medium,3,2,0.0,180,8.666666666666666
django,tests/db_functions/math/test_sign.py,55.9,🟡 Medium,2,2,0.5,1051,46.0
django,django/tasks/exceptions.py,55.8,🟡 Medium,1,1,1.0,0,6.0
scikit-learn,examples/linear_model/lasso_path_with_crossvalidation.py,55.8,🟡 Medium,3,3,0.6666666666666666,250,18.666666666666668
django,tests/regressiontests/special_headers/models.py,55.8,🟡 Medium,2,2,0.0,641,3.0
pytest,py/apigen/source/server.py,55.8,🟡 Medium,2,1,0.5,17,36.5
scikit-learn,scikits/learn/glm/sparse/__init__.py,55.8,🟡 Medium,3,3,0.3333333333333333,47,1.5
flask,examples/minitwit/setup.py,55.7,🟡 Medium,1,1,1.0,0,15.0
pytest,pytest/plugin/standalonetemplate.py,55.7,🟡 Medium,2,2,0.5,8,50.0
django,tests/gis_tests/geoapp/feeds.py,55.7,🟡 Medium,6,5,0.1666666666666666,3810,40.4
django,tests/regressiontests/mail/custombackend.py,55.6,🟡 Medium,1,1,1.0,0,8.0
pytest,_py/test/plugin/pytest_mark.py,55.6,🟡 Medium,2,1,0.5,6,58.0
django,tests/async/test_async_related_managers.py,55.6,🟡 Medium,3,2,1.0,88,76.66666666666667
django,tests/modeltests/timezones/models.py,55.6,🟡 Medium,4,1,1.0,164,10.5
django,tests/decorators/test_common.py,55.6,🟡 Medium,2,2,0.0,987,27.0
pytest,contrib/pygreen/pipe/mp.py,55.6,🟡 Medium,1,1,1.0,0,18.0
scikit-learn,asv_benchmarks/benchmarks/ensemble.py,55.5,🟡 Medium,5,4,0.0,1057,69.8
django,tests/messages_tests/utils.py,55.5,🟡 Medium,1,1,1.0,0,8.0
pytest,doc/en/_themes/flask_theme_support.py,55.4,🟡 Medium,5,3,0.4,1998,76.4
pytest,py/test/dist/nodemanage.py,55.4,🟡 Medium,6,2,0.0,171,56.0
scikit-learn,sklearn/feature_extraction/dictvectorizer.py,55.3,🟡 Medium,5,1,0.2,9,70.8
flask,examples/flaskr/flaskr/__init__.py,55.3,🟡 Medium,6,3,0.5,583,1.0
django,tests/check_framework/urls/contains_tuple.py,55.3,🟡 Medium,2,2,0.5,2133,3.0
flask,tests/test_apps/cliapp/importerrorapp.py,55.3,🟡 Medium,4,3,0.25,1190,4.0
scikit-learn,examples/mixture/plot_gmm_init.py,55.3,🟡 Medium,6,4,0.1666666666666666,1290,52.833333333333336
django,tests/regressiontests/localflavor/mk/models.py,55.3,🟡 Medium,3,2,0.6666666666666666,123,12.0
django,tests/regressiontests/localflavor/forms.py,55.3,🟡 Medium,2,2,1.0,18,7.5
django,tests/regressiontests/forms/validators.py,55.2,🟡 Medium,2,2,0.5,279,14.0
django,tests/transaction_hooks/models.py,55.2,🟡 Medium,3,3,0.3333333333333333,1666,5.0
django,django/core/compat_checks/django_1_6_0.py,55.1,🟡 Medium,2,2,0.5,0,20.0
scikit-learn,sklearn/externals/array_api_compat/common/_fft.py,55.1,🟡 Medium,2,2,0.0,56,188.0
pytest,py/_cmdline/pyconvert_unittest.py,55.1,🟡 Medium,3,1,0.3333333333333333,194,171.0
django,tests/migrations/migrations_test_apps/with_generic_model/migrations/0002_customgenericmodel.py,55.1,🟡 Medium,1,1,1.0,0,26.0
scikit-learn,examples/gaussian_process/new/plot_gpc.py,55.0,🟡 Medium,6,1,0.1666666666666666,13,39.5
django,tests/staticfiles_tests/project/documents/absolute_root.js,55.0,🟡 Medium,2,2,1.0,701,2.0
scikit-learn,sklearn/utils/tests/test_sorting.py,55.0,🟡 Medium,2,1,0.5,0,29.5
pytest,testing/rest/test_directive.py,54.9,🟡 Medium,2,1,0.5,26,56.0
django,django/contrib/gis/db/backend/spatialite/query.py,54.8,🟡 Medium,2,1,0.5,7,107.5
scikit-learn,scikits/learn/manifold/regression/setup.py,54.8,🟡 Medium,2,1,0.5,1,12.0
django,django/db/migrations/__init__.py,54.8,🟡 Medium,5,2,0.2,250,1.75
scikit-learn,scikits/learn/dpgmm.py,54.7,🟡 Medium,5,1,0.2,0,154.8
pytest,example/assertion/test_failures.py,54.7,🟡 Medium,4,1,0.25,479,11.0
scikit-learn,scikits/learn/externals/joblib/test/test_hashing.py,54.7,🟡 Medium,7,4,0.1428571428571428,400,80.5
django,tests/migrations/test_migrations_run_before/0003_third.py,54.7,🟡 Medium,3,3,0.0,2807,19.333333333333332
pytest,py/thread/io.py,54.6,🟡 Medium,2,2,0.5,950,59.0
django,tests/db_functions/text/test_concat.py,54.6,🟡 Medium,5,4,0.4,2367,83.8
django,tests/fixtures_migration/models.py,54.6,🟡 Medium,1,1,1.0,0,3.0
django,django/core/apps/base.py,54.5,🟡 Medium,6,1,0.3333333333333333,4,22.4
django,tests/regressiontests/middleware_exceptions/views.py,54.5,🟡 Medium,3,2,1.0,330,11.0
scikit-learn,sklearn/feature_extraction/stop_words.py,54.4,🟡 Medium,2,2,0.5,1381,42.0
django,tests/i18n/test_management.py,54.4,🟡 Medium,3,3,0.0,1892,18.0
scikit-learn,sklearn/neural_networks/tests/test_rbm.py,54.4,🟡 Medium,3,2,0.3333333333333333,67,20.333333333333332
django,django/contrib/comments/urls/comments.py,54.4,🟡 Medium,4,1,0.75,0,11.0
cli,tests/test_cliparse.py,54.4,🟡 Medium,3,2,0.6666666666666666,6,55.0
scikit-learn,scikits/learn/mixture/tests/test_dpgmm.py,54.4,🟡 Medium,7,3,0.2857142857142857,130,39.714285714285715
pytest,py/impl/cmdline/pytest.py,54.3,🟡 Medium,2,1,1.0,15,3.0
django,tests/db_functions/text/test_sha512.py,54.3,🟡 Medium,3,3,0.3333333333333333,1772,51.333333333333336
scikit-learn,scikits/learn/glm/benchmarks/bench_bayes.py,54.3,🟡 Medium,4,3,0.25,57,17.0
django,tests/model_options/models/default_related_name.py,54.3,🟡 Medium,2,2,1.0,410,26.0
django,tests/i18n/obsolete_translations/__init__.py,54.3,🟡 Medium,1,1,1.0,0,2.0
rich,rich/styled.py,54.2,🟡 Medium,5,2,0.2,489,39.0
django,django/contrib/auth/tests/urls_admin.py,54.2,🟡 Medium,3,2,0.6666666666666666,671,11.0
pytest,py/test/terminal/remote.py,54.1,🟡 Medium,12,2,0.0833333333333333,366,125.5
scikit-learn,examples/cluster/plot_hierarchical_clustering.py,54.1,🟡 Medium,8,1,0.0,0,33.5
rich,tests/test_windows_renderer.py,54.1,🟡 Medium,3,1,0.3333333333333333,49,86.33333333333333
cli,extras/packaging/linux/build.py,54.1,🟡 Medium,3,1,0.0,32,83.0
pytest,testing/pytest/conftest.py,54.0,🟡 Medium,2,1,1.0,38,1.0
django,tests/user_commands/management/commands/subparser_dest.py,54.0,🟡 Medium,3,3,0.6666666666666666,952,8.666666666666666
scikit-learn,examples/linear_model/plot_lasso_bic_aic.py,54.0,🟡 Medium,5,1,0.2,18,49.0
pytest,testing/pytest/plugin/test_pytest_pytester.py,54.0,🟡 Medium,2,1,0.5,26,59.0
pytest,bin-for-dist/test_generate_standalone.py,54.0,🟡 Medium,3,1,0.3333333333333333,0,29.0
requests,tests/test_proxies.py,53.9,🟡 Medium,2,2,0.5,27,16.0
requests,requests/packages/urllib3/util/request.py,53.9,🟡 Medium,5,3,0.2,1110,37.2
pytest,testing/example_scripts/dataclasses/test_compare_dataclasses_with_custom_eq.py,53.9,🟡 Medium,4,3,0.75,1083,12.75
pytest,py/plugin/pytest_resultlog.py,53.8,🟡 Medium,2,1,0.5,59,80.0
requests,tests/test_keep_alive.py,53.8,🟡 Medium,2,2,0.0,12,44.0
pytest,testing/cx_freeze/runtests_script.py,53.8,🟡 Medium,3,2,0.3333333333333333,691,4.0
scikit-learn,scikits/learn/linreg/cd.py,53.8,🟡 Medium,2,2,0.5,2,185.0
django,scripts/archive_eol_stable_branches.py,53.6,🟡 Medium,1,1,1.0,0,121.0
scikit-learn,scikits/learn/naive_bayes/tests/test_naive_bayes.py,53.6,🟡 Medium,2,2,0.0,29,31.0
scikit-learn,sklearn/src/cblas/ATL_srefger.c,53.6,🟡 Medium,1,1,1.0,0,26.0
pytest,py/_path/svnurl.py,53.6,🟡 Medium,3,1,0.3333333333333333,194,275.3333333333333
django,tests/regressiontests/forms/localflavor/py.py,53.6,🟡 Medium,2,2,1.0,55,10.0
pytest,py/impl/test/dist/nodemanage.py,53.5,🟡 Medium,2,1,0.5,15,55.0
requests,src/requests/certs.py,53.5,🟡 Medium,2,1,0.5,900,3.0
django,tests/deprecation/test_csrf_cookie_masked.py,53.4,🟡 Medium,2,2,0.5,170,23.0
django,tests/model_options/apps.py,53.4,🟡 Medium,2,2,0.5,571,15.0
scikit-learn,scikits/learn/linear_model/setup.py,53.4,🟡 Medium,7,2,0.2857142857142857,280,36.0
rich,tests/conftest.py,53.3,🟡 Medium,1,1,1.0,0,5.0
django,django/contrib/admindocs/tests/fields.py,53.3,🟡 Medium,2,1,1.0,3,5.0
pytest,testing/plugin/__init__.py,53.2,🟡 Medium,1,1,1.0,0,0.0
requests,requests/_config.py,53.2,🟡 Medium,5,1,0.0,26,20.666666666666668
scikit-learn,doc/tutorial/text_analytics/solutions/generate_skeletons.py,53.2,🟡 Medium,3,2,0.3333333333333333,236,26.0
django,django/core/mail/backends/__init__.py,53.2,🟡 Medium,1,1,1.0,0,0.0
django,tests/modeltests/model_package/__init__.py,53.2,🟡 Medium,1,1,1.0,0,0.0
django,django/contrib/localflavor/sk/sk_regions.py,53.2,🟡 Medium,1,1,1.0,0,11.0
django,django/contrib/gis/tests/geo3d/views.py,53.2,🟡 Medium,1,1,1.0,0,0.0
django,tests/template_backends/apps/good/templatetags/good_tags.py,53.1,🟡 Medium,1,1,1.0,0,2.0
django,tests/migrations2/test_migrations_backwards_deps_2/0001_initial.py,53.1,🟡 Medium,1,1,1.0,0,12.0
django,django/contrib/localflavor/cz/cz_regions.py,53.1,🟡 Medium,2,2,1.0,7,17.0
django,tests/import_error_package/__init__.py,53.1,🟡 Medium,1,1,1.0,0,1.0
django,tests/template_backends/apps/good/templatetags/subpackage/tags.py,53.1,🟡 Medium,1,1,1.0,0,2.0
scikit-learn,scikits/learn/src/liblinear/liblinear_helper.c,53.1,🟡 Medium,3,1,0.3333333333333333,0,216.0
django,tests/template_backends/apps/good/templatetags/override.py,53.1,🟡 Medium,1,1,1.0,0,2.0
pytest,testing/test_genitems.py,53.1,🟡 Medium,3,1,0.3333333333333333,194,111.0
django,tests/backends/test_mysql.py,53.0,🟡 Medium,5,3,0.4,414,53.0
cli,docs/installation/generate.py,53.0,🟡 Medium,2,2,1.0,360,61.0
django,tests/user_commands/management/commands/subparser.py,52.9,🟡 Medium,2,2,0.5,1384,8.0
scikit-learn,sklearn/src/cblas/cblas_sger.c,52.9,🟡 Medium,1,1,1.0,0,44.0
scikit-learn,sklearn/tree/tests/test_swap.py,52.8,🟡 Medium,1,1,1.0,0,28.0
pytest,_py/code/code.py,52.8,🟡 Medium,2,1,0.5,24,554.0
django,tests/template_tests/syntax_tests/test_query_string.py,52.8,🟡 Medium,2,2,0.5,273,84.0
scikit-learn,benchmarks/bench_plot_incremental_pca.py,52.8,🟡 Medium,5,4,0.0,3290,119.0
pytest,py/process/killproc.py,52.8,🟡 Medium,2,1,0.5,176,20.0
django,tests/regressiontests/signed_cookies_tests/models.py,52.7,🟡 Medium,1,1,1.0,0,0.0
django,tests/regressiontests/signing/models.py,52.7,🟡 Medium,1,1,1.0,0,0.0
flask,examples/persona/persona.py,52.7,🟡 Medium,4,2,0.0,323,36.5
pytest,scripts/publish_gh_release_notes.py,52.7,🟡 Medium,2,1,1.0,4,54.0
django,tests/modeltests/select_for_update/__init__.py,52.7,🟡 Medium,1,1,1.0,0,0.0
django,tests/regressiontests/forms/localflavor/ru.py,52.7,🟡 Medium,2,2,1.0,122,45.0
django,django/core/checks/utils.py,52.5,🟡 Medium,1,1,1.0,0,7.0
django,django/contrib/messages/tests/middleware.py,52.5,🟡 Medium,2,2,1.0,305,10.0
pytest,py/_plugin/pytest_recwarn.py,52.5,🟡 Medium,3,1,0.3333333333333333,194,68.0
scikit-learn,sklearn/externals/joblib/_store_backends.py,52.4,🟡 Medium,2,1,0.5,27,213.0
scikit-learn,scikits/learn/mixture/__init__.py,52.4,🟡 Medium,8,4,0.125,336,3.4285714285714284
scikit-learn,scikits/learn/datasets/svmlight_format.py,52.4,🟡 Medium,10,4,0.4,83,26.88888888888889
cli,tests/utils/matching/tokens.py,52.4,🟡 Medium,2,2,0.0,191,41.5
rich,examples/columns.py,52.4,🟡 Medium,8,2,0.125,81,13.5
pytest,py/green/test/test_greenexecnet.py,52.4,🟡 Medium,2,1,0.0,312,36.5
django,tests/migrations/deprecated_field_migrations/0001_initial.py,52.3,🟡 Medium,5,4,0.0,2936,16.2
requests,requests/packages/charade/compat.py,52.3,🟡 Medium,4,1,0.25,113,8.5
pytest,testing/test_store.py,52.2,🟡 Medium,3,1,0.6666666666666666,139,43.0
django,tests/auth_tests/models/with_many_to_many.py,52.1,🟡 Medium,2,2,0.5,918,26.0
pytest,testing/pytest/plugin/test_pytest_restdoc.py,52.1,🟡 Medium,3,1,0.3333333333333333,52,120.33333333333331
django,tests/migration_test_data_persistence/models.py,52.1,🟡 Medium,2,1,1.0,42,5.0
django,tests/auth_tests/models/with_foreign_key.py,52.0,🟡 Medium,4,3,0.25,2549,19.5
scikit-learn,sklearn/metrics/_plot/tests/test_plot_det_curve.py,52.0,🟡 Medium,3,2,0.0,342,63.333333333333336
django,tests/deprecation/internal.py,52.0,🟡 Medium,1,1,1.0,0,35.0
django,tests/regressiontests/logging_tests/logconfig.py,51.9,🟡 Medium,3,2,0.6666666666666666,55,7.0
django,tests/urlpatterns_reverse/no_urls.py,51.9,🟡 Medium,3,3,0.3333333333333333,709,0.0
scikit-learn,examples/label_propagation/plot_label_propagation_structure.py,51.8,🟡 Medium,7,1,0.1428571428571428,6,31.571428571428573
django,tests/custom_managers_regress/models.py,51.8,🟡 Medium,3,3,0.3333333333333333,249,28.0
scikit-learn,examples/cluster/kmeans_stability_low_dim_dense.py,51.8,🟡 Medium,6,1,0.3333333333333333,1,74.4
django,tests/regressiontests/i18n/commands/tests.py,51.7,🟡 Medium,3,2,0.3333333333333333,648,37.5
django,django/contrib/auth/migrations/0009_alter_user_last_name_max_length.py,51.7,🟡 Medium,3,3,0.3333333333333333,2200,13.333333333333334
django,django/contrib/postgres/expressions.py,51.7,🟡 Medium,2,2,0.5,439,10.0
django,tests/check_framework/urls/cbv_as_view.py,51.7,🟡 Medium,2,2,0.5,446,13.0
scikit-learn,sklearn/externals/joblib/externals/loky/backend/spawn.py,51.7,🟡 Medium,2,1,0.5,27,144.5
django,tests/sphinx/testdata/package/other_module.py,51.7,🟡 Medium,1,1,1.0,0,2.0
django,tests/sphinx/testdata/package/wildcard_base.py,51.7,🟡 Medium,1,1,1.0,0,2.0
django,tests/urlpatterns_reverse/nonimported_module.py,51.6,🟡 Medium,1,1,1.0,0,2.0
django,tests/modeltests/proxy_model_inheritance/app2/models.py,51.6,🟡 Medium,2,2,0.0,570,3.0
pytest,_py/test/config.py,51.5,🟡 Medium,3,1,0.0,26,224.0
django,tests/template_tests/filter_tests/test_json_script.py,51.5,🟡 Medium,4,4,0.5,1575,17.75
django,django/contrib/postgres/forms/__init__.py,51.4,🟡 Medium,5,2,0.6,2497,2.6
scikit-learn,sklearn/src/cblas/atlas_ptalias2.h,51.4,🟡 Medium,1,1,1.0,0,0.0
django,django/contrib/gis/db/backends/adapter.py,51.4,🟡 Medium,2,2,1.0,626,11.0
django,tests/template_tests/syntax_tests/utils.py,51.4,🟡 Medium,2,2,1.0,21,127.5
django,django/contrib/gis/db/models/constants.py,51.3,🟡 Medium,1,1,1.0,0,13.0
pytest,py/builtin/exception.py,51.3,🟡 Medium,3,2,0.0,365,7.666666666666667
rich,tests/test_null_file.py,51.3,🟡 Medium,2,2,0.0,32,22.5
cli,httpie/manager/compat.py,51.3,🟡 Medium,2,2,0.0,276,46.5
django,tests/regressiontests/test_runner/valid_app/__init__.py,51.3,🟡 Medium,1,1,1.0,0,0.0
pytest,testing/rest/setup.py,51.3,🟡 Medium,1,1,1.0,0,8.0
flask,examples/javascript/tests/test_js_example.py,51.3,🟡 Medium,5,2,0.2,2395,22.0
django,django/views/templates/i18n_catalog.js,51.3,🟡 Medium,1,1,1.0,0,84.0
rich,tests/test_prompt.py,51.3,🟡 Medium,7,3,0.4285714285714285,1941,81.71428571428571
scikit-learn,sklearn/src/cblas/ATL_srefgemv.c,51.2,🟡 Medium,1,1,1.0,0,26.0
flask,tests/test_apps/cliapp/routesapp.py,51.2,🟡 Medium,1,1,1.0,0,11.0
pytest,py/test/testing/test_fixture_and_setup.py,51.2,🟡 Medium,1,1,1.0,0,197.0
django,tests/forms_tests/widget_tests/test_colorinput.py,51.2,🟡 Medium,1,1,1.0,0,11.0
scikit-learn,sklearn/experimental/tests/test_enable_successive_halving.py,51.1,🟡 Medium,7,4,0.4285714285714285,1306,28.571428571428573
scikit-learn,scikits/learn/pyem/tests/test_online_em.py,51.1,🟡 Medium,5,1,0.4,0,134.8
scikit-learn,sklearn/linear_model/sparse/src/cd_fast_sparse.c,51.1,🟡 Medium,11,5,0.0,280,4147.909090909091
django,tests/model_fields/test_datetimefield.py,51.1,🟡 Medium,4,3,0.25,2144,58.75
django,django/contrib/formtools/wizard/tests/wizardtests/__init__.py,51.1,🟡 Medium,1,1,1.0,0,1.0
django,django/contrib/formtools/wizard/tests/namedwizardtests/__init__.py,51.1,🟡 Medium,1,1,1.0,0,1.0
django,tests/admin_scripts/custom_templates/project_template/additional_dir/localized.py,51.0,🟡 Medium,1,1,1.0,0,0.0
django,tests/serializers/test_jsonl.py,51.0,🟡 Medium,5,4,0.6,2186,231.8
requests,requests/packages/urllib3/contrib/socks.py,51.0,🟡 Medium,6,3,0.3333333333333333,514,94.33333333333331
django,tests/db_functions/math/test_pi.py,50.9,🟡 Medium,2,2,0.0,1309,10.0
django,tests/check_framework/urls/non_unique_namespaces.py,50.9,🟡 Medium,3,3,0.3333333333333333,1869,12.0
django,tests/regressiontests/test_runner/invalid_app/__init__.py,50.8,🟡 Medium,1,1,1.0,0,0.0
pytest,testing/thread/test_pool.py,50.8,🟡 Medium,2,1,0.5,26,78.0
django,tests/regressiontests/i18n/commands/javascript.js,50.8,🟡 Medium,2,2,0.5,239,24.0
django,tests/sphinx/testdata/package/__init__.py,50.8,🟡 Medium,1,1,1.0,0,1.0
cli,httpie/manager/tasks/sessions.py,50.8,🟡 Medium,3,1,0.3333333333333333,32,74.33333333333333
scikit-learn,benchmarks/bench_balltree.py,50.7,🟡 Medium,4,3,0.25,280,54.666666666666664
pytest,testing/pytest/plugin/test_pytest_pastebin.py,50.7,🟡 Medium,2,1,0.5,40,43.0
django,django/contrib/flatpages/tests/settings.py,50.7,🟡 Medium,2,2,0.0,41,10.0
django,tests/test_runner_apps/tagged/tests_inheritance.py,50.7,🟡 Medium,2,2,0.5,1525,18.0
cli,httpie/output/processors/headers.py,50.7,🟡 Medium,1,1,0.0,0,6.0
cli,tests/test_offline.py,50.6,🟡 Medium,3,2,0.6666666666666666,237,65.66666666666667
scikit-learn,scikits/learn/naive_bayes/sparse/naive_bayes.py,50.6,🟡 Medium,5,3,0.2,38,56.0
django,tests/sphinx/test_github_links.py,50.6,🟡 Medium,2,2,0.5,961,166.0
cli,httpie/output/ui/rich_utils.py,50.5,🟡 Medium,4,2,1.0,79,22.25
django,django/contrib/gis/tests/geoadmin/admin.py,50.5,🟡 Medium,1,1,1.0,0,3.0
scikit-learn,scikits/learn/linreg/regression.py,50.5,🟡 Medium,4,1,0.25,0,57.25
django,tests/doctest.py,50.5,🟡 Medium,2,1,0.5,256,1054.0
pytest,testing/test_collect_imports.py,50.4,🟡 Medium,5,1,0.2,54,176.0
scikit-learn,examples/tree_model/plot_decision_tree_iris.py,50.4,🟡 Medium,3,2,0.3333333333333333,118,51.0
scikit-learn,scikits/learn/utils/sparsetools/py3k.h,50.4,🟡 Medium,5,1,0.6,186,9.0
django,tests/apps/default_config_app/apps.py,50.2,🟡 Medium,1,1,1.0,0,3.0
flask,flask/testsuite/test_apps/blueprintapp/apps/frontend/__init__.py,50.2,🟡 Medium,2,1,1.0,1104,8.0
pytest,testing/execnet/conftest.py,50.1,🟡 Medium,3,1,0.6666666666666666,0,41.0
django,tests/regressiontests/utils/views.py,50.1,🟡 Medium,2,2,1.0,724,9.0
django,django/conf/locale/fr_BE/formats.py,50.1,🟡 Medium,1,1,1.0,0,25.0
pytest,testing/rest/test_htmlrest.py,50.1,🟡 Medium,2,1,0.5,26,15.0
scikit-learn,scikits/learn/utils/tests/test_preprocessing.py,50.1,🟡 Medium,4,1,0.0,0,84.25
django,django/contrib/postgres/__init__.py,50.0,🟡 Medium,3,2,0.6666666666666666,2320,1.0
django,tests/regressiontests/utils/baseconv.py,49.9,🟡 Medium,2,2,0.5,440,34.5
django,tests/app_cache/tests.py,49.9,🟡 Medium,9,2,0.1111111111111111,226,30.22222222222222
django,django/contrib/auth/templatetags/auth.py,49.9,🟡 Medium,1,1,0.0,0,22.0
scikit-learn,scikits/learn/datasets/tests/test_base.py,49.9,🟡 Medium,2,2,0.0,166,20.0
requests,src/requests/hooks.py,49.8,🟡 Medium,3,1,0.3333333333333333,993,19.5
scikit-learn,doc/tutorial/statistical_inference/unsupervised_learning_fixture.py,49.8,🟡 Medium,1,1,0.0,0,6.0
pytest,testing/test_assertmessage.py,49.7,🟡 Medium,2,1,1.0,0,10.0
flask,examples/flaskr/test_flaskr.py,49.7,🟡 Medium,2,2,0.0,123,48.0
django,django/contrib/messages/tests/test_api.py,49.7,🟡 Medium,2,2,0.5,430,33.0
django,django/conf/locale/ug/formats.py,49.7,🟡 Medium,1,1,0.0,0,10.0
django,tests/modeltests/get_earliest_or_latest/models.py,49.6,🟡 Medium,2,2,1.0,7,12.0
scikit-learn,examples/preprocessing/plot_function_transformer.py,49.5,🟡 Medium,3,3,0.0,85,42.0
pytest,testing/pytest/plugin/test_pytest_hooklog.py,49.5,🟡 Medium,1,1,1.0,0,11.0
django,tests/commands_sql_migrations/models.py,49.5,🟡 Medium,2,1,0.5,0,6.0
flask,examples/blueprintexample/test_blueprintexample.py,49.4,🟡 Medium,2,2,0.0,1256,16.0
django,tests/user_commands/utils.py,49.4,🟡 Medium,1,1,1.0,0,18.0
scikit-learn,sklearn/utils/sparsetools/csgraph.py,49.4,🟡 Medium,5,3,0.0,477,66.0
pytest,py/doc/_build/html/_static/jquery.js,49.4,🟡 Medium,1,1,0.0,0,22.0
pytest,py/_plugin/standalonetemplate.py,49.4,🟡 Medium,3,1,0.3333333333333333,194,50.0
django,tests/test_runner/test_shuffler.py,49.4,🟡 Medium,2,2,0.5,284,86.0
pytest,py/rest/testing/test_convert.py,49.3,🟡 Medium,3,1,0.0,572,24.333333333333332
django,tests/auth_tests/models/proxy.py,49.3,🟡 Medium,2,2,0.5,1114,14.0
django,tests/migrations/test_migrations_squashed_loop/1_auto.py,49.3,🟡 Medium,1,1,1.0,0,3.0
click,src/click/_utils.py,49.3,🟡 Medium,3,2,0.6666666666666666,271,11.0
django,tests/user_commands/management/commands/no_translations.py,49.3,🟡 Medium,2,2,0.5,3286,6.0
django,django/contrib/postgres/fields/utils.py,49.2,🟡 Medium,2,2,0.0,592,3.0
scikit-learn,benchmarks/bench_plot_hierarchical.py,49.2,🟡 Medium,4,3,0.5,1231,62.5
scikit-learn,doc/sphinxext/sphinx_gallery/gen_gallery.py,49.2,🟡 Medium,6,2,0.1666666666666666,540,140.66666666666666
django,django/contrib/csrf/models.py,49.2,🟡 Medium,1,1,0.0,0,0.0
django,django/conf/urls/registration.py,49.1,🟡 Medium,3,1,0.3333333333333333,326,15.0
django,django/contrib/auth/tests/permissions.py,49.1,🟡 Medium,3,2,1.0,183,20.333333333333332
scikit-learn,build_tools/azure/get_selected_tests.py,49.0,🟡 Medium,3,2,0.3333333333333333,1282,17.0
scikit-learn,scikits/learn/glm/benchmarks/bench_glm.py,49.0,🟡 Medium,4,2,0.0,61,36.0
django,tests/deprecation/test_use_l10n.py,49.0,🟡 Medium,2,2,0.5,147,32.0
scikit-learn,sklearn/utils/tests/test_weighted_mode.py,48.9,🟡 Medium,5,3,0.0,237,24.2
scikit-learn,scikits/learn/pyem/examples/pdfestimation1d.py,48.8,🟡 Medium,4,1,0.0,0,49.0
django,django/contrib/auth/migrations/0010_alter_group_name_max_length.py,48.8,🟡 Medium,3,3,0.3333333333333333,1539,12.0
django,django/conf/admin_media/js/admin/CollapsedFieldsets.js,48.7,🟡 Medium,2,2,1.0,14,66.0
scikit-learn,sklearn/utils/_sparse.py,48.7,🟡 Medium,1,1,0.0,0,19.0
django,tests/model_options/test_default_pk.py,48.7,🟡 Medium,4,4,0.75,1864,93.75
scikit-learn,examples/semi_supervised/plot_self_training_varying_threshold.py,48.6,🟡 Medium,8,5,0.125,1914,65.25
flask,scripts/testproj/test.py,48.6,🟡 Medium,5,1,0.2,21,23.4
requests,requests/packages/urllib3/util/timeout.py,48.6,🟡 Medium,5,3,0.2,1005,74.6
django,tests/sitemaps_tests/test_utils.py,48.6,🟡 Medium,7,7,0.0,1899,37.857142857142854
django,tests/from_db_value/test_deprecated.py,48.5,🟡 Medium,2,2,1.0,295,15.0
django,tests/signals_regress/models.py,48.5,🟡 Medium,3,2,0.3333333333333333,249,13.0
scikit-learn,sklearn/utils/tests/test_parallel.py,48.5,🟡 Medium,9,4,0.2222222222222222,1807,71.88888888888889
scikit-learn,sklearn/tree/tests/test_fenwick.py,48.5,🟡 Medium,1,1,1.0,0,33.0
django,tests/user_commands/management/commands/mutually_exclusive_required.py,48.5,🟡 Medium,4,2,0.75,881,13.75
scikit-learn,scikits/learn/glm/benchmarks/lars.py,48.4,🟡 Medium,2,2,0.5,3,10.5
django,tests/migrations/migrations_test_apps/with_generic_model/migrations/0001_initial.py,48.4,🟡 Medium,1,1,1.0,0,36.0
django,tests/cache/tests_async.py,48.2,🟡 Medium,2,2,0.5,475,138.0
django,tests/user_commands/management/commands/common_args.py,48.2,🟡 Medium,2,2,0.5,1354,12.0
django,django/core/mail/handler.py,48.2,🟡 Medium,1,1,1.0,0,50.0
django,django/template/exceptions.py,48.2,🟡 Medium,4,4,0.0,2476,12.0
scikit-learn,scikits/learn/machine/em/__init__.py,48.2,🟡 Medium,3,1,0.3333333333333333,0,9.5
django,tests/composite_pk/test_order_by.py,48.1,🟡 Medium,2,1,0.5,0,58.0
django,tests/regressiontests/conditional_processing/__init__.py,48.1,🟡 Medium,1,1,1.0,0,0.0
cli,tests/test_cookie_on_redirects.py,48.1,🟡 Medium,4,2,0.5,762,199.75
django,tests/regressiontests/staticfiles_tests/storage.py,48.1,🟡 Medium,3,1,1.0,494,12.333333333333334
django,tests/admin_views/test_static_deprecation.py,48.1,🟡 Medium,2,2,0.5,95,20.5
scikit-learn,scikits/learn/datasets/iris/iris.py,48.1,🟡 Medium,3,1,0.0,55,43.666666666666664
django,tests/template_tests/templatetags/subpackage/echo.py,48.1,🟡 Medium,2,2,0.5,249,5.0
flask,tests/blueprintapp/apps/frontend/__init__.py,48.1,🟡 Medium,2,1,0.5,28,5.0
django,tests/syndication/models.py,48.1,🟡 Medium,2,2,0.5,141,19.0
scikit-learn,build_tools/on_pr_comment_update_environments_and_lock_files.py,48.0,🟡 Medium,2,2,0.0,22,53.0
django,tests/i18n/__init__.py,48.0,🟡 Medium,4,3,0.75,238,11.5
rich,examples/layout.py,48.0,🟡 Medium,5,2,0.2,43,36.6
django,tests/test_runner_apps/failures/tests_failures.py,47.9,🟡 Medium,2,2,0.5,91,15.0
scikit-learn,examples/gaussian_process/new/plot_gpr_co2.py,47.9,🟡 Medium,4,1,0.25,7,39.75
scikit-learn,examples/covariance/plot_cov_l1.py,47.8,🟡 Medium,5,1,0.2,2,46.4
django,tests/migrations/migrations_test_apps/unspecified_app_with_conflict/migrations/0002_conflicting_second.py,47.8,🟡 Medium,4,4,0.25,3148,11.25
scikit-learn,benchmarks/bench_gbm.py,47.7,🟡 Medium,3,1,0.3333333333333333,61,264.6666666666667
flask,tests/blueprintapp/apps/admin/__init__.py,47.7,🟡 Medium,2,1,0.5,28,9.0
django,tests/migrations/test_migrations_run_before/0001_initial.py,47.6,🟡 Medium,4,4,0.0,3169,12.25
django,django/bin/validate.py,47.4,🟡 Medium,3,1,0.0,135,34.333333333333336
scikit-learn,continuous_integration/circle/check_build_doc.py,47.4,🟡 Medium,3,2,0.3333333333333333,82,33.333333333333336
pytest,py/_path/gateway/remotepath.py,47.4,🟡 Medium,1,1,0.0,0,37.0
django,tests/db_functions/migrations/0001_setup_extensions.py,47.4,🟡 Medium,3,3,0.3333333333333333,1217,10.333333333333334
django,tests/regressiontests/settings/tests.py,47.3,🟡 Medium,1,1,1.0,0,10.0
django,django/contrib/admin/migrations/0003_logentry_add_action_flag_choices.py,47.3,🟡 Medium,3,3,0.3333333333333333,1734,15.0
django,django/contrib/localflavor/pe/pe_department.py,47.3,🟡 Medium,1,1,1.0,0,26.0
scikit-learn,examples/rbm_logistic_classification.py,47.3,🟡 Medium,6,2,0.0,112,37.166666666666664
django,tests/regressiontests/formwizard/forms.py,47.3,🟡 Medium,1,1,1.0,0,14.0
scikit-learn,scikits/learn/utils/tests/test_graph.py,47.3,🟡 Medium,3,2,0.3333333333333333,372,20.5
django,tests/forms_tests/widget_tests/test_input.py,47.2,🟡 Medium,3,3,0.6666666666666666,1850,13.0
click,examples/termui/setup.py,47.2,🟡 Medium,6,4,0.0,2457,14.5
django,tests/regressiontests/bulk_create/models.py,47.2,🟡 Medium,2,2,1.0,232,15.5
click,examples/colors/setup.py,47.2,🟡 Medium,6,4,0.0,2458,14.5
cli,httpie/manager/__main__.py,47.2,🟡 Medium,3,2,0.3333333333333333,411,42.333333333333336
django,tests/model_fields/storage.py,47.2,🟡 Medium,1,1,1.0,0,4.0
django,tests/regressiontests/forms/localflavor/gb.py,47.2,🟡 Medium,2,2,1.0,111,27.0
django,tests/model_meta/test_removedindjango21.py,47.2,🟡 Medium,1,1,1.0,0,16.0
scikit-learn,scikits/learn/ensemble/random_forest.py,47.1,🟡 Medium,4,1,0.25,30,93.5
django,django/contrib/formtools/models.py,47.1,🟡 Medium,2,2,0.5,2209,0.0
django,tests/forms_tests/widget_tests/test_telinput.py,47.0,🟡 Medium,1,1,1.0,0,8.0
scikit-learn,scikits/learn/feature_select/__init__.py,47.0,🟡 Medium,1,1,0.0,0,0.0
flask,tests/test_apps/cliapp/factory.py,47.0,🟡 Medium,7,3,0.1428571428571428,1049,9.0
django,tests/forms_tests/widget_tests/test_searchinput.py,47.0,🟡 Medium,1,1,1.0,0,8.0
pytest,py/misc/testing/test_error.py,46.9,🟡 Medium,3,2,0.6666666666666666,943,17.0
django,django/core/compat_checks/base.py,46.7,🟡 Medium,2,2,0.5,0,18.0
pytest,py/_test/cmdline.py,46.7,🟡 Medium,4,1,0.0,194,18.666666666666668
django,tests/regressiontests/views/app0/__init__.py,46.6,🟡 Medium,1,1,1.0,0,0.0
django,tests/check_framework/urls/bad_function_based_error_handlers.py,46.6,🟡 Medium,2,2,0.5,418,7.0
django,tests/regressiontests/inspectdb/__init__.py,46.6,🟡 Medium,1,1,1.0,0,0.0
django,tests/regressiontests/inspectdb/bug/__init__.py,46.6,🟡 Medium,1,1,1.0,0,0.0
pytest,testing/pytest/plugin/test_pytest__pytest.py,46.5,🟡 Medium,2,1,0.5,26,46.0
scikit-learn,sklearn/src/cblas/cblas_sgemv.c,46.5,🟡 Medium,1,1,1.0,0,62.0
scikit-learn,examples/developing_estimators/sklearn_is_fitted.py,46.5,🟡 Medium,4,3,0.25,336,18.0
pytest,doc/example/funcarg/test_multi_python.py,46.5,🟡 Medium,3,1,0.3333333333333333,270,51.0
pytest,testing/pytest/plugin/test_pytest_execnetcleanup.py,46.4,🟡 Medium,1,1,1.0,0,12.0
django,tests/db_functions/comparison/test_json_object.py,46.4,🟡 Medium,3,3,0.6666666666666666,1124,86.0
pytest,example/assertion/test_setup_flow_example.py,46.4,🟡 Medium,3,1,0.3333333333333333,459,17.0
django,django/contrib/messages/tests/user_messages.py,46.3,🟡 Medium,2,2,1.0,339,47.5
django,tests/forms_tests/tests/test_deprecation_forms.py,46.3,🟡 Medium,3,3,0.3333333333333333,487,108.33333333333331
django,tests/check_framework/urls/good_function_based_error_handlers.py,46.3,🟡 Medium,2,2,0.5,418,7.0
django,tests/test_runner_apps/simple/tests.py,46.3,🟡 Medium,3,3,0.3333333333333333,1490,34.5
scikit-learn,scikits/learn/ensemble/boosting/adaboost.py,46.2,🟡 Medium,7,1,0.2857142857142857,2,33.57142857142857
django,tests/backends/sqlite/test_functions.py,46.2,🟡 Medium,2,2,0.5,48,18.0
scikit-learn,scikits/learn/linreg/__init__.py,46.2,🟡 Medium,2,1,0.5,0,1.0
pytest,py/process/testing/test_cmdexec.py,46.2,🟡 Medium,3,2,0.3333333333333333,948,27.666666666666668
django,tests/user_commands/management/commands/subparser_required.py,46.2,🟡 Medium,2,2,0.5,952,10.0
django,tests/check_framework/custom_commands_app/management/commands/makemigrations.py,46.1,🟡 Medium,1,1,1.0,0,5.0
scikit-learn,sklearn/ensemble/tests/test_bootstrap.py,46.1,🟡 Medium,1,1,1.0,0,56.0
django,tests/regressiontests/get_or_create_regress/tests.py,46.1,🟡 Medium,4,2,0.5,366,31.0
django,tests/db_functions/comparison/test_collate.py,46.0,🟡 Medium,3,2,0.3333333333333333,544,47.666666666666664
django,django/contrib/postgres/aggregates/__init__.py,46.0,🟡 Medium,1,1,1.0,0,2.0
rich,tests/test_containers.py,46.0,🟡 Medium,6,3,0.0,229,37.0
scikit-learn,sklearn/utils/tests/test___init__.py,45.9,🟡 Medium,8,2,0.125,97,29.166666666666668
flask,tests/typing/typing_route.py,45.9,🟡 Medium,9,5,0.0,555,60.666666666666664
django,tests/regressiontests/comment_tests/custom_comments/__init__.py,45.8,🟡 Medium,1,1,1.0,0,26.0
cli,tests/test_xml.py,45.8,🟡 Medium,5,1,0.4,35,67.0
scikit-learn,scikits/learn/pyem/pyem/profile_densities.py,45.8,🟡 Medium,6,1,0.0,0,38.833333333333336
django,tests/regressiontests/admin_scripts/simple_app/models.py,45.7,🟡 Medium,2,2,0.5,546,1.5
django,tests/regressiontests/views/app3/__init__.py,45.7,🟡 Medium,1,1,1.0,0,0.0
django,tests/regressiontests/views/app2/__init__.py,45.7,🟡 Medium,1,1,1.0,0,0.0
django,tests/regressiontests/views/app4/__init__.py,45.7,🟡 Medium,1,1,1.0,0,0.0
django,tests/regressiontests/views/app1/__init__.py,45.7,🟡 Medium,1,1,1.0,0,0.0
django,django/tasks/__init__.py,45.7,🟡 Medium,1,1,1.0,0,37.0
django,tests/admin_docs/namespace_urls.py,45.6,🟡 Medium,3,3,0.3333333333333333,2056,12.0
scikit-learn,examples/feature_select.py,45.6,🟡 Medium,2,2,0.0,0,25.0
scikit-learn,scikits/learn/feature_selection/__init__.py,45.6,🟡 Medium,7,5,0.0,547,8.8
scikit-learn,sklearn/utils/tests/test_readonly_wrapper.py,45.5,🟡 Medium,2,1,0.5,73,23.0
django,tests/m2m_multiple/tests.py,45.5,🟡 Medium,6,5,0.0,3497,77.0
django,django/contrib/formtools/wizard/tests/sessionstoragetests.py,45.5,🟡 Medium,1,1,1.0,0,6.0
scikit-learn,sklearn/utils/tests/test_sparse.py,45.4,🟡 Medium,1,1,0.0,0,66.0
django,tests/migrate_signals/custom_migrations/0001_initial.py,45.4,🟡 Medium,3,3,0.3333333333333333,2454,10.333333333333334
pytest,py/xmlobj/testing/test_xml.py,45.4,🟡 Medium,3,3,0.0,954,61.0
django,tests/migrations/test_migrations_squashed_double/0005_squashed_0003_and_0004.py,45.3,🟡 Medium,1,1,1.0,0,23.0
django,django/contrib/in_/in_states.py,45.3,🟡 Medium,1,1,1.0,0,72.0
django,django/contrib/formtools/wizard/tests/__init__.py,45.3,🟡 Medium,1,1,1.0,0,6.0
scikit-learn,scikits/learn/tests/test_init.py,45.3,🟡 Medium,3,3,0.6666666666666666,226,10.333333333333334
scikit-learn,benchmarks/plot_bench_svd.py,45.2,🟡 Medium,3,1,0.3333333333333333,7,60.0
cli,httpie/manager/core.py,45.1,🟡 Medium,3,1,0.0,124,24.666666666666668
django,django/contrib/localflavor/sk/sk_districts.py,45.0,🟡 Medium,1,1,1.0,0,82.0
django,tests/template_tests/syntax_tests/test_debug.py,45.0,🟡 Medium,2,2,0.5,32,38.0
rich,examples/rainbow.py,44.9,🟡 Medium,4,1,0.5,92,9.0
django,tests/backends/base/app_unmigrated/migrations/0001_initial.py,44.9,🟡 Medium,2,2,0.5,498,17.0
django,django/middleware/csp.py,44.9,🟡 Medium,3,2,1.0,411,22.666666666666668
flask,examples/flaskr/flaskr/blueprints/flaskr.py,44.9,🟡 Medium,2,2,0.0,312,51.0
django,tests/test_runner_apps/sample/doctests.py,44.8,🟡 Medium,3,3,0.0,1490,14.0
scikit-learn,scikits/learn/machine/ann/__init__.py,44.8,🟡 Medium,2,1,0.5,8,1.0
django,tests/db_functions/text/test_sha224.py,44.7,🟡 Medium,6,4,0.3333333333333333,1772,49.333333333333336
pytest,testing/pytest/plugin/test_pytest_tmpdir.py,44.7,🟡 Medium,2,1,0.5,26,8.0
django,tests/user_commands/management/commands/required_option.py,44.7,🟡 Medium,2,2,0.5,1434,7.0
django,django/contrib/sitemaps/tests/https.py,44.7,🟡 Medium,5,2,0.4,260,39.2
scikit-learn,examples/cluster/plot_kmeans_vq.py,44.6,🟡 Medium,6,1,0.1666666666666666,6,37.5
pytest,py/_testing/test_com.py,44.5,🟡 Medium,2,1,0.5,10,166.0
django,tests/sitemaps_tests/urls/sitemap_only.py,44.5,🟡 Medium,2,2,0.0,351,9.0
pytest,testing/pytest/plugin/test_pytest_figleaf.py,44.4,🟡 Medium,1,1,1.0,0,15.0
scikit-learn,sklearn/cluster/_hierarchical.cpp,44.4,🟡 Medium,3,1,0.3333333333333333,148,7835.666666666667
scikit-learn,scikits/learn/cluster/tests/test_affinity_propagation.py,44.4,🟡 Medium,5,4,0.2,371,22.0
scikit-learn,examples/ensemble/plot_random_forest_hasher.py,44.4,🟡 Medium,3,1,0.3333333333333333,14,46.666666666666664
django,django/contrib/formtools/wizard/tests/wizardtests/urls.py,44.4,🟡 Medium,2,1,1.0,10,18.0
pytest,doc/example/xfail_demo.py,44.4,🟡 Medium,3,1,0.3333333333333333,285,15.666666666666666
django,django/utils/thread_support.py,44.4,🟡 Medium,2,1,0.5,1,6.0
pytest,example/execnet/redirect_remote_output.py,44.4,🟡 Medium,2,1,0.0,84,15.0
django,django/contrib/admin/media/js/jquery.min.js,44.3,🟡 Medium,2,1,0.5,60,136.0
scikit-learn,sklearn/ensemble/_hist_gradient_boosting/tests/test_histogram.py,44.3,🟡 Medium,6,4,0.3333333333333333,1681,182.83333333333337
django,django/contrib/formtools/wizard/tests/cookiestoragetests.py,44.3,🟡 Medium,3,2,0.6666666666666666,15,33.333333333333336
django,tests/template_tests/templatetags/tag_27584.py,44.2,🟡 Medium,2,2,0.5,1877,10.0
scikit-learn,scikits/learn/machine/em/examples/plotexamples.py,44.2,🟡 Medium,3,1,0.0,8,22.5
django,Gruntfile.js,44.1,🟡 Medium,3,3,0.3333333333333333,2072,13.333333333333334
rich,rich/_unicode_data/__init__.py,44.1,🟡 Medium,12,1,0.3333333333333333,4,58.75
pytest,py/impl/cmdline/pylookup.py,44.1,🟡 Medium,1,1,1.0,0,68.0
scikit-learn,scikits/learn/decisiontree/src/Histogram.h,44.0,🟡 Medium,4,1,0.25,29,52.0
django,tests/backends/base/test_schema.py,44.0,🟡 Medium,4,2,0.75,2439,13.5
django,tests/db_functions/text/test_sha256.py,43.9,🟡 Medium,4,3,0.25,1772,43.75
django,tests/regressiontests/generic_inline_admin/admin.py,43.9,🟡 Medium,2,2,0.5,23,29.5
django,tests/i18n/project_dir/__init__.py,43.9,🟡 Medium,2,1,0.5,1153,2.0
django,tests/template_tests/annotated_tag_function.py,43.9,🟡 Medium,1,1,1.0,0,5.0
scikit-learn,sklearn/svm/src/newrand/newrand.h,43.9,🟡 Medium,3,2,1.0,83,28.0
scikit-learn,sklearn/externals/_scipy/sparse/csgraph/__init__.py,43.9,🟡 Medium,1,1,0.0,0,1.0
cli,tests/test_meta.py,43.9,🟡 Medium,2,2,0.5,30,8.5
pytest,py/test/plugin/__init__.py,43.8,🟡 Medium,1,1,0.0,0,0.0
requests,requests/packages/charade/jpcntx.py,43.7,🟡 Medium,4,1,0.25,328,286.25
scikit-learn,benchmarks/bench_feature_expansions.py,43.7,🟡 Medium,5,4,0.0,2699,47.4
pytest,py/execnet/testing/test_event.py,43.7,🟡 Medium,4,2,0.0,62,11.5
django,django/contrib/formtools/wizard/legacy.py,43.7,🟡 Medium,2,2,1.0,336,112.0
scikit-learn,scikits/learn/svm/sparse/setup.py,43.6,🟡 Medium,5,1,0.2,316,20.75
django,tests/regressiontests/i18n/patterns/urls/namespace.py,43.6,🟡 Medium,4,2,1.0,260,7.25
scikit-learn,examples/release_highlights/plot_release_highlights_1_9_0.py,43.6,🟡 Medium,2,2,0.0,15,47.0
pytest,testing/pytest/plugin/test_pytest_doctest.py,43.5,🟡 Medium,2,1,0.5,26,87.0
flask,tests/test_apps/cliapp/app.py,43.4,🟡 Medium,4,3,0.25,1418,3.0
scikit-learn,doc/sphinxext/numpy_ext/numpydoc.py,43.4,🟡 Medium,5,4,0.0,1368,122.0
django,django/contrib/admin/media/js/collapse.js,43.3,🟡 Medium,2,1,0.5,76,24.0
cli,httpie/output/ui/man_pages.py,43.3,🟡 Medium,4,2,0.75,403,23.0
pytest,py/_plugin/pytest_unittest.py,43.3,🟡 Medium,3,1,0.3333333333333333,194,55.0
pytest,tasks/__init__.py,43.3,🟡 Medium,4,2,0.0,378,4.25
django,tests/initial_sql_regress/models.py,43.2,🟡 Medium,3,3,0.3333333333333333,250,3.0
scikit-learn,sklearn/neural_networks/__init__.py,43.2,🟡 Medium,2,2,0.0,79,1.0
flask,tests/__init__.py,43.2,🟡 Medium,7,1,0.0,3,80.16666666666667
scikit-learn,sklearn/decomposition/tests/test_spectra_embedding.py,43.2,🟡 Medium,4,1,0.5,0,65.0
django,tests/utils_tests/itercompat.py,43.2,🟡 Medium,1,1,1.0,0,7.0
django,tests/custom_columns_regress/models.py,43.2,🟡 Medium,4,4,0.25,249,23.0
pytest,testing/plugin/test_unittest.py,43.1,🟡 Medium,3,1,0.0,21,87.5
scikit-learn,sklearn/tree/rand_r.c,43.1,🟡 Medium,2,2,0.5,0,5.0
pytest,_py/code/assertion.py,43.1,🟡 Medium,2,1,0.5,24,61.0
django,tests/check_framework/urls_include.py,43.1,🟡 Medium,1,1,1.0,0,6.0
scikit-learn,doc/js/scripts/api-search.js,42.9,🟡 Medium,1,1,0.0,0,7.0
scikit-learn,examples/model_selection/plot_tuned_decision_threshold.py,42.9,🟡 Medium,2,2,0.0,80,77.0
pytest,py/_xmlgen.py,42.9,🟡 Medium,3,1,0.3333333333333333,194,192.0
django,tests/othertests/cache.py,42.9,🟡 Medium,2,2,0.5,253,41.0
scikit-learn,sklearn/externals/joblib/externals/loky/backend/compat.py,42.8,🟡 Medium,3,1,0.3333333333333333,95,17.333333333333332
django,tests/i18n/project_dir/app_with_locale/models.py,42.8,🟡 Medium,2,1,0.5,1153,2.0
django,tests/i18n/project_dir/app_no_locale/models.py,42.8,🟡 Medium,2,1,0.5,1153,2.0
scikit-learn,scikits/learn/machine/em/examples/pdfestimation1d.py,42.7,🟡 Medium,3,1,0.3333333333333333,0,47.5
django,django/contrib/admin/static/admin/js/unusable_password_field.js,42.7,🟡 Medium,1,1,1.0,0,24.0
scikit-learn,sklearn/src/cblas/cblas_saxpy.c,42.7,🟡 Medium,1,1,1.0,0,44.0
scikit-learn,sklearn/src/cblas/atlas_ptalias1.h,42.6,🟡 Medium,1,1,1.0,0,0.0
scikit-learn,sklearn/svm/sparse/__init__.py,42.6,🟡 Medium,5,4,0.0,477,2.4
pytest,_py/test/plugin/pytest_pylint.py,42.6,🟡 Medium,2,1,0.0,24,23.0
cli,tests/utils/matching/__init__.py,42.6,🟡 Medium,3,2,0.3333333333333333,135,13.666666666666666
django,tests/modeltests/user_commands/management/commands/leave_locale_alone_false.py,42.5,🟡 Medium,1,1,1.0,0,7.0
django,tests/migrations/test_migrations_latest_basic/0001_initial.py,42.5,🟡 Medium,1,1,1.0,0,5.0
scikit-learn,doc/sphinxext/custom_references_resolver.py,42.5,🟡 Medium,4,3,0.25,840,64.0
flask,scripts/temp.py,42.5,🟡 Medium,1,1,1.0,0,16.0
pytest,py/magic/autopath.py,42.5,🟡 Medium,3,2,0.3333333333333333,939,27.666666666666668
django,tests/modeltests/user_commands/management/commands/leave_locale_alone_true.py,42.5,🟡 Medium,1,1,1.0,0,7.0
requests,tests/test_adapters.py,42.4,🟡 Medium,2,2,0.0,808,5.0
django,tests/i18n/patterns/urls/disabled.py,42.3,🟡 Medium,4,3,0.25,3264,7.0
pytest,scripts/check-manifest.py,42.3,🟡 Medium,3,2,0.0,199,9.333333333333334
django,tests/check_framework/tests_1_10_compatibility.py,42.3,🟡 Medium,1,1,0.0,0,13.0
django,tests/deprecation/test_warn_about_external_use.py,42.2,🟡 Medium,1,1,1.0,0,136.0
django,tests/urlpatterns/path_same_name_urls.py,42.2,🟡 Medium,3,2,0.3333333333333333,775,22.333333333333332
flask,examples/minitwit/schema.sql,42.2,🟡 Medium,2,2,0.0,994,19.0
scikit-learn,sklearn/_build_utils/version.py,42.1,🟡 Medium,5,3,0.0,462,6.0
pytest,testing/pytest/plugin/test_pytest_xfail.py,42.1,🟡 Medium,1,1,1.0,0,19.0
django,tests/regressiontests/forms/localflavor/mk.py,42.1,🟡 Medium,3,2,1.0,71,39.0
django,django/contrib/auth/tests/backend_alias.py,42.1,🟡 Medium,2,1,0.5,43,1.5
django,tests/regressiontests/forms/localflavor/il.py,42.1,🟡 Medium,4,2,1.0,311,44.5
django,django/db/backends/oracle/validation.py,42.0,🟡 Medium,2,2,0.5,1717,19.0
rich,tests/test_theme.py,42.0,🟡 Medium,3,1,0.0,78,36.0
django,tests/modeltests/choices/tests.py,41.9,🟡 Medium,2,2,0.5,397,14.5
scikit-learn,doc/themes/scikit-learn/static/js/examples.js,41.9,🟡 Medium,2,1,0.5,21,59.0
pytest,testing/root/test_builtin.py,41.9,🟡 Medium,4,2,0.0,265,131.0
pytest,pytest/plugin/junitxml.py,41.8,🟡 Medium,4,1,0.25,27,145.0
scikit-learn,scikits/learn/machine/em/examples/utils.py,41.8,🟡 Medium,3,1,0.3333333333333333,0,24.5
django,tests/modeltests/save_delete_hooks/tests.py,41.7,🟡 Medium,3,2,0.0,647,26.0
django,tests/commands_sql_migrations/migrations/0001_initial.py,41.7,🟡 Medium,2,1,0.5,0,27.0
django,tests/db_functions/test_pad.py,41.6,🟡 Medium,2,1,0.5,14,32.5
scikit-learn,scikits/learn/utils/sparsetools/setup.py,41.6,🟡 Medium,4,3,0.0,370,13.333333333333334
scikit-learn,scikits/learn/machine/svm/tests/test_classification.py,41.5,🟡 Medium,4,1,0.5,5,258.3333333333333
rich,examples/dynamic_progress.py,41.4,🟡 Medium,6,2,0.1666666666666666,779,67.33333333333333
scikit-learn,sklearn/svm/src/liblinear/tron.h,41.4,🟡 Medium,4,3,0.0,2729,26.0
django,tests/regressiontests/admin_custom_urls/__init__.py,41.4,🟡 Medium,1,1,1.0,0,0.0
django,tests/apps/query_performing_app/apps.py,41.4,🟡 Medium,1,1,1.0,0,61.0
scikit-learn,sklearn/_build_utils.py,41.4,🟡 Medium,2,2,0.0,15,18.0
pytest,py/impl/path/local.py,41.4,🟡 Medium,1,1,1.0,0,581.0
pytest,py/impl/code/_assertionold.py,41.4,🟡 Medium,1,1,1.0,0,441.0
scikit-learn,sklearn/utils/_available_if.py,41.4,🟡 Medium,5,3,0.2,893,28.2
scikit-learn,sklearn/random_classifier.py,41.3,🟡 Medium,6,1,0.1666666666666666,0,34.166666666666664
django,django/contrib/formtools/wizard/storage/session.py,41.3,🟡 Medium,2,1,1.0,41,13.5
rich,tools/make_terminal_widths.py,41.3,🟡 Medium,8,3,0.375,1332,65.0
scikit-learn,scikits/learn/glm/lasso.py,41.2,🟡 Medium,2,1,0.5,0,78.5
rich,examples/group2.py,41.1,🟡 Medium,3,1,0.0,318,8.0
django,tests/utils_tests/html.py,41.1,🟡 Medium,4,2,0.0,34,145.66666666666666
scikit-learn,examples/ensemble/plot_forest_multioutput.py,41.0,🟡 Medium,7,3,0.0,224,40.142857142857146
django,tests/composite_pk/test_delete.py,41.0,🟡 Medium,1,1,1.0,0,68.0
django,tests/regressiontests/admin_scripts/custom_templates/project_template/project_name/settings.py,40.9,🟡 Medium,1,1,1.0,0,0.0
django,tests/modeltests/distinct_on_fields/__init__.py,40.9,🟡 Medium,1,1,1.0,0,0.0
django,tests/regressiontests/admin_scripts/custom_templates/project_template/additional_dir/additional_file.py,40.9,🟡 Medium,1,1,1.0,0,0.0
django,django/contrib/databrowse/models.py,40.9,🟡 Medium,1,1,0.0,0,0.0
django,tests/regressiontests/admin_scripts/custom_templates/app_template/api.py,40.9,🟡 Medium,1,1,1.0,0,0.0
flask,examples/patterns/largerapp/tests/test_largerapp.py,40.9,🟡 Medium,3,2,0.3333333333333333,404,10.0
django,tests/regressiontests/admin_scripts/custom_templates/app_template/models.py,40.9,🟡 Medium,1,1,1.0,0,0.0
pytest,py/impl/_metainfo.py,40.8,🟡 Medium,2,1,0.5,67,3.5
django,tests/regressiontests/sites_framework/tests.py,40.8,🟡 Medium,2,2,0.5,360,28.0
django,tests/model_forms_regress/models.py,40.8,🟡 Medium,2,2,0.0,249,57.0
scikit-learn,scikits/learn/datasets/narr/data.py,40.8,🟡 Medium,3,1,0.0,54,103.33333333333331
flask,examples/tutorial/tests/test_factory.py,40.8,🟡 Medium,2,2,0.0,450,7.0
pytest,src/_pytest/tracemalloc.py,40.8,🟡 Medium,1,1,1.0,0,17.0
django,tests/modeltests/unmanaged_models/__init__.py,40.7,🟡 Medium,1,1,1.0,0,0.0
django,tests/migrations/test_migrations_private/0001_initial.py,40.5,🟡 Medium,1,1,1.0,0,3.0
django,tests/test_discovery_sample3/tests_transaction_test_case_ordering.py,40.5,🟡 Medium,1,1,1.0,0,17.0
django,tests/test_discovery_sample3/tests_transaction_test_case_mixed.py,40.5,🟡 Medium,2,1,0.5,742,27.0
django,scripts/do_django_release.py,40.5,🟡 Medium,6,1,0.0,216,191.66666666666663
scikit-learn,examples/neural_networks/plot_mlp_nonlinear.py,40.5,🟡 Medium,2,2,0.0,704,23.0
scikit-learn,sklearn/src/cblas/cblas_sscal.c,40.5,🟡 Medium,1,1,1.0,0,72.0
flask,examples/tutorial/flaskr/__init__.py,40.4,🟡 Medium,5,3,0.2,2901,26.0
pytest,testing/cx_freeze/run.py,40.4,🟡 Medium,1,1,0.0,0,6.0
django,tests/regressiontests/urlpatterns_reverse/erroneous_views_module.py,40.4,🟡 Medium,1,1,1.0,0,3.0
django,django/db/models/fetch_modes.py,40.3,🟡 Medium,2,1,0.5,646,35.0
django,tests/regressiontests/utils/test_no_submodule.py,40.3,🟡 Medium,1,1,1.0,0,0.0
pytest,doc/en/check_sphinx.py,40.3,🟡 Medium,4,2,0.5,2177,13.666666666666666
django,tests/admin_autodiscover/admin.py,40.3,🟡 Medium,2,2,0.5,186,4.0
rich,examples/log.py,40.2,🟡 Medium,7,1,0.0,165,55.857142857142854
pytest,py/test/testing/test_repr.py,40.2,🟡 Medium,3,1,0.0,365,54.333333333333336
scikit-learn,build_tools/azure/get_commit_message.py,40.2,🟡 Medium,6,5,0.0,1282,37.166666666666664
django,django/core/checks/compatibility/django_1_8_0.py,40.2,🟡 Medium,3,2,0.3333333333333333,55,25.333333333333332
django,tests/modeltests/timezones/forms.py,40.1,🟡 Medium,1,1,1.0,0,9.0
django,tests/regressiontests/handlers/urls.py,40.1,🟡 Medium,1,1,1.0,0,7.0
django,tests/user_commands/management/commands/subparser_vanilla.py,40.1,🟡 Medium,1,1,1.0,0,9.0
django,django/utils/copy.py,40.1,🟡 Medium,1,1,0.0,0,10.0
cli,httpie/output/utils.py,40.0,🟢 Low,4,1,0.75,15,26.5
scikit-learn,doc/themes/scikit-learn/static/jquery.js,40.0,🟢 Low,6,3,0.1666666666666666,1763,3316.1666666666665
django,tests/utils_tests/test_topological_sort.py,40.0,🟢 Low,2,2,0.0,1075,23.5
rich,rich/region.py,40.0,🟢 Low,5,1,0.0,81,6.8
pytest,py/rest/testing/test_htmlrest.py,40.0,🟢 Low,4,2,0.0,943,17.25
flask,examples/celery/make_celery.py,39.9,🟢 Low,1,1,0.0,0,3.0
django,tests/modeltests/timezones/urls.py,39.9,🟢 Low,1,1,1.0,0,7.0
pytest,py/path/testing/conftest.py,39.9,🟢 Low,2,1,0.5,5,60.0
django,tests/regressiontests/test_utils/tests_25.py,39.9,🟢 Low,2,1,1.0,59,29.0
rich,tests/test_measure.py,39.8,🟢 Low,6,2,0.0,229,21.0
flask,examples/patterns/largerapp/yourapplication/__init__.py,39.7,🟢 Low,3,2,0.0,404,3.0
django,tests/postgres_tests/test_app_installed_check.py,39.7,🟢 Low,1,1,1.0,0,120.0
django,django/contrib/gis/tests/migrations/migrations/0001_initial.py,39.5,🟢 Low,2,1,1.0,0,29.0
pytest,py/test/rsession/testing/test_boxing.py,39.5,🟢 Low,5,2,0.0,20,72.8
django,tests/regressiontests/test_runner/invalid_app/tests/__init__.py,39.5,🟢 Low,1,1,1.0,0,1.0
pytest,py/net/server/httpserver.py,39.5,🟢 Low,2,1,0.5,0,28.0
cli,tests/test_parser_schema.py,39.4,🟢 Low,2,1,0.5,37,56.5
django,tests/regressiontests/formwizard/tests.py,39.4,🟢 Low,1,1,1.0,0,39.0
django,tests/regressiontests/app_loading/not_installed/models.py,39.4,🟢 Low,3,1,1.0,6,5.0
scikit-learn,scikits/learn/machine/em/examples/regularized_example.py,39.3,🟢 Low,3,1,0.0,0,43.0
scikit-learn,sklearn/semi_supervised/__init__.py,39.3,🟢 Low,9,8,0.0,4930,2.5555555555555554
django,tests/settings_tests/test_file_charset.py,39.2,🟢 Low,1,1,1.0,0,31.0
scikit-learn,sklearn/src/cblas/cblas_sasum.c,39.1,🟢 Low,1,1,1.0,0,10.0
django,tests/gis_tests/gis_migrations/migrations/0002_create_models.py,39.1,🟢 Low,2,2,0.0,663,84.5
django,django/contrib/messages/models.py,39.1,🟢 Low,1,1,1.0,0,0.0
django,django/contrib/admindocs/models.py,39.1,🟢 Low,1,1,1.0,0,0.0
pytest,_py/log/warning.py,39.1,🟢 Low,2,1,0.5,24,65.0
pytest,testing/cx_freeze/tests/test_trivial.py,39.1,🟢 Low,1,1,0.0,0,4.0
django,django/contrib/gis/tests/geogapp/views.py,39.1,🟢 Low,1,1,0.0,0,0.0
django,django/utils/htmlparser.py,39.0,🟢 Low,2,2,1.0,4,77.0
django,django/contrib/localflavor/pl/pl_voivodeships.py,39.0,🟢 Low,1,1,1.0,0,19.0
pytest,py/green/pipe/gsocket.py,39.0,🟢 Low,2,2,0.0,0,87.5
pytest,_pytest/_code/assertion.py,39.0,🟢 Low,1,1,1.0,0,75.0
django,django/conf/locale/en_CA/formats.py,39.0,🟢 Low,1,1,1.0,0,23.0
pytest,_py/process/cmdexec.py,38.9,🟢 Low,2,1,0.5,11,29.0
scikit-learn,scikits/learn/tests/test_base_estimator.py,38.9,🟢 Low,3,1,0.3333333333333333,0,11.333333333333334
django,django/contrib/formtools/tests/wizard/test_cookiestorage.py,38.9,🟢 Low,3,3,0.3333333333333333,409,33.5
scikit-learn,examples/tutorial/plot_ols_variance.py,38.9,🟢 Low,3,2,0.3333333333333333,66,25.0
scikit-learn,examples/tutorial/plot_ridge_variance.py,38.9,🟢 Low,3,2,0.3333333333333333,66,25.0
django,tests/regressiontests/wsgi/urls.py,38.9,🟢 Low,1,1,1.0,0,8.0
flask,examples/flaskr/tests/context.py,38.9,🟢 Low,1,1,1.0,0,4.0
django,tests/regressiontests/makemessages/javascript.js,38.8,🟢 Low,1,1,1.0,0,2.0
django,tests/modeltests/known_related_objects/tests.py,38.6,🟢 Low,3,1,1.0,223,94.66666666666669
django,tests/test_discovery_sample/doctests.py,38.6,🟢 Low,3,2,0.6666666666666666,193,14.0
rich,rich/_render_width.py,38.6,🟢 Low,3,1,0.6666666666666666,11,37.333333333333336
django,django/contrib/formtools/tests/wizard/loadstorage.py,38.6,🟢 Low,2,2,1.0,539,13.0
django,tests/postgres_tests/test_json_deprecation.py,38.6,🟢 Low,4,3,0.5,585,35.0
cli,httpie/humanize.py,38.5,🟢 Low,3,1,0.3333333333333333,26,18.333333333333332
django,django/contrib/sitemaps/models.py,38.5,🟢 Low,3,3,0.0,1204,0.0
scikit-learn,scikits/learn/utils/bench.py,38.4,🟢 Low,4,3,0.0,361,3.0
scikit-learn,sklearn/gaussian_process/tests/_mini_sequence_kernel.py,38.4,🟢 Low,3,3,0.0,1313,37.666666666666664
django,tests/regressiontests/debug/views.py,38.3,🟢 Low,1,1,1.0,0,3.0
django,tests/regressiontests/debug/urls.py,38.3,🟢 Low,1,1,1.0,0,4.0
cli,httpie/adapters.py,38.3,🟢 Low,1,1,0.0,0,7.0
scikit-learn,scikits/learn/externals/test_externals_setup.py,38.3,🟢 Low,3,2,0.0,380,3.0
django,scripts/check_migrations.py,38.2,🟢 Low,1,1,1.0,0,19.0
django,tests/regressiontests/version/tests.py,38.2,🟢 Low,3,1,0.6666666666666666,383,19.333333333333332
django,tests/utils_tests/test_json.py,38.2,🟢 Low,1,1,1.0,0,40.0
django,tests/gis_tests/gdal_tests/tests.py,38.2,🟢 Low,3,2,0.3333333333333333,710,11.333333333333334
rich,tests/test_screen.py,38.2,🟢 Low,3,1,0.6666666666666666,268,10.0
scikit-learn,.github/scripts/add_or_remove_no_pr_warning.py,38.1,🟢 Low,1,1,0.0,0,41.0
pytest,py/_error.py,38.1,🟢 Low,3,2,0.0,194,64.0
django,django/contrib/gis/tests/layermap/tests_mysql.py,38.1,🟢 Low,1,1,1.0,0,1.0
django,tests/modeltests/update_only_fields/models.py,38.1,🟢 Low,3,2,0.6666666666666666,92,26.333333333333332
click,click/_textwrap.py,38.1,🟢 Low,3,1,0.3333333333333333,57,36.0
scikit-learn,scikits/learn/utils/tests/test_fixes.py,38.0,🟢 Low,4,2,0.5,372,11.0
click,tests/test_testing_logging.py,38.0,🟢 Low,1,1,0.0,0,14.0
django,tests/migrations/test_migrations_manual_porting/0001_initial.py,38.0,🟢 Low,2,2,0.0,38,12.0
django,tests/comment_tests/tests/test_templatetags.py,38.0,🟢 Low,3,3,0.3333333333333333,113,140.5
django,tests/resolve_url/views.py,38.0,🟢 Low,1,1,1.0,0,14.0
pytest,py/_testing/test_api.py,38.0,🟢 Low,2,1,0.5,2,4.0
scikit-learn,scikits/learn/benchmarks/bench_lasso.py,38.0,🟢 Low,3,1,0.3333333333333333,5,70.66666666666667
django,tests/staticfiles_tests/project/documents/cached/source_map_data_uri.js,37.9,🟢 Low,1,1,1.0,0,1.0
django,tests/migrations2/test_migrations_2_squashed_with_replaces/0001_squashed_0002.py,37.9,🟢 Low,1,1,1.0,0,27.0
scikit-learn,scikits/learn/machine/manifold_learning/stats/radial_basis_functions_field.py,37.9,🟢 Low,3,1,0.6666666666666666,0,14.0
scikit-learn,examples/cluster/batchkmeans_digits.py,37.8,🟢 Low,3,1,0.3333333333333333,5,46.333333333333336
django,tests/signals_regress/tests.py,37.8,🟢 Low,7,4,0.1428571428571428,233,68.0
django,tests/async_queryset/models.py,37.8,🟢 Low,1,1,1.0,0,7.0
scikit-learn,scikits/learn/ball_tree.py,37.8,🟢 Low,2,2,0.0,181,3.0
django,django/contrib/localflavor/au/models.py,37.8,🟢 Low,2,1,1.0,81,28.5
scikit-learn,examples/glm/lasso_dense_vs_sparse_data.py,37.7,🟢 Low,3,1,0.6666666666666666,48,39.666666666666664
flask,flask/testsuite/test_apps/blueprintapp/__init__.py,37.7,🟢 Low,2,1,1.0,1104,7.0
django,tests/auth_tests/models/with_integer_username.py,37.7,🟢 Low,2,2,0.5,2018,16.0
scikit-learn,examples/neighbors/plot_approximate_nearest_neighbors.py,37.7,🟢 Low,5,1,0.4,54,91.8
django,tests/regressiontests/forms/urls.py,37.6,🟢 Low,1,1,1.0,0,6.0
django,tests/modeltests/ordering/tests.py,37.6,🟢 Low,3,2,0.3333333333333333,481,114.0
pytest,testing/plugin/test_tmpdir.py,37.4,🟢 Low,4,2,0.0,33,20.25
django,tests/modeltests/m2m_signals/__init__.py,37.4,🟢 Low,1,1,1.0,0,0.0
pytest,py/net/pipe/common.py,37.4,🟢 Low,2,1,0.5,0,33.0
scikit-learn,examples/inspection/plot_causal_interpretation.py,37.3,🟢 Low,3,3,0.0,558,78.66666666666667
django,tests/utils_tests/test_module/bad_module.py,37.3,🟢 Low,4,3,0.25,3264,2.0
scikit-learn,sklearn/externals/joblib/externals/loky/backend/semaphore_tracker.py,37.3,🟢 Low,2,1,0.0,95,159.0
scikit-learn,scikits/learn/cluster/_inertia.c,37.3,🟢 Low,6,5,0.0,272,3036.8
django,tests/backends/mysql/test_operations.py,37.3,🟢 Low,3,2,0.3333333333333333,659,44.333333333333336
pytest,makepluginlist.py,37.3,🟢 Low,10,1,0.0,35,205.1
django,tests/auth_tests/test_templatetags.py,37.2,🟢 Low,1,1,0.0,0,33.0
scikit-learn,examples/mixture/plot_dpgmm.py,37.2,🟢 Low,4,1,0.5,11,30.5
scikit-learn,scikits/learn/datasets/faithful/__init__.py,37.2,🟢 Low,2,1,0.0,0,5.5
django,django/dispatch/errors.py,37.2,🟢 Low,2,2,0.0,80,3.0
scikit-learn,sklearn/externals/joblib/_dask.py,37.1,🟢 Low,2,1,0.0,95,173.0
scikit-learn,scikits/learn/linear_model/tests/test_bayes.py,37.1,🟢 Low,4,3,0.25,280,30.0
rich,tests/test_live_render.py,37.1,🟢 Low,8,2,0.0,264,33.625
django,tests/test_client_regress/context_processors.py,37.0,🟢 Low,2,2,0.0,2633,2.0
pytest,py/doc/_build/html/searchindex.js,37.0,🟢 Low,1,1,0.0,0,1.0
pytest,py/net/pipe/mp.py,37.0,🟢 Low,2,1,0.5,0,18.0
django,django/core/checks/commands.py,36.9,🟢 Low,1,1,1.0,0,22.0
django,tests/regressiontests/admin_filterspecs/models.py,36.9,🟢 Low,2,1,1.0,17,14.5
scikit-learn,sklearn/utils/tests/test_weight_vector.py,36.9,🟢 Low,2,2,0.0,680,19.0
flask,scripts/test_import_migration.py,36.9,🟢 Low,5,2,0.4,287,45.6
scikit-learn,sklearn/tree/tests/test_split.py,36.9,🟢 Low,3,2,0.3333333333333333,163,212.0
django,tests/migrations/test_migrations_manual_porting/0002_second.py,36.8,🟢 Low,2,2,0.0,38,10.0
django,tests/messages_tests/models.py,36.8,🟢 Low,1,1,1.0,0,3.0
django,tests/test_discovery_sample2/tests.py,36.8,🟢 Low,2,2,1.0,560,18.0
scikit-learn,scikits/learn/decisiontree/src/Object.h,36.8,🟢 Low,5,1,0.2,5,24.0
django,tests/forms_tests/templatetags/tags.py,36.7,🟢 Low,2,1,0.5,540,15.0
scikit-learn,sklearn/inspection/permutation_importance.py,36.7,🟢 Low,2,1,0.5,49,47.0
scikit-learn,sklearn/datasets/tests/test_olivetti_faces.py,36.7,🟢 Low,8,8,0.0,1432,18.875
django,django/contrib/gis/tests/relatedapp/tests_mysql.py,36.7,🟢 Low,1,1,0.0,0,1.0
django,django/contrib/messages/storage/user_messages.py,36.7,🟢 Low,1,1,1.0,0,27.0
scikit-learn,scikits/learn/neighbors/__init__.py,36.5,🟢 Low,1,1,0.0,0,1.0
scikit-learn,scikits/learn/machine/svm/tests/test_all.py,36.5,🟢 Low,2,1,0.0,5,6.0
scikit-learn,sklearn/inspection/_pd_utils.py,36.4,🟢 Low,2,2,0.5,605,25.0
scikit-learn,examples/tutorial/plot_knn_iris.py,36.3,🟢 Low,5,1,0.4,7,30.8
scikit-learn,doc/js/scripts/sg_plotly_resize.js,36.3,🟢 Low,2,2,0.0,76,5.5
django,tests/migrations/tests.py,36.3,🟢 Low,4,1,0.0,0,80.0
scikit-learn,sklearn/utils/_random.c,36.3,🟢 Low,2,1,0.5,521,4927.0
django,tests/comment_tests/tests/test_comment_view.py,36.2,🟢 Low,4,4,0.0,190,240.33333333333337
scikit-learn,sklearn/callback/__init__.py,36.2,🟢 Low,1,1,0.0,0,15.0
django,django/conf/locale/ht/formats.py,36.2,🟢 Low,1,1,1.0,0,40.0
scikit-learn,scikits/learn/preprocessing/setup.py,36.2,🟢 Low,5,3,0.0,316,15.25
django,tests/builddocs.py,36.2,🟢 Low,5,1,0.0,0,51.6
scikit-learn,examples/naive_bayes.py,36.1,🟢 Low,3,3,0.0,201,9.333333333333334
flask,docs/flaskext.py,36.1,🟢 Low,2,1,0.5,0,72.0
django,django/contrib/csrf/context_processors.py,36.0,🟢 Low,1,1,1.0,0,11.0
scikit-learn,examples/cluster/kmeans_digits.py,36.0,🟢 Low,6,2,0.1666666666666666,192,38.833333333333336
django,tests/syncdb_signals/models.py,36.0,🟢 Low,1,1,1.0,0,0.0
requests,tests/utils.py,35.9,🟢 Low,3,2,0.0,2176,15.0
pytest,py/plugin/standalonetemplate.py,35.8,🟢 Low,1,1,0.0,0,49.0
django,tests/regressiontests/dispatch/tests/test_robustapply.py,35.8,🟢 Low,2,1,1.0,0,21.0
scikit-learn,sklearn/utils/src/MurmurHash3.h,35.8,🟢 Low,2,2,0.0,0,8.0
scikit-learn,doc/sphinxext/custom_autosummary_new_suffix.py,35.7,🟢 Low,2,1,1.0,0,48.0
pytest,testing/plugins_integration/django_settings.py,35.7,🟢 Low,2,2,0.0,1366,1.5
django,tests/auth_tests/test_remote_user_deprecation.py,35.7,🟢 Low,1,1,1.0,0,37.0
scikit-learn,sklearn/neural_network/base.py,35.7,🟢 Low,2,2,0.5,788,37.0
django,tests/regressiontests/admin_scripts/custom_templates/project_template/manage.py,35.7,🟢 Low,2,1,1.0,89,1.5
scikit-learn,doc/themes/scikit-learn-modern/static/js/vendor/jquery-3.6.3.slim.min.js,35.7,🟢 Low,1,1,1.0,0,2.0
scikit-learn,scikits/learn/feature_agglomeration/__init__.py,35.6,🟢 Low,1,1,0.0,0,1.0
django,tests/regressiontests/debug/__init__.py,35.6,🟢 Low,2,1,1.0,0,6.0
scikit-learn,examples/lasso_and_elasticnet.py,35.6,🟢 Low,2,2,0.5,37,23.0
scikit-learn,examples/cluster/plot_spectral_coclustering.py,35.6,🟢 Low,3,1,0.3333333333333333,1,22.333333333333332
pytest,testing/execnet/test_serializer.py,35.6,🟢 Low,7,2,0.0,5,134.57142857142858
django,tests/regressiontests/templates/templatetags/broken_tag.py,35.5,🟢 Low,2,2,0.5,294,1.0
pytest,bin-for-dist/gensetup.py,35.5,🟢 Low,4,1,0.0,44,258.75
django,tests/check_framework/template_test_apps/same_tags_app_1/templatetags/same_tags.py,35.4,🟢 Low,1,1,1.0,0,2.0
django,django/conf/locale/ms/formats.py,35.4,🟢 Low,3,3,0.0,77,30.0
django,tests/check_framework/template_test_apps/different_tags_app/templatetags/different_tags.py,35.4,🟢 Low,1,1,1.0,0,2.0
django,tests/check_framework/template_test_apps/same_tags_app_2/templatetags/same_tags.py,35.4,🟢 Low,1,1,1.0,0,2.0
scikit-learn,scikits/learn/features/__init__.py,35.4,🟢 Low,1,1,0.0,0,0.0
pytest,testing/plugin/test_pytest_session.py,35.3,🟢 Low,2,1,0.5,0,209.0
django,tests/modeltests/m2o_recursive/tests.py,35.3,🟢 Low,2,2,0.5,366,32.5
scikit-learn,sklearn/compose/__init__.py,35.3,🟢 Low,9,7,0.0,2692,10.22222222222222
scikit-learn,examples/plot_validation_curve.py,35.3,🟢 Low,3,1,0.0,14,25.666666666666668
click,examples/complex/setup.py,35.3,🟢 Low,6,3,0.1666666666666666,2115,13.333333333333334
django,tests/dispatch/test_removedindjango20.py,35.3,🟢 Low,1,1,1.0,0,17.0
scikit-learn,examples/release_highlights/plot_release_highlights_1_8_0.py,35.2,🟢 Low,3,2,0.3333333333333333,189,83.0
scikit-learn,scikits/learn/decisiontree/libdecisiontree.c,35.2,🟢 Low,1,1,0.0,0,0.0
django,tests/transactions/models.py,35.2,🟢 Low,7,6,0.0,3986,10.333333333333334
scikit-learn,examples/manifold/plot_tsne_faces.py,35.2,🟢 Low,1,1,1.0,0,87.0
pytest,pytest_warnings.py,35.1,🟢 Low,2,2,0.0,117,54.0
click,examples/complex/complex/commands/cmd_status.py,35.1,🟢 Low,5,4,0.0,2115,7.0
django,tests/csrf_tests/csrf_token_error_handler_urls.py,35.1,🟢 Low,2,2,0.5,1599,2.0
scikit-learn,sklearn/_build_utils/tempita.py,35.1,🟢 Low,3,2,0.0,426,35.0
scikit-learn,sklearn/utils/mst/tests/test_spanning_tree.py,35.0,🟢 Low,2,2,0.0,47,42.0
scikit-learn,sklearn/src/cblas/ATL_srefasum.c,35.0,🟢 Low,1,1,1.0,0,43.0
scikit-learn,examples/cluster/plot_spectral_biclustering.py,35.0,🟢 Low,4,1,0.25,1,27.75
pytest,_pytest/_code/_assertionold.py,35.0,🟢 Low,1,1,1.0,0,443.0
django,tests/regressiontests/utils/datetime_safe.py,35.0,🟢 Low,4,1,0.25,383,19.5
scikit-learn,sklearn/src/cblas/ATL_dsrefdot.c,35.0,🟢 Low,1,1,1.0,0,42.0
django,tests/regressiontests/test_utils/views.py,34.9,🟢 Low,2,1,0.5,266,6.5
scikit-learn,benchmarks/bench_online_ocsvm.py,34.9,🟢 Low,4,3,0.0,820,199.5
pytest,test_warnings2.py,34.9,🟢 Low,1,1,0.0,0,18.0
pytest,helper_test_b.py,34.9,🟢 Low,1,1,0.0,0,4.0
rich,rich/_unicode_data/_versions.py,34.8,🟢 Low,1,1,0.0,0,23.0
django,tests/regressiontests/utils/test_module/good_module.py,34.8,🟢 Low,1,1,1.0,0,1.0
pytest,testing/test_fixture_finalizer.py,34.7,🟢 Low,3,2,1.0,43,27.666666666666668
django,django/contrib/gis/templates/gis/google/google-single.js,34.7,🟢 Low,3,2,0.6666666666666666,1864,2.0
scikit-learn,sklearn/manifold/nmds.py,34.7,🟢 Low,4,1,0.0,6,69.5
scikit-learn,examples/plot_digits_last_image.py,34.7,🟢 Low,2,2,0.0,52,7.0
scikit-learn,scikits/learn/neighbors/setup.py,34.7,🟢 Low,1,1,0.0,0,15.0
pytest,pytest/plugin/doctest.py,34.7,🟢 Low,6,1,0.0,33,69.5
django,tests/validation/test_constraints.py,34.6,🟢 Low,3,2,0.6666666666666666,894,92.0
rich,tests/test_jupyter.py,34.5,🟢 Low,3,2,0.0,702,15.0
pytest,py/impl/code/assertion.py,34.5,🟢 Low,1,1,1.0,0,61.0
scikit-learn,benchmarks/bench_hist_gradient_boosting_categorical_only.py,34.5,🟢 Low,5,4,0.0,946,64.4
scikit-learn,scikits/learn/linear_model/sparse/setup.py,34.5,🟢 Low,4,2,0.25,280,16.5
django,tests/gis_tests/test_wkt.py,34.5,🟢 Low,1,1,1.0,0,21.0
django,django/utils/py3.py,34.4,🟢 Low,1,1,1.0,0,85.0
scikit-learn,scikits/learn/feature_selection/tests/test_chi2.py,34.4,🟢 Low,3,2,0.3333333333333333,44,26.0
django,tests/modeltests/m2m_multiple/tests.py,34.4,🟢 Low,2,2,0.0,395,77.5
django,tests/check_framework/urls/warning_in_include.py,34.4,🟢 Low,3,3,0.0,2107,7.666666666666667
django,django/contrib/csrf/decorators.py,34.4,🟢 Low,1,1,1.0,0,9.0
django,tests/regressiontests/forms/input_formats.py,34.4,🟢 Low,2,1,1.0,67,507.0
cli,httpie/encoding.py,34.3,🟢 Low,2,2,0.5,78,18.0
django,tests/requests/test_accept_header.py,34.3,🟢 Low,2,2,0.0,809,87.0
django,django/contrib/flatpages/tests/models.py,34.3,🟢 Low,2,1,0.5,0,11.0
scikit-learn,examples/grid_search_text_extraction_parameters.py,34.2,🟢 Low,4,1,0.0,0,59.5
scikit-learn,examples/svm/plot_svm_oneclass.py,34.2,🟢 Low,2,2,0.0,107,17.5
pytest,testing/test_cacheREADME.py,34.2,🟢 Low,2,1,0.5,0,33.5
django,tests/i18n/commands/someapp/static/javascript.js,34.1,🟢 Low,1,1,1.0,0,1.0
django,tests/i18n/commands/static/javascript_ignored.js,34.1,🟢 Low,1,1,1.0,0,1.0
django,tests/template_backends/apps/importerror/templatetags/broken_tags.py,34.1,🟢 Low,1,1,1.0,0,1.0
pytest,example/funcarg/urloption/conftest.py,34.1,🟢 Low,3,1,0.0,394,10.0
django,django/contrib/gis/templates/gis/admin/osm.js,34.1,🟢 Low,2,1,0.0,1138,2.0
django,tests/db_functions/window/test_validation.py,34.0,🟢 Low,2,2,0.0,1267,31.0
django,tests/bash_completion/management/commands/test_command.py,34.0,🟢 Low,4,3,0.5,1952,6.333333333333333
pytest,helper_test_a.py,34.0,🟢 Low,1,1,0.0,0,5.0
scikit-learn,scikits/learn/feature_extraction/text/__init__.py,34.0,🟢 Low,3,2,0.3333333333333333,20,7.0
django,tests/regressiontests/utils/os_utils.py,34.0,🟢 Low,2,2,1.0,1,19.0
scikit-learn,scikits/learn/machine/manifold_learning/compression/cost_function/setup.py,33.9,🟢 Low,1,1,1.0,0,13.0
scikit-learn,scikits/learn/benchmarks/bench_plot_balltree.py,33.9,🟢 Low,3,2,0.0,228,47.0
scikit-learn,sklearn/bicluster/util.py,33.9,🟢 Low,1,1,0.0,0,11.0
django,tests/modeltests/schema/models.py,33.9,🟢 Low,9,1,0.0,95,33.55555555555556
pytest,py/path/svn/testing/test_test_repo.py,33.9,🟢 Low,3,1,0.0,606,20.333333333333332
pytest,py/test/plugin/pytest_apigen.py,33.9,🟢 Low,1,1,0.0,0,66.0
scikit-learn,build_tools/github/check_wheels.py,33.9,🟢 Low,11,3,0.0,1510,22.727272727272727
django,tests/modeltests/timezones/admin.py,33.8,🟢 Low,1,1,1.0,0,9.0
django,tests/admin_scripts/test_django_admin_py.py,33.8,🟢 Low,2,2,1.0,38,30.5
scikit-learn,doc/js/scripts/dropdown.js,33.7,🟢 Low,3,2,0.6666666666666666,233,37.0
pytest,contrib/filelog/session.py,33.7,🟢 Low,2,1,0.0,0,51.5
django,tests/admin_scripts/complex_app/admin/foo.py,33.6,🟢 Low,3,3,0.0,701,3.0
scikit-learn,sklearn/externals/joblib/externals/loky/cloudpickle_wrapper.py,33.6,🟢 Low,2,1,0.5,68,53.5
scikit-learn,sklearn/externals/array_api_compat/common/_helpers.py,33.6,🟢 Low,5,3,0.2,443,374.4
cli,docs/packaging/spack/package.py,33.6,🟢 Low,3,1,0.6666666666666666,18,18.0
django,tests/regressiontests/swappable_models/models.py,33.6,🟢 Low,1,1,1.0,0,10.0
flask,scripts/test.py,33.6,🟢 Low,3,1,0.6666666666666666,1,24.5
scikit-learn,scikits/learn/cluster/sparse/k_means_.py,33.5,🟢 Low,7,1,0.0,3,92.71428571428572
scikit-learn,examples/tutorial/plot_cv_diabetes.py,33.5,🟢 Low,4,2,0.25,73,29.25
django,tests/regressiontests/admin_scripts/broken_app/models.py,33.5,🟢 Low,1,1,1.0,0,1.0
pytest,py/rest/latex.py,33.5,🟢 Low,6,4,0.0,948,140.33333333333334
django,tests/modeltests/custom_methods/tests.py,33.5,🟢 Low,2,2,0.0,395,36.5
django,tests/check_framework/migrations_test_apps/index_together_app/apps.py,33.5,🟢 Low,1,1,1.0,0,3.0
scikit-learn,examples/gaussian_naive_bayes.py,33.5,🟢 Low,5,3,0.0,210,8.0
cli,tests/test_httpie_cli.py,33.4,🟢 Low,2,1,0.0,34,107.5
flask,tests/test_apps/cliapp/multiapp.py,33.4,🟢 Low,4,3,0.25,1418,4.0
requests,requests/packages/idna/codec.py,33.4,🟢 Low,2,1,0.0,5,88.0
pytest,py/net/pipe/gsocket.py,33.4,🟢 Low,2,1,0.5,0,88.0
scikit-learn,sklearn/cluster/bicluster/__init__.py,33.4,🟢 Low,2,2,0.5,200,3.0
cli,httpie/plugins/base.py,33.4,🟢 Low,20,3,0.0,3014,30.15
scikit-learn,sklearn/utils/sparsetools/tests/test_spanning_tree.py,33.3,🟢 Low,2,2,0.0,348,42.0
requests,requests/patches.py,33.3,🟢 Low,1,1,0.0,0,0.0
django,tests/regressiontests/views/tests/generic/object_list.py,33.3,🟢 Low,3,2,0.3333333333333333,183,28.0
scikit-learn,scikits/learn/ensemble/base.py,33.2,🟢 Low,6,2,0.5,147,16.666666666666668
django,tests/db_functions/test_strindex.py,33.2,🟢 Low,2,2,0.5,41,58.5
django,tests/regressiontests/forms/tests/validators.py,33.2,🟢 Low,2,2,1.0,529,14.0
django,django/contrib/gis/db/backend/spatialite/adaptor.py,33.2,🟢 Low,1,1,1.0,0,7.0
django,tests/regressiontests/makemessages/extraction.py,33.2,🟢 Low,1,1,1.0,0,75.0
scikit-learn,scikits/learn/ensemble/bagging.py,33.2,🟢 Low,6,2,0.1666666666666666,145,32.166666666666664
django,tests/sitemaps_tests/urls/empty.py,33.1,🟢 Low,1,1,0.0,0,1.0
django,tests/check_framework/urls/bad_error_handlers.py,33.0,🟢 Low,1,1,1.0,0,7.0
django,tests/regressiontests/swappable_models/tests.py,33.0,🟢 Low,3,1,1.0,26,31.0
scikit-learn,scikits/learn/machine/manifold_learning/compression/distances.py,33.0,🟢 Low,3,1,0.3333333333333333,0,24.666666666666668
requests,requests/_internal_utils.py,33.0,🟢 Low,7,3,0.0,2334,16.142857142857142
django,tests/check_framework/urls/good_error_handlers.py,33.0,🟢 Low,1,1,1.0,0,7.0
flask,examples/tutorial/tests/test_db.py,32.9,🟢 Low,5,3,0.2,784,19.0
pytest,py/test/rsession/slave.py,32.9,🟢 Low,14,2,0.0,366,103.0
flask,examples/minitwit/test_minitwit.py,32.9,🟢 Low,2,2,0.0,123,100.0
rich,rich/screen.py,32.9,🟢 Low,10,3,0.0,202,32.0
django,tests/migrations/migrations_test_apps/alter_fk/author_app/migrations/0001_initial.py,32.9,🟢 Low,4,4,0.0,2911,15.25
django,tests/apps/default_config_app/__init__.py,32.9,🟢 Low,1,1,1.0,0,1.0
django,tests/modeltests/or_lookups/tests.py,32.9,🟢 Low,2,1,0.5,362,191.5
scikit-learn,scikits/learn/pyem/examples/pdfestimation.py,32.8,🟢 Low,3,1,0.0,0,29.333333333333332
scikit-learn,examples/plot_neighbors_regression.py,32.8,🟢 Low,7,2,0.1428571428571428,277,19.571428571428573
flask,scripts/fix_ext_import.py,32.8,🟢 Low,1,1,1.0,0,10.0
cli,httpie/legacy/cookie_format.py,32.8,🟢 Low,1,1,0.0,0,81.0
cli,httpie/manager/tasks/check_updates.py,32.8,🟢 Low,1,1,0.0,0,8.0
scikit-learn,examples/plot_underfitting_overfitting.py,32.8,🟢 Low,1,1,1.0,0,33.0
django,tests/check_framework/urls/no_warnings_i18n.py,32.8,🟢 Low,3,2,0.0,1597,6.0
click,examples/imagepipe/imagepipe.py,32.7,🟢 Low,10,3,0.0,2435,196.5
django,tests/test_runner_apps/sample/tests_sample.py,32.7,🟢 Low,3,2,0.3333333333333333,2756,18.666666666666668
scikit-learn,examples/tutorial/plot_cv_digits.py,32.7,🟢 Low,3,2,0.0,73,29.666666666666668
scikit-learn,scikits/learn/cluster/feature_agglomeration.py,32.6,🟢 Low,4,2,0.25,13,29.75
django,tests/user_commands/management/commands/required_constant_option.py,32.6,🟢 Low,2,2,0.0,485,17.0
django,tests/invalid_models_tests/tests.py,32.6,🟢 Low,5,1,0.2,11,30.0
django,tests/model_fields/test_slugfield.py,32.6,🟢 Low,3,3,0.0,2144,11.333333333333334
scikit-learn,scikits/learn/pyem/tests/test_examples.py,32.5,🟢 Low,3,1,0.3333333333333333,0,14.333333333333334
django,tests/admin_scripts/configured_dynamic_settings_manage.py,32.5,🟢 Low,2,2,0.0,1077,13.0
scikit-learn,examples/tree/plot_tree_feat.py,32.5,🟢 Low,3,1,0.3333333333333333,2,35.666666666666664
cli,httpie/cli/utils.py,32.5,🟢 Low,2,1,0.5,133,54.5
scikit-learn,examples/plot_svm_nonlinear.py,32.5,🟢 Low,4,2,0.0,35,15.75
scikit-learn,scikits/learn/linear_model/lars.py,32.3,🟢 Low,3,1,0.3333333333333333,4,177.0
django,tests/m2m_signals/models.py,32.3,🟢 Low,5,5,0.0,3264,23.0
scikit-learn,scikits/learn/gaussian_process/tests/test_gaussian_process.py,32.2,🟢 Low,4,4,0.0,284,47.5
rich,tools/profile_split.py,32.2,🟢 Low,1,1,0.0,0,8.0
pytest,testing/execnet/test_xspec.py,32.2,🟢 Low,2,1,1.0,16,122.0
pytest,py/_cmdline/pylookup.py,32.2,🟢 Low,3,1,0.0,194,68.66666666666667
django,tests/foreign_object/test_forms.py,32.2,🟢 Low,3,3,0.0,2367,21.0
scikit-learn,scikits/learn/utils/src/cholesky_delete.c,32.2,🟢 Low,4,2,0.25,352,39.666666666666664
django,django/contrib/gis/tests/geoapp/sql/city.sqlite3.sql,32.2,🟢 Low,1,1,0.0,0,8.0
django,django/contrib/gis/templates/gis/google/google-base.js,32.1,🟢 Low,2,1,1.0,0,4.5
scikit-learn,scikits/learn/datasets/iris/data.py,32.1,🟢 Low,3,1,0.0,55,67.0
pytest,doc/en/plugins_index.py,32.0,🟢 Low,4,1,0.25,0,79.25
django,tests/decorators/test_http.py,31.9,🟢 Low,6,4,0.0,1025,114.33333333333331
flask,tests/typing/typing_error_handler.py,31.9,🟢 Low,1,1,1.0,0,21.0
scikit-learn,.github/scripts/label_title_regex.py,31.7,🟢 Low,5,2,0.2,1163,17.0
flask,tests/blueprintapp/__init__.py,31.7,🟢 Low,2,1,0.5,28,6.0
django,tests/check_framework/test_commands.py,31.6,🟢 Low,1,1,1.0,0,22.0
django,tests/template_tests/filter_tests/test_escapeseq.py,31.6,🟢 Low,1,1,1.0,0,48.0
rich,tools/profile_pretty.py,31.6,🟢 Low,4,2,0.0,70,14.75
django,tests/migrations/migrations_test_apps/alter_fk/author_app/migrations/0002_alter_id.py,31.6,🟢 Low,4,4,0.0,2911,13.25
django,tests/urlpatterns_reverse/views_broken.py,31.5,🟢 Low,3,3,0.3333333333333333,3264,1.0
pytest,testing/pytest/plugin/test_pytest_assertion.py,31.5,🟢 Low,1,1,1.0,0,37.0
django,tests/utils_tests/test_module/good_module.py,31.5,🟢 Low,3,3,0.0,3264,1.0
django,tests/migrations/deprecated_field_migrations/0002_remove_ipaddressfield_ip.py,31.4,🟢 Low,4,4,0.0,2936,11.25
scikit-learn,scikits/learn/datasets/pendigits/src/convert.py,31.4,🟢 Low,3,1,0.0,0,16.333333333333332
django,django/contrib/admin/media/js/jquery.init.js,31.3,🟢 Low,2,1,0.5,429,3.0
pytest,doc/example/py2py3/test_py3.py,31.3,🟢 Low,2,1,0.5,10,5.0
pytest,testing/code/test_code_assertion.py,31.3,🟢 Low,1,1,1.0,0,254.0
pytest,doc/example/py2py3/test_py2.py,31.3,🟢 Low,2,1,0.5,10,5.0
django,tests/forms_tests/widget_tests/test_render_deprecation.py,31.3,🟢 Low,1,1,1.0,0,29.0
pytest,doc/example/conftest.py,31.3,🟢 Low,1,1,1.0,0,1.0
django,tests/check_framework/migrations_test_apps/index_together_app/migrations/0001_initial.py,31.2,🟢 Low,1,1,1.0,0,12.0
cli,extras/packaging/linux/scripts/http_cli.py,31.1,🟢 Low,1,1,0.0,0,4.0
pytest,_py/test/plugin/pytest_resultlog.py,31.1,🟢 Low,2,1,0.0,24,80.0
cli,httpie/status.py,31.1,🟢 Low,3,1,0.0,76,20.333333333333332
cli,extras/packaging/linux/scripts/httpie_cli.py,31.1,🟢 Low,1,1,0.0,0,4.0
scikit-learn,doc/sphinxext/doi_role.py,31.1,🟢 Low,4,3,0.0,902,25.0
flask,flask/testsuite/test_apps/flask_newext_simple.py,31.0,🟢 Low,1,1,1.0,0,1.0
rich,examples/columns2.py,31.0,🟢 Low,3,1,0.3333333333333333,0,33.0
flask,flask/testsuite/test_apps/flask_newext_package/__init__.py,31.0,🟢 Low,1,1,1.0,0,1.0
flask,flask/testsuite/test_apps/flaskext/oldext_package/__init__.py,31.0,🟢 Low,1,1,0.0,0,1.0
flask,flask/testsuite/test_apps/flaskext/oldext_simple.py,31.0,🟢 Low,1,1,0.0,0,1.0
scikit-learn,scikits/learn/machine/em/online_em.py,31.0,🟢 Low,3,1,0.0,0,170.0
cli,docs/packaging/brew/brew-deps.py,31.0,🟢 Low,2,2,0.5,56,56.0
django,tests/regressiontests/forms/localflavor/utils.py,31.0,🟢 Low,7,3,0.5714285714285714,192,29.142857142857142
pytest,pytest_stepwise/__init__.py,31.0,🟢 Low,1,1,0.0,0,1.0
pytest,tests/conftest.py,31.0,🟢 Low,1,1,0.0,0,1.0
scikit-learn,sklearn/externals/array_api_extra/_lib/_utils/_compat.py,30.9,🟢 Low,2,1,0.0,152,66.5
requests,requests/packages/chardet2/test.py,30.9,🟢 Low,2,2,0.0,19,19.5
scikit-learn,scikits/learn/machine/em2/tests/test_gmm.py,30.9,🟢 Low,6,1,0.0,4,57.166666666666664
pytest,_pytest/_pluggy.py,30.9,🟢 Low,3,2,0.6666666666666666,729,5.333333333333333
pytest,contrib/sysinfo.py,30.9,🟢 Low,4,3,0.0,387,116.5
django,tests/sitemaps_tests/test_management.py,30.9,🟢 Low,4,4,0.0,1899,11.5
scikit-learn,scikits/learn/tree_model/tests/test_randomforest.py,30.9,🟢 Low,2,1,0.5,3,73.0
django,tests/admin_views/test_prevent_double_submission.py,30.9,🟢 Low,1,1,1.0,0,84.0
rich,tests/test_json.py,30.8,🟢 Low,1,1,1.0,0,6.0
scikit-learn,examples/cluster/plot_ward_unstructured.py,30.8,🟢 Low,8,4,0.0,119,26.5
django,tests/regressiontests/app_loading/test_settings.py,30.8,🟢 Low,1,1,1.0,0,3.0
django,tests/regressiontests/commands_sql/models.py,30.8,🟢 Low,1,1,0.0,0,5.0
scikit-learn,scikits/learn/machine/manifold_learning/regression/cluster/setup.py,30.8,🟢 Low,1,1,1.0,0,13.0
pytest,py/test/dsession/txnode.py,30.7,🟢 Low,2,1,0.5,0,98.0
scikit-learn,scikits/learn/covariance/ledoit_wolf.py,30.7,🟢 Low,5,2,0.0,205,43.0
django,tests/decorators/test_clickjacking.py,30.7,🟢 Low,3,2,0.0,1010,68.33333333333333
cli,httpie/output/processors/colors.py,30.7,🟢 Low,2,1,0.5,1,153.5
django,tests/testapp/models/many_to_one_null.py,30.7,🟢 Low,2,1,0.5,0,66.0
pytest,py/io/testing/test_stdcapture.py,30.7,🟢 Low,3,2,0.6666666666666666,348,148.33333333333334
django,tests/admin_default_site/sites.py,30.6,🟢 Low,1,1,1.0,0,3.0
scikit-learn,scikits/learn/decisiontree/libdecisiontree_helper.cpp,30.6,🟢 Low,6,1,0.0,23,38.0
pytest,example/funcarg/costlysetup/conftest.py,30.6,🟢 Low,3,1,0.3333333333333333,515,15.0
django,tests/gis_tests/rasterapp/migrations/0002_rastermodels.py,30.6,🟢 Low,4,4,0.0,2109,61.75
django,tests/auth_tests/__init__.py,30.6,🟢 Low,1,1,0.0,0,0.0
scikit-learn,examples/manifold/plot_tsne_digits.py,30.5,🟢 Low,2,1,0.5,3,16.5
pytest,testing/plugin/test_mark.py,30.5,🟢 Low,5,1,0.0,33,244.8
django,tests/regressiontests/templates/templatetags/subpackage/echo_invalid.py,30.5,🟢 Low,1,1,1.0,0,1.0
scikit-learn,sklearn/tests/test_random_classifier.py,30.5,🟢 Low,4,1,0.25,0,23.25
django,tests/apps/failing_app/__init__.py,30.5,🟢 Low,1,1,1.0,0,1.0
scikit-learn,examples/feature_selection.py,30.5,🟢 Low,5,2,0.0,30,37.5
django,tests/generic_views/test_forms.py,30.5,🟢 Low,3,3,0.3333333333333333,157,12.0
scikit-learn,sklearn/neighbors/_distance_metric.py,30.5,🟢 Low,2,2,0.0,545,16.0
scikit-learn,scikits/learn/ensemble/boosting.py,30.5,🟢 Low,6,2,0.0,145,46.0
rich,examples/file_progress.py,30.4,🟢 Low,1,1,0.0,0,9.0
django,django/contrib/messages/tests/mixins.py,30.4,🟢 Low,1,1,1.0,0,12.0
rich,examples/exception.py,30.4,🟢 Low,7,3,0.0,482,24.142857142857142
django,tests/template_tests/templatetags/broken_tag.py,30.4,🟢 Low,3,2,0.3333333333333333,233,1.0
django,tests/serializers/test_deserialization.py,30.4,🟢 Low,5,4,0.6,493,120.4
django,tests/xor_lookups/models.py,30.4,🟢 Low,1,1,1.0,0,5.0
scikit-learn,examples/applications/plot_outlier_detection_wine.py,30.4,🟢 Low,9,7,0.0,1546,76.44444444444444
requests,src/requests/cookies.py,30.3,🟢 Low,3,2,0.0,1029,343.0
requests,requests/packages/chardet/constants.py,30.3,🟢 Low,3,2,0.0,537,10.333333333333334
scikit-learn,sklearn/decomposition/cdnmf_fast.c,30.3,🟢 Low,2,2,0.5,112,9485.5
scikit-learn,scikits/learn/linear_model/sparse/ridge.py,30.3,🟢 Low,10,1,0.0,1,59.9
scikit-learn,sklearn/utils/_repr_html/features.py,30.2,🟢 Low,3,1,0.6666666666666666,96,52.666666666666664
django,tests/regressiontests/comment_tests/urls_default.py,30.2,🟢 Low,2,1,0.5,0,6.0
cli,extras/packaging/linux/scripts/hooks/hook-pip.py,30.1,🟢 Low,1,1,0.0,0,13.0
pytest,bin/_findpy.py,30.1,🟢 Low,3,1,0.6666666666666666,270,24.0
scikit-learn,scikits/learn/covariance/shrunk_covariance_.py,30.1,🟢 Low,14,5,0.0,153,69.07692307692308
scikit-learn,scikits/learn/check_build/__init__.py,30.0,🟢 Low,2,2,0.0,8,1.0
cli,httpie/manager/tasks/__init__.py,30.0,🟢 Low,2,1,0.0,32,9.0
requests,tests/test_packages.py,29.9,🟢 Low,1,1,1.0,0,7.0
pytest,py/execnet/testing/conftest.py,29.9,🟢 Low,1,1,0.0,0,1.0
django,tests/migrations/migrations/0002_second.py,29.9,🟢 Low,3,1,0.0,20,11.0
scikit-learn,scikits/learn/manifold/MLLE.py,29.9,🟢 Low,2,1,0.5,4,94.5
rich,examples/screen.py,29.8,🟢 Low,3,1,0.3333333333333333,7,12.0
scikit-learn,scikits/learn/machine/svm/dataset.py,29.8,🟢 Low,2,1,0.5,0,142.0
pytest,py/cmdline/pywhich.py,29.8,🟢 Low,3,2,0.3333333333333333,373,14.0
scikit-learn,scikits/learn/linear_model/sparse/base.py,29.8,🟢 Low,4,2,0.0,200,10.666666666666666
scikit-learn,examples/miscellaneous/plot_estimator_representation.py,29.8,🟢 Low,4,3,0.0,1166,17.0
django,django/core/checks/compatibility/django_4_0.py,29.7,🟢 Low,3,3,0.0,1665,16.333333333333332
scikit-learn,scikits/learn/tree/__init__.py,29.7,🟢 Low,4,1,0.0,8,2.5
django,django/contrib/comments/signals.py,29.7,🟢 Low,3,2,0.0,1540,4.0
scikit-learn,sklearn/externals/__init__.py,29.7,🟢 Low,3,2,0.0,79,0.0
pytest,py/execnet/testing/test_message.py,29.7,🟢 Low,1,1,1.0,0,36.0
django,tests/modeltests/order_with_respect_to/tests.py,29.7,🟢 Low,3,1,0.3333333333333333,369,48.666666666666664
django,django/contrib/in_/forms.py,29.6,🟢 Low,1,1,1.0,0,31.0
django,tests/regressiontests/test_runner/deprecation_app/models.py,29.6,🟢 Low,1,1,1.0,0,1.0
scikit-learn,scikits/learn/machine/svm/setup.py,29.6,🟢 Low,3,1,0.0,0,15.5
scikit-learn,doc/sphinxext/numpy_ext_old/docscrape_sphinx.py,29.6,🟢 Low,2,2,0.0,466,117.5
scikit-learn,scikits/learn/neighbors/tests/test_neighbors.py,29.6,🟢 Low,2,1,0.0,26,28.0
django,tests/regressiontests/i18n/commands/project_dir/__init__.py,29.6,🟢 Low,1,1,1.0,0,2.0
django,django/conf/app_template/admin.py,29.6,🟢 Low,1,1,1.0,0,1.0
django,tests/m2m_intermediary/tests.py,29.5,🟢 Low,9,7,0.0,4574,29.625
cli,tests/fixtures/pytest_lazy_fixture.py,29.5,🟢 Low,1,1,1.0,0,36.0
django,tests/migrations/test_deprecated_fields.py,29.5,🟢 Low,3,2,0.0,4180,12.333333333333334
scikit-learn,examples/plot_ica_blind_source_separation.py,29.5,🟢 Low,4,3,0.0,208,29.5
django,django/contrib/localflavor/be/be_regions.py,29.5,🟢 Low,1,1,1.0,0,6.0
pytest,example/execnet/svn-sync-repo.py,29.4,🟢 Low,2,1,0.0,86,72.0
rich,rich/ansi_decoder.py,29.4,🟢 Low,6,1,0.0,3,124.16666666666669
django,tests/regressiontests/bash_completion/models.py,29.4,🟢 Low,2,1,0.0,13,0.0
django,tests/regressiontests/bash_completion/management/commands/__init__.py,29.4,🟢 Low,2,1,0.0,13,0.0
django,tests/regressiontests/bash_completion/management/__init__.py,29.4,🟢 Low,2,1,0.0,13,0.0
scikit-learn,scikits/learn/machine/svm/regression.py,29.4,🟢 Low,2,1,0.5,0,71.0
django,tests/regressiontests/bash_completion/__init__.py,29.4,🟢 Low,2,1,0.0,13,0.0
django,tests/regressiontests/formwizard/urls.py,29.4,🟢 Low,1,1,1.0,0,5.0
django,tests/migrations2/models.py,29.4,🟢 Low,1,1,0.0,0,0.0
scikit-learn,scikits/learn/benchmarks/bench_balltree.py,29.3,🟢 Low,4,2,0.25,238,54.0
scikit-learn,examples/plot_display_object_visualization.py,29.3,🟢 Low,1,1,1.0,0,30.0
django,tests/view_tests/tests/py3_test_debug.py,29.3,🟢 Low,2,1,0.5,135,26.0
flask,run-tests.py,29.3,🟢 Low,8,1,0.0,27,18.75
django,tests/regressiontests/test_runner/deprecation_app/tests.py,29.2,🟢 Low,1,1,1.0,0,5.0
django,django/contrib/localflavor/be/forms.py,29.2,🟢 Low,4,2,0.75,371,30.75
click,src/click/_textwrap.py,29.2,🟢 Low,7,3,0.0,2257,52.333333333333336
pytest,_pytest/_code/_assertionnew.py,29.2,🟢 Low,1,1,1.0,0,297.0
django,django/contrib/staticfiles/context_processors.py,29.2,🟢 Low,2,1,0.5,22,5.5
django,tests/test_runner/deprecation_app/tests.py,29.1,🟢 Low,2,2,0.5,26,6.0
scikit-learn,sklearn/_loss/tests/test_glm_distribution.py,29.1,🟢 Low,5,4,0.0,841,94.8
flask,examples/largerapp/yourapplication/__init__.py,29.0,🟢 Low,1,1,0.0,0,3.0
scikit-learn,examples/plot_ransac.py,29.0,🟢 Low,3,1,0.0,17,33.666666666666664
scikit-learn,sklearn/utils/tests/test_typedefs.py,28.9,🟢 Low,3,3,0.0,357,17.666666666666668
scikit-learn,examples/plot_random_dataset.py,28.8,🟢 Low,4,2,0.0,3,25.0
django,django/contrib/localflavor/gb/gb_regions.py,28.8,🟢 Low,1,1,1.0,0,83.0
scikit-learn,sklearn/metrics/cluster/bicluster/__init__.py,28.8,🟢 Low,1,1,0.0,0,2.0
django,django/contrib/flatpages/tests/test_models.py,28.8,🟢 Low,3,3,0.0,665,15.0
cli,tests/test_compress.py,28.8,🟢 Low,5,2,0.2,1649,96.8
flask,examples/minitwit/minitwit/__init__.py,28.8,🟢 Low,2,2,1.0,84,1.0
django,tests/regressiontests/utils/timezone.py,28.8,🟢 Low,3,1,1.0,440,29.333333333333332
django,tests/modeltests/one_to_one/tests.py,28.8,🟢 Low,2,2,0.5,366,94.0
pytest,_pytest/_code/__init__.py,28.7,🟢 Low,4,2,0.75,475,10.5
django,tests/model_package/models/publication.py,28.7,🟢 Low,2,2,0.5,140,3.0
django,tests/check_framework/test_4_0_compatibility.py,28.7,🟢 Low,2,2,0.0,386,23.5
scikit-learn,scikits/learn/cluster/sparse/__init__.py,28.7,🟢 Low,3,1,0.0,0,2.0
django,tests/regressiontests/i18n/commands/project_dir/app_with_locale/models.py,28.7,🟢 Low,1,1,1.0,0,2.0
django,tests/messages_tests/test_session.py,28.7,🟢 Low,8,7,0.0,3117,37.25
django,tests/regressiontests/i18n/commands/project_dir/app_no_locale/models.py,28.7,🟢 Low,1,1,1.0,0,2.0
pytest,py/execnet/script/socketserverservice.py,28.7,🟢 Low,2,2,0.0,948,54.0
pytest,py/rest/testing/setup.py,28.6,🟢 Low,3,2,0.0,374,8.0
scikit-learn,sklearn/svm/src/liblinear/_cython_blas_helpers.h,28.5,🟢 Low,2,2,0.5,1480,10.0
django,tests/staticfiles_tests/project/documents/cached/test.js,28.5,🟢 Low,1,1,1.0,0,1.0
scikit-learn,scikits/learn/machine/manifold_learning/regression/neighbors/neighbors.h,28.5,🟢 Low,1,1,1.0,0,8.0
cli,extras/brew-deps.py,28.5,🟢 Low,6,2,0.0,947,50.166666666666664
django,django/contrib/csrf/views.py,28.4,🟢 Low,1,1,1.0,0,53.0
scikit-learn,scikits/learn/covariance/covariance.py,28.4,🟢 Low,3,2,0.3333333333333333,204,39.0
django,django/contrib/formtools/wizard/tests/namedwizardtests/urls.py,28.4,🟢 Low,1,1,1.0,0,21.0
django,tests/i18n/other/locale/fr/formats.py,28.4,🟢 Low,2,2,0.5,2262,1.0
scikit-learn,benchmarks/bench_decision_function_iforest.py,28.3,🟢 Low,3,1,0.0,67,74.0
scikit-learn,examples/manifold/plot_isomap.py,28.3,🟢 Low,5,1,0.0,4,30.0
cli,tests/test_transport_plugin.py,28.3,🟢 Low,1,1,1.0,0,33.0
scikit-learn,scikits/learn/feature_selection/tests/test_rfe.py,28.3,🟢 Low,5,4,0.0,349,24.25
django,django/contrib/formtools/wizard/tests/loadstoragetests.py,28.3,🟢 Low,1,1,1.0,0,16.0
scikit-learn,sklearn/neighbors/tests/test_lsh_forest.py,28.3,🟢 Low,7,1,0.0,27,152.57142857142858
flask,examples/tutorial/tests/conftest.py,28.3,🟢 Low,4,2,0.0,784,36.5
pytest,_py/test/collect.py,28.2,🟢 Low,2,1,0.0,24,327.5
flask,examples/largerapp/yourapplication/views.py,28.2,🟢 Low,1,1,0.0,0,4.0
scikit-learn,examples/sgd/plot_weighted_classes.py,28.2,🟢 Low,3,1,0.3333333333333333,12,35.0
django,tests/syndication/urls.py,28.2,🟢 Low,3,3,0.3333333333333333,153,21.5
scikit-learn,scikits/learn/machine/svm/predict.py,28.2,🟢 Low,2,1,0.5,0,206.0
django,tests/modeltests/known_related_objects/models.py,28.2,🟢 Low,2,1,1.0,223,10.5
django,tests/backends/postgresql/test_operations.py,28.1,🟢 Low,4,3,0.5,1097,58.5
django,django/contrib/admin/static/admin/js/admin/ordering.js,28.0,🟢 Low,2,2,1.0,170,114.0
django,tests/template_tests/syntax_tests/i18n/test_language.py,28.0,🟢 Low,2,2,0.0,1415,10.0
scikit-learn,sklearn/_loss/tests/test_link.py,28.0,🟢 Low,10,6,0.0,1615,93.4
scikit-learn,scikits/learn/manifold/tests/compare_methods.py,28.0,🟢 Low,1,1,0.0,0,22.0
rich,rich/cjk.py,28.0,🟢 Low,4,1,0.25,11,11.5
django,tests/utils_tests/test_module/collision/collider.py,27.9,🟢 Low,1,1,1.0,0,1.0
cli,docs/linter/mdl-styles.rb,27.9,🟢 Low,1,1,1.0,0,8.0
django,django/utils/unittest/collector.py,27.9,🟢 Low,1,1,1.0,0,7.0
django,tests/utils_tests/test_module/collision/__init__.py,27.9,🟢 Low,1,1,1.0,0,1.0
django,tests/check_framework/urls/name_with_colon.py,27.9,🟢 Low,4,3,0.0,2327,4.5
click,examples/repo/repo.py,27.8,🟢 Low,15,2,0.0,4380,86.2
django,tests/migrations/test_migrations_namespace_package/0001_initial.py,27.8,🟢 Low,1,1,1.0,0,12.0
scikit-learn,examples/ensemble/plot_partial_dependency.py,27.8,🟢 Low,4,1,0.0,8,76.5
pytest,example/assertion/failure_demo.py,27.8,🟢 Low,4,1,0.0,459,92.0
pytest,py/test/rsession/testing/test_slave.py,27.8,🟢 Low,13,2,0.0,366,121.3846153846154
django,django/core/files/storage/mixins.py,27.8,🟢 Low,1,1,0.0,0,13.0
rich,tests/test_lrucache.py,27.8,🟢 Low,3,2,0.0,788,21.333333333333332
django,tests/modeltests/tablespaces/tests.py,27.8,🟢 Low,4,2,0.75,210,65.75
cli,httpie/cli/json_form.py,27.8,🟢 Low,1,1,1.0,0,110.0
django,tests/regressiontests/forms/views.py,27.7,🟢 Low,1,1,1.0,0,5.0
rich,rich/log.py,27.7,🟢 Low,3,1,0.3333333333333333,0,75.0
rich,just.py,27.7,🟢 Low,1,1,0.0,0,11.0
pytest,src/_pytest/assertion/_compare_sequence.py,27.7,🟢 Low,3,2,0.0,57,67.33333333333333
scikit-learn,sklearn/utils/tests/test_mask.py,27.7,🟢 Low,1,1,0.0,0,14.0
django,tests/sitemaps_tests/urls/index_only.py,27.7,🟢 Low,3,3,0.0,1899,8.666666666666666
django,tests/proxy_model_inheritance/app1/models.py,27.7,🟢 Low,3,3,0.0,1997,4.0
pytest,py/execnet/script/loop_socketserver.py,27.7,🟢 Low,3,2,0.0,944,11.0
scikit-learn,sklearn/externals/joblib/compressor.py,27.7,🟢 Low,3,2,0.0,95,365.0
rich,examples/cp_progress.py,27.7,🟢 Low,3,2,0.0,105,26.0
scikit-learn,examples/linear_model/plot_nnls.py,27.7,🟢 Low,5,4,0.0,1446,30.4
flask,examples/javascript/tests/conftest.py,27.6,🟢 Low,2,2,0.0,389,10.0
flask,tests/test_apps/cliapp/inner1/__init__.py,27.6,🟢 Low,1,1,0.0,0,2.0
flask,tests/test_apps/cliapp/inner1/inner2/flask.py,27.6,🟢 Low,1,1,0.0,0,2.0
scikit-learn,examples/ensemble/plot_adaboost_quantiles.py,27.6,🟢 Low,2,2,0.0,344,31.0
scikit-learn,sklearn/utils/tests/test_chunking.py,27.6,🟢 Low,1,1,0.0,0,59.0
pytest,src/_pytest/experiments.py,27.5,🟢 Low,2,1,0.5,0,6.5
scikit-learn,sklearn/decomposition/tests/test_fa.py,27.5,🟢 Low,2,2,0.0,6,17.0
django,tests/modeltests/reverse_lookup/tests.py,27.5,🟢 Low,2,2,0.0,395,38.5
scikit-learn,sklearn/metrics/cluster/bicluster/tests/test_bicluster_metrics.py,27.5,🟢 Low,1,1,0.0,0,25.0
requests,t.py,27.4,🟢 Low,1,1,0.0,0,3.0
scikit-learn,scikits/learn/linear_model/sparse/src/cd_fast_sparse.c,27.4,🟢 Low,3,2,0.3333333333333333,280,3748.0
cli,httpie/constants.py,27.3,🟢 Low,1,1,1.0,0,1.0
django,tests/regressiontests/utils/encoding.py,27.3,🟢 Low,1,1,1.0,0,9.0
django,tests/regressiontests/admin_scripts/management/commands/custom_startproject.py,27.3,🟢 Low,1,1,1.0,0,8.0
django,tests/migrations/test_migrations_clashing_prefix/a.py,27.2,🟢 Low,1,1,1.0,0,3.0
rich,examples/table_movie_live.py,27.2,🟢 Low,3,1,0.0,0,151.66666666666666
scikit-learn,scikits/learn/check_build/setup.py,27.2,🟢 Low,2,2,0.0,8,12.0
django,tests/regressiontests/inspectdb/bug/models.py,27.2,🟢 Low,1,1,1.0,0,5.0
pytest,py/doc/roles.py,27.2,🟢 Low,1,1,0.0,0,4.0
rich,tests/test_box.py,27.2,🟢 Low,10,3,0.0,990,40.7
django,tests/template_tests/test_unicode.py,27.2,🟢 Low,9,5,0.0,1385,19.625
django,tests/auth_tests/models/with_last_login_attr.py,27.2,🟢 Low,1,1,1.0,0,3.0
django,django/core/management/commands/listurls.py,27.1,🟢 Low,1,1,1.0,0,132.0
django,django/contrib/localflavor/ru/ru_regions.py,27.1,🟢 Low,1,1,1.0,0,96.0
rich,rich/tui/widgets/header.py,27.0,🟢 Low,4,1,0.0,9,43.0
scikit-learn,sklearn/externals/_packaging/_structures.py,27.0,🟢 Low,1,1,1.0,0,40.0
scikit-learn,sklearn/utils/_chunking.py,27.0,🟢 Low,3,3,0.0,518,65.0
rich,tests/test_rule_in_table.py,27.0,🟢 Low,1,1,1.0,0,68.0
django,tests/utils_tests/deconstructible_classes.py,27.0,🟢 Low,1,1,0.0,0,1.0
scikit-learn,examples/release_highlights/plot_release_highlights_0_24_0.py,27.0,🟢 Low,9,7,0.0,1904,91.33333333333331
django,django/contrib/sitemaps/tests/test_generic.py,26.9,🟢 Low,3,3,0.0,665,17.0
scikit-learn,doc/sphinxext/numpy_ext_old/numpydoc.py,26.9,🟢 Low,3,3,0.0,466,70.66666666666667
scikit-learn,scikits/learn/pyem/pyem/profile_data/profile_gmm.py,26.9,🟢 Low,2,1,0.0,0,34.0
requests,requests/packages/idna/__init__.py,26.9,🟢 Low,1,1,0.0,0,1.0
pytest,pytest/plugin/tmpdir.py,26.9,🟢 Low,4,2,0.0,26,9.666666666666666
scikit-learn,sklearn/manifold/_barnes_hut_tsne.c,26.8,🟢 Low,2,2,1.0,239,12732.0
django,tests/contenttypes_tests/test_migrations.py,26.8,🟢 Low,1,1,1.0,0,20.0
flask,examples/javascript/js_example/__init__.py,26.8,🟢 Low,4,1,0.0,1742,3.0
scikit-learn,sklearn/feature_selection/mutual_info.py,26.8,🟢 Low,3,1,0.0,780,111.33333333333331
django,tests/regressiontests/wsgi/wsgi.py,26.8,🟢 Low,1,1,1.0,0,1.0
requests,requests/packages/chardet/latin1prober.py,26.7,🟢 Low,7,3,0.1428571428571428,1775,92.14285714285714
django,tests/model_fields/test_custom_fields.py,26.7,🟢 Low,1,1,0.0,0,14.0
cli,httpie/output/lexers/common.py,26.7,🟢 Low,1,1,0.0,0,5.0
scikit-learn,scikits/learn/glm/enet_cd.py,26.7,🟢 Low,6,2,0.0,49,28.2
pytest,pytest/_config.py,26.7,🟢 Low,3,1,0.3333333333333333,1,304.3333333333333
scikit-learn,sklearn/_build_utils/min_dependencies.py,26.6,🟢 Low,2,1,0.0,47,47.0
scikit-learn,scikits/learn/src/cblas/atlas_refalias1.h,26.6,🟢 Low,2,1,0.5,350,0.0
requests,requests/packages/charade/charsetprober.py,26.6,🟢 Low,3,1,0.3333333333333333,2,23.0
requests,requests/packages/charade/__main__.py,26.6,🟢 Low,1,1,0.0,0,2.0
pytest,doc/ja/conf.py,26.6,🟢 Low,4,3,0.0,277,43.75
cli,httpie/output/lexers/json.py,26.5,🟢 Low,2,1,0.5,20,18.0
scikit-learn,examples/svm/plot_weighted_classes.py,26.5,🟢 Low,3,2,0.0,145,26.0
django,django/core/asgi.py,26.4,🟢 Low,1,1,1.0,0,5.0
pytest,py/_plugin/pytest_keyword.py,26.4,🟢 Low,2,1,0.5,11,55.5
scikit-learn,examples/plot_covariance_estimation.py,26.3,🟢 Low,3,3,0.0,204,27.0
scikit-learn,sklearn/cluster/_hdbscan/tests/test_reachibility.py,26.3,🟢 Low,4,3,0.0,462,44.0
scikit-learn,scikits/learn/machine/manifold_learning/examples/regression.py,26.3,🟢 Low,3,1,0.6666666666666666,0,49.333333333333336
django,tests/regressiontests/datetimes/tests.py,26.3,🟢 Low,1,1,1.0,0,75.0
django,tests/regressiontests/cache/views.py,26.3,🟢 Low,1,1,1.0,0,3.0
django,tests/file_storage/test_base.py,26.2,🟢 Low,1,1,1.0,0,54.0
requests,src/requests/_internal_utils.py,26.2,🟢 Low,4,1,0.5,993,25.0
django,django/core/files/storage/handler.py,26.2,🟢 Low,3,2,1.0,368,39.666666666666664
flask,examples/tutorial/tests/test_blog.py,26.2,🟢 Low,4,2,0.0,1504,60.5
requests,requests/packages/chardet/compat.py,26.1,🟢 Low,3,3,0.0,1621,7.5
django,tests/save_delete_hooks/tests.py,26.1,🟢 Low,6,4,0.0,3497,28.4
django,tests/model_meta/test_manager_inheritance_from_future.py,26.1,🟢 Low,1,1,1.0,0,9.0
django,tests/empty/models.py,26.1,🟢 Low,2,2,0.0,574,3.0
django,tests/decorators/test_csrf.py,26.1,🟢 Low,4,2,0.0,937,100.5
scikit-learn,scikits/learn/datasets/iris.py,26.0,🟢 Low,1,1,1.0,0,62.0
django,tests/modeltests/base/tests.py,26.0,🟢 Low,1,1,1.0,0,22.0
scikit-learn,examples/gaussian_process/plot_gp_diabetes_dataset.py,26.0,🟢 Low,10,3,0.0,27,27.1
pytest,testing/test_fixtures.py,26.0,🟢 Low,1,1,1.0,0,15.0
scikit-learn,scikits/learn/glm/enet_cd_fast.c,26.0,🟢 Low,3,2,0.0,11,2834.5
scikit-learn,examples/cluster/minibatchkmeans_digits.py,26.0,🟢 Low,2,1,0.5,0,70.5
pytest,doc/example/nonpython/conftest.py,26.0,🟢 Low,4,1,0.0,16,28.0
rich,rich/diagnose.py,26.0,🟢 Low,7,3,0.0,1651,25.142857142857142
scikit-learn,benchmarks/bench_sampling_algorithm.py,26.0,🟢 Low,2,1,1.0,0,119.5
django,tests/async/test_async_shortcuts.py,25.9,🟢 Low,1,1,1.0,0,49.0
scikit-learn,examples/plot_kpca.py,25.9,🟢 Low,3,2,0.0,1,56.666666666666664
django,tests/staticfiles_tests/project/documents/cached/source_map_trailing_whitespace.js,25.9,🟢 Low,1,1,0.0,0,1.0
django,tests/comment_tests/tests/__init__.py,25.9,🟢 Low,7,5,0.0,300,75.16666666666667
django,tests/utils_tests/test_deconstruct.py,25.8,🟢 Low,3,2,0.0,33,69.66666666666667
pytest,src/_pytest/assertion/_guards.py,25.8,🟢 Low,2,2,0.0,30,31.5
pytest,py/c-extension/greenlet/test_greenlet.py,25.8,🟢 Low,2,2,0.5,6,135.5
django,django/utils/unittest/__main__.py,25.8,🟢 Low,1,1,1.0,0,6.0
flask,flask/testsuite/test_apps/config_module_app.py,25.7,🟢 Low,1,1,1.0,0,4.0
pytest,py/test/plugin/conftest.py,25.7,🟢 Low,6,2,0.0,163,13.5
flask,flask/testsuite/test_apps/config_package_app/__init__.py,25.7,🟢 Low,1,1,1.0,0,4.0
rich,tests/test_columns_align.py,25.7,🟢 Low,3,1,0.3333333333333333,97,29.666666666666668
scikit-learn,examples/tutorial/plot_svm_kernels.py,25.7,🟢 Low,3,2,0.3333333333333333,71,49.666666666666664
scikit-learn,scikits/learn/manifold.py,25.7,🟢 Low,3,1,0.0,99,47.0
django,tests/fixtures_model_package/models/sql/book.sql,25.6,🟢 Low,1,1,1.0,0,1.0
scikit-learn,scikits/learn/ensemble/bagging/bagging.py,25.6,🟢 Low,1,1,0.0,0,1.0
scikit-learn,examples/feature_selection/plot_rfe_digits.py,25.6,🟢 Low,13,10,0.0,4281,18.307692307692307
scikit-learn,scikits/learn/glm/benchmarks/bench_lasso.py,25.6,🟢 Low,4,1,0.0,55,78.66666666666667
scikit-learn,scikits/learn/machine/svm/classification.py,25.6,🟢 Low,2,1,0.5,0,101.0
django,tests/serializers/test_deserializedobject.py,25.6,🟢 Low,2,2,0.0,1892,9.0
pytest,example/execnet/sysinfo.py,25.6,🟢 Low,3,1,0.0,86,118.33333333333331
scikit-learn,sklearn/externals/array_api_compat/torch/_typing.py,25.5,🟢 Low,1,1,0.0,0,2.0
django,tests/model_options/test_index_together_deprecation.py,25.5,🟢 Low,1,1,1.0,0,16.0
scikit-learn,scikits/learn/datasets/tests/test_20news.py,25.5,🟢 Low,4,4,0.25,33,22.5
pytest,py/test/testing/test_parseopt.py,25.5,🟢 Low,6,2,0.0,181,82.66666666666667
scikit-learn,sklearn/manifold/tests/test_classical_mds.py,25.4,🟢 Low,1,1,0.0,0,42.0
scikit-learn,scikits/learn/src/cblas/atlas_level1.h,25.4,🟢 Low,3,1,0.3333333333333333,350,63.5
scikit-learn,sklearn/MultiOneVsRest.py,25.4,🟢 Low,1,1,0.0,0,0.0
scikit-learn,sklearn/linear_model/sag_fast.c,25.4,🟢 Low,2,2,0.0,200,5156.5
pytest,testing/io_/test_saferepr.py,25.4,🟢 Low,2,1,0.0,88,87.0
pytest,doc/example/multipython.py,25.4,🟢 Low,3,1,0.3333333333333333,362,47.666666666666664
scikit-learn,examples/applications/stock_market.py,25.3,🟢 Low,4,2,0.0,270,81.0
django,tests/fixtures_model_package/models/__init__.py,25.3,🟢 Low,6,6,0.0,3264,10.6
django,tests/regressiontests/cache/urls.py,25.2,🟢 Low,1,1,1.0,0,4.0
django,tests/apps/explicit_default_config_mismatch_app/not_apps.py,25.2,🟢 Low,1,1,1.0,0,3.0
pytest,src/_pytest/assertion/highlight.py,25.2,🟢 Low,1,1,0.0,0,4.0
django,tests/apps/explicit_default_config_mismatch_app/apps.py,25.2,🟢 Low,1,1,1.0,0,3.0
django,tests/apps/explicit_default_config_app/apps.py,25.2,🟢 Low,1,1,1.0,0,3.0
scikit-learn,scikits/learn/machine/em2/gm.py,25.1,🟢 Low,6,1,0.0,0,103.33333333333331
django,js_tests/qunit/blanket.min.js,25.1,🟢 Low,1,1,0.0,0,5.0
django,django/contrib/localflavor/za/za_provinces.py,25.1,🟢 Low,1,1,1.0,0,12.0
flask,flask/exceptions.py,25.1,🟢 Low,2,2,0.0,208,12.0
scikit-learn,examples/gaussian_process/new/plot_gpr_prior_posterior.py,25.0,🟢 Low,8,1,0.0,19,41.125
scikit-learn,examples/tutorial/plot_svm_margin.py,25.0,🟢 Low,3,2,0.3333333333333333,71,41.666666666666664
django,docs/_ext/cve_role.py,25.0,🟢 Low,1,1,0.0,0,18.0
scikit-learn,scikits/learn/tests/test_gpml.py,24.9,🟢 Low,3,1,0.3333333333333333,0,19.333333333333332
cli,httpie/cli/exceptions.py,24.9,🟢 Low,1,1,0.0,0,2.0
scikit-learn,scikits/learn/sparse/__init__.py,24.9,🟢 Low,2,1,0.0,0,1.0
scikit-learn,sklearn/utils/tests/test_bunch.py,24.9,🟢 Low,2,1,0.0,1,21.0
cli,httpie/legacy/v3_2_0_session_header_format.py,24.9,🟢 Low,1,1,1.0,0,51.0
scikit-learn,sklearn/metrics/bicluster.py,24.9,🟢 Low,1,1,0.0,0,33.0
pytest,py/test/testing/test_deprecated_api.py,24.9,🟢 Low,5,2,0.0,245,144.8
scikit-learn,sklearn/datasets/tests/conftest.py,24.9,🟢 Low,6,4,0.0,1206,28.833333333333332
cli,httpie/output/processors/json.py,24.9,🟢 Low,1,1,0.0,0,16.0
pytest,contrib/pytest_coverage/__init__.py,24.8,🟢 Low,3,2,0.0,45,262.3333333333333
requests,tests/compat.py,24.8,🟢 Low,4,2,0.0,2275,17.0
django,django/contrib/gis/tests/geoapp/sql/state.sqlite3.sql,24.8,🟢 Low,1,1,0.0,0,3.0
scikit-learn,examples/neighbors/plot_kde.py,24.8,🟢 Low,3,1,0.0,0,32.0
scikit-learn,scikits/learn/tree_model/tests/test_tree.py,24.8,🟢 Low,1,1,1.0,0,96.0
django,django/core/checks/migrations.py,24.7,🟢 Low,2,2,0.0,3066,15.0
scikit-learn,scikits/learn/gaussian_process/regression_models.py,24.7,🟢 Low,4,3,0.0,284,18.0
pytest,py/code/testing/test_oldmagic.py,24.7,🟢 Low,1,1,1.0,0,57.0
django,tests/db_functions/comparison/test_nullif.py,24.7,🟢 Low,4,3,0.0,2202,41.25
requests,requests/packages/idna/idnadata.py,24.7,🟢 Low,2,1,0.0,206,1582.0
django,tests/view_tests/tests/defaults.py,24.6,🟢 Low,2,2,0.5,16,43.0
pytest,pytest_xmlresult.py,24.6,🟢 Low,2,1,0.0,5,151.0
pytest,py/test/testing/test_recording.py,24.6,🟢 Low,3,2,0.0,338,37.666666666666664
scikit-learn,examples/miscellaneous/plot_changed_only_pprint_parameter.py,24.6,🟢 Low,3,3,0.0,542,8.5
django,tests/regressiontests/urlpatterns_reverse/views_broken.py,24.5,🟢 Low,1,1,1.0,0,1.0
requests,requests/packages/urllib3/util/url.py,24.5,🟢 Low,8,4,0.0,1110,96.375
django,django/contrib/gis/tests/geoapp/sql/country.sqlite3.sql,24.5,🟢 Low,1,1,0.0,0,2.0
scikit-learn,scikits/learn/machine/em2/gmm.py,24.4,🟢 Low,7,1,0.0,0,110.42857142857144
scikit-learn,sklearn/ball_tree.py,24.4,🟢 Low,2,1,0.0,4,5.0
pytest,testing/execnet/test_basics.py,24.4,🟢 Low,2,1,0.5,4,175.0
django,tests/regressiontests/localflavor/hk/forms.py,24.4,🟢 Low,1,1,1.0,0,6.0
requests,requests/packages/charade/__init__.py,24.4,🟢 Low,5,1,0.0,328,13.0
requests,docs/_static/konami.js,24.4,🟢 Low,1,1,0.0,0,101.0
scikit-learn,build_tools/build-meson-editable-install.py,24.4,🟢 Low,1,1,0.0,0,36.0
scikit-learn,sklearn/callback/_progressbar.py,24.4,🟢 Low,3,2,0.0,24,163.0
scikit-learn,doc/themes/scikit-learn/static/js/extra.js,24.3,🟢 Low,1,1,0.0,0,7.0
scikit-learn,examples/cluster/plot_lena_ward.py,24.3,🟢 Low,3,3,0.0,37,28.666666666666668
django,tests/db_functions/text/test_md5.py,24.3,🟢 Low,3,2,0.0,1800,42.0
django,django/contrib/formtools/exceptions.py,24.3,🟢 Low,1,1,1.0,0,3.0
scikit-learn,scikits/learn/machine/svm/oneclass.py,24.3,🟢 Low,2,1,0.5,0,28.0
scikit-learn,scikits/learn/utils/sparsetools/csgraph.h,24.3,🟢 Low,2,2,0.0,370,109.0
scikit-learn,solutions/exercise_04_face_recognition.py,24.2,🟢 Low,6,2,0.0,356,66.0
scikit-learn,sklearn/ensemble/_hist_gradient_boosting/tests/test_bitset.py,24.2,🟢 Low,4,2,0.0,946,54.25
scikit-learn,maint_tools/check_pxd_in_installation.py,24.2,🟢 Low,7,3,0.0,1596,40.142857142857146
django,tests/regressiontests/null_fk_ordering/tests.py,24.2,🟢 Low,2,2,0.0,380,21.5
scikit-learn,sklearn/src/cblas/cblas_snrm2.c,24.1,🟢 Low,1,1,0.0,0,10.0
pytest,doc/example/assertion/global_testmodule_config/test_hello.py,24.1,🟢 Low,3,1,0.0,387,3.0
scikit-learn,sklearn/cross_decomposition/_pls_.py,24.1,🟢 Low,4,4,0.0,8,269.6666666666667
scikit-learn,maint_tools/sort_whats_new.py,24.1,🟢 Low,5,5,0.0,2206,30.4
scikit-learn,doc/auto_examples/cluster/plot_dbscan.py,24.1,🟢 Low,2,1,0.5,4,41.0
django,django/contrib/gis/db/backend/oracle/query.py,24.0,🟢 Low,3,2,0.0,483,99.0
pytest,py/test/testing/test_resultlog.py,24.0,🟢 Low,1,1,0.0,0,138.0
django,tests/dbshell/fake_client.py,24.0,🟢 Low,1,1,0.0,0,2.0
scikit-learn,examples/manifold/plot_tsne_iris.py,24.0,🟢 Low,5,1,0.2,8,33.0
django,tests/auth_tests/models/with_unique_constraint.py,24.0,🟢 Low,1,1,1.0,0,16.0
click,tests/test_utils/test__expand_args.py,24.0,🟢 Low,1,1,1.0,0,13.0
scikit-learn,scikits/learn/linear_model/sparse/tests/test_logistic.py,24.0,🟢 Low,4,2,0.0,280,46.0
scikit-learn,scikits/learn/svm/src/libsvm/libsvm_template.cpp,23.9,🟢 Low,2,1,0.5,315,2.0
scikit-learn,sklearn/preprocessing/_target.py,23.9,🟢 Low,2,2,0.0,27,74.0
flask,tests/test_request.py,23.9,🟢 Low,2,1,0.0,11,44.0
requests,test_requests_ext.py,23.9,🟢 Low,4,2,0.5,48,22.75
django,tests/sphinx/testdata/package/module.py,23.9,🟢 Low,1,1,1.0,0,14.0
django,tests/regressiontests/utils/test_module/bad_module.py,23.9,🟢 Low,1,1,1.0,0,2.0
django,tests/test_runner_apps/tagged/tests.py,23.8,🟢 Low,2,2,0.0,1490,10.0
scikit-learn,sklearn/utils/src/cholesky_delete.h,23.8,🟢 Low,1,1,1.0,0,48.0
pytest,testing/test_tracebackhide.py,23.8,🟢 Low,1,1,0.0,0,24.0
pytest,scripts/publish-gh-release-notes.py,23.8,🟢 Low,5,2,0.2,362,60.4
django,tests/custom_methods/models.py,23.8,🟢 Low,6,6,0.0,3264,22.6
django,tests/regressiontests/resolve_url/models.py,23.8,🟢 Low,1,1,1.0,0,5.0
scikit-learn,sklearn/ensemble/_bootstrap.py,23.7,🟢 Low,1,1,1.0,0,23.0
scikit-learn,sklearn/feature_extraction/tests/test_kernel_approximation.py,23.7,🟢 Low,5,2,0.0,35,41.0
django,tests/sitemaps_tests/urls/https.py,23.7,🟢 Low,4,3,0.25,2550,15.333333333333334
django,tests/admin_views/test_csp.py,23.7,🟢 Low,1,1,1.0,0,99.0
scikit-learn,sklearn/experimental/enable_successive_halving.py,23.7,🟢 Low,1,1,1.0,0,10.0
scikit-learn,examples/manifold/plot_tsne.py,23.7,🟢 Low,1,1,1.0,0,86.0
django,tests/test_discovery_sample/tests/tests.py,23.7,🟢 Low,1,1,1.0,0,4.0
scikit-learn,scikits/learn/machine/pyem/__init__.py,23.7,🟢 Low,3,1,0.0,0,7.0
django,django/contrib/localflavor/be/be_provinces.py,23.7,🟢 Low,1,1,1.0,0,14.0
django,tests/test_discovery_sample/pattern_tests.py,23.7,🟢 Low,1,1,1.0,0,4.0
scikit-learn,sklearn/tests/test_cross_val.py,23.6,🟢 Low,3,2,0.0,2,117.0
scikit-learn,sklearn/utils/tests/test_missing.py,23.6,🟢 Low,1,1,0.0,0,23.0
django,tests/check_framework/urls/bad_class_based_error_handlers.py,23.6,🟢 Low,1,1,1.0,0,11.0
scikit-learn,doc/themes/scikit-learn/static/js/bootstrap.min.js,23.6,🟢 Low,1,1,1.0,0,1.0
pytest,pytest_stepwise/plugin.py,23.6,🟢 Low,3,1,0.0,0,62.0
django,tests/regressiontests/reverse_single_related/tests.py,23.6,🟢 Low,3,2,0.0,380,17.333333333333332
django,tests/regressiontests/cache/closeable_cache.py,23.5,🟢 Low,1,1,0.0,0,7.0
scikit-learn,scikits/learn/utils/sparsetools/complex_ops.h,23.5,🟢 Low,2,2,0.0,370,84.0
requests,requests/packages/urllib3/packages/ssl_match_hostname/_implementation.py,23.5,🟢 Low,3,3,0.0,1299,46.666666666666664
scikit-learn,scikits/learn/decomposition/tests/test_kernel_pca.py,23.5,🟢 Low,5,4,0.0,46,59.25
scikit-learn,scikits/learn/manifold/tests/test_shortest_path.py,23.5,🟢 Low,4,1,0.0,5,40.5
django,tests/db_functions/math/test_random.py,23.5,🟢 Low,1,1,1.0,0,10.0
scikit-learn,scikits/learn/preprocessing/sparse/__init__.py,23.5,🟢 Low,4,2,0.0,223,33.0
requests,requests/packages/urllib3/contrib/_securetransport/__init__.py,23.5,🟢 Low,3,2,0.0,18,1.0
django,tests/test_runner_apps/tagged/tests_syntax_error.py,23.5,🟢 Low,1,1,1.0,0,6.0
django,django/contrib/gis/geos/tests/pymutable_geometries.py,23.4,🟢 Low,1,1,1.0,0,146.0
scikit-learn,scikits/learn/src/svm.h,23.4,🟢 Low,1,1,0.0,0,50.0
rich,tests/test_styled.py,23.4,🟢 Low,3,1,0.0,266,12.0
scikit-learn,sklearn/metrics/_plot/tests/test_base.py,23.4,🟢 Low,1,1,0.0,0,59.0
scikit-learn,examples/cluster/plot_birch.py,23.4,🟢 Low,2,1,0.0,3,27.0
scikit-learn,sklearn/metrics/tests/test_unsupervised.py,23.4,🟢 Low,4,1,0.0,10,13.5
django,django/utils/unittest/util.py,23.3,🟢 Low,1,1,1.0,0,76.0
scikit-learn,scikits/learn/neighbors/benchmarks/bench_balltree.py,23.3,🟢 Low,1,1,0.0,0,54.0
scikit-learn,scikits/learn/machine/manifold_learning/regression/neighbors/neighborsFromMatrix.h,23.3,🟢 Low,2,1,0.5,0,188.5
scikit-learn,sklearn/preprocessing/weights.py,23.3,🟢 Low,1,1,1.0,0,9.0
django,tests/template_tests/syntax_tests/test_partials.py,23.3,🟢 Low,1,1,1.0,0,589.0
pytest,py/builtin/builtin24.py,23.3,🟢 Low,1,1,0.0,0,57.0
scikit-learn,tester.py,23.3,🟢 Low,2,1,0.5,0,3.5
rich,rich/inspect.py,23.3,🟢 Low,2,1,0.5,8,55.5
scikit-learn,sklearn/utils/_test_common/__init__.py,23.3,🟢 Low,1,1,0.0,0,0.0
flask,docs/flaskdocext.py,23.2,🟢 Low,1,1,0.0,0,10.0
django,tests/db_backends/tests.py,23.2,🟢 Low,1,1,1.0,0,25.0
pytest,py/c-extension/greenlet/test_generator.py,23.2,🟢 Low,2,1,0.5,8,43.0
django,django/utils/2to3_fixes/fix_unicode.py,23.2,🟢 Low,1,1,1.0,0,24.0
scikit-learn,tutorial/conf.py,23.2,🟢 Low,6,3,0.0,196,27.333333333333332
django,tests/validation/test_custom_messages.py,23.2,🟢 Low,5,4,0.0,3264,9.5
django,django/contrib/postgres/fields/mixins.py,23.2,🟢 Low,1,1,1.0,0,25.0
django,tests/migrations/test_migrations_manual_porting/0004_fourth.py,23.2,🟢 Low,1,1,1.0,0,21.0
scikit-learn,examples/plot_pca_vs_lda.py,23.2,🟢 Low,4,4,0.0,28,26.5
django,tests/db_functions/json/test_json_array.py,23.2,🟢 Low,1,1,1.0,0,157.0
scikit-learn,examples/tutorial/plot_digits_pipe.py,23.1,🟢 Low,3,2,0.0,74,28.333333333333332
pytest,testing/pytest/dist/conftest.py,23.1,🟢 Low,1,1,1.0,0,4.0
pytest,py/_plugin/pytest_restdoc.py,23.1,🟢 Low,3,1,0.0,194,354.0
pytest,testing/logging/conftest.py,23.1,🟢 Low,1,1,0.0,0,26.0
requests,src/requests/api.py,23.0,🟢 Low,2,1,0.0,993,38.0
rich,tests/test_filesize.py,23.0,🟢 Low,3,2,0.0,450,13.333333333333334
scikit-learn,scikits/learn/svm/src/svm.h,23.0,🟢 Low,1,1,1.0,0,50.0
rich,tests/test_tabulate.py,23.0,🟢 Low,2,2,0.0,68,18.5
scikit-learn,examples/feature_selection/select_from_model.py,22.9,🟢 Low,2,1,0.0,11,26.0
cli,httpie/manager/tasks/export_args.py,22.9,🟢 Low,1,1,0.0,0,21.0
scikit-learn,sklearn/callback/tests/conftest.py,22.9,🟢 Low,1,1,0.0,0,3.0
django,tests/auth_tests/test_login.py,22.9,🟢 Low,3,2,0.3333333333333333,281,32.0
scikit-learn,scikits/learn/tests/test_manifold.py,22.9,🟢 Low,2,1,0.0,99,34.0
pytest,example/pytest/test_failures.py,22.9,🟢 Low,2,2,0.5,59,11.0
scikit-learn,sklearn/model_selection/tests/common.py,22.9,🟢 Low,2,2,0.5,1690,12.0
requests,src/requests/status_codes.py,22.8,🟢 Low,4,3,0.0,993,96.0
django,tests/migrations/test_exceptions.py,22.8,🟢 Low,2,2,0.5,2156,9.5
scikit-learn,doc/js/searchtools.js,22.8,🟢 Low,1,1,1.0,0,426.0
rich,tests/_markdown.py,22.8,🟢 Low,2,1,0.5,9,61.0
scikit-learn,examples/plot_svm_oneclass.py,22.8,🟢 Low,2,2,0.0,34,16.0
django,tests/cache/models.py,22.8,🟢 Low,4,4,0.0,3264,9.0
scikit-learn,scikits/learn/utils/tests/test_shortest_path.py,22.7,🟢 Low,2,2,0.0,28,38.0
django,tests/migrations/test_migrations_no_operations/0001_initial.py,22.7,🟢 Low,1,1,1.0,0,4.0
flask,tests/test_meta.py,22.7,🟢 Low,1,1,0.0,0,4.0
pytest,_findpy.py,22.7,🟢 Low,3,2,0.0,239,24.0
scikit-learn,scikits/learn/decomposition/tests/test_fastica.py,22.7,🟢 Low,7,4,0.0,151,82.2
django,tests/db_functions/text/test_replace.py,22.6,🟢 Low,3,3,0.0,1500,64.33333333333333
scikit-learn,sklearn/externals/array_api_extra/_lib/_utils/_typing.py,22.6,🟢 Low,2,1,0.0,152,6.0
scikit-learn,scikits/learn/svm/examples/libsvm.py,22.5,🟢 Low,1,1,1.0,0,20.0
pytest,py/apigen/conftest.py,22.5,🟢 Low,2,1,0.0,764,7.5
scikit-learn,scikits/learn/externals/joblib.py,22.5,🟢 Low,1,1,1.0,0,1.0
scikit-learn,sklearn/utils/tests/conftest.py,22.5,🟢 Low,1,1,1.0,0,7.0
pytest,py/test/plugin/pytest_eventlog.py,22.4,🟢 Low,6,2,0.0,80,30.5
pytest,testing/test_fixture_scope.py,22.4,🟢 Low,1,1,1.0,0,25.0
flask,tests/test_apps/blueprintapp/__init__.py,22.4,🟢 Low,4,3,0.0,3062,7.0
flask,examples/largerapp/setup.py,22.4,🟢 Low,1,1,0.0,0,9.0
django,tests/composite_pk/test_names_to_path.py,22.4,🟢 Low,1,1,1.0,0,120.0
scikit-learn,doc/sphinxext/dropdown_anchors.py,22.3,🟢 Low,2,2,0.5,61,29.0
flask,tests/moduleapp/apps/admin/__init__.py,22.3,🟢 Low,2,1,0.0,36,6.5
flask,tests/test_apps/helloworld/wsgi.py,22.3,🟢 Low,2,2,1.0,715,1.0
pytest,py/test/plugin/pytest_pylint.py,22.3,🟢 Low,7,3,0.0,152,29.571428571428573
cli,httpie/output/models.py,22.3,🟢 Low,1,1,0.0,0,31.0
requests,requests/packages/chardet/test.py,22.2,🟢 Low,3,1,0.3333333333333333,1,19.5
scikit-learn,sklearn/utils/tests/test_user_interface.py,22.2,🟢 Low,1,1,0.0,0,56.0
cli,httpie/internal/__build_channel__.py,22.2,🟢 Low,1,1,0.0,0,1.0
flask,examples/tutorial/tests/data.sql,22.2,🟢 Low,1,1,0.0,0,7.0
scikit-learn,sklearn/externals/joblib/externals/loky/backend/compat_posix.py,22.2,🟢 Low,1,1,0.0,0,5.0
pytest,src/_pytest/assertion/compare_text.py,22.2,🟢 Low,3,2,0.3333333333333333,33,86.33333333333333
django,tests/check_framework/urls/no_warnings.py,22.2,🟢 Low,3,3,0.0,2327,8.666666666666666
rich,rich/tui/event_pump.py,22.2,🟢 Low,2,1,0.0,8,47.5
scikit-learn,examples/kernel_approximation.py,22.2,🟢 Low,4,2,0.25,33,31.25
scikit-learn,scikits/learn/cluster/tests/test_mean_shift.py,22.1,🟢 Low,4,3,0.0,371,23.5
pytest,doc/example/costlysetup/conftest.py,22.0,🟢 Low,1,1,0.0,0,14.0
rich,examples/print_calendar.py,22.0,🟢 Low,1,1,0.0,0,49.0
pytest,testing/cx_freeze/tox_run.py,22.0,🟢 Low,2,1,0.0,0,6.5
django,tests/validation/__init__.py,22.0,🟢 Low,4,3,0.25,2099,11.666666666666666
pytest,testing/plugin/test_pytest_unittest.py,22.0,🟢 Low,3,1,0.3333333333333333,263,66.0
scikit-learn,sklearn/externals/joblib/externals/loky/backend/__init__.py,22.0,🟢 Low,2,1,0.0,95,10.5
django,tests/cache/liberal_backend.py,21.9,🟢 Low,4,4,0.0,1422,6.0
scikit-learn,examples/linear_model/logistic_l1_l2_sparsity.py,21.9,🟢 Low,5,3,0.0,167,19.0
scikit-learn,asv_benchmarks/benchmarks/common.py,21.9,🟢 Low,4,3,0.0,1303,170.25
django,django/utils/simplejson.py,21.9,🟢 Low,2,1,1.0,240,18.0
scikit-learn,sklearn/utils/src/Gamma.h,21.9,🟢 Low,1,1,0.0,0,2.0
django,tests/queries/test_db_returning.py,21.8,🟢 Low,5,5,0.0,2246,53.6
pytest,py/test/plugin/test_pytest_iocapture.py,21.8,🟢 Low,3,1,0.3333333333333333,0,295.0
django,django/contrib/formtools/wizard/tests/namedwizardtests/forms.py,21.8,🟢 Low,1,1,1.0,0,30.0
pytest,_py/_metainfo.py,21.8,🟢 Low,1,1,0.0,0,3.0
scikit-learn,benchmarks/bench_neighbors.py,21.8,🟢 Low,3,1,0.0,7,65.33333333333333
django,tests/get_or_create_regress/models.py,21.8,🟢 Low,2,2,0.0,249,9.0
django,django/contrib/localflavor/mk/models.py,21.8,🟢 Low,1,1,1.0,0,29.0
flask,scripts/flaskext_tester.py,21.7,🟢 Low,3,3,0.0,627,168.0
django,django/contrib/localflavor/es/es_regions.py,21.7,🟢 Low,1,1,1.0,0,20.0
django,tests/regressiontests/i18n/patterns/urls/path_unused.py,21.7,🟢 Low,1,1,1.0,0,7.0
django,tests/backends/oracle/test_introspection.py,21.7,🟢 Low,4,2,0.5,2112,37.25
scikit-learn,sklearn/ensemble/random_forest.py,21.7,🟢 Low,3,1,0.0,7,93.66666666666669
scikit-learn,examples/cluster/plot_ward_structured.py,21.7,🟢 Low,6,3,0.0,60,29.333333333333332
django,tests/model_fields/test_filepathfield.py,21.6,🟢 Low,2,1,0.5,0,12.5
cli,httpie/legacy/v3_1_0_session_cookie_format.py,21.6,🟢 Low,1,1,1.0,0,78.0
scikit-learn,examples/tutorial/plot_digits_last_image.py,21.5,🟢 Low,1,1,1.0,0,7.0
cli,tests/test_cookie.py,21.5,🟢 Low,1,1,1.0,0,26.0
pytest,py/net/pipe/__init__.py,21.5,🟢 Low,2,1,0.0,0,0.0
scikit-learn,scikits/learn/cluster/_feature_agglomeration.py,21.5,🟢 Low,4,4,0.0,221,22.333333333333332
flask,examples/javascript/js_example/views.py,21.5,🟢 Low,7,2,0.0,2036,12.428571428571429
flask,tests/typing/typing_app_decorators.py,21.4,🟢 Low,5,2,0.2,639,21.6
django,tests/apps/explicit_default_config_app/__init__.py,21.4,🟢 Low,1,1,1.0,0,1.0
scikit-learn,sklearn/cluster/tests/common.py,21.4,🟢 Low,8,6,0.0,4310,17.0
rich,rich/widgets/color_changer.py,21.4,🟢 Low,1,1,0.0,0,13.0
django,tests/othertests/db_typecasts.py,21.4,🟢 Low,2,1,0.0,263,47.0
django,tests/user_commands/models.py,21.4,🟢 Low,2,2,0.0,574,0.0
scikit-learn,scikits/learn/tree_model/optimisation/profile_tree.py,21.4,🟢 Low,1,1,1.0,0,27.0
requests,requests/packages/charade/sbcharsetprober.py,21.4,🟢 Low,3,1,0.3333333333333333,2,79.66666666666667
django,tests/apps/explicit_default_config_mismatch_app/__init__.py,21.4,🟢 Low,1,1,1.0,0,1.0
django,tests/template_tests/syntax_tests/i18n/test_get_current_language_bidi.py,21.4,🟢 Low,3,3,0.0,1415,11.0
django,tests/template_tests/syntax_tests/i18n/test_get_current_language.py,21.4,🟢 Low,3,3,0.0,1415,11.0
scikit-learn,doc/sphinxext/override_pst_pagetoc.py,21.3,🟢 Low,1,1,0.0,0,30.0
pytest,py/test/dist/gwmanage.py,21.3,🟢 Low,2,1,0.0,22,98.5
requests,requests/packages/charade/universaldetector.py,21.3,🟢 Low,4,1,0.0,328,119.5
django,tests/migrations/faulty_migrations/import_error/__init__.py,21.3,🟢 Low,2,2,1.0,42,1.0
pytest,_py/test/plugin/pytest_runner.py,21.3,🟢 Low,2,1,0.5,12,229.0
pytest,py/_plugin/pytest_doctest.py,21.3,🟢 Low,3,1,0.0,255,69.66666666666667
requests,requests/hooks/pre_request.py,21.3,🟢 Low,1,1,0.0,0,0.0
requests,requests/hooks/post_request.py,21.3,🟢 Low,1,1,0.0,0,0.0
scikit-learn,examples/neighbors/plot_lof_outlier_detection.py,21.3,🟢 Low,6,5,0.0,2195,34.166666666666664
django,django/contrib/gis/tests/migrations/test_commands.py,21.3,🟢 Low,2,1,1.0,0,27.5
requests,requests/hooks/args.py,21.3,🟢 Low,1,1,0.0,0,0.0
django,tests/regressiontests/staticfiles_tests/urls/helper.py,21.2,🟢 Low,1,1,1.0,0,2.0
flask,flask/testsuite/test_apps/flask_newext_package/submodule.py,21.2,🟢 Low,1,1,1.0,0,2.0
flask,flask/testsuite/test_apps/flaskext/oldext_package/submodule.py,21.2,🟢 Low,1,1,0.0,0,2.0
flask,flask/testsuite/test_apps/flask_broken/__init__.py,21.2,🟢 Low,1,1,0.0,0,2.0
requests,requests/packages/urllib3/util/selectors.py,21.1,🟢 Low,2,2,0.5,104,374.0
django,tests/modeltests/fixtures/__init__.py,21.1,🟢 Low,1,1,1.0,0,0.0
django,tests/comment_tests/models.py,21.1,🟢 Low,2,2,0.5,166,25.0
pytest,doc/ja/example/costlysetup/sub1/__init__.py,21.1,🟢 Low,1,1,0.0,0,0.0
pytest,doc/ja/example/costlysetup/sub2/__init__.py,21.1,🟢 Low,1,1,0.0,0,0.0
click,click/bashcomplete.py,21.1,🟢 Low,2,1,0.0,0,60.0
django,tests/regressiontests/dispatch/__init__.py,21.1,🟢 Low,1,1,1.0,0,0.0
scikit-learn,scikits/learn/svm/utils.py,21.1,🟢 Low,2,1,0.5,0,25.5
django,django/contrib/auth/tests/test_middleware.py,21.0,🟢 Low,2,1,1.0,246,31.5
cli,httpie/cookies.py,21.0,🟢 Low,1,1,1.0,0,11.0
scikit-learn,examples/applications/skip_stock_market.py,21.0,🟢 Low,1,1,1.0,0,189.0
django,django/contrib/gis/management/base.py,21.0,🟢 Low,1,1,0.0,0,9.0
scikit-learn,sklearn/utils/src/gamma.h,21.0,🟢 Low,1,1,0.0,0,1.0
django,django/newforms/extras/usa.py,21.0,🟢 Low,1,1,1.0,0,8.0
rich,examples/justify2.py,21.0,🟢 Low,1,1,0.0,0,9.0
rich,examples/export.py,20.9,🟢 Low,6,1,0.1666666666666666,2,23.666666666666668
pytest,example/funcarg/test_multi_python.py,20.9,🟢 Low,2,1,0.5,375,51.0
scikit-learn,scikits/learn/decomposition/__init__.py,20.9,🟢 Low,18,3,0.0,333,4.176470588235294
flask,src/flask/sansio/blueprints.py,20.9,🟢 Low,6,3,0.0,801,350.8
pytest,py/execnet/message.py,20.9,🟢 Low,2,1,0.0,8,74.0
pytest,testing/test_pythonpath.py,20.9,🟢 Low,1,1,0.0,0,82.0
django,django/contrib/formtools/wizard/tests/storagetests.py,20.9,🟢 Low,1,1,1.0,0,56.0
scikit-learn,scikits/learn/machine/manifold_learning/regression/CPLMR.py,20.8,🟢 Low,3,1,0.3333333333333333,0,73.0
scikit-learn,sklearn/utils/mst/setup.py,20.8,🟢 Low,3,2,0.0,47,17.333333333333332
django,tests/backends/test_postgresql.py,20.8,🟢 Low,2,1,0.5,336,57.0
django,tests/check_framework/urls/good_class_based_error_handlers.py,20.7,🟢 Low,1,1,1.0,0,6.0
django,tests/comment_tests/tests/comment_utils_moderators_tests.py,20.7,🟢 Low,2,2,0.0,13,70.0
scikit-learn,examples/mixture/plot_bayesian_gaussian_mixture.py,20.7,🟢 Low,1,1,1.0,0,73.0
django,tests/user_commands/management/commands/specific_system_checks.py,20.7,🟢 Low,1,1,1.0,0,6.0
requests,invokefile.py,20.7,🟢 Low,1,1,0.0,0,4.0
django,tests/regressiontests/localflavor/hk/tests.py,20.7,🟢 Low,1,1,1.0,0,30.0
rich,tests/test_unicode_data.py,20.7,🟢 Low,4,1,0.0,1,45.25
requests,requests/packages/idna/compat.py,20.6,🟢 Low,2,1,0.0,5,8.0
scikit-learn,sklearn/externals/joblib.py,20.6,🟢 Low,1,1,0.0,0,10.0
django,tests/regressiontests/delete_regress/__init__.py,20.6,🟢 Low,1,1,1.0,0,0.0
scikit-learn,sklearn/neighbors.py,20.6,🟢 Low,4,2,0.0,3,207.75
scikit-learn,examples/label_propagation/plot_label_propagation_versus_svm_iris.py,20.6,🟢 Low,4,1,0.0,2,23.25
scikit-learn,examples/plot_iris_classifiers.py,20.6,🟢 Low,4,2,0.0,59,33.5
requests,requests/packages/urllib3/packages/__init__.py,20.6,🟢 Low,5,2,0.0,1977,1.8
scikit-learn,sklearn/utils/mst/__init__.py,20.6,🟢 Low,2,1,0.0,13,1.5
scikit-learn,examples/decomposition/plot_sparse_pca.py,20.5,🟢 Low,13,3,0.0,51,23.923076923076923
django,django/contrib/localflavor/at/at_states.py,20.5,🟢 Low,1,1,1.0,0,12.0
django,django/contrib/admin/static/admin/js/related-widget-wrapper.js,20.5,🟢 Low,1,1,1.0,0,23.0
django,django/core/checks/database.py,20.5,🟢 Low,2,2,0.0,1419,9.5
django,tests/flatpages_tests/settings.py,20.4,🟢 Low,2,2,0.0,2550,10.0
scikit-learn,doc/sphinxext/numpy_ext_old/docscrape.py,20.4,🟢 Low,3,3,0.0,466,372.0
scikit-learn,examples/tree/unveil_tree_structure.py,20.3,🟢 Low,3,2,0.0,11,70.0
scikit-learn,sklearn/utils/_unique.py,20.3,🟢 Low,3,3,0.0,326,31.0
scikit-learn,sklearn/svm/exceptions.py,20.3,🟢 Low,1,1,0.0,0,3.0
flask,examples/blueprintexample/simple_page/simple_page.py,20.3,🟢 Low,1,1,0.0,0,11.0
scikit-learn,sklearn/linear_model/pa.py,20.3,🟢 Low,5,1,0.0,1,30.4
rich,rich/_emoji_codes.py,20.3,🟢 Low,3,1,0.3333333333333333,122,3610.0
pytest,_py/test/plugin/pytest_doctest.py,20.3,🟢 Low,2,1,0.0,14,64.0
requests,t2.py,20.3,🟢 Low,1,1,0.0,0,4.0
pytest,py/test/testing/test_api.py,20.2,🟢 Low,2,1,0.0,19,13.0
requests,requests/settings.py,20.2,🟢 Low,2,2,0.0,0,19.5
scikit-learn,sklearn/manifold/_binary_search.c,20.2,🟢 Low,7,1,0.0,8,4131.857142857143
django,django/contrib/localflavor/__init__.py,20.2,🟢 Low,2,1,0.0,2069,2.0
rich,examples/group.py,20.2,🟢 Low,2,1,0.0,318,8.0
scikit-learn,scikits/learn/linreg/utils.py,20.2,🟢 Low,1,1,1.0,0,38.0
scikit-learn,scikits/learn/linreg/iteration_callbacks.py,20.2,🟢 Low,1,1,1.0,0,40.0
scikit-learn,scikits/learn/glm/tests/ipython_log.py,20.2,🟢 Low,1,1,0.0,0,1.0
requests,requests/packages/urllib3/contrib/__init__.py,20.1,🟢 Low,6,1,0.0,2078,1.0
pytest,py/xmlobj/xml.py,20.1,🟢 Low,2,2,0.0,948,40.0
django,tests/regressiontests/datetimes/models.py,20.1,🟢 Low,1,1,1.0,0,20.0
scikit-learn,examples/plot_multiple_imputation.py,20.1,🟢 Low,1,1,1.0,0,261.0
scikit-learn,scikits/learn/cluster/setup.py,20.1,🟢 Low,9,4,0.0,242,13.0
django,django/conf/locale/fy/formats.py,20.1,🟢 Low,3,3,0.3333333333333333,1779,0.0
cli,httpie/codec.py,20.1,🟢 Low,1,1,1.0,0,13.0
flask,tests/test_converters.py,20.0,🟢 Low,4,2,0.0,809,27.0
requests,tests/test_hooks.py,20.0,🟢 Low,3,2,0.0,2238,14.333333333333334
requests,requests/packages/urllib3/packages/ssl_match_hostname/__init__.py,20.0,🟢 Low,6,4,0.0,1977,20.5
django,django/contrib/admin/static/admin/js/vendor/xregexp/xregexp.js,20.0,🟢 Low,4,4,0.0,2507,2740.3333333333335
scikit-learn,sklearn/callback/_base.py,20.0,🟢 Low,1,1,0.0,0,31.0
scikit-learn,scikits/learn/benchmarks/bench_glm.py,20.0,🟢 Low,3,3,0.0,56,87.5
scikit-learn,sklearn/cluster/test_fast_dict.py,20.0,🟢 Low,8,2,0.0,278,8.0
cli,httpie/cli/nested_json/tokens.py,20.0,🟢 Low,1,1,0.0,0,62.0
rich,rich/_loop.py,20.0,🟢 Low,1,1,0.0,0,33.0
rich,rich/tui/scrollbar.py,19.9,🟢 Low,1,1,0.0,0,65.0
django,js_tests/qunit/blanket.js,19.9,🟢 Low,1,1,0.0,0,4511.0
rich,rich/tui/view.py,19.9,🟢 Low,6,1,0.0,7,81.5
flask,examples/tutorial/setup.py,19.9,🟢 Low,7,3,0.0,784,18.0
scikit-learn,examples/cluster/plot_kmeans_stability.py,19.9,🟢 Low,5,1,0.2,1,66.6
django,tests/model_inheritance_select_related/tests.py,19.9,🟢 Low,3,3,0.0,235,23.0
rich,examples/bars.py,19.9,🟢 Low,5,1,0.4,1,10.6
flask,tests/test_import_migration.py,19.8,🟢 Low,2,1,0.5,0,29.0
scikit-learn,scikits/learn/machine/pyem/examples/pdfestimation1d.py,19.8,🟢 Low,2,1,0.0,0,50.0
scikit-learn,scikits/learn/naive_bayes/__init__.py,19.8,🟢 Low,3,3,0.0,38,2.0
rich,rich/_extension.py,19.8,🟢 Low,4,1,0.25,0,6.0
requests,requests/packages/chardet/chardetect.py,19.8,🟢 Low,2,2,0.0,348,31.5
scikit-learn,sklearn/linear_model/sparse/tests/test_logistic.py,19.7,🟢 Low,3,2,0.0,87,41.0
rich,examples/e.py,19.7,🟢 Low,1,1,0.0,0,2.0
pytest,py/path/local/posix.py,19.7,🟢 Low,2,1,0.0,785,78.0
django,tests/user_commands/management/commands/no_system_checks.py,19.7,🟢 Low,1,1,1.0,0,5.0
django,tests/test_runner_apps/databases/tests.py,19.7,🟢 Low,3,2,0.6666666666666666,1302,12.0
requests,test_iteration.py,19.6,🟢 Low,2,1,0.0,0,12.5
scikit-learn,scikits/learn/machine/manifold_learning/regression/tests/test_neighbors.py,19.6,🟢 Low,2,1,0.0,4,19.0
scikit-learn,examples/tutorial/_plot_pca_3d.py,19.6,🟢 Low,2,2,0.0,58,43.5
scikit-learn,sklearn/feature_extraction/tests/test_dictvectorizer.py,19.6,🟢 Low,3,1,0.0,7,33.0
django,tests/db_functions/text/test_strindex.py,19.6,🟢 Low,3,3,0.0,1500,64.33333333333333
scikit-learn,sklearn/metrics/_pairwise_distances_reduction/setup.py,19.6,🟢 Low,3,1,0.0,111,38.333333333333336
scikit-learn,scikits/learn/machine/manifold_learning/compression/pca.py,19.6,🟢 Low,2,1,0.5,0,20.0
scikit-learn,scikits/learn/utils/preprocessing.py,19.5,🟢 Low,4,1,0.0,0,56.25
click,examples/bashcompletion/setup.py,19.5,🟢 Low,4,3,0.5,1629,13.0
scikit-learn,scikits/learn/machine/em/examples/pdfestimation.py,19.5,🟢 Low,2,1,0.0,0,29.0
pytest,py/green/test/__init__.py,19.4,🟢 Low,1,1,0.0,0,0.0
pytest,testing/python/test_deprecations.py,19.4,🟢 Low,2,1,0.0,204,12.0
django,tests/invalid_models/tests.py,19.4,🟢 Low,9,2,0.0,295,36.5
django,tests/model_inheritance_same_model_name/models.py,19.4,🟢 Low,4,3,0.0,249,8.333333333333334
rich,examples/jobs.py,19.4,🟢 Low,1,1,0.0,0,26.0
scikit-learn,.spin/cmds.py,19.3,🟢 Low,1,1,0.0,0,16.0
pytest,src/_pytest/report_log.py,19.3,🟢 Low,1,1,1.0,0,55.0
rich,rich/_global.py,19.3,🟢 Low,1,1,0.0,0,3.0
rich,rich/_make_style_table.py,19.3,🟢 Low,1,1,0.0,0,12.0
scikit-learn,examples/neighbors/plot_caching_nearest_neighbors.py,19.3,🟢 Low,9,6,0.0,1919,32.0
django,django/contrib/gis/db/backends/spatialite/compiler.py,19.3,🟢 Low,1,1,1.0,0,22.0
scikit-learn,scikits/learn/src/cblas/cblas_srotg.c,19.3,🟢 Low,2,1,0.0,283,8.0
django,tests/test_runner_apps/sample/tests/tests.py,19.1,🟢 Low,2,2,0.0,1490,4.0
django,django/views/rss/rss.py,19.1,🟢 Low,2,1,0.0,118,11.0
django,tests/test_runner_apps/sample/pattern_tests.py,19.1,🟢 Low,2,2,0.0,1490,4.0
django,tests/staticfiles_tests/project/documents/cached/source_map.js,19.1,🟢 Low,2,2,1.0,281,0.5
django,tests/modeltests/transactions/tests_25.py,19.1,🟢 Low,2,1,1.0,4,72.0
django,tests/comment_tests/tests/test_app_api.py,19.1,🟢 Low,7,4,0.0,261,52.666666666666664
django,tests/custom_managers_regress/tests.py,19.1,🟢 Low,3,3,0.0,226,23.0
pytest,doc/ja/example/py2py3/test_py2.py,19.1,🟢 Low,1,1,0.0,0,5.0
scikit-learn,sklearn/utils/_user_interface.py,19.1,🟢 Low,2,2,0.0,116,19.0
pytest,doc/ja/example/py2py3/test_py3.py,19.1,🟢 Low,1,1,0.0,0,5.0
scikit-learn,scikits/learn/linreg/lasso_cd_fast.c,19.1,🟢 Low,2,2,0.5,2,2829.0
scikit-learn,examples/gpml/plot_gpml_regression.py,19.0,🟢 Low,3,1,0.3333333333333333,0,39.0
scikit-learn,scikits/learn/decomposition/kernel_pca.py,19.0,🟢 Low,6,4,0.0,46,99.6
scikit-learn,examples/tutorial/plot_cluster_iris.py,19.0,🟢 Low,4,2,0.0,74,51.25
rich,rich/_version.py,19.0,🟢 Low,1,1,0.0,0,1.0
django,tests/db_functions/test_chr.py,19.0,🟢 Low,1,1,0.0,0,26.0
scikit-learn,build_tools/github/vendor.py,19.0,🟢 Low,8,4,0.0,1238,99.875
cli,httpie/solarized.py,19.0,🟢 Low,3,3,0.0,154,60.333333333333336
scikit-learn,examples/tutorial/plot_iris_classifiers.py,18.9,🟢 Low,3,2,0.0,61,29.666666666666668
scikit-learn,scikits/learn/utils/attrselect.py,18.9,🟢 Low,3,1,0.0,0,71.0
scikit-learn,scikits/learn/samples_generator/linear.py,18.9,🟢 Low,1,1,0.0,0,6.0
scikit-learn,sklearn/ensemble/boosting.py,18.9,🟢 Low,2,2,0.0,35,46.0
scikit-learn,asv_benchmarks/benchmarks/model_selection.py,18.8,🟢 Low,2,2,0.0,323,52.0
scikit-learn,scikits/learn/src/svm.cpp,18.8,🟢 Low,1,1,0.0,0,2597.0
cli,httpie/output/formatters/headers.py,18.8,🟢 Low,4,2,0.0,2563,7.5
scikit-learn,scikits/learn/svm/src/liblinear/linear.h,18.8,🟢 Low,3,1,0.0,338,49.0
django,tests/decorators/test_cache.py,18.8,🟢 Low,4,2,0.0,1302,138.25
pytest,py/xmlobj/visit.py,18.8,🟢 Low,3,3,0.0,948,84.66666666666667
rich,rich/styled_text.py,18.8,🟢 Low,1,1,0.0,0,7.0
django,tests/regressiontests/custom_managers_regress/tests.py,18.8,🟢 Low,2,2,0.0,382,22.5
requests,tasks.py,18.8,🟢 Low,1,1,0.0,0,23.0
scikit-learn,scikits/learn/covariance/__init__.py,18.8,🟢 Low,13,4,0.0,359,3.0
rich,examples/live_progress.py,18.7,🟢 Low,1,1,0.0,0,32.0
pytest,py/test/dsession/testing/test_txnode.py,18.7,🟢 Low,1,1,0.0,0,120.0
django,tests/regressiontests/debug/tests.py,18.7,🟢 Low,1,1,1.0,0,15.0
pytest,pytest/plugin/assertion.py,18.7,🟢 Low,3,1,0.0,26,122.5
scikit-learn,data/twenty_newsgroups/fetch_data.py,18.7,🟢 Low,3,1,0.0,1,11.0
scikit-learn,scikits/learn/decisiontree/setup.py,18.6,🟢 Low,5,1,0.0,7,28.8
pytest,src/_pytest/assertion/_compare_mapping.py,18.5,🟢 Low,2,1,0.0,0,46.5
requests,requests/packages/urllib3/packages/ordered_dict.py,18.5,🟢 Low,3,2,0.0,1765,119.0
django,django/contrib/localflavor/au/au_states.py,18.5,🟢 Low,1,1,1.0,0,10.0
rich,rich/render_width.py,18.5,🟢 Low,4,1,0.0,54,53.0
django,tests/migrations2/test_migrations_2/0001_initial.py,18.5,🟢 Low,4,4,0.0,3151,15.0
pytest,pytest/__main__.py,18.5,🟢 Low,1,1,0.0,0,3.0
flask,flask/testsuite/test_apps/importerror.py,18.4,🟢 Low,1,1,0.0,0,1.0
scikit-learn,benchmarks/bench_pca_solvers.py,18.4,🟢 Low,1,1,0.0,0,130.0
django,tests/modeltests/files/tests_25.py,18.4,🟢 Low,1,1,1.0,0,13.0
pytest,py/rest/convert.py,18.4,🟢 Low,2,2,0.0,948,142.0
rich,rich/escape.py,18.4,🟢 Low,1,1,0.0,0,6.0
scikit-learn,doc/sphinxext/sphinx_gallery/__init__.py,18.4,🟢 Low,6,1,0.0,498,4.0
scikit-learn,scikits/learn/shortcuts.py,18.4,🟢 Low,3,1,0.3333333333333333,2,20.0
django,tests/modeltests/tablespaces/models.py,18.4,🟢 Low,2,1,1.0,0,24.0
rich,rich/tui/message.py,18.3,🟢 Low,3,1,0.0,13,14.666666666666666
flask,tests/test_apps/subdomaintestmodule/__init__.py,18.3,🟢 Low,4,3,0.0,3356,2.0
scikit-learn,asv_benchmarks/benchmarks/svm.py,18.3,🟢 Low,2,2,0.0,323,20.0
django,django/contrib/gis/templates/gis/google/js/google-map.js,18.3,🟢 Low,1,1,0.0,0,30.0
django,django/conf/locale/gd/formats.py,18.2,🟢 Low,4,3,0.0,2261,9.25
pytest,pytest/session.py,18.2,🟢 Low,1,1,0.0,0,194.0
scikit-learn,sklearn/externals/array_api_compat/numpy/fft.py,18.2,🟢 Low,3,2,0.0,286,24.333333333333332
scikit-learn,sklearn/metrics/unsupervised.py,18.2,🟢 Low,4,1,0.0,14,21.25
scikit-learn,scikits/learn/machine/svm/model.py,18.2,🟢 Low,2,1,0.5,0,41.0
scikit-learn,examples/tutorial/plot_pca_iris.py,18.2,🟢 Low,3,2,0.0,74,42.333333333333336
django,django/templatetags/adminmedia.py,18.2,🟢 Low,2,1,0.5,0,11.5
django,django/contrib/localflavor/mx/models.py,18.1,🟢 Low,1,1,1.0,0,38.0
django,django/db/backends/mysql_old/client.py,18.1,🟢 Low,1,1,0.0,0,13.0
requests,requests/packages/urllib3/packages/six.py,18.1,🟢 Low,5,2,0.0,1659,356.5
rich,rich/tui/types.py,18.1,🟢 Low,4,1,0.0,25,10.0
flask,examples/flaskr/flaskr/_cliapp.py,18.1,🟢 Low,2,1,0.5,0,2.0
pytest,py/test/testing/test_traceback.py,18.1,🟢 Low,5,2,0.0,62,25.8
pytest,doc/check_sphinx.py,18.1,🟢 Low,1,1,0.0,0,14.0
pytest,tasks/vendoring.py,18.1,🟢 Low,1,1,0.0,0,20.0
django,tests/staticfiles_tests/project/documents/cached/source_map_sensitive.js,18.0,🟢 Low,1,1,1.0,0,0.0
scikit-learn,scikits/learn/neighbors/examples/knn.py,18.0,🟢 Low,1,1,0.0,0,21.0
requests,tests/test_help.py,18.0,🟢 Low,5,2,0.0,2231,13.2
pytest,py/test/testing/test_install.py,18.0,🟢 Low,2,1,0.0,8,11.5
pytest,py/xmlobj/misc.py,18.0,🟢 Low,2,2,0.0,948,16.5
scikit-learn,asv_benchmarks/benchmarks/__init__.py,18.0,🟢 Low,1,1,0.0,0,0.0
django,tests/regressiontests/makemessages/compilation.py,18.0,🟢 Low,1,1,1.0,0,22.0
django,tests/resolve_url/models.py,17.9,🟢 Low,3,3,0.0,3264,5.0
django,django/contrib/redirects/models/redirects.py,17.9,🟢 Low,1,1,1.0,0,21.0
scikit-learn,scikits/learn/src/cblas/atlas_refalias2.h,17.9,🟢 Low,2,1,0.5,350,0.0
django,tests/mutually_referential/tests.py,17.9,🟢 Low,4,4,0.0,3264,11.0
scikit-learn,solutions/exercise_01_language_train_model.py,17.9,🟢 Low,5,2,0.0,356,42.75
pytest,py/test/testing/test_collect_pickle.py,17.9,🟢 Low,1,1,0.0,0,40.0
flask,tests/subdomaintestmodule/__init__.py,17.9,🟢 Low,1,1,1.0,0,2.0
scikit-learn,scikits/learn/utils/sparsetools/__init__.py,17.9,🟢 Low,2,2,0.0,370,1.0
pytest,py/execnet/testing/test_multi.py,17.8,🟢 Low,1,1,0.0,0,46.0
scikit-learn,sklearn/utils/tests/test_print_versions.py,17.8,🟢 Low,1,1,0.0,0,23.0
django,tests/requests/test_is_ajax_deprecations.py,17.8,🟢 Low,1,1,1.0,0,10.0
scikit-learn,examples/cluster/plot_agglomerative_dendrogram.py,17.8,🟢 Low,7,4,0.0,1807,27.857142857142858
scikit-learn,sklearn/inspection/setup.py,17.8,🟢 Low,2,2,0.0,485,10.0
scikit-learn,sklearn/random_projection/__init__.py,17.8,🟢 Low,3,1,0.0,8,7.333333333333333
flask,tests/test_apps/importerror.py,17.8,🟢 Low,2,1,0.0,0,1.0
django,tests/test_client_override/tests.py,17.7,🟢 Low,1,1,0.0,0,10.0
scikit-learn,examples/tutorial/plot_iris_dataset.py,17.7,🟢 Low,3,2,0.0,61,19.333333333333332
pytest,_py/test/parseopt.py,17.7,🟢 Low,2,1,0.0,14,67.0
pytest,doc/example/py2py3/conftest.py,17.7,🟢 Low,1,1,0.0,0,10.0
scikit-learn,sklearn/externals/_array_api_compat_vendor.py,17.7,🟢 Low,1,1,0.0,0,1.0
cli,httpie/output/processors/base.py,17.7,🟢 Low,1,1,0.0,0,11.0
pytest,doc/ja/example/py2py3/conftest.py,17.7,🟢 Low,1,1,0.0,0,10.0
scikit-learn,scikits/learn/datasets/faithful/data.py,17.7,🟢 Low,2,1,0.0,0,35.0
pytest,_py/test/plugin/pytest_capture.py,17.6,🟢 Low,2,1,0.0,14,152.0
rich,rich/colors.py,17.6,🟢 Low,2,1,0.0,28,906.0
scikit-learn,scikits/learn/cluster/sparse/setup.py,17.6,🟢 Low,1,1,0.0,0,18.0
scikit-learn,scikits/learn/boosting/__init__.py,17.6,🟢 Low,1,1,0.0,0,1.0
scikit-learn,sklearn/externals/array_api_compat/common/__init__.py,17.6,🟢 Low,2,2,0.0,56,1.0
django,tests/regressiontests/templates/templatetags/subpackage/echo.py,17.6,🟢 Low,1,1,1.0,0,5.0
scikit-learn,examples/miscellaneous/plot_multioutput_face_completion.py,17.6,🟢 Low,5,4,0.0,1547,58.75
django,tests/admin_scripts/broken_app/models.py,17.6,🟢 Low,2,2,0.5,234,1.0
django,tests/template_tests/templatetags/subpackage/echo_invalid.py,17.6,🟢 Low,2,2,0.5,233,1.0
flask,tests/test_examples.py,17.5,🟢 Low,2,1,0.0,0,24.0
scikit-learn,scikits/learn/tests/test_multiclass.py,17.5,🟢 Low,2,2,0.0,3,71.0
cli,httpie/internal/update_warnings.py,17.5,🟢 Low,1,1,0.0,0,110.0
django,tests/initial_sql_regress/sql/simple.sql,17.5,🟢 Low,2,2,0.0,28,10.0
pytest,py/test.py,17.5,🟢 Low,1,1,1.0,0,3.0
scikit-learn,sklearn/externals/_numpydoc/docscrape.py,17.5,🟢 Low,1,1,0.0,0,582.0
scikit-learn,examples/tutorial/plot_logistic.py,17.5,🟢 Low,3,2,0.0,68,32.0
scikit-learn,doc/themes/scikit-learn-modern/static/js/vendor/jquery.min.js,17.5,🟢 Low,1,1,0.0,0,2.0
scikit-learn,examples/release_highlights/plot_release_highlights_1_7_0.py,17.5,🟢 Low,2,2,0.0,377,26.0
requests,docs/_themes/flask_theme_support.py,17.4,🟢 Low,1,1,0.0,0,68.0
django,tests/compat_checks/models.py,17.4,🟢 Low,1,1,0.0,0,0.0
django,tests/db_functions/test_window.py,17.3,🟢 Low,1,1,1.0,0,31.0
django,scripts/prepare_commit_msg.py,17.3,🟢 Low,1,1,0.0,0,54.0
django,tests/queries/test_deprecation.py,17.3,🟢 Low,1,1,1.0,0,24.0
pytest,testing/code/test_terminal_writer.py,17.3,🟢 Low,1,1,1.0,0,24.0
scikit-learn,skeletons/exercise_01_sentiment.py,17.3,🟢 Low,4,2,0.0,152,19.0
pytest,py/apigen/tracer/testing/test_magic.py,17.2,🟢 Low,2,2,0.5,0,33.0
pytest,contrib/filelog/test/test_filelog.py,17.1,🟢 Low,3,1,0.0,0,157.0
pytest,doc/example/costlysetup/sub1/test_quick.py,17.1,🟢 Low,1,1,0.0,0,2.0
pytest,example/funcarg/costlysetup/sub2/__init__.py,17.1,🟢 Low,2,1,0.0,432,0.0
pytest,example/funcarg/costlysetup/sub1/__init__.py,17.1,🟢 Low,2,1,0.0,432,0.0
django,django/contrib/formtools/tests/wizard/test_loadstorage.py,17.1,🟢 Low,2,2,0.0,190,13.0
pytest,doc/ja/example/assertion/test_failures.py,17.1,🟢 Low,1,1,0.0,0,12.0
scikit-learn,sklearn/utils/mst/_graph_validation.py,17.1,🟢 Low,2,2,0.0,47,46.0
pytest,_py/test/looponfail/remote.py,17.0,🟢 Low,2,2,0.0,15,131.5
click,tests/typing/typing_progressbar.py,17.0,🟢 Low,1,1,0.0,0,16.0
scikit-learn,doc/js/scripts/version-switcher.js,17.0,🟢 Low,1,1,0.0,0,26.0
scikit-learn,scikits/learn/neighbors/neighbors.py,17.0,🟢 Low,2,1,0.0,26,26.5
scikit-learn,examples/tutorial/plot_digits_first_image.py,17.0,🟢 Low,4,1,0.0,2,8.5
scikit-learn,sklearn/externals/joblib/test/test_pool.py,17.0,🟢 Low,3,1,0.0,192,251.0
requests,requests/packages/chardet/version.py,17.0,🟢 Low,1,1,0.0,0,2.0
django,tests/model_inheritance_same_model_name/tests.py,16.9,🟢 Low,3,2,0.0,153,24.0
scikit-learn,sklearn/tests/test_tree_export.py,16.9,🟢 Low,3,1,0.0,0,16.666666666666668
scikit-learn,scikits/learn/svm/liblinear.c,16.9,🟢 Low,2,1,0.0,155,5962.0
scikit-learn,examples/linear_model/plot_bayesian_ridge_curvefit.py,16.8,🟢 Low,6,6,0.0,1888,41.0
scikit-learn,examples/mixture/gmm_model_selection.py,16.8,🟢 Low,3,1,0.0,18,61.333333333333336
cli,httpie/internal/daemon_runner.py,16.8,🟢 Low,2,1,0.0,0,30.5
scikit-learn,doc/sphinxext/sphinx_gallery/py_source_parser.py,16.8,🟢 Low,2,1,0.0,139,50.5
scikit-learn,sklearn/cca/__init__.py,16.8,🟢 Low,1,1,0.0,0,1.0
pytest,testing/plugin/test_junitxml.py,16.8,🟢 Low,4,2,0.0,33,240.66666666666663
scikit-learn,sklearn/pls/__init__.py,16.8,🟢 Low,1,1,0.0,0,1.0
django,tests/flatpages_tests/urls.py,16.8,🟢 Low,4,3,0.0,2550,11.666666666666666
scikit-learn,scikits/learn/datasets/samples_generator/nonlinear.py,16.8,🟢 Low,1,1,0.0,0,7.0
scikit-learn,benchmarks/bench_kernel_pca_solvers_time_vs_n_components.py,16.8,🟢 Low,6,3,0.0,1182,94.66666666666669
scikit-learn,scikits/learn/manifold/HLLE.py,16.8,🟢 Low,2,1,0.0,0,81.5
requests,test.py,16.8,🟢 Low,1,1,0.0,0,5.0
pytest,py/apigen/project.py,16.8,🟢 Low,2,1,0.0,764,29.0
django,tests/fixtures_model_package/sql/book.sql,16.8,🟢 Low,1,1,1.0,0,1.0
scikit-learn,examples/ipython_log.py,16.7,🟢 Low,1,1,0.0,0,3.0
scikit-learn,sklearn/metrics/euclidean_fast.c,16.7,🟢 Low,2,1,0.0,39,5979.0
django,tests/apps/explicit_default_config_without_apps/__init__.py,16.7,🟢 Low,1,1,1.0,0,4.0
django,tests/apps/explicit_default_config_empty_apps/__init__.py,16.7,🟢 Low,1,1,1.0,0,4.0
scikit-learn,sklearn/frozen/__init__.py,16.7,🟢 Low,2,2,0.0,274,2.0
scikit-learn,scikits/learn/svm/src/svm.cpp,16.6,🟢 Low,1,1,1.0,0,2597.0
pytest,py/execnet/script/shell.py,16.6,🟢 Low,2,2,0.0,948,65.5
django,tests/migrate_signals/models.py,16.6,🟢 Low,3,2,0.0,115,0.0
scikit-learn,scikits/learn/datasets/german/data.py,16.6,🟢 Low,3,1,0.0,0,45.0
django,tests/regressiontests/nested_foreign_keys/tests.py,16.6,🟢 Low,2,1,0.5,181,102.0
scikit-learn,examples/linear_model/plot_ols_ridge.py,16.6,🟢 Low,1,1,0.0,0,56.0
pytest,testing/test_report_log.py,16.6,🟢 Low,1,1,1.0,0,35.0
django,django/contrib/databrowse/tests.py,16.6,🟢 Low,2,1,0.0,196,44.0
scikit-learn,scikits/learn/pyem/data/setup.py,16.6,🟢 Low,3,1,0.0,0,9.0
rich,examples/fullscreen.py,16.6,🟢 Low,7,1,0.0,582,137.42857142857142
django,django/conf/urls/rss.py,16.6,🟢 Low,2,1,0.0,118,5.0
scikit-learn,scikits/learn/ensemble/boosting/__init__.py,16.5,🟢 Low,1,1,0.0,0,2.0
django,tests/admin_scripts/custom_templates/project_template/.hidden/render.py,16.5,🟢 Low,1,1,0.0,0,0.0
pytest,doc/ja/example/costlysetup/sub1/test_quick.py,16.5,🟢 Low,1,1,0.0,0,2.0
django,django/contrib/messages/tests/test_middleware.py,16.5,🟢 Low,2,2,0.0,89,10.0
cli,httpie/cli/nested_json/errors.py,16.5,🟢 Low,1,1,0.0,0,23.0
django,tests/cache/closeable_cache.py,16.5,🟢 Low,3,3,0.0,1422,7.0
scikit-learn,doc/js/scripts/vendor/svg-pan-zoom.min.js,16.4,🟢 Low,1,1,0.0,0,1.0
pytest,_py/test/pluginmanager.py,16.4,🟢 Low,2,1,0.0,14,227.5
scikit-learn,sklearn/neighbors/lsh_forest.py,16.4,🟢 Low,8,1,0.0,49,232.0
pytest,doc/ja/example/assertion/global_testmodule_config/conftest.py,16.4,🟢 Low,1,1,0.0,0,9.0
rich,tests/test_color_triplet.py,16.4,🟢 Low,1,1,0.0,0,10.0
cli,httpie/output/processors/__init__.py,16.4,🟢 Low,1,1,0.0,0,31.0
scikit-learn,scikits/learn/ga/language.py,16.4,🟢 Low,3,1,0.0,0,44.0
pytest,py/_plugin/pytest_python.py,16.3,🟢 Low,2,1,0.0,8,574.5
scikit-learn,examples/neighbors/plot_approximate_nearest_neighbors_hyperparameters.py,16.3,🟢 Low,5,2,0.0,373,72.0
scikit-learn,benchmarks/bench_plot_polynomial_kernel_approximation.py,16.3,🟢 Low,8,5,0.0,1907,91.625
requests,requests/packages/urllib3/contrib/_securetransport/low_level.py,16.3,🟢 Low,2,2,0.0,18,93.5
scikit-learn,solutions/exercise_01_sentiment.py,16.3,🟢 Low,3,2,0.0,152,33.0
django,tests/shortcuts/test_render_to_response.py,16.3,🟢 Low,1,1,1.0,0,32.0
requests,requests/packages/oreos/__init__.py,16.2,🟢 Low,2,1,0.5,0,1.0
scikit-learn,scikits/learn/pyem/profile_data/profile_gmm.py,16.2,🟢 Low,2,1,0.0,0,36.0
scikit-learn,examples/neighbors/plot_nca_dim_reduction.py,16.2,🟢 Low,7,5,0.0,1971,37.142857142857146
rich,rich/tui/widgets/placeholder.py,16.2,🟢 Low,1,1,0.0,0,6.0
scikit-learn,scikits/learn/machine/em/examples/basic_example3.py,16.2,🟢 Low,2,1,0.0,0,35.0
scikit-learn,scikits/learn/decisiontree/tests/test_decisiontree.py,16.1,🟢 Low,3,1,0.0,0,31.666666666666668
pytest,testing/pytest/plugin/test_pytest_mark.py,16.1,🟢 Low,1,1,0.0,0,99.0
scikit-learn,scikits/learn/machine/svm/kernel.py,16.1,🟢 Low,2,1,0.0,0,89.0
rich,examples/highlighter.py,16.1,🟢 Low,3,1,0.3333333333333333,24,9.333333333333334
scikit-learn,examples/classification/plot_lda_decision.py,16.1,🟢 Low,1,1,0.0,0,37.0
scikit-learn,scikits/learn/pyem/pyem/profile_data/profile_densities.py,16.0,🟢 Low,2,1,0.0,0,40.5
django,tests/comment_tests/tests/test_models.py,16.0,🟢 Low,2,2,0.0,113,44.0
rich,examples/suppress.py,16.0,🟢 Low,1,1,0.0,0,16.0
requests,requests/packages/urllib3/contrib/_securetransport/bindings.py,16.0,🟢 Low,2,2,0.0,18,231.0
scikit-learn,maint_tools/check_xfailed_checks.py,16.0,🟢 Low,1,1,0.0,0,26.0
cli,httpie/cli/nested_json/interpret.py,16.0,🟢 Low,1,1,0.0,0,107.0
scikit-learn,sklearn/utils/_repr_html/__init__.py,16.0,🟢 Low,1,1,0.0,0,0.0
scikit-learn,sklearn/build_utils/__init__.py,16.0,🟢 Low,1,1,0.0,0,1.0
django,django/conf/locale/es_CO/formats.py,16.0,🟢 Low,4,3,0.0,2261,23.75
scikit-learn,sklearn/ensemble/ensemble_classifier.py,16.0,🟢 Low,1,1,0.0,0,34.0
django,tests/migrations/test_migrations_manual_porting/0003_third.py,16.0,🟢 Low,1,1,1.0,0,18.0
django,tests/i18n/commands/tests.py,15.9,🟢 Low,2,2,0.0,13,18.0
scikit-learn,scikits/learn/machine/em/tests/__init__.py,15.9,🟢 Low,1,1,0.0,0,0.0
scikit-learn,scikits/learn/sgd/src/sgd_fast_sparse.c,15.9,🟢 Low,1,1,1.0,0,3639.0
scikit-learn,sklearn/src/cblas/cblas_sdot.c,15.8,🟢 Low,1,1,0.0,0,36.0
django,tests/migrations/migrations/0001_initial.py,15.8,🟢 Low,2,1,0.0,19,12.0
pytest,doc/ja/example/conftest.py,15.8,🟢 Low,1,1,0.0,0,1.0
pytest,doc/ja/conftest.py,15.8,🟢 Low,1,1,0.0,0,1.0
scikit-learn,sklearn/tests/test_mult_one_vs_rests.py,15.8,🟢 Low,1,1,0.0,0,60.0
scikit-learn,examples/cross_decomposition/plot_pcr_vs_pls.py,15.8,🟢 Low,6,4,0.0,1440,65.5
requests,src/requests/packages.py,15.8,🟢 Low,6,3,0.0,275,17.4
requests,requests/packages/charade/sbcsgroupprober.py,15.7,🟢 Low,3,1,0.3333333333333333,2,36.666666666666664
scikit-learn,scikits/learn/machine/em2/opcore.py,15.7,🟢 Low,1,1,0.0,0,9.0
scikit-learn,scikits/learn/machine/em/examples/discriminant_analysis.py,15.7,🟢 Low,2,1,0.0,0,79.0
rich,rich/tui/widget.py,15.7,🟢 Low,10,1,0.0,27,39.7
scikit-learn,scikits/learn/src/cblas/cblas_drotg.c,15.7,🟢 Low,2,1,0.0,350,8.0
scikit-learn,examples/neighbors/plot_neighbors.py,15.7,🟢 Low,1,1,0.0,0,22.0
django,django/contrib/flatpages/models/flatpages.py,15.7,🟢 Low,1,1,1.0,0,30.0
rich,rich/_pretty.py,15.7,🟢 Low,1,1,0.0,0,21.0
rich,examples/recursive_error.py,15.7,🟢 Low,1,1,0.0,0,10.0
django,tests/bug8245/tests.py,15.7,🟢 Low,2,2,0.0,125,10.0
pytest,_py/builtin.py,15.7,🟢 Low,1,1,0.0,0,165.0
pytest,py/path/local/testing/test_posix.py,15.6,🟢 Low,3,1,0.0,785,152.66666666666666
scikit-learn,sklearn/externals/array_api_extra/_lib/_utils/__init__.py,15.6,🟢 Low,1,1,0.0,0,0.0
rich,rich/tui/actions.py,15.6,🟢 Low,1,1,0.0,0,24.0
pytest,_py/path/gateway/remotepath.py,15.6,🟢 Low,1,1,0.0,0,37.0
click,examples/complex/complex/commands/cmd_init.py,15.5,🟢 Low,5,3,0.0,2160,9.6
django,tests/bug8245/admin.py,15.5,🟢 Low,2,2,0.0,153,4.0
django,tests/regressiontests/model_inheritance_select_related/tests.py,15.5,🟢 Low,2,1,0.0,366,22.5
scikit-learn,sklearn/bicluster/__init__.py,15.5,🟢 Low,2,1,0.0,21,2.5
scikit-learn,doc/themes/scikit-learn-modern/static/js/details-permalink.js,15.5,🟢 Low,1,1,0.0,0,20.0
requests,requests/packages/chardet/cli/__init__.py,15.5,🟢 Low,1,1,0.0,0,0.0
click,tests/test_utils_2/test_format_filename.py,15.5,🟢 Low,1,1,0.0,0,7.0
pytest,py/io/testing/test_capture.py,15.5,🟢 Low,2,1,0.5,8,272.0
scikit-learn,examples/cluster/plot_hierarchical_clustering_metrics.py,15.5,🟢 Low,4,2,0.0,90,52.75
pytest,py/_testing/check_compile.py,15.5,🟢 Low,2,1,0.0,0,10.0
pytest,py/_cmdline/pycountloc.py,15.5,🟢 Low,2,1,0.0,194,66.0
django,tests/regressiontests/utils/checksums.py,15.5,🟢 Low,2,1,0.0,0,21.0
scikit-learn,build_tools/azure/pytest-pyodide.js,15.4,🟢 Low,1,1,0.0,0,42.0
scikit-learn,scikits/learn/tree_model/criteria.py,15.4,🟢 Low,3,1,0.0,49,28.666666666666668
django,docs/_ext/ticket_role.py,15.4,🟢 Low,2,1,0.0,512,25.5
scikit-learn,sklearn/metrics/tests/test_bicluster.py,15.4,🟢 Low,1,1,0.0,0,25.0
scikit-learn,examples/cross_decomposition/plot_pls.py,15.4,🟢 Low,1,1,1.0,0,89.0
django,django/middleware/exception.py,15.3,🟢 Low,1,1,0.0,0,52.0
scikit-learn,sklearn/utils/tests/test_logsum.py,15.3,🟢 Low,1,1,0.0,0,11.0
pytest,py/rest/testing/test_transform.py,15.3,🟢 Low,2,2,0.0,6,33.5
django,tests/db_functions/test_ord.py,15.3,🟢 Low,1,1,0.0,0,22.0
scikit-learn,sklearn/utils/tests/test_logsumexp.py,15.3,🟢 Low,1,1,1.0,0,11.0
scikit-learn,scikits/learn/svm/benchmarks/bench.py,15.3,🟢 Low,1,1,1.0,0,36.0
pytest,py/_testing/test_xmlgen.py,15.3,🟢 Low,1,1,0.0,0,91.0
scikit-learn,scikits/learn/meta/__init__.py,15.3,🟢 Low,3,1,0.3333333333333333,0,1.6666666666666667
django,tests/sessions_tests/custom_db_backend.py,15.3,🟢 Low,1,1,1.0,0,22.0
pytest,py/test/plugin/test_pytest_helpconfig.py,15.3,🟢 Low,1,1,0.0,0,15.0
scikit-learn,sklearn/preprocessing/callable_transformer.py,15.3,🟢 Low,1,1,0.0,0,20.0
requests,requests/packages/urllib3/util/wait.py,15.3,🟢 Low,1,1,1.0,0,23.0
django,tests/modeltests/m2m_signals/tests.py,15.3,🟢 Low,2,1,0.5,334,373.5
scikit-learn,examples/linear_model/lasso_and_elasticnet.py,15.3,🟢 Low,6,3,0.0,393,24.0
scikit-learn,scikits/learn/src/cblas/cblas_strsv.c,15.3,🟢 Low,2,1,0.0,283,48.0
scikit-learn,examples/tutorial/plot_digits_agglomeration.py,15.2,🟢 Low,3,2,0.0,74,38.666666666666664
requests,requests/hooks/response.py,15.2,🟢 Low,3,1,0.0,1,32.666666666666664
scikit-learn,scikits/learn/clustering/__init__.py,15.2,🟢 Low,1,1,0.0,0,4.0
flask,examples/celery/src/task_app/tasks.py,15.2,🟢 Low,1,1,0.0,0,15.0
django,django/core/checks/compatibility/django_1_10.py,15.2,🟢 Low,2,1,0.0,235,13.0
django,django/contrib/formtools/tests/models.py,15.2,🟢 Low,1,1,1.0,0,17.0
scikit-learn,sklearn/externals/array_api_compat/common/_typing.py,15.1,🟢 Low,3,2,0.0,286,92.66666666666669
pytest,py/test/plugin/test_pytest_nose.py,15.1,🟢 Low,1,1,0.0,0,83.0
pytest,py/_process/killproc.py,15.1,🟢 Low,3,1,0.0,194,20.0
requests,requests/_bug.py,15.1,🟢 Low,1,1,1.0,0,73.0
django,tests/custom_columns_regress/tests.py,15.0,🟢 Low,3,3,0.0,249,65.0
rich,rich/tui/widgets/window.py,15.0,🟢 Low,1,1,0.0,0,9.0
scikit-learn,scikits/learn/machine/manifold_learning/examples/knn2.py,15.0,🟢 Low,1,1,0.0,0,20.0
scikit-learn,scikits/learn/machine/manifold_learning/__init__.py,15.0,🟢 Low,2,1,0.0,5,4.5
scikit-learn,scikits/learn/ga/info_ga.py,15.0,🟢 Low,1,1,0.0,0,1.0
pytest,_py/test/plugin/pytest_pdb.py,15.0,🟢 Low,2,1,0.0,14,92.0
scikit-learn,sklearn/linear_model/_glm/tests/test_link.py,15.0,🟢 Low,2,2,0.0,470,28.0
django,tests/test_utils/doctest_output.py,15.0,🟢 Low,2,2,0.0,148,17.0
requests,dummyserver/server.py,15.0,🟢 Low,2,1,0.0,0,25.0
rich,examples/calendar_layout.py,15.0,🟢 Low,2,1,0.5,0,34.0
django,django/contrib/formtools/wizard/tests/wizardtests/forms.py,15.0,🟢 Low,1,1,1.0,0,41.0
pytest,example/execnet/popen_read_multiple.py,15.0,🟢 Low,2,2,0.0,193,26.0
django,tests/webdesign_tests/tests.py,15.0,🟢 Low,1,1,0.0,0,9.0
requests,requests/packages/urllib3/contrib/securetransport.py,14.9,🟢 Low,2,2,0.0,18,243.0
django,tests/mail/test_handler.py,14.9,🟢 Low,1,1,1.0,0,188.0
pytest,py/cmdline/pyconvert_unittest.py,14.9,🟢 Low,2,1,0.0,6,168.0
django,tests/gis_tests/geoapp/sitemaps.py,14.9,🟢 Low,3,2,0.0,2550,6.0
scikit-learn,sklearn/pls/pls_.py,14.9,🟢 Low,2,1,0.5,0,250.0
scikit-learn,scikits/learn/datasets/german/src/convert.py,14.9,🟢 Low,2,1,0.0,0,19.5
django,tests/generic_views/tests.py,14.8,🟢 Low,2,2,0.0,39,10.0
flask,tests/moduleapp/apps/frontend/__init__.py,14.8,🟢 Low,1,1,0.0,0,5.0
pytest,py/net/greenexecnet.py,14.8,🟢 Low,3,1,0.0,0,164.0
scikit-learn,doc/tutorial/machine_learning_map/jquery.maphilight.min.js,14.8,🟢 Low,1,1,0.0,0,1.0
flask,tests/moduleapp/__init__.py,14.8,🟢 Low,1,1,0.0,0,6.0
pytest,pytest/plugin/pytest_monkeypatch.py,14.8,🟢 Low,2,1,0.0,3,59.0
django,tests/regressiontests/pagination/custom.py,14.8,🟢 Low,1,1,0.0,0,13.0
scikit-learn,scikits/learn/ensemble/__init__.py,14.8,🟢 Low,4,2,0.0,147,1.6666666666666667
pytest,example/funcarg/lazysetup/conftest.py,14.8,🟢 Low,1,1,0.0,0,17.0
scikit-learn,examples/sgd/plot_ols_sgd.py,14.8,🟢 Low,2,1,0.0,7,14.0
scikit-learn,sklearn/ensemble/_hist_gradient_boosting/__init__.py,14.8,🟢 Low,2,2,0.0,1914,0.0
scikit-learn,scikits/learn/linear_model/stochastic_gradient/tests/test_sgd.py,14.7,🟢 Low,2,1,0.0,0,172.0
requests,requests/packages/oauthlib/oauth1/rfc5849/__init__.py,14.7,🟢 Low,2,2,0.0,58,349.5
scikit-learn,sklearn/cluster/_dbscan_inner.cpp,14.7,🟢 Low,1,1,0.0,0,3589.0
scikit-learn,examples/preprocessing/plot_power_transformer.py,14.7,🟢 Low,2,1,0.0,8,50.0
django,tests/db_functions/test_repeat.py,14.7,🟢 Low,1,1,0.0,0,20.0
pytest,py/execnet/testing/test_pickle.py,14.7,🟢 Low,2,2,0.0,939,25.0
rich,rich/tui/driver.py,14.7,🟢 Low,8,1,0.0,35,96.0
scikit-learn,test.py,14.7,🟢 Low,2,1,0.0,2,5.0
pytest,src/_pytest/pythonpath.py,14.6,🟢 Low,1,1,0.0,0,16.0
django,django/conf/locale/ckb/formats.py,14.6,🟢 Low,1,1,0.0,0,10.0
scikit-learn,scikits/learn/machine/manifold_learning/stats/__init__.py,14.6,🟢 Low,2,1,0.0,5,7.5
scikit-learn,sklearn/ensemble/_hist_gradient_boosting/tests/test_monotonic_constraints.py,14.6,🟢 Low,3,2,0.0,599,295.0
flask,flask/testsuite/test_apps/main_app.py,14.6,🟢 Low,1,1,0.0,0,2.0
cli,httpie/cli/nested_json/__init__.py,14.6,🟢 Low,1,1,0.0,0,10.0
scikit-learn,data/movie_reviews/fetch_data.py,14.6,🟢 Low,2,1,0.0,1,8.0
scikit-learn,sklearn/_loss/setup.py,14.6,🟢 Low,1,1,0.0,0,16.0
scikit-learn,build_tools/github/vendor_vcomp140.py,14.6,🟢 Low,1,1,0.0,0,45.0
django,tests/conditional_processing/models.py,14.5,🟢 Low,4,3,0.0,294,105.0
pytest,py/path/testing/test_api.py,14.5,🟢 Low,2,1,0.0,6,37.5
flask,tests/test_apps/blueprintapp/apps/admin/__init__.py,14.5,🟢 Low,3,3,0.0,1734,14.5
scikit-learn,scikits/learn/boosting/gradboost.py,14.5,🟢 Low,1,1,0.0,0,3.0
scikit-learn,scikits/learn/ensemble/boosting/gradboost.py,14.5,🟢 Low,1,1,0.0,0,3.0
pytest,testing/code/test_assertionnew.py,14.5,🟢 Low,2,1,0.5,2,44.0
scikit-learn,scikits/learn/boosting/adaboost.py,14.4,🟢 Low,3,1,0.0,5,19.0
requests,requests/packages/oauthlib/oauth1/__init__.py,14.4,🟢 Low,1,1,0.0,0,2.0
click,tests/test_utils_2/test_KeepOpenFile.py,14.4,🟢 Low,1,1,0.0,0,8.0
requests,requests/packages/oauthlib/oauth2/__init__.py,14.4,🟢 Low,1,1,0.0,0,2.0
pytest,testing/plugin/test_pytest_pastebin.py,14.4,🟢 Low,2,1,0.5,263,43.0
scikit-learn,examples/plot_roc_curve_visualization_api.py,14.4,🟢 Low,2,2,0.5,133,20.0
pytest,pytest/plugin/nose.py,14.4,🟢 Low,4,1,0.0,33,32.0
requests,requests/hooks/__init__.py,14.4,🟢 Low,3,1,1.0,1,26.333333333333332
click,tests/test_utils_2/test_LazyFile.py,14.3,🟢 Low,1,1,0.0,0,9.0
pytest,py/compat/testing/test_deprecation.py,14.3,🟢 Low,1,1,0.0,0,14.0
scikit-learn,scikits/learn/gpml/__init__.py,14.3,🟢 Low,1,1,0.0,0,3.0
django,django/conf/locale/en_IE/formats.py,14.3,🟢 Low,1,1,0.0,0,30.0
rich,examples/save_table_svg.py,14.3,🟢 Low,1,1,0.0,0,16.0
pytest,py/_path/cacheutil.py,14.3,🟢 Low,2,1,0.0,194,71.0
django,tests/comment_tests/tests/test_feeds.py,14.3,🟢 Low,3,3,0.0,155,37.0
django,django/contrib/sitemap/__init__.py,14.3,🟢 Low,2,1,0.5,0,67.0
django,django/core/template/decorators.py,14.3,🟢 Low,1,1,1.0,0,56.0
scikit-learn,scikits/learn/src/cblas/atlas_enum.h,14.3,🟢 Low,2,1,0.0,451,1.0
django,tests/regressiontests/forms/localflavor/tr.py,14.2,🟢 Low,1,1,1.0,0,68.0
scikit-learn,examples/cluster/bicluster_newsgroups.py,14.2,🟢 Low,1,1,1.0,0,31.0
scikit-learn,scikits/learn/svm/sparse/__init__.py,14.2,🟢 Low,6,2,0.0,338,2.0
pytest,example/funcarg/mysetup/__init__.py,14.2,🟢 Low,2,1,0.0,515,0.0
pytest,py/net/msgstruct.py,14.2,🟢 Low,1,1,0.0,0,24.0
rich,tests/util.py,14.2,🟢 Low,3,1,0.0,0,11.0
pytest,example/funcarg/mysetup2/__init__.py,14.2,🟢 Low,2,1,0.0,515,0.0
scikit-learn,sklearn/utils/sparsetools/_graph_validation.py,14.1,🟢 Low,2,2,0.5,51,46.0
rich,rich/tui/events.py,14.1,🟢 Low,14,1,0.0,35,100.07142857142856
scikit-learn,scikits/learn/naive_bayes/sparse/__init__.py,14.1,🟢 Low,2,2,0.0,29,1.0
django,tests/regressiontests/admin_scripts/custom_templates/project_template/additional_dir/extra.py,14.1,🟢 Low,1,1,1.0,0,0.0
requests,requests/packages/chardet/cli/chardetect.py,14.1,🟢 Low,1,1,0.0,0,43.0
pytest,doc/ja/example/costlysetup/conftest.py,14.1,🟢 Low,1,1,0.0,0,14.0
pytest,doc/ja/check_sphinx.py,14.1,🟢 Low,1,1,0.0,0,14.0
django,django/contrib/gis/oldforms/__init__.py,14.1,🟢 Low,1,1,0.0,0,20.0
pytest,doc/ja/example/assertion/global_testmodule_config/test_hello.py,14.1,🟢 Low,1,1,0.0,0,3.0
pytest,testing/root/test_initpkg.py,14.1,🟢 Low,1,1,1.0,0,147.0
pytest,doc/example/test_collectonly.py,14.1,🟢 Low,2,1,0.0,0,7.0
pytest,pytest/plugin/pytest_tmpdir.py,14.1,🟢 Low,2,1,0.0,3,9.0
requests,requests/packages/chardet/jisfreq.py,14.0,🟢 Low,4,3,0.0,1775,398.5
scikit-learn,scikits/learn/gaussian_process/correlation.py,14.0,🟢 Low,2,1,0.0,0,90.0
scikit-learn,scikits/learn/machine/svm/examples/classification.py,14.0,🟢 Low,2,1,0.0,0,60.0
scikit-learn,sklearn/preprocessing/tests/test_callable_transformer.py,14.0,🟢 Low,1,1,0.0,0,62.0
scikit-learn,sklearn/callback/tests/test_pickle.py,13.9,🟢 Low,1,1,0.0,0,73.0
scikit-learn,examples/plot_iris_dataset.py,13.9,🟢 Low,2,2,0.0,52,19.0
scikit-learn,examples/plot_cv_digits.py,13.9,🟢 Low,1,1,0.0,0,30.0
scikit-learn,sklearn/feature_extraction/_stop_words.py,13.9,🟢 Low,3,3,0.0,1731,322.0
scikit-learn,scikits/learn/datasets/faithful/faithful.py,13.9,🟢 Low,1,1,0.0,0,40.0
scikit-learn,sklearn/utils/rand_r.c,13.9,🟢 Low,1,1,0.0,0,5.0
scikit-learn,doc/tutorial/text_analytics/data/labeled_faces_wild/fetch_data.py,13.9,🟢 Low,2,1,0.0,4,16.0
pytest,py/builtin/builtin25.py,13.9,🟢 Low,1,1,0.0,0,10.0
django,tests/decorators/models.py,13.8,🟢 Low,2,2,0.0,226,0.0
flask,flask/testsuite/test_apps/lib/python2.5/site-packages/site_app.py,13.8,🟢 Low,1,1,0.0,0,2.0
click,examples/completion/completion.py,13.8,🟢 Low,3,1,0.3333333333333333,235,30.666666666666668
flask,flask/testsuite/test_apps/lib/python2.5/site-packages/site_package/__init__.py,13.8,🟢 Low,1,1,0.0,0,2.0
flask,flask/testsuite/test_apps/path/installed_package/__init__.py,13.8,🟢 Low,1,1,0.0,0,2.0
scikit-learn,examples/neighbors/plot_neighbors_regression.py,13.8,🟢 Low,1,1,0.0,0,18.0
pytest,py/_test/parseopt.py,13.7,🟢 Low,2,1,0.0,194,78.0
scikit-learn,scikits/learn/pyem/data/oldfaithful/__init__.py,13.7,🟢 Low,2,1,0.0,0,5.0
scikit-learn,scikits/learn/datasets/pendigits/__init__.py,13.7,🟢 Low,2,1,0.0,0,5.0
django,tests/messages_tests/test_middleware.py,13.7,🟢 Low,5,4,0.0,2550,9.5
django,tests/modeltests/get_earliest_or_latest/tests.py,13.7,🟢 Low,1,1,1.0,0,83.0
scikit-learn,doc/themes/scikit-learn-modern/static/js/searchtools.js,13.7,🟢 Low,2,1,0.0,46,439.0
pytest,testing/plugin/test_pytest_hooklog.py,13.6,🟢 Low,2,1,0.5,325,11.0
scikit-learn,scikits/learn/features/tests/test_image.py,13.6,🟢 Low,1,1,0.0,0,21.0
flask,src/flask/_compat.py,13.6,🟢 Low,4,1,0.0,307,69.66666666666667
django,tests/custom_methods/tests.py,13.5,🟢 Low,6,5,0.0,3497,38.0
requests,requests/packages/chardet/codingstatemachine.py,13.5,🟢 Low,6,3,0.1666666666666666,1775,23.5
requests,requests/packages/chardet/mbcssm.py,13.5,🟢 Low,6,3,0.0,1775,451.1666666666667
scikit-learn,examples/cluster/plot_minibatchkmeans.py,13.5,🟢 Low,1,1,0.0,0,39.0
pytest,tests/test_pytest_stepwise.py,13.5,🟢 Low,3,2,0.0,1039,93.33333333333331
scikit-learn,sklearn/ensemble/tests/test_ensemble_classifier.py,13.5,🟢 Low,1,1,0.0,0,31.0
scikit-learn,sklearn/callback/_callback_context.py,13.5,🟢 Low,4,2,0.0,65,252.25
pytest,contrib/pytest_ignoreout.py,13.5,🟢 Low,2,1,0.0,349,7.0
pytest,py/_code/oldmagic.py,13.5,🟢 Low,2,1,0.0,194,37.0
requests,requests/packages/urllib3/packages/backports/makefile.py,13.5,🟢 Low,2,1,0.0,392,20.0
scikit-learn,sklearn/externals/array_api_compat/cupy/fft.py,13.5,🟢 Low,2,1,0.0,286,27.0
django,tests/deprecation/test_default_hashing_algorithm.py,13.5,🟢 Low,1,1,1.0,0,46.0
django,tests/db_functions/test_trim.py,13.4,🟢 Low,1,1,0.0,0,36.0
scikit-learn,examples/glm/bench_glm.py,13.4,🟢 Low,1,1,0.0,0,87.0
pytest,py/_log/log.py,13.4,🟢 Low,2,1,0.0,194,113.0
scikit-learn,doc/sphinxext/add_toctree_functions.py,13.4,🟢 Low,3,2,0.0,319,46.666666666666664
django,tests/file_uploads/models.py,13.3,🟢 Low,2,2,0.0,3264,3.0
pytest,py/test/raises.py,13.3,🟢 Low,2,2,0.0,9,30.0
django,tests/admin_scripts/complex_app/models/__init__.py,13.3,🟢 Low,2,2,0.0,3264,3.0
pytest,py/_cmdline/pycleanup.py,13.3,🟢 Low,3,1,0.0,194,67.0
rich,rich/tui/manager.py,13.3,🟢 Low,1,1,0.0,0,4.0
pytest,contrib/svn-sync-repo.py,13.3,🟢 Low,2,2,0.0,179,85.0
scikit-learn,sklearn/preprocessing/setup.py,13.3,🟢 Low,4,3,0.0,3576,15.0
requests,requests/packages/charade/latin1prober.py,13.3,🟢 Low,3,1,0.0,328,93.0
django,tests/db_functions/test_left.py,13.2,🟢 Low,1,1,0.0,0,20.0
django,tests/db_functions/test_right.py,13.2,🟢 Low,1,1,0.0,0,20.0
django,tests/signals/test_deprecation.py,13.2,🟢 Low,1,1,1.0,0,18.0
django,tests/comment_tests/urls.py,13.2,🟢 Low,2,2,0.0,153,16.0
scikit-learn,sklearn/random_projection/setup.py,13.2,🟢 Low,1,1,0.0,0,17.0
rich,rich/tui/_timer.py,13.2,🟢 Low,5,1,0.0,15,61.4
django,tests/urlpatterns_reverse/urls_without_handlers.py,13.2,🟢 Low,3,2,0.0,1153,6.0
rich,tools/make_width_tables.py,13.2,🟢 Low,6,1,0.0,4,27.333333333333332
scikit-learn,solutions/exercise_02_language_train_model.py,13.2,🟢 Low,7,2,0.0,154,41.833333333333336
scikit-learn,sklearn/tests/test_import_all.py,13.2,🟢 Low,1,1,1.0,0,13.0
rich,rich/_fileno.py,13.1,🟢 Low,1,1,0.0,0,10.0
scikit-learn,scikits/learn/src/_libsvm.c,13.1,🟢 Low,1,1,0.0,0,4768.0
scikit-learn,scikits/learn/gaussian_process/__init__.py,13.1,🟢 Low,5,2,0.0,291,3.25
django,django/contrib/gis/db/backend/mysql/query.py,13.1,🟢 Low,3,2,0.0,483,32.0
scikit-learn,doc/datasets/conftest.py,13.0,🟢 Low,1,1,1.0,0,55.0
pytest,py/_testing/test_sources.py,13.0,🟢 Low,1,1,0.0,0,16.0
rich,rich/_spinners.py,13.0,🟢 Low,3,2,0.0,448,705.0
scikit-learn,sklearn/src/cblas/ATL_drefasum.c,13.0,🟢 Low,1,1,0.0,0,43.0
pytest,doc/ja/example/costlysetup/sub2/test_two.py,13.0,🟢 Low,1,1,0.0,0,4.0
pytest,example/funcarg/test_simpleprovider.py,12.9,🟢 Low,2,1,0.0,515,4.0
pytest,py/_cmdline/pytest.py,12.9,🟢 Low,3,1,0.0,194,3.0
django,tests/swappable_models/models.py,12.8,🟢 Low,3,3,0.3333333333333333,3264,10.0
rich,rich/tui/case.py,12.8,🟢 Low,1,1,0.0,0,8.0
scikit-learn,scikits/learn/ga/pre___init__.py,12.8,🟢 Low,1,1,0.0,0,0.0
scikit-learn,sklearn/cluster/bicluster/utils.py,12.8,🟢 Low,2,1,0.0,0,22.0
django,tests/get_or_create_regress/tests.py,12.8,🟢 Low,2,2,0.0,153,33.0
flask,examples/celery/src/task_app/__init__.py,12.8,🟢 Low,1,1,0.0,0,31.0
rich,rich/_cache.py,12.7,🟢 Low,1,1,0.0,0,17.0
pytest,py/_process/forkedfunc.py,12.7,🟢 Low,2,1,0.0,194,87.0
pytest,src/_pytest/assertion/_typing.py,12.7,🟢 Low,2,1,0.0,33,8.5
scikit-learn,scikits/learn/pyem/examples.py,12.7,🟢 Low,1,1,1.0,0,10.0
scikit-learn,scikits/learn/machine/pyem/tests/test_examples.py,12.7,🟢 Low,2,1,0.0,0,17.0
flask,flask_tests.py,12.7,🟢 Low,2,1,0.0,0,56.5
scikit-learn,scikits/learn/feature_agglomeration/test/test_feature_agglomeration.py,12.7,🟢 Low,1,1,0.0,0,14.0
scikit-learn,scikits/learn/svm/liblinear.py,12.7,🟢 Low,10,6,0.0,154,4.3
scikit-learn,scikits/learn/datasets/pendigits/setup.py,12.6,🟢 Low,1,1,0.0,0,9.0
scikit-learn,scikits/learn/decisiontree/__init__.py,12.6,🟢 Low,2,1,0.0,5,1.0
scikit-learn,sklearn/covariance/g_lasso.py,12.6,🟢 Low,5,1,0.0,0,250.2
flask,tests/test_apps/blueprintapp/apps/frontend/__init__.py,12.6,🟢 Low,3,3,0.0,1734,8.5
scikit-learn,asv_benchmarks/benchmarks/utils.py,12.6,🟢 Low,2,2,0.0,323,30.5
scikit-learn,asv_benchmarks/benchmarks/metrics.py,12.6,🟢 Low,2,2,0.0,323,31.0
pytest,doc/en/example/fixtures/test_fixtures_order.py,12.6,🟢 Low,1,1,1.0,0,22.0
rich,examples/colorbars.py,12.5,🟢 Low,1,1,0.0,0,10.0
scikit-learn,examples/column_transformer.py,12.5,🟢 Low,1,1,0.0,0,72.0
flask,examples/celery/src/task_app/views.py,12.5,🟢 Low,1,1,0.0,0,28.0
scikit-learn,scikits/learn/machine/em/examples/basic_example2.py,12.5,🟢 Low,2,1,0.0,0,15.0
scikit-learn,sklearn/externals/_numpy_compiler_patch.py,12.5,🟢 Low,1,1,1.0,0,56.0
scikit-learn,doc/sphinxext/docscrape.py,12.5,🟢 Low,2,1,0.0,212,383.5
scikit-learn,scikits/learn/machine/em/examples/basic_example1.py,12.5,🟢 Low,2,1,0.0,0,14.0
django,tests/auth_tests/models/is_active.py,12.4,🟢 Low,3,2,0.0,2549,6.666666666666667
django,tests/utils_tests/test_encoding_deprecations.py,12.4,🟢 Low,1,1,0.0,0,19.0
rich,examples/repr.py,12.4,🟢 Low,6,1,0.0,9,18.666666666666668
scikit-learn,examples/tutorial/plot_lena_compress.py,12.4,🟢 Low,3,2,0.0,74,38.0
django,tests/expressions/test_deprecation.py,12.4,🟢 Low,1,1,0.0,0,18.0
scikit-learn,scikits/learn/svm/src/libsvm/svm_csr.h,12.4,🟢 Low,1,1,1.0,0,64.0
scikit-learn,scikits/learn/machine/em/tests/generate_tests_data.py,12.3,🟢 Low,2,1,0.0,0,63.0
pytest,example/funcarg/mysetup2/test_sample.py,12.3,🟢 Low,2,1,0.0,515,4.0
scikit-learn,sklearn/externals/joblib/_multiprocessing.py,12.3,🟢 Low,1,1,0.0,0,23.0
django,tests/view_tests/tests/i18n.py,12.3,🟢 Low,1,1,0.0,0,128.0
scikit-learn,sklearn/externals/joblib/externals/loky/backend/_win_reduction.py,12.3,🟢 Low,1,1,0.0,0,74.0
django,tests/regressiontests/nested_foreign_keys/models.py,12.3,🟢 Low,1,1,1.0,0,16.0
django,tests/utils_tests/test_module/child_module/grandchild_module.py,12.3,🟢 Low,2,2,0.5,1701,1.0
scikit-learn,scikits/learn/src/tron.h,12.3,🟢 Low,1,1,0.0,0,25.0
rich,rich/themes.py,12.2,🟢 Low,2,1,0.5,72,13.0
django,django/contrib/contenttypes/tests/models.py,12.2,🟢 Low,1,1,0.0,0,19.0
click,tests/test_utils/test__detect_program_name.py,12.2,🟢 Low,1,1,1.0,0,20.0
scikit-learn,scikits/learn/machine/em2/yop.py,12.2,🟢 Low,2,1,0.0,0,49.5
scikit-learn,scikits/learn/common/myfunctools.py,12.2,🟢 Low,1,1,0.0,0,12.0
scikit-learn,sklearn/tests/test_rbm.py,12.1,🟢 Low,2,1,0.0,0,18.0
scikit-learn,scikits/learn/src/cblas/cblas_dtrsv.c,12.1,🟢 Low,2,1,0.0,350,48.0
scikit-learn,examples/mixture/plot_gmm_clustering.py,12.1,🟢 Low,1,1,0.0,0,63.0
scikit-learn,examples/linear_model/plot_lasso_lasso_lars_elasticnet_path.py,12.1,🟢 Low,1,1,0.0,0,74.0
django,django/contrib/gis/db/models/sql/subqueries.py,12.1,🟢 Low,1,1,1.0,0,26.0
rich,rich/_pick.py,12.1,🟢 Low,2,1,0.0,82,7.0
rich,rich/_stack.py,12.0,🟢 Low,2,1,0.0,8,8.0
flask,examples/tutorial/flaskr/schema.sql,12.0,🟢 Low,1,1,0.0,0,15.0
scikit-learn,sklearn/utils/src/Gamma.cpp,12.0,🟢 Low,1,1,0.0,0,121.0
pytest,py/_plugin/pytest_pastebin.py,11.9,🟢 Low,2,1,0.0,194,56.0
pytest,py/test/deprecate.py,11.9,🟢 Low,2,1,0.0,17,21.5
pytest,example/funcarg/mysetup/test_sample.py,11.9,🟢 Low,2,1,0.0,545,4.0
django,django/contrib/localflavor/uy/util.py,11.9,🟢 Low,1,1,1.0,0,7.0
scikit-learn,scikits/learn/datasets/pendigits/training/pendigits_tra.py,11.9,🟢 Low,1,1,0.0,0,6508.0
django,scripts/tests.py,11.8,🟢 Low,3,1,0.0,110,152.33333333333334
scikit-learn,doc/themes/scikit-learn/static/js/bootstrap.js,11.8,🟢 Low,1,1,1.0,0,1515.0
scikit-learn,examples/reuters_parser.py,11.8,🟢 Low,2,1,0.0,0,85.0
scikit-learn,scikits/learn/cluster/_k_means.c,11.8,🟢 Low,3,2,0.0,83,4204.5
rich,tests/test_getfileno.py,11.8,🟢 Low,1,1,0.0,0,16.0
rich,rich/tui/_event_loop.py,11.8,🟢 Low,1,1,0.0,0,83.0
django,tests/testapp/models/reserved_names.py,11.7,🟢 Low,1,1,1.0,0,35.0
django,django/utils/unittest/result.py,11.7,🟢 Low,1,1,1.0,0,124.0
scikit-learn,examples/linear_model/plot_lasso_positive_coef.py,11.7,🟢 Low,3,1,0.0,0,31.666666666666668
scikit-learn,examples/covariance/plot_predict_outlier_detection.py,11.7,🟢 Low,2,1,0.0,0,53.5
rich,examples/attrs.py,11.7,🟢 Low,4,1,0.0,595,40.0
requests,requests/packages/idna/uts46data.py,11.7,🟢 Low,2,2,0.0,102,7408.0
django,tests/utils_tests/test_formats.py,11.7,🟢 Low,1,1,1.0,0,39.0
rich,examples/just.py,11.6,🟢 Low,2,1,0.0,15,7.0
django,tests/comment_tests/tests/test_comment_utils_moderators.py,11.6,🟢 Low,3,3,0.0,260,69.0
scikit-learn,scikits/learn/glm/benchmarks/ridge.py,11.6,🟢 Low,2,1,0.0,2,35.5
django,tests/servers/models.py,11.6,🟢 Low,2,1,0.0,1534,3.0
django,django/contrib/gis/tests/test_gdal_driver.py,11.6,🟢 Low,1,1,0.0,0,31.0
scikit-learn,examples/compose/column_transformer_mixed_types.py,11.6,🟢 Low,1,1,0.0,0,37.0
django,js_tests/qunit/grunt-reporter.js,11.6,🟢 Low,1,1,0.0,0,47.0
pytest,testing/cmdline/__init__.py,11.6,🟢 Low,2,1,0.5,323,0.0
pytest,py/test/rsession/testing/test_report.py,11.6,🟢 Low,2,1,0.0,11,27.0
scikit-learn,sklearn/externals/joblib/externals/loky/backend/compat_win32.py,11.5,🟢 Low,1,1,0.0,0,45.0
requests,requests/packages/poster/__init__.py,11.5,🟢 Low,4,1,0.0,2,3.25
scikit-learn,asv_benchmarks/benchmarks/neighbors.py,11.5,🟢 Low,2,2,0.0,323,24.5
scikit-learn,scikits/learn/clustering/tests/test_k_means.py,11.5,🟢 Low,1,1,0.0,0,13.0
scikit-learn,sklearn/_distributor_init.py,11.5,🟢 Low,3,2,0.0,1706,0.0
scikit-learn,scikits/learn/tree_model/setup.py,11.5,🟢 Low,1,1,0.0,0,16.0
scikit-learn,examples/plot_label_propagation_versus_svm_iris.py,11.4,🟢 Low,2,1,0.0,0,38.0
scikit-learn,scikits/learn/utils/sparsetools/npy_3kcompat.h,11.4,🟢 Low,2,1,0.0,153,218.0
scikit-learn,sklearn/externals/array_api_compat/numpy/_aliases.py,11.4,🟢 Low,3,2,0.0,286,136.33333333333334
scikit-learn,sklearn/externals/array_api_compat/torch/_info.py,11.4,🟢 Low,3,2,0.0,443,123.66666666666669
pytest,example/assertion/global_testmodule_config/test_hello.py,11.4,🟢 Low,2,1,0.0,394,3.0
scikit-learn,scikits/learn/tests/test_gaussian_process.py,11.4,🟢 Low,3,1,0.0,1,17.666666666666668
django,tests/max_lengths/models.py,11.4,🟢 Low,3,3,0.0,1373,11.0
pytest,py/_path/svnwc.py,11.3,🟢 Low,2,1,0.0,194,867.0
django,tests/admin_scripts/custom_templates/project_template/additional_dir/additional_file.py,11.3,🟢 Low,2,2,0.0,226,0.0
scikit-learn,asv_benchmarks/benchmarks/manifold.py,11.3,🟢 Low,2,2,0.0,323,19.0
django,tests/i18n/resolution/models.py,11.3,🟢 Low,2,2,0.0,226,0.0
scikit-learn,scikits/learn/machine/manifold_learning/compression/cost_function/cost_function.h,11.3,🟢 Low,1,1,0.0,0,8.0
pytest,py/_plugin/pytest_hooklog.py,11.3,🟢 Low,2,1,0.0,194,28.0
scikit-learn,scikits/learn/pyem/pyem/info.py,11.3,🟢 Low,2,1,0.0,0,1.0
django,tests/admin_scripts/custom_templates/app_template/api.py,11.3,🟢 Low,2,2,0.0,226,0.0
scikit-learn,sklearn/_loss/link.py,11.3,🟢 Low,9,4,0.0,1559,97.33333333333331
django,tests/admin_scripts/custom_templates/app_template/models.py,11.3,🟢 Low,2,2,0.0,226,0.0
scikit-learn,scikits/learn/linear_model/benchmarks/bench_glm.py,11.2,🟢 Low,1,1,0.0,0,36.0
scikit-learn,scikits/learn/ga/tree.py,11.2,🟢 Low,3,1,0.0,0,139.0
pytest,testing/fixture_values_leak_test.py,11.2,🟢 Low,1,1,0.0,0,26.0
flask,examples/tutorial/flaskr/db.py,11.2,🟢 Low,5,2,0.0,2457,27.4
scikit-learn,examples/preprocessing/plot_callable_transformer.py,11.2,🟢 Low,1,1,0.0,0,40.0
scikit-learn,sklearn/feature_extraction/_hashing.py,11.1,🟢 Low,2,2,0.0,9,54.0
pytest,example/funcarg/parametrize/test_parametrize3.py,11.1,🟢 Low,2,1,0.0,515,9.0
pytest,bin-for-dist/findmissingdocstrings.py,11.1,🟢 Low,2,1,0.0,335,65.0
requests,requests/packages/oreos/cookiejar.py,11.1,🟢 Low,2,1,0.0,0,150.0
requests,requests/packages/chardet2/universaldetector.py,11.1,🟢 Low,1,1,0.0,0,105.0
scikit-learn,sklearn/utils/tests/test_hungarian.py,11.1,🟢 Low,2,2,0.0,143,55.0
scikit-learn,doc/themes/scikit-learn-modern/static/js/vendor/bootstrap.min.js,11.1,🟢 Low,1,1,0.0,0,1.0
scikit-learn,scikits/learn/datasets/oldfaithful/oldfaithful.py,11.0,🟢 Low,2,1,0.0,0,48.5
pytest,example/funcarg/lazysetup/sub2/test_two.py,11.0,🟢 Low,1,1,0.0,0,2.0
pytest,py/log/producer.py,11.0,🟢 Low,2,2,0.0,11,47.0
rich,rich/python.py,11.0,🟢 Low,2,1,0.0,41,76.0
django,django/dispatch/robustapply.py,11.0,🟢 Low,2,2,0.0,80,24.0
scikit-learn,skeletons/exercise_02_language_train_model.py,11.0,🟢 Low,6,2,0.0,154,26.6
scikit-learn,scikits/learn/machine/manifold_learning/regression/neighbors/neighboors.h,11.0,🟢 Low,1,1,1.0,0,8.0
scikit-learn,examples/neighbors/plot_locality_sensitive_hashing_forest_accuracies.py,11.0,🟢 Low,1,1,0.0,0,56.0
scikit-learn,scikits/learn/machine/manifold_learning/regression/neighboors/neighboors.h,11.0,🟢 Low,1,1,0.0,0,8.0
django,django/bin/profiling/handler.py,10.9,🟢 Low,2,1,0.0,5,8.0
scikit-learn,sklearn/externals/joblib/externals/loky/backend/fork_exec.py,10.9,🟢 Low,1,1,0.0,0,25.0
scikit-learn,scikits/learn/glm/tests/test_base.py,10.9,🟢 Low,1,1,0.0,0,17.0
scikit-learn,sklearn/cluster/_hdbscan/__init__.py,10.9,🟢 Low,2,2,0.0,418,0.0
pytest,py/test/executor.py,10.9,🟢 Low,1,1,0.0,0,105.0
scikit-learn,examples/glm/ols.py,10.8,🟢 Low,1,1,1.0,0,12.0
scikit-learn,skeletons/exercise_04_face_recognition.py,10.8,🟢 Low,5,2,0.0,356,35.8
pytest,_py/test/dist/dsession.py,10.8,🟢 Low,1,1,0.0,0,212.0
scikit-learn,scikits/learn/machine/manifold_learning/stats/kernels/__init__.py,10.8,🟢 Low,1,1,0.0,0,7.0
flask,examples/apishowcase/apishowcase.py,10.8,🟢 Low,1,1,0.0,0,16.0
requests,requests/packages/idna/intranges.py,10.8,🟢 Low,2,1,0.0,206,27.5
scikit-learn,scikits/learn/svm/tests/test_utils.py,10.8,🟢 Low,1,1,0.0,0,12.0
scikit-learn,scikits/learn/machine/manifold_learning/regression/cluster/clusterInfos.h,10.8,🟢 Low,1,1,0.0,0,7.0
scikit-learn,scikits/learn/pyem/tests/testcommon.py,10.7,🟢 Low,1,1,1.0,0,1.0
scikit-learn,scikits/__init__.py,10.7,🟢 Low,1,1,0.0,0,1.0
scikit-learn,scikits/learn/machine/manifold_learning/stats/setup.py,10.7,🟢 Low,1,1,0.0,0,12.0
scikit-learn,scikits/learn/datasets/misc/__init__.py,10.7,🟢 Low,1,1,0.0,0,1.0
django,tests/pagination/models.py,10.7,🟢 Low,3,3,0.0,3264,6.0
rich,examples/padding.py,10.6,🟢 Low,2,1,0.0,0,4.0
django,django/conf/locale/ky/formats.py,10.6,🟢 Low,2,2,0.0,624,25.0
pytest,py/test/testing/test_itemgen.py,10.6,🟢 Low,1,1,0.0,0,35.0
rich,rich/block_bar.py,10.6,🟢 Low,2,1,0.0,1,77.0
scikit-learn,sklearn/linear_model/sparse/__init__.py,10.6,🟢 Low,3,2,0.0,89,3.0
django,django/conf/locale/tg/formats.py,10.6,🟢 Low,2,2,0.0,629,25.0
scikit-learn,examples/bicluster/spectral_biclustering.py,10.6,🟢 Low,2,1,0.0,2,26.0
scikit-learn,scikits/learn/linreg/enet_cd_fast.c,10.6,🟢 Low,2,2,0.5,2,2877.0
django,django/conf/locale/tk/formats.py,10.6,🟢 Low,2,2,0.0,575,25.0
django,django/conf/locale/ig/formats.py,10.6,🟢 Low,2,2,0.0,577,25.0
scikit-learn,scikits/learn/machine/manifold_learning/projection/grid_MAP_projection.py,10.5,🟢 Low,2,1,0.0,0,6.0
pytest,py/path/testing/test_sourcepath.py,10.5,🟢 Low,1,1,0.0,0,2.0
scikit-learn,scikits/learn/linear_model/stochastic_gradient/sgd_fast.c,10.5,🟢 Low,2,1,0.0,0,6933.0
django,django/contrib/gis/db/models/mixin.py,10.5,🟢 Low,1,1,0.0,0,2.0
scikit-learn,scikits/learn/src/cblas/cblas_srot.c,10.5,🟢 Low,2,1,0.0,283,25.0
scikit-learn,scikits/learn/pyem/basic_example3.py,10.5,🟢 Low,1,1,1.0,0,35.0
scikit-learn,sklearn/externals/array_api_compat/cupy/__init__.py,10.5,🟢 Low,4,2,0.0,443,10.75
django,tests/view_tests/tests/__init__.py,10.5,🟢 Low,5,3,0.0,195,8.666666666666666
pytest,example/funcarg/conftest.py,10.4,🟢 Low,2,1,0.0,459,2.0
scikit-learn,sklearn/externals/joblib/executor.py,10.4,🟢 Low,1,1,0.0,0,37.0
django,tests/regressiontests/http_utils/tests.py,10.4,🟢 Low,1,1,0.0,0,27.0
scikit-learn,examples/plot_affine_propagation.py,10.4,🟢 Low,2,1,0.0,0,33.5
pytest,testing/logging/test_compat.py,10.4,🟢 Low,1,1,0.0,0,70.0
pytest,example/funcarg/mysetup/myapp.py,10.4,🟢 Low,2,1,0.0,545,3.0
django,django/core/management/commands/makemigration.py,10.4,🟢 Low,2,1,0.0,0,51.0
scikit-learn,scikits/learn/src/minilearn/_minilearn.c,10.4,🟢 Low,1,1,0.0,0,2573.0
scikit-learn,scikits/learn/neighbors/src/BallTreePoint.h,10.4,🟢 Low,1,1,0.0,0,125.0
requests,requests/packages/chardet/enums.py,10.4,🟢 Low,1,1,0.0,0,35.0
django,tests/regressiontests/utils/dateparse.py,10.3,🟢 Low,1,1,1.0,0,31.0
flask,examples/persona/static/persona.js,10.3,🟢 Low,2,1,0.0,0,42.0
scikit-learn,scikits/learn/pyem/examples/examples.py,10.3,🟢 Low,2,1,0.0,0,14.0
django,tests/shared_models/models.py,10.3,🟢 Low,2,1,0.0,88,23.5
pytest,py/test/collectonly.py,10.3,🟢 Low,1,1,0.0,0,24.0
requests,requests/packages/charade/constants.py,10.2,🟢 Low,2,1,0.0,2,8.0
scikit-learn,sklearn/utils/tests/test_unique.py,10.2,🟢 Low,1,1,0.0,0,36.0
scikit-learn,scikits/learn/datasets/oldfaithful/src/convert.py,10.2,🟢 Low,2,1,0.0,0,29.0
django,tests/test_utils/test_deprecated_features.py,10.2,🟢 Low,1,1,0.0,0,58.0
scikit-learn,scikits/learn/datasets/misc/tools.py,10.2,🟢 Low,1,1,0.0,0,6.0
pytest,bin-for-dist/gendoc.py,10.2,🟢 Low,1,1,0.0,0,22.0
pytest,py/_log/warning.py,10.2,🟢 Low,2,1,0.0,194,69.0
django,django/contrib/gis/tests/geoapp/sql/city.postgresql_psycopg2.sql,10.1,🟢 Low,1,1,0.0,0,8.0
django,django/contrib/gis/tests/geoapp/sql/city.oracle.sql,10.1,🟢 Low,1,1,0.0,0,8.0
django,django/contrib/gis/tests/geoapp/sql/city.mysql.sql,10.1,🟢 Low,1,1,0.0,0,8.0
scikit-learn,scikits/learn/tree_model/base.py,10.1,🟢 Low,3,1,0.0,5,17.0
django,django/contrib/gis/tests/test_gdal.py,10.1,🟢 Low,1,1,0.0,0,18.0
scikit-learn,scikits/learn/machine/pyem/examples/examples.py,10.1,🟢 Low,2,1,0.0,0,14.0
pytest,py/log/logger.py,10.1,🟢 Low,2,2,0.0,11,55.0
requests,requests/packages/chardet/sbcsgroupprober.py,10.1,🟢 Low,4,3,0.0,1775,36.0
scikit-learn,examples/bicluster/spectral_coclustering.py,10.1,🟢 Low,1,1,0.0,0,21.0
scikit-learn,scikits/learn/tree_model/_tree.cpp,10.1,🟢 Low,1,1,0.0,0,106.0
scikit-learn,sklearn/src/cblas/ATL_srefnrm2.c,10.1,🟢 Low,1,1,0.0,0,103.0
rich,setup.py,10.0,🟢 Low,2,1,0.0,0,3.0
scikit-learn,scikits/learn/common/__init__.py,10.0,🟢 Low,2,1,0.0,0,3.0
pytest,py/compat/doctest.py,10.0,🟢 Low,2,2,0.0,6,1053.0
scikit-learn,scikits/learn/gaussian_process/regression.py,10.0,🟢 Low,2,1,0.0,0,18.0
requests,src/requests/__version__.py,10.0,🟢 Low,14,2,0.0,1004,10.0
scikit-learn,scikits/learn/feature_extraction/sparse/__init__.py,10.0,🟢 Low,2,1,0.5,0,2.0
scikit-learn,sklearn/utils/mask.py,9.9,🟢 Low,1,1,0.0,0,13.0
django,tests/auth_tests/urls_admin.py,9.9,🟢 Low,4,3,0.25,2550,11.0
scikit-learn,examples/ensemble/plot_forest_importances_pixel.py,9.9,🟢 Low,4,1,0.0,0,18.0
pytest,py/test/testing/conftest.py,9.9,🟢 Low,2,2,0.0,46,1.0
scikit-learn,examples/wikipedia_principal_eigenvector.py,9.9,🟢 Low,2,1,0.0,0,123.0
scikit-learn,scikits/learn/linear_model/sparse/__init__.py,9.8,🟢 Low,9,3,0.0,280,3.375
scikit-learn,scikits/learn/datasets/german/__init__.py,9.8,🟢 Low,1,1,0.0,0,6.0
django,tests/utils_tests/dateformat.py,9.8,🟢 Low,2,2,0.0,1,110.0
scikit-learn,scikits/learn/datasets/heart/__init__.py,9.8,🟢 Low,1,1,0.0,0,6.0
scikit-learn,sklearn/svm/sparse/setup.py,9.8,🟢 Low,3,2,0.0,104,15.0
scikit-learn,doc/themes/scikit-learn/static/jquery.maphilight.min.js,9.8,🟢 Low,2,1,0.0,6,1.0
pytest,contrib/pytest_resultdb.py,9.8,🟢 Low,2,1,0.0,357,299.0
pytest,scripts/check-rst.py,9.8,🟢 Low,2,1,0.0,358,12.5
rich,tests/test_palette.py,9.8,🟢 Low,2,1,0.0,0,6.0
scikit-learn,scikits/learn/clustering/tests/common.py,9.8,🟢 Low,1,1,0.0,0,14.0
pytest,_pytest/cx_freeze_support.py,9.8,🟢 Low,2,1,0.0,0,35.5
scikit-learn,scikits/learn/datasets/iris/__init__.py,9.8,🟢 Low,1,1,0.0,0,6.0
scikit-learn,scikits/learn/machine/manifold_learning/regression/neighboors/__init__.py,9.8,🟢 Low,1,1,0.0,0,6.0
requests,requests/packages/charade/langhungarianmodel.py,9.7,🟢 Low,3,1,0.0,113,180.33333333333337
django,django/contrib/redirects/models/__init__.py,9.7,🟢 Low,1,1,1.0,0,1.0
scikit-learn,scikits/learn/tests/test_mean_shift2.py,9.7,🟢 Low,1,1,0.0,0,17.0
django,django/contrib/admin/models/__init__.py,9.7,🟢 Low,1,1,0.0,0,1.0
scikit-learn,sklearn/externals/array_api_compat/dask/array/__init__.py,9.7,🟢 Low,4,2,0.0,443,11.25
scikit-learn,scikits/learn/machine/manifold_learning/compression/isomap_function.py,9.7,🟢 Low,2,1,0.5,0,22.5
requests,requests/packages/charade/langgreekmodel.py,9.7,🟢 Low,3,1,0.0,113,180.33333333333337
django,django/contrib/flatpages/models/__init__.py,9.7,🟢 Low,1,1,1.0,0,1.0
scikit-learn,scikits/learn/metrics/tests/test_checks.py,9.7,🟢 Low,2,1,0.0,2,52.0
scikit-learn,sklearn/build_utils/blas.py,9.7,🟢 Low,1,1,0.0,0,18.0
pytest,_py/test/dist/nodemanage.py,9.6,🟢 Low,1,1,0.0,0,55.0
scikit-learn,sklearn/callback/tests/test_callback_context.py,9.6,🟢 Low,3,2,0.0,65,328.3333333333333
scikit-learn,sklearn/metrics/tests/test_checks.py,9.6,🟢 Low,5,1,0.0,5,52.0
scikit-learn,sklearn/callback/_scoring_monitor.py,9.6,🟢 Low,1,1,0.0,0,146.0
scikit-learn,scikits/learn/linear_model/benchmarks/bench_bayes.py,9.6,🟢 Low,1,1,0.0,0,17.0
click,examples/repo/setup.py,9.5,🟢 Low,5,3,0.0,2143,13.2
pytest,py/net/greensock2.py,9.5,🟢 Low,3,1,0.0,0,381.3333333333333
scikit-learn,scikits/learn/pyem/examples/regularized_example.py,9.5,🟢 Low,1,1,0.0,0,43.0
requests,requests/packages/charade/chardistribution.py,9.5,🟢 Low,3,1,0.0,113,127.0
scikit-learn,scikits/learn/src/blas/dscal.c,9.5,🟢 Low,1,1,0.0,0,33.0
rich,rich/tui/app.py,9.5,🟢 Low,13,1,0.0,35,87.61538461538461
pytest,doc/example/genxml.py,9.5,🟢 Low,2,1,0.0,270,13.0
click,examples/inout/setup.py,9.5,🟢 Low,5,3,0.0,2143,13.2
pytest,testing/example_scripts/warnings/test_group_warnings_by_message_summary.py,9.5,🟢 Low,1,1,0.0,0,12.0
scikit-learn,scikits/learn/pyem/profile_data/mat_prof.m,9.5,🟢 Low,1,1,0.0,0,8.0
click,examples/naval/setup.py,9.5,🟢 Low,5,3,0.0,2127,13.2
scikit-learn,sklearn/externals/joblib/externals/loky/backend/managers.py,9.5,🟢 Low,1,1,0.0,0,28.0
django,django/contrib/gis/tests/geoapp/sql/country.postgresql_psycopg2.sql,9.4,🟢 Low,1,1,0.0,0,2.0
pytest,py/code/_assertionold.py,9.4,🟢 Low,1,1,0.0,0,441.0
django,django/utils/unittest/compatibility.py,9.4,🟢 Low,1,1,1.0,0,47.0
pytest,example/funcarg/parametrize/test_parametrize.py,9.4,🟢 Low,2,1,0.0,515,13.0
django,django/contrib/gis/tests/geoapp/sql/country.mysql.sql,9.4,🟢 Low,1,1,0.0,0,2.0
pytest,_py/cmdline/pyrest.py,9.3,🟢 Low,1,1,0.0,0,58.0
scikit-learn,sklearn/externals/joblib/externals/loky/backend/_posix_wait.py,9.3,🟢 Low,1,1,0.0,0,78.0
scikit-learn,sklearn/callback/tests/test_scoring_monitor.py,9.3,🟢 Low,1,1,0.0,0,309.0
pytest,doc/en/test_plugins_index.py,9.2,🟢 Low,1,1,0.0,0,60.0
rich,tests/test_constrain.py,9.2,🟢 Low,2,1,0.0,212,10.0
scikit-learn,examples/knn.py,9.2,🟢 Low,1,1,0.0,0,25.0
scikit-learn,sklearn/externals/array_api_compat/cupy/_info.py,9.2,🟢 Low,3,2,0.0,443,112.0
django,django/contrib/gis/tests/test_gdal_envelope.py,9.2,🟢 Low,1,1,0.0,0,39.0
pytest,pytest/plugin/pytest_capture.py,9.2,🟢 Low,2,1,0.0,3,163.0
scikit-learn,sklearn/cluster/_inertia.c,9.1,🟢 Low,4,2,0.0,1,3083.5
scikit-learn,scikits/learn/src/cblas/atlas_aux.h,9.1,🟢 Low,2,1,0.0,350,833.0
pytest,doc/example/funcarg/urloption/conftest.py,9.1,🟢 Low,2,1,0.0,270,10.0
pytest,py/rest/directive.py,9.1,🟢 Low,2,2,0.0,948,93.0
django,tests/db_functions/test_replace.py,9.1,🟢 Low,1,1,0.0,0,45.0
scikit-learn,examples/plot_ward_feature_agglomeration.py,9.1,🟢 Low,1,1,0.0,0,56.0
scikit-learn,examples/tutorial/plot_iris_logistic.py,9.1,🟢 Low,3,1,0.6666666666666666,3,30.0
pytest,example/funcarg/costlysetup/sub2/test_two.py,9.0,🟢 Low,2,1,0.0,515,4.0
scikit-learn,scikits/learn/datasets/heart/data.py,9.0,🟢 Low,1,1,0.0,0,48.0
scikit-learn,scikits/learn/datasets/oldfaithful/__init__.py,9.0,🟢 Low,1,1,0.0,0,5.0
scikit-learn,examples/svm/plot_svm_rbf_oneclass.py,9.0,🟢 Low,1,1,0.0,0,19.0
scikit-learn,examples/example_grid_search.py,9.0,🟢 Low,1,1,0.0,0,18.0
scikit-learn,doc/sphinxext/move_gallery_links.py,9.0,🟢 Low,1,1,0.0,0,94.0
requests,requests/packages/chardet2/latin1prober.py,9.0,🟢 Low,1,1,0.0,0,89.0
scikit-learn,scikits/learn/pyem/profile_data/gden.m,9.0,🟢 Low,1,1,0.0,0,9.0
scikit-learn,scikits/learn/datasets/nwis/__init__.py,9.0,🟢 Low,1,1,0.0,0,6.0
scikit-learn,scikits/learn/tree/setup.py,8.9,🟢 Low,2,1,0.0,8,24.5
flask,examples/javascript/setup.py,8.9,🟢 Low,6,3,0.0,723,17.833333333333332
scikit-learn,scikits/learn/roc.py,8.9,🟢 Low,1,1,0.0,0,53.0
scikit-learn,sklearn/externals/joblib/externals/loky/backend/_posix_reduction.py,8.9,🟢 Low,1,1,0.0,0,50.0
scikit-learn,scikits/learn/boosting/base.py,8.9,🟢 Low,2,1,0.0,5,16.0
requests,src/requests/structures.py,8.9,🟢 Low,2,1,0.0,993,62.0
scikit-learn,examples/text/hashing_vs_dict_vectorizer.py,8.9,🟢 Low,2,2,0.0,949,65.0
scikit-learn,examples/svm/plot_approximate_kernel_decision.py,8.8,🟢 Low,3,1,0.0,2,32.333333333333336
pytest,_py/code/_assertionold.py,8.8,🟢 Low,1,1,0.0,0,441.0
django,django/bin/setup.py,8.8,🟢 Low,2,1,0.0,2,18.5
scikit-learn,scikits/learn/machine/manifold_learning/regression/__init__.py,8.8,🟢 Low,1,1,0.0,0,5.0
pytest,_py/path/svnwc.py,8.8,🟢 Low,1,1,0.0,0,870.0
scikit-learn,scikits/learn/machine/manifold_learning/projection/__init__.py,8.8,🟢 Low,1,1,0.0,0,5.0
scikit-learn,data/languages/fetch_data.py,8.8,🟢 Low,1,1,0.0,0,69.0
django,django/contrib/gis/tests/geoapp/sql/state.postgresql_psycopg2.sql,8.8,🟢 Low,1,1,0.0,0,3.0
rich,rich/tui/message_pump.py,8.8,🟢 Low,11,1,0.0,20,115.63636363636364
django,django/contrib/gis/db/backend/oracle/adaptor.py,8.8,🟢 Low,1,1,0.0,0,4.0
scikit-learn,scikits/learn/utils/graph_shortest_path.c,8.7,🟢 Low,2,2,0.0,28,4525.0
scikit-learn,scikits/learn/src/blas/blas.h,8.7,🟢 Low,1,1,0.0,0,4.0
pytest,py/net/test/test_greenexecnet.py,8.7,🟢 Low,1,1,0.0,0,36.0
pytest,_py/cmdline/pylookup.py,8.7,🟢 Low,1,1,0.0,0,68.0
django,tests/comment_tests/custom_comments/__init__.py,8.7,🟢 Low,2,1,0.0,0,26.0
scikit-learn,scikits/learn/ensemble/committee.py,8.7,🟢 Low,2,1,0.0,1,11.5
scikit-learn,scikits/learn/machine/em/examples/expectation.py,8.7,🟢 Low,1,1,0.0,0,22.0
django,tests/regressiontests/pagination/models.py,8.7,🟢 Low,1,1,0.0,0,8.0
scikit-learn,sklearn/linear_model/_glm/link.py,8.7,🟢 Low,1,1,0.0,0,40.0
scikit-learn,examples/tutorial/plot_digits_classification_excercice.py,8.7,🟢 Low,1,1,0.0,0,13.0
scikit-learn,scikits/learn/machine/manifold_learning/regression/neighbors/utilities.py,8.7,🟢 Low,1,1,1.0,0,9.0
scikit-learn,scikits/learn/pyem/example2.py,8.7,🟢 Low,1,1,1.0,0,48.0
scikit-learn,scikits/learn/machine/manifold_learning/regression/neighboors/utilities.py,8.7,🟢 Low,1,1,0.0,0,9.0
requests,requests/packages/chardet2/__init__.py,8.6,🟢 Low,1,1,0.0,0,8.0
scikit-learn,scikits/learn/pyem/data/pendigits/__init__.py,8.6,🟢 Low,1,1,0.0,0,5.0
scikit-learn,scikits/learn/datasets/pendigits/training/__init__.py,8.6,🟢 Low,1,1,0.0,0,5.0
pytest,py/doc/_build/html/_static/searchtools.js,8.6,🟢 Low,1,1,0.0,0,366.0
requests,requests/packages/idna/core.py,8.6,🟢 Low,2,1,0.0,206,290.0
pytest,py/compat/dep_doctest.py,8.6,🟢 Low,1,1,0.0,0,3.0
django,tests/gis_tests/geoadmin/urls.py,8.6,🟢 Low,3,2,0.0,2550,5.0
pytest,py/compat/dep_optparse.py,8.6,🟢 Low,1,1,0.0,0,3.0
scikit-learn,scikits/learn/datasets/pendigits/testing/__init__.py,8.6,🟢 Low,1,1,0.0,0,5.0
pytest,py/compat/dep_subprocess.py,8.6,🟢 Low,1,1,0.0,0,3.0
scikit-learn,scikits/learn/datasets/narr/__init__.py,8.6,🟢 Low,1,1,0.0,0,5.0
pytest,py/compat/dep_textwrap.py,8.6,🟢 Low,1,1,0.0,0,3.0
pytest,example/funcarg/mysetup2/myapp.py,8.5,🟢 Low,2,1,0.0,515,3.0
pytest,example/funcarg/mysetup2/test_ssh.py,8.5,🟢 Low,2,1,0.0,515,3.0
django,tests/auth_tests/backend_alias.py,8.5,🟢 Low,2,2,0.0,2550,2.0
pytest,scripts/append_codecov_token.py,8.5,🟢 Low,2,1,0.0,338,19.0
pytest,example/funcarg/lazysetup/sub1/test_one.py,8.5,🟢 Low,1,1,0.0,0,4.0
rich,examples/link.py,8.5,🟢 Low,2,1,0.0,20,3.0
scikit-learn,examples/cluster/plot_lena_segmentation_spectral_comparison.py,8.5,🟢 Low,2,1,0.0,0,37.0
scikit-learn,doc/sphinxext/autoshortsummary.py,8.5,🟢 Low,1,1,0.0,0,24.0
scikit-learn,scikits/learn/svm/data.py,8.5,🟢 Low,1,1,0.0,0,42.0
scikit-learn,sklearn/externals/joblib/externals/loky/backend/_win_wait.py,8.5,🟢 Low,1,1,0.0,0,28.0
rich,rich/tui/examples/simple.py,8.5,🟢 Low,2,1,0.0,12,20.0
scikit-learn,scikits/learn/pyem/data/iris/iris.py,8.5,🟢 Low,1,1,0.0,0,5.0
scikit-learn,scikits/learn/machine/manifold_learning/examples/compression.py,8.5,🟢 Low,1,1,1.0,0,40.0
scikit-learn,scikits/learn/pyem/data/oldfaithful/oldfaithful.py,8.4,🟢 Low,1,1,0.0,0,54.0
scikit-learn,scikits/learn/src/cblas/cblas_drot.c,8.4,🟢 Low,2,1,0.0,350,25.0
scikit-learn,doc/themes/scikit-learn/static/js/jquery.js,8.4,🟢 Low,1,1,1.0,0,6666.0
scikit-learn,examples/applications/plot_face_verification.py,8.4,🟢 Low,2,1,0.0,6,24.5
requests,tests/dummy_server.py,8.4,🟢 Low,1,1,0.0,0,36.0
pytest,doc/example/funcarg/mysetup2/__init__.py,8.4,🟢 Low,2,1,0.0,270,0.0
django,tests/regressiontests/utils/numberformat.py,8.4,🟢 Low,1,1,1.0,0,42.0
django,django/contrib/localflavor/ie/ie_counties.py,8.4,🟢 Low,1,1,1.0,0,35.0
pytest,doc/example/funcarg/mysetup/__init__.py,8.4,🟢 Low,2,1,0.0,270,0.0
pytest,doc/example/genhtmlcss.py,8.4,🟢 Low,2,1,0.0,270,18.0
scikit-learn,sklearn/experimental/enable_halving_search_cv.py,8.4,🟢 Low,5,3,0.0,1754,8.4
django,tests/empty/no_models/tests.py,8.3,🟢 Low,2,1,0.0,0,3.0
scikit-learn,sklearn/neighbors/tools.py,8.3,🟢 Low,2,1,0.0,0,24.0
pytest,_py/rest/resthtml.py,8.3,🟢 Low,1,1,0.0,0,64.0
pytest,doc/example/funcarg/parametrize/test_parametrize2.py,8.3,🟢 Low,2,1,0.0,270,16.0
requests,requests/packages/charade/cp949prober.py,8.3,🟢 Low,1,1,0.0,0,12.0
scikit-learn,sklearn/cluster/fast_dict.cpp,8.3,🟢 Low,2,1,0.0,0,6195.0
requests,requests/packages/chardet/charsetprober.py,8.3,🟢 Low,5,3,0.0,1775,31.0
scikit-learn,build_tools/azure/update_environments_and_lock_files.py,8.3,🟢 Low,1,1,0.0,0,309.0
django,django/contrib/gis/gdal/tests/test_raster.py,8.3,🟢 Low,1,1,0.0,0,59.0
scikit-learn,examples/plot_logistic_l1_l2_coef.py,8.2,🟢 Low,1,1,0.0,0,17.0
scikit-learn,scikits/learn/feature_selection/new_univariate_selection.py,8.2,🟢 Low,2,1,0.0,0,73.0
flask,tests/test_session_interface.py,8.2,🟢 Low,4,2,0.0,1791,16.25
rich,rich/tui/_context.py,8.2,🟢 Low,2,1,0.0,0,3.5
requests,requests/packages/charade/langhebrewmodel.py,8.2,🟢 Low,3,1,0.0,113,155.33333333333334
django,django/dispatch/robust.py,8.2,🟢 Low,2,2,0.0,80,22.0
django,django/db/backends/ado_mssql/introspection.py,8.2,🟢 Low,1,1,0.0,0,9.0
flask,examples/blueprintexample/blueprintexample_test.py,8.2,🟢 Low,1,1,0.0,0,18.0
scikit-learn,examples/glm/plot_logistic_path.py,8.2,🟢 Low,2,1,0.0,5,26.0
django,media/js/urlify.js,8.2,🟢 Low,1,1,0.0,0,13.0
scikit-learn,doc/sphinxext/sphinx_gallery/backreferences.py,8.2,🟢 Low,4,1,0.0,498,114.5
requests,requests/packages/chardet/cp949prober.py,8.1,🟢 Low,2,2,0.0,1237,14.0
scikit-learn,examples/classification/plot_simple_lda.py,8.1,🟢 Low,1,1,0.0,0,37.0
scikit-learn,scikits/learn/glm/tests/test_cd_vs_glmnet.py,8.1,🟢 Low,1,1,0.0,0,79.0
scikit-learn,scikits/learn/ga/ga_list.py,8.1,🟢 Low,2,1,0.0,0,38.0
pytest,pytest/plugin/pytest_session.py,8.1,🟢 Low,2,1,0.0,0,242.0
cli,httpie/output/processors/xml.py,8.1,🟢 Low,1,1,0.0,0,40.0
scikit-learn,scikits/learn/utils/src/test.py,8.1,🟢 Low,2,1,0.0,0,38.0
scikit-learn,examples/plot_polynomial_regression.py,8.1,🟢 Low,1,1,0.0,0,33.0
pytest,py/test/rsession/testing/test_rsync.py,8.1,🟢 Low,2,2,0.0,4,45.0
pytest,src/_pytest/assertion/_compare_set.py,8.1,🟢 Low,3,1,0.0,18,74.66666666666667
scikit-learn,sklearn/utils/mst/tests/test_traversal.py,8.1,🟢 Low,1,1,0.0,0,37.0
django,django/contrib/gis/tests/geoapp/sql/state.mysql.sql,8.1,🟢 Low,1,1,0.0,0,2.0
scikit-learn,scikits/learn/linear_model/stochastic_gradient/sgd_fast_sparse.c,8.1,🟢 Low,2,1,0.0,0,3640.0
requests,requests/packages/chardet2/constants.py,8.1,🟢 Low,1,1,0.0,0,8.0
scikit-learn,solutions/exercise_02_sentiment.py,8.0,🟢 Low,6,2,0.0,201,33.0
scikit-learn,scikits/learn/clustering/tests/test_mean_shift.py,8.0,🟢 Low,1,1,0.0,0,18.0
scikit-learn,sklearn/externals/_scipy_linalg.py,8.0,🟢 Low,1,1,1.0,0,20.0
scikit-learn,scikits/learn/ipython_log.py,8.0,🟢 Low,1,1,0.0,0,50.0
pytest,py/test/terminal/out.py,8.0,🟢 Low,2,1,0.0,0,69.5
requests,requests/packages/oreos/core.py,8.0,🟢 Low,2,1,0.0,0,8.5
scikit-learn,skeletons/exercise_02_sentiment.py,7.9,🟢 Low,5,2,0.0,201,20.75
scikit-learn,scikits/learn/src/blas/dnrm2.c,7.9,🟢 Low,1,1,0.0,0,43.0
scikit-learn,sklearn/ensemble/tests/test_random_forest.py,7.9,🟢 Low,2,1,0.0,7,79.0
scikit-learn,scikits/learn/machine/manifold_learning/compression/cost_function/cost_function.cpp,7.9,🟢 Low,1,1,0.0,0,22.0
rich,examples/spinners.py,7.8,🟢 Low,2,1,0.0,0,20.0
requests,requests/packages/chardet/sbcharsetprober.py,7.8,🟢 Low,6,3,0.1666666666666666,1775,72.83333333333333
cli,httpie/cli/nested_json/parse.py,7.8,🟢 Low,1,1,0.0,0,151.0
scikit-learn,scikits/learn/linear_model/stochastic_gradient/__init__.py,7.8,🟢 Low,2,1,0.0,0,3.0
django,tests/generic_views/list.py,7.8,🟢 Low,2,1,0.0,0,180.0
scikit-learn,scikits/learn/linear_model/stochastic_gradient/sparse/sgd.py,7.8,🟢 Low,2,1,0.0,0,173.0
scikit-learn,examples/cluster/plot_vq_china.py,7.8,🟢 Low,1,1,0.0,0,41.0
scikit-learn,examples/cluster/plot_kmeans_stability_high_dim_sparse.py,7.8,🟢 Low,2,1,0.5,0,65.5
scikit-learn,scikits/learn/clustering/tests/test_affinity_propagation.py,7.8,🟢 Low,2,1,0.0,0,20.0
scikit-learn,examples/make.py,7.8,🟢 Low,1,1,0.0,0,52.0
scikit-learn,sklearn/externals/array_api_compat/cupy/_typing.py,7.7,🟢 Low,3,2,0.0,286,30.666666666666668
scikit-learn,sklearn/decomposition/fa.py,7.7,🟢 Low,2,2,0.0,6,59.5
scikit-learn,scikits/learn/machine/manifold_learning/projection/grid_ML_projection.py,7.7,🟢 Low,2,1,0.0,0,39.0
scikit-learn,scikits/learn/pyem/examples/discriminant_analysis.py,7.7,🟢 Low,2,1,0.0,0,75.5
pytest,_py/_com.py,7.7,🟢 Low,1,1,0.0,0,96.0
pytest,py/green/test/test_pipelayer.py,7.7,🟢 Low,1,1,0.0,0,197.0
requests,requests/packages/charade/mbcssm.py,7.7,🟢 Low,3,1,0.0,113,454.0
scikit-learn,sklearn/externals/array_api_compat/dask/array/fft.py,7.7,🟢 Low,3,2,0.0,286,13.333333333333334
scikit-learn,scikits/learn/confusion.py,7.6,🟢 Low,1,1,0.0,0,33.0
pytest,testing/plugin/test__pytest.py,7.6,🟢 Low,2,1,0.0,1,43.0
django,media/js/admin/RelatedObjectLookups.js,7.6,🟢 Low,1,1,0.0,0,27.0
scikit-learn,sklearn/callback/tests/test_progressbar.py,7.6,🟢 Low,1,1,0.0,0,137.0
django,django/models/comments.py,7.6,🟢 Low,2,1,0.0,1,207.0
scikit-learn,scikits/learn/datasets/oldfaithful/data.py,7.6,🟢 Low,2,1,0.0,0,39.0
scikit-learn,scikits/learn/manifold/graph_search.c,7.6,🟢 Low,1,1,0.0,0,3584.0
scikit-learn,scikits/learn/linear_model/stochastic_gradient/sgd.py,7.6,🟢 Low,2,1,0.0,0,136.0
scikit-learn,scikits/learn/datasets/heart/src/convert.py,7.5,🟢 Low,1,1,0.0,0,41.0
scikit-learn,sklearn/callback/_callback_support.py,7.5,🟢 Low,2,1,0.0,65,81.5
scikit-learn,doc/sphinxext/sphinx_gallery/downloads.py,7.5,🟢 Low,3,1,0.0,263,49.333333333333336
scikit-learn,examples/cluster/plot_lena_feature_agglomeration.py,7.5,🟢 Low,1,1,0.0,0,34.0
scikit-learn,examples/tutorial/plot_face_recognition.py,7.5,🟢 Low,2,2,0.0,74,55.5
django,tests/comment_tests/tests/moderation_view_tests.py,7.5,🟢 Low,2,1,0.0,0,222.0
scikit-learn,examples/tutorial/plot_ols_3d.py,7.5,🟢 Low,3,2,0.0,68,37.0
scikit-learn,sklearn/utils/mst/_min_spanning_tree.c,7.4,🟢 Low,1,1,0.0,0,4342.0
scikit-learn,scikits/learn/machine/em2/tests/test_likelihoods.py,7.4,🟢 Low,2,1,0.0,4,102.5
scikit-learn,sklearn/linear_model/_glm/tests/__init__.py,7.4,🟢 Low,2,2,0.0,1530,0.0
requests,requests/session.py,7.4,🟢 Low,1,1,0.0,0,19.0
django,tests/properties/models.py,7.4,🟢 Low,3,3,0.0,3264,10.0
scikit-learn,examples/linear_model/plot_lar.py,7.4,🟢 Low,1,1,0.0,0,24.0
scikit-learn,scikits/learn/pyem/tests/generate_tests_data.py,7.4,🟢 Low,1,1,0.0,0,67.0
scikit-learn,scikits/learn/pyem/data/oldfaithful/data.py,7.3,🟢 Low,2,1,0.0,0,39.0
click,examples/imagepipe/setup.py,7.3,🟢 Low,4,3,0.0,2033,13.5
scikit-learn,scikits/learn/src/cblas/atlas_reflvl2.h,7.3,🟢 Low,2,1,0.0,451,2724.0
requests,requests/packages/charade/langcyrillicmodel.py,7.3,🟢 Low,3,1,0.0,113,280.3333333333333
django,tests/testapp/models/custom_columns.py,7.3,🟢 Low,1,1,0.0,0,42.0
scikit-learn,scikits/learn/src/blas/daxpy.c,7.3,🟢 Low,1,1,0.0,0,39.0
click,examples/completion/setup.py,7.3,🟢 Low,1,1,0.0,0,12.0
pytest,py/xmlobj/testing/test_html.py,7.3,🟢 Low,2,2,0.0,6,43.0
pytest,py/code/oldmagic2.py,7.3,🟢 Low,1,1,1.0,0,3.0
scikit-learn,scikits/learn/utils/src/testarff.java,7.2,🟢 Low,1,1,0.0,0,45.0
pytest,py/doc/_build/html/_static/doctools.js,7.2,🟢 Low,1,1,0.0,0,157.0
scikit-learn,scikits/learn/machine/manifold_learning/compression/cost_function/__init__.py,7.2,🟢 Low,1,1,0.0,0,2.0
pytest,py/_cmdline/pywhich.py,7.2,🟢 Low,2,1,0.0,194,14.0
scikit-learn,scikits/learn/src/cblas/ATL_dreftrsvLNU.c,7.2,🟢 Low,2,1,0.0,350,21.0
scikit-learn,sklearn/callback/tests/test_callback_support.py,7.2,🟢 Low,2,1,0.0,65,98.0
scikit-learn,scikits/learn/machine/manifold_learning/compression/NLM/__init__.py,7.2,🟢 Low,1,1,0.0,0,2.0
scikit-learn,examples/plot_label_propagation_structure.py,7.1,🟢 Low,3,1,0.0,0,40.0
rich,tools/emoji_variation_sequences.py,7.1,🟢 Low,1,1,0.0,0,355.0
scikit-learn,examples/em/basic_example3.py,7.1,🟢 Low,1,1,0.0,0,35.0
scikit-learn,scikits/learn/src/linear.h,7.1,🟢 Low,1,1,0.0,0,47.0
scikit-learn,sklearn/linear_model/_glm/tests/test_newton_solver.py,7.1,🟢 Low,1,1,0.0,0,54.0
scikit-learn,examples/plot_lw_vs_oas.py,7.1,🟢 Low,1,1,0.0,0,45.0
scikit-learn,doc/modules/sparsity_benchmark.py,7.0,🟢 Low,1,1,0.0,0,36.0
pytest,py/net/test/test_greensock2.py,7.0,🟢 Low,2,1,0.0,0,103.0
scikit-learn,scikits/learn/decisiontree/src/BDT.cpp,7.0,🟢 Low,1,1,0.0,0,114.0
scikit-learn,doc/themes/scikit-learn/static/parse_path.py,7.0,🟢 Low,1,1,0.0,0,102.0
requests,requests/packages/charade/utf8prober.py,7.0,🟢 Low,2,1,0.0,2,40.0
requests,test_unicode.py,7.0,🟢 Low,1,1,0.0,0,30.0
pytest,pytest/plugin/monkeypatch.py,7.0,🟢 Low,2,1,0.0,26,59.0
pytest,py/net/pipe/fd.py,6.9,🟢 Low,1,1,0.0,0,45.0
scikit-learn,scikits/learn/pyem/pyem/src/c_gden.c,6.9,🟢 Low,2,1,0.0,0,23.0
pytest,py/_plugin/pytest_pylint.py,6.9,🟢 Low,2,1,0.0,194,23.0
django,django/core/db/base.py,6.9,🟢 Low,1,1,0.0,0,28.0
scikit-learn,examples/cluster/plot_bicluster_newsgroups.py,6.9,🟢 Low,2,1,0.0,4,65.0
django,django/conf/urls/comments.py,6.9,🟢 Low,1,1,0.0,0,11.0
scikit-learn,sklearn/src/cblas/ATL_drefger.c,6.8,🟢 Low,1,1,0.0,0,26.0
pytest,doc/example/funcarg/mysetup2/conftest.py,6.8,🟢 Low,2,1,0.0,270,17.0
requests,requests/packages/charade/mbcsgroupprober.py,6.8,🟢 Low,3,1,0.0,113,21.666666666666668
pytest,doc/ja/example/nonpython/conftest.py,6.8,🟢 Low,1,1,0.0,0,28.0
requests,requests/packages/chardet/jpcntx.py,6.8,🟢 Low,6,3,0.0,1775,159.66666666666666
flask,examples/openidexample/openidexample.py,6.8,🟢 Low,1,1,0.0,0,108.0
scikit-learn,examples/decomposition/fa_vs_ppca.py,6.8,🟢 Low,1,1,0.0,0,43.0
scikit-learn,examples/symbolic_features/gender_classifier.py,6.8,🟢 Low,1,1,0.0,0,33.0
scikit-learn,scikits/learn/src/cblas/ATL_dreftrsvUTN.c,6.8,🟢 Low,2,1,0.0,350,22.0
scikit-learn,scikits/learn/pyem/tests/generate_test_data.py,6.8,🟢 Low,1,1,1.0,0,36.0
scikit-learn,scikits/learn/src/cblas/ATL_dreftrsvLNN.c,6.8,🟢 Low,2,1,0.0,350,21.0
scikit-learn,scikits/learn/src/blas/ddot.c,6.8,🟢 Low,1,1,0.0,0,39.0
django,django/utils/unittest/signals.py,6.8,🟢 Low,1,1,1.0,0,43.0
scikit-learn,scikits/learn/utils/math.py,6.8,🟢 Low,1,1,0.0,0,30.0
scikit-learn,scikits/learn/src/cblas/ATL_dreftrsvUNN.c,6.8,🟢 Low,2,1,0.0,350,22.0
pytest,py/std.py,6.8,🟢 Low,1,1,0.0,0,11.0
scikit-learn,scikits/learn/src/cblas/ATL_dreftrsvUNU.c,6.8,🟢 Low,2,1,0.0,350,22.0
scikit-learn,scikits/learn/src/cblas/ATL_dreftrsvUTU.c,6.8,🟢 Low,2,1,0.0,350,22.0
scikit-learn,sklearn/utils/tests/test_bitset.py,6.7,🟢 Low,1,1,0.0,0,55.0
scikit-learn,sklearn/linear_model/sparse/setup.py,6.7,🟢 Low,3,2,0.0,280,9.0
django,django/views/comments/karma.py,6.7,🟢 Low,1,1,0.0,0,24.0
scikit-learn,scikits/learn/src/cblas/cblas.h,6.7,🟢 Low,2,1,0.0,451,488.0
pytest,pytest/plugin/resultlog.py,6.7,🟢 Low,2,1,0.0,26,79.0
pytest,doc/example/funcarg/mysetup2/test_sample.py,6.7,🟢 Low,2,1,0.0,270,4.0
pytest,doc/example/funcarg/mysetup/test_sample.py,6.7,🟢 Low,2,1,0.0,270,4.0
pytest,doc/example/funcarg/mysetup2/test_ssh.py,6.7,🟢 Low,2,1,0.0,270,3.0
scikit-learn,scikits/learn/src/cblas/ATL_dreftrsv.c,6.7,🟢 Low,2,1,0.0,350,67.0
pytest,doc/example/funcarg/mysetup2/myapp.py,6.7,🟢 Low,2,1,0.0,270,3.0
pytest,pytest/plugin/recwarn.py,6.6,🟢 Low,2,1,0.0,26,68.0
scikit-learn,scikits/learn/clustering/tests/test_spectral.py,6.6,🟢 Low,1,1,0.0,0,35.0
scikit-learn,scikits/learn/svm/results.py,6.6,🟢 Low,1,1,0.0,0,18.0
pytest,py/green/server/httpserver.py,6.6,🟢 Low,1,1,0.0,0,28.0
pytest,py/io/test/test_simplecapture.py,6.6,🟢 Low,1,1,0.0,0,57.0
pytest,py/_std.py,6.6,🟢 Low,2,1,0.0,194,11.0
flask,flask/conf.py,6.6,🟢 Low,2,1,0.0,0,40.5
rich,tests/_exception_render.py,6.6,🟢 Low,2,1,0.0,103,1.0
django,tests/regressiontests/resolve_url/tests.py,6.6,🟢 Low,1,1,1.0,0,26.0
scikit-learn,scikits/learn/covariance/base_covariance_.py,6.5,🟢 Low,2,1,0.0,3,40.0
scikit-learn,examples/gpml/plot_gpml_probabilistic_classification_after_regression.py,6.5,🟢 Low,1,1,0.0,0,76.0
scikit-learn,sklearn/externals/_pep562.py,6.5,🟢 Low,1,1,0.0,0,18.0
django,tests/check_framework/urls/include_with_dollar.py,6.5,🟢 Low,4,3,0.0,2327,4.0
scikit-learn,scikits/learn/pyem/data/oldfaithful/src/convert.py,6.5,🟢 Low,1,1,0.0,0,32.0
requests,requests/packages/chardet/sjisprober.py,6.5,🟢 Low,6,3,0.0,1775,52.833333333333336
scikit-learn,examples/symbolic_features/census.py,6.5,🟢 Low,1,1,0.0,0,29.0
pytest,py/test/testing/test_collectonly.py,6.5,🟢 Low,1,1,0.0,0,44.0
scikit-learn,scikits/learn/manifold/scipy_future.py,6.4,🟢 Low,2,1,0.0,0,947.0
scikit-learn,examples/cluster/plot_cocluster_newsgroups.py,6.4,🟢 Low,1,1,0.0,0,31.0
scikit-learn,sklearn/manifold/tests/test_nmds.py,6.4,🟢 Low,2,1,0.0,6,27.0
scikit-learn,scikits/learn/pyem/basic_example2.py,6.4,🟢 Low,1,1,1.0,0,15.0
scikit-learn,scikits/learn/machine/manifold_learning/stats/kernels/gm.py,6.4,🟢 Low,1,1,0.0,0,13.0
scikit-learn,sklearn/datasets/data/__init__.py,6.4,🟢 Low,2,2,0.0,1091,0.0
scikit-learn,sklearn/datasets/images/__init__.py,6.4,🟢 Low,2,2,0.0,1091,0.0
pytest,py/test/testing/test_boxing.py,6.4,🟢 Low,1,1,0.0,0,74.0
scikit-learn,sklearn/covariance/_graph_lasso_.py,6.4,🟢 Low,2,2,0.0,2,297.0
scikit-learn,examples/label_propagation/label_propagation_versus_svm_iris.py,6.4,🟢 Low,2,1,0.0,0,75.0
scikit-learn,sklearn/externals/array_api_compat/__init__.py,6.4,🟢 Low,5,2,0.0,443,2.0
scikit-learn,sklearn/datasets/descr/__init__.py,6.4,🟢 Low,2,2,0.0,1091,0.0
scikit-learn,scikits/learn/machine/manifold_learning/stats/kernels/laplace.py,6.3,🟢 Low,1,1,0.0,0,25.0
scikit-learn,examples/semisupervised/label_propagation_versus_svm_iris.py,6.3,🟢 Low,1,1,0.0,0,62.0
scikit-learn,scikits/learn/precision_recall.py,6.3,🟢 Low,1,1,0.0,0,45.0
scikit-learn,sklearn/tests/test_neighbors.py,6.2,🟢 Low,2,1,0.0,0,178.0
scikit-learn,scikits/learn/machine/manifold_learning/stats/kernels/gaussian.py,6.2,🟢 Low,1,1,0.0,0,23.0
scikit-learn,scikits/learn/datasets/iris/src/convert.py,6.2,🟢 Low,2,1,0.0,0,28.0
pytest,py/green/pipe/mp.py,6.2,🟢 Low,1,1,0.0,0,18.0
scikit-learn,examples/covariance/outlier_detection.py,6.2,🟢 Low,1,1,0.0,0,60.0
rich,rich/cell_string.py,6.2,🟢 Low,3,1,0.0,2,194.33333333333337
scikit-learn,scikits/learn/datasets/pendigits/training/data.py,6.2,🟢 Low,1,1,0.0,0,36.0
scikit-learn,scikits/learn/machine/manifold_learning/regression/neighbors/neighboors.py,6.1,🟢 Low,1,1,1.0,0,74.0
scikit-learn,scikits/learn/machine/manifold_learning/regression/neighboors/neighboors.py,6.1,🟢 Low,1,1,0.0,0,74.0
requests,requests/packages/chardet/langturkishmodel.py,6.1,🟢 Low,1,1,0.0,0,156.0
pytest,py/green/greenexecnet.py,6.1,🟢 Low,1,1,0.0,0,164.0
pytest,py/green/pipe/common.py,6.1,🟢 Low,1,1,0.0,0,36.0
django,django/views/comments/comments.py,6.1,🟢 Low,2,1,0.0,1,263.0
scikit-learn,examples/callbacks/plot_scoring_monitor.py,6.1,🟢 Low,1,1,0.0,0,76.0
scikit-learn,sklearn/utils/tests/test_spanning_tree.py,6.1,🟢 Low,1,1,0.0,0,42.0
scikit-learn,scikits/learn/src/cblas/cblas_scopy.c,6.1,🟢 Low,2,1,0.0,283,18.0
scikit-learn,sklearn/externals/array_api_compat/numpy/__init__.py,6.1,🟢 Low,4,2,0.0,443,14.75
scikit-learn,scikits/learn/src/cblas/cblas_dtpsv.c,6.1,🟢 Low,1,1,0.0,0,44.0
scikit-learn,scikits/learn/src/cblas/cblas_dscal.c,6.1,🟢 Low,2,1,0.0,451,72.0
scikit-learn,sklearn/externals/array_api_compat/torch/__init__.py,6.1,🟢 Low,4,2,0.0,443,15.5
scikit-learn,scikits/learn/datasets/pendigits/pendigits.py,6.0,🟢 Low,2,1,0.0,0,10269.0
pytest,py/green/pipe/fd.py,6.0,🟢 Low,1,1,0.0,0,45.0
scikit-learn,scikits/learn/covariance/tests/test_ledoit_wolf.py,6.0,🟢 Low,2,1,0.0,0,19.5
scikit-learn,scikits/learn/neighbors/src/BallTree.h,6.0,🟢 Low,1,1,0.0,0,342.0
pytest,py/_compat/dep_textwrap.py,6.0,🟢 Low,2,1,0.0,194,4.0
requests,requests/packages/charade/big5prober.py,6.0,🟢 Low,2,1,0.0,2,12.0
requests,requests/packages/charade/gb2312prober.py,6.0,🟢 Low,2,1,0.0,2,12.0
requests,requests/packages/charade/euctwprober.py,6.0,🟢 Low,2,1,0.0,2,12.0
requests,requests/packages/charade/euckrprober.py,6.0,🟢 Low,2,1,0.0,2,12.0
pytest,py/_compat/dep_doctest.py,6.0,🟢 Low,2,1,0.0,194,4.0
pytest,py/_compat/dep_optparse.py,6.0,🟢 Low,2,1,0.0,194,3.0
scikit-learn,sklearn/externals/array_api_compat/dask/array/_aliases.py,6.0,🟢 Low,3,2,0.0,286,229.66666666666663
scikit-learn,benchmarks/bench_isolation_forest_predict.py,6.0,🟢 Low,1,1,0.0,0,132.0
scikit-learn,benchmarks/bench_kernel_pca_solvers_time_vs_n_samples.py,6.0,🟢 Low,6,4,0.0,1748,94.83333333333331
scikit-learn,doc/themes/scikit-learn/static/jquery.maphilight.js,6.0,🟢 Low,2,1,0.0,6,296.0
pytest,py/_compat/dep_subprocess.py,6.0,🟢 Low,2,1,0.0,194,4.0
scikit-learn,scikits/learn/src/cblas/ATL_srefcopy.c,5.9,🟢 Low,2,1,0.0,283,46.0
scikit-learn,examples/svc_pca.py,5.9,🟢 Low,1,1,0.0,0,30.0
pytest,py/_plugin/pytest_tmpdir.py,5.9,🟢 Low,2,1,0.0,194,5.0
django,examples/views.py,5.9,🟢 Low,1,1,0.0,0,11.0
scikit-learn,scikits/learn/neighbors/src/BallTree.cpp,5.9,🟢 Low,1,1,0.0,0,668.0
scikit-learn,scikits/learn/pyem/data/iris/src/convert.py,5.9,🟢 Low,1,1,0.0,0,28.0
scikit-learn,sklearn/externals/array_api_compat/_internal.py,5.9,🟢 Low,3,2,0.0,286,23.0
scikit-learn,doc/themes/scikit-learn/static/svg2imagemap.py,5.9,🟢 Low,1,1,0.0,0,54.0
scikit-learn,scikits/learn/datasets/pendigits/testing/data.py,5.9,🟢 Low,1,1,0.0,0,36.0
scikit-learn,sklearn/pls/tests/test_pls.py,5.8,🟢 Low,1,1,0.0,0,174.0
scikit-learn,scikits/learn/cro.py,5.8,🟢 Low,1,1,0.0,0,57.0
pytest,pytest/plugin/_pytest.py,5.8,🟢 Low,2,1,0.0,1,104.0
pytest,py/test/testing/test_executor.py,5.8,🟢 Low,1,1,0.0,0,143.0
scikit-learn,sklearn/callback/tests/_utils.py,5.8,🟢 Low,2,1,0.0,65,296.0
scikit-learn,examples/em/discriminant_analysis.py,5.8,🟢 Low,1,1,0.0,0,72.0
scikit-learn,examples/plot_lena_segmentation.py,5.8,🟢 Low,2,1,0.0,0,23.0
requests,requests/packages/chardet/__init__.py,5.7,🟢 Low,6,3,0.0,1775,10.166666666666666
pytest,doc/ja/example/xfail_demo.py,5.7,🟢 Low,1,1,0.0,0,19.0
scikit-learn,examples/tutorial/_plot_pca_3d_mayavi.py,5.7,🟢 Low,1,1,0.0,0,48.0
scikit-learn,scikits/learn/pyem/basic_example1.py,5.7,🟢 Low,1,1,1.0,0,14.0
django,tests/comment_tests/tests/app_api_tests.py,5.7,🟢 Low,2,1,0.0,0,59.0
scikit-learn,sklearn/manifold/_classical_mds.py,5.7,🟢 Low,1,1,0.0,0,58.0
scikit-learn,scikits/learn/ga/examples.py,5.7,🟢 Low,2,1,0.0,0,31.0
django,django/contrib/gis/tests/test_gdal_srs.py,5.7,🟢 Low,1,1,0.0,0,144.0
pytest,doc/example/funcarg/costlysetup/conftest.py,5.7,🟢 Low,2,1,0.0,270,13.0
pytest,doc/example/funcarg/parametrize/test_parametrize.py,5.7,🟢 Low,2,1,0.0,270,13.0
scikit-learn,data/labeled_faces_wild/fetch_data.py,5.7,🟢 Low,1,1,0.0,0,16.0
django,django/contrib/admin/static/admin/js/vendor/select2/select2.full.js,5.7,🟢 Low,3,2,0.0,1090,6229.0
scikit-learn,doc/sphinxext/sphinx_gallery/gen_rst.py,5.7,🟢 Low,6,1,0.0,498,376.6666666666667
django,tests/testapp/models/m2m_multiple.py,5.7,🟢 Low,1,1,0.0,0,82.0
scikit-learn,examples/cluster/spectral_coclustering.py,5.7,🟢 Low,1,1,0.0,0,21.0
scikit-learn,sklearn/utils/_logistic_sigmoid.c,5.7,🟢 Low,2,2,0.0,5,3789.5
django,django/core/checks/compatibility/base.py,5.7,🟢 Low,1,1,1.0,0,18.0
pytest,doc/example/funcarg/parametrize/test_parametrize3.py,5.6,🟢 Low,2,1,0.0,270,9.0
scikit-learn,scikits/learn/datasets/pendigits/data.py,5.6,🟢 Low,2,1,0.0,0,119.0
scikit-learn,examples/em/expectation.py,5.6,🟢 Low,1,1,0.0,0,22.0
pytest,_py/rest/directive.py,5.6,🟢 Low,1,1,0.0,0,93.0
scikit-learn,examples/em/basic_example2.py,5.6,🟢 Low,1,1,0.0,0,14.0
pytest,_py/test/session.py,5.6,🟢 Low,1,1,0.0,0,99.0
scikit-learn,sklearn/manifold/tests/test_spectra_embedding.py,5.6,🟢 Low,2,1,0.5,59,65.0
pytest,doc/example/genhtml.py,5.6,🟢 Low,2,1,0.0,270,8.0
scikit-learn,examples/plot_segmentation_toy.py,5.6,🟢 Low,1,1,0.0,0,44.0
scikit-learn,examples/em/plotexamples.py,5.6,🟢 Low,1,1,0.0,0,22.0
requests,requests/packages/chardet2/utf8prober.py,5.5,🟢 Low,1,1,0.0,0,42.0
scikit-learn,sklearn/src/cblas/cblas_dgemv.c,5.5,🟢 Low,1,1,0.0,0,62.0
scikit-learn,examples/em/pdfestimation1d.py,5.5,🟢 Low,1,1,0.0,0,40.0
scikit-learn,examples/semisupervised/plot_label_propagation_digits_active_learning.py,5.5,🟢 Low,1,1,0.0,0,46.0
scikit-learn,scikits/learn/pyem/examples/plotexamples.py,5.4,🟢 Low,1,1,0.0,0,25.0
scikit-learn,doc/tutorial/text_analytics/solutions/exercise_04_face_recognition.py,5.4,🟢 Low,2,1,0.0,4,66.0
scikit-learn,scikits/learn/machine/manifold_learning/compression/cost_function/modifiedCompression.h,5.4,🟢 Low,1,1,0.0,0,96.0
pytest,_py/test/dist/txnode.py,5.4,🟢 Low,1,1,0.0,0,117.0
click,tests/test_custom_classes.py,5.4,🟢 Low,1,1,0.0,0,63.0
pytest,py/path/gateway/__init__.py,5.4,🟢 Low,1,1,0.0,0,0.0
pytest,py/green/test/test_greensock2.py,5.4,🟢 Low,1,1,0.0,0,106.0
pytest,pytest/plugin/pdb.py,5.4,🟢 Low,2,1,0.0,26,62.0
scikit-learn,examples/em/utils.py,5.4,🟢 Low,1,1,0.0,0,24.0
scikit-learn,examples/em/regularized_example.py,5.4,🟢 Low,1,1,0.0,0,32.0
django,tests/generic_views/dates.py,5.4,🟢 Low,2,1,0.0,0,465.0
scikit-learn,sklearn/externals/array_api_compat/numpy/_info.py,5.4,🟢 Low,4,2,0.0,443,132.0
scikit-learn,examples/semisupervised/plot_label_propagation_digits.py,5.4,🟢 Low,1,1,0.0,0,38.0
django,tests/view_tests/tests/specials.py,5.3,🟢 Low,1,1,0.0,0,14.0
scikit-learn,scikits/learn/linear_model/stochastic_gradient/setup.py,5.3,🟢 Low,2,1,0.0,0,23.0
scikit-learn,sklearn/src/cblas/ATL_drefgemv.c,5.3,🟢 Low,1,1,0.0,0,26.0
scikit-learn,scikits/learn/linear_model/stochastic_gradient/sparse/__init__.py,5.3,🟢 Low,2,1,0.0,0,1.0
scikit-learn,scikits/learn/machine/manifold_learning/compression/NLM/cost_function.py,5.3,🟢 Low,1,1,0.0,0,30.0
scikit-learn,examples/gmm/gmm_classifier.py,5.3,🟢 Low,1,1,0.0,0,66.0
django,tests/comment_tests/tests/feed_tests.py,5.3,🟢 Low,2,1,0.0,0,38.0
scikit-learn,scikits/learn/src/cblas/cblas_dnrm2.c,5.3,🟢 Low,2,1,0.0,451,102.0
rich,rich/_palette.py,5.3,🟢 Low,1,1,0.0,0,300.0
scikit-learn,scikits/learn/src/cblas/atlas_refmisc.h,5.3,🟢 Low,2,1,0.0,451,2.0
scikit-learn,sklearn/externals/array_api_compat/numpy/_typing.py,5.3,🟢 Low,3,2,0.0,286,27.666666666666668
scikit-learn,sklearn/externals/array_api_compat/dask/array/linalg.py,5.3,🟢 Low,4,2,0.0,443,43.75
click,tests/test_utils_2/test_prompt.py,5.3,🟢 Low,2,1,0.0,0,28.0
scikit-learn,sklearn/src/cblas/cblas_dger.c,5.3,🟢 Low,1,1,0.0,0,44.0
scikit-learn,solutions/generate_skeletons.py,5.3,🟢 Low,1,1,0.0,0,26.0
scikit-learn,examples/out_of_core_classification.py,5.3,🟢 Low,2,1,0.0,0,71.0
pytest,testing/plugin/test_pytest_keyword.py,5.3,🟢 Low,2,1,0.5,11,111.0
scikit-learn,scikits/learn/src/cblas/ATL_srefrot.c,5.2,🟢 Low,2,1,0.0,283,51.0
pytest,py/test/testing/test_session2.py,5.2,🟢 Low,1,1,0.0,0,252.0
scikit-learn,scikits/learn/machine/manifold_learning/matrix/matrix_traits.h,5.2,🟢 Low,1,1,0.0,0,83.0
requests,requests/packages/chardet/utf8prober.py,5.2,🟢 Low,5,3,0.0,1775,41.8
pytest,py/test/tkinter/testing/test_capture_out_err.py,5.2,🟢 Low,2,1,0.0,0,18.0
scikit-learn,scikits/learn/pyem/pyem/tests/test_kmean.py,5.2,🟢 Low,1,1,0.0,0,30.0
requests,requests/packages/chardet2/eucjpprober.py,5.2,🟢 Low,1,1,0.0,0,51.0
requests,requests/packages/chardet2/sjisprober.py,5.2,🟢 Low,1,1,0.0,0,51.0
scikit-learn,doc/sphinxext/sphinx_gallery/docs_resolv.py,5.2,🟢 Low,4,1,0.0,498,287.5
scikit-learn,examples/plot_scalable_poly_kernels.py,5.2,🟢 Low,1,1,0.0,0,76.0
scikit-learn,sklearn/datasets/cal_housing.py,5.2,🟢 Low,1,1,0.0,0,40.0
pytest,py/xmlobj/xmlgen.py,5.1,🟢 Low,1,1,0.0,0,191.0
django,django/conf/app_template/models/app_name.py,5.1,🟢 Low,1,1,0.0,0,1.0
requests,requests/packages/chardet/universaldetector.py,5.1,🟢 Low,6,3,0.0,1775,117.66666666666669
django,django/contrib/gis/db/backend/postgis/management.py,5.1,🟢 Low,1,1,0.0,0,36.0
pytest,py/misc/_maketest2.py,5.1,🟢 Low,1,1,0.0,0,38.0
scikit-learn,sklearn/ball_tree.c,5.1,🟢 Low,3,2,0.0,1,6321.0
django,django/core/db/dicthelpers.py,5.1,🟢 Low,1,1,0.0,0,17.0
scikit-learn,doc/sphinxext/sphinx_gallery/notebook.py,5.1,🟢 Low,4,1,0.0,498,97.25
django,django/contrib/comments/models/__init__.py,5.1,🟢 Low,1,1,0.0,0,1.0
scikit-learn,solutions/languages.py,5.1,🟢 Low,1,1,0.0,0,33.0
scikit-learn,sklearn/externals/joblib/externals/loky/backend/synchronize.py,5.1,🟢 Low,1,1,0.0,0,250.0
requests,requests/packages/charade/mbcharsetprober.py,5.1,🟢 Low,2,1,0.0,2,48.0
django,django/contrib/gis/sitemaps.py,5.1,🟢 Low,1,1,0.0,0,37.0
scikit-learn,examples/plot_meanshift.py,5.1,🟢 Low,1,1,0.0,0,32.0
scikit-learn,scikits/learn/machine/manifold_learning/regression/neighbors/neighbors.cpp,5.0,🟢 Low,1,1,1.0,0,28.0
scikit-learn,scikits/learn/machine/manifold_learning/regression/neighbors/neighboors.cpp,5.0,🟢 Low,1,1,1.0,0,28.0
pytest,_py/rest/latex.py,5.0,🟢 Low,1,1,0.0,0,141.0
scikit-learn,scikits/learn/machine/manifold_learning/regression/neighboors/neighboors.cpp,5.0,🟢 Low,1,1,0.0,0,28.0
scikit-learn,scikits/learn/pyem/profile_data/blop.c,5.0,🟢 Low,1,1,0.0,0,28.0
rich,rich/_style_table.py,5.0,🟢 Low,1,1,0.0,0,514.0
pytest,_py/rest/convert.py,5.0,🟢 Low,1,1,0.0,0,142.0
click,examples/aliases/setup.py,5.0,🟢 Low,4,3,0.0,2112,13.0
pytest,example/funcarg/parametrize/test_parametrize2.py,5.0,🟢 Low,2,1,0.0,515,16.0
requests,requests/packages/charade/codingstatemachine.py,5.0,🟢 Low,2,1,0.0,2,25.5
click,examples/validation/setup.py,5.0,🟢 Low,4,3,0.0,2112,13.0
pytest,_py/path/svnurl.py,5.0,🟢 Low,1,1,0.0,0,266.0
scikit-learn,examples/tutorial/plot_lena_ward.py,4.9,🟢 Low,1,1,0.0,0,15.0
scikit-learn,doc/tutorial/text_analytics/skeletons/exercise_04_face_recognition.py,4.9,🟢 Low,2,1,0.0,4,51.0
scikit-learn,examples/cluster/spectral_biclustering.py,4.9,🟢 Low,1,1,0.0,0,26.0
scikit-learn,examples/plot_digits_classification_exercise.py,4.9,🟢 Low,1,1,0.0,0,13.0
scikit-learn,sklearn/utils/_graph_validation.py,4.9,🟢 Low,1,1,0.0,0,46.0
scikit-learn,scikits/learn/clustering/spectral.py,4.9,🟢 Low,1,1,0.0,0,64.0
pytest,py/test/rsession/report.py,4.9,🟢 Low,2,1,0.0,0,87.0
scikit-learn,sklearn/metrics/_euclidean_fast.c,4.9,🟢 Low,1,1,0.0,0,6238.0
rich,rich/abc.py,4.9,🟢 Low,2,1,0.0,0,15.0
pytest,py/execnet/conftest.py,4.8,🟢 Low,1,1,1.0,0,8.0
rich,rich/tui/bus.py,4.8,🟢 Low,2,1,0.0,1,50.0
scikit-learn,sklearn/externals/array_api_compat/torch/_aliases.py,4.8,🟢 Low,5,2,0.0,443,594.2
scikit-learn,scikits/learn/src/cblas/cblas_dcopy.c,4.8,🟢 Low,2,1,0.0,350,18.0
pytest,pytest/plugin/pytest_terminal.py,4.8,🟢 Low,2,1,0.5,3,329.0
scikit-learn,sklearn/src/cblas/ATL_drefgemvN.c,4.8,🟢 Low,1,1,0.0,0,27.0
scikit-learn,scikits/learn/check_build/_check_build.c,4.8,🟢 Low,2,2,0.0,8,696.0
pytest,testing/plugin/test_restdoc.py,4.8,🟢 Low,1,1,0.0,0,85.0
scikit-learn,scikits/learn/decisiontree/src/BDT.h,4.8,🟢 Low,1,1,0.0,0,38.0
scikit-learn,scikits/learn/feature_select/tests/test_feature_select.py,4.8,🟢 Low,1,1,0.0,0,157.0
scikit-learn,sklearn/src/cblas/ATL_drefgemvT.c,4.8,🟢 Low,1,1,0.0,0,27.0
scikit-learn,scikits/learn/clustering/k_means_.py,4.7,🟢 Low,2,1,0.0,0,41.5
django,media/js/SelectFilter.js,4.7,🟢 Low,1,1,0.0,0,64.0
rich,examples/status.py,4.7,🟢 Low,2,1,0.0,0,10.0
django,django/conf/app_template/models/__init__.py,4.7,🟢 Low,1,1,0.0,0,1.0
django,tests/modeltests/invalid_models/__init__.py,4.7,🟢 Low,1,1,0.0,0,0.0
django,tests/regressiontests/forms/localflavor/si.py,4.7,🟢 Low,1,1,1.0,0,80.0
scikit-learn,sklearn/externals/array_api_extra/_lib/_at.py,4.7,🟢 Low,5,1,0.0,443,191.0
pytest,py/execnet/testing/test_basics.py,4.7,🟢 Low,1,1,0.0,0,190.0
scikit-learn,scikits/learn/src/cblas/ATL_srefrotg.c,4.7,🟢 Low,2,1,0.0,283,28.0
scikit-learn,scikits/learn/src/cblas/ATL_drefcopy.c,4.7,🟢 Low,2,1,0.0,350,46.0
scikit-learn,scikits/learn/pyem/pyem/_c_densities.py,4.6,🟢 Low,2,1,0.0,0,101.5
pytest,testing/plugin/test_monkeypatch.py,4.6,🟢 Low,2,1,0.0,33,125.0
scikit-learn,scikits/learn/gpml/gaussian_process_model.py,4.6,🟢 Low,2,1,0.0,0,293.0
pytest,py/test/tkinter/backend.py,4.6,🟢 Low,2,1,0.0,0,193.5
scikit-learn,scikits/learn/datasets/nwis/nwis.py,4.6,🟢 Low,1,1,0.0,0,132.0
scikit-learn,sklearn/metrics/_plot/__init__.py,4.6,🟢 Low,2,2,0.0,1810,0.0
pytest,pytest/plugin/pytest_junitxml.py,4.6,🟢 Low,2,1,0.0,3,142.0
scikit-learn,scikits/learn/pyem/densities2.py,4.6,🟢 Low,2,1,0.0,0,133.0
requests,requests/packages/chardet2/big5prober.py,4.6,🟢 Low,1,1,0.0,0,12.0
requests,requests/packages/chardet2/gb2312prober.py,4.6,🟢 Low,1,1,0.0,0,12.0
requests,requests/packages/chardet2/euctwprober.py,4.6,🟢 Low,1,1,0.0,0,12.0
requests,requests/packages/chardet2/euckrprober.py,4.6,🟢 Low,1,1,0.0,0,12.0
scikit-learn,examples/hmm_stock_analysis.py,4.6,🟢 Low,3,2,0.0,1,56.0
requests,requests/packages/chardet/big5freq.py,4.5,🟢 Low,4,3,0.0,1775,608.5
scikit-learn,examples/label_propagation_versus_svm_iris.py,4.5,🟢 Low,2,1,0.0,1,63.0
scikit-learn,sklearn/externals/array_api_compat/torch/linalg.py,4.5,🟢 Low,3,2,0.0,286,69.33333333333333
django,examples/hello/urls.py,4.5,🟢 Low,1,1,0.0,0,9.0
scikit-learn,scikits/learn/src/cblas/cblas_errprn.c,4.5,🟢 Low,2,1,0.0,451,14.0
flask,examples/openidexample/simpleopenid.py,4.5,🟢 Low,1,1,0.0,0,60.0
django,examples/hello/views.py,4.5,🟢 Low,1,1,0.0,0,49.0
scikit-learn,scikits/learn/tree/tests/test_decision_tree.py,4.5,🟢 Low,1,1,0.0,0,35.0
cli,httpie/pygson.py,4.5,🟢 Low,1,1,0.0,0,45.0
django,media/js/timeparse.js,4.5,🟢 Low,1,1,0.0,0,86.0
scikit-learn,examples/em/basic_example1.py,4.5,🟢 Low,1,1,0.0,0,14.0
pytest,py/test/tkinter/reportsession.py,4.5,🟢 Low,2,1,0.0,0,37.0
requests,requests/packages/chardet2/escprober.py,4.5,🟢 Low,1,1,0.0,0,47.0
requests,requests/packages/chardet/mbcsgroupprober.py,4.5,🟢 Low,4,3,0.0,1775,21.5
pytest,py/test/rsession/testing/test_outcome.py,4.4,🟢 Low,2,1,0.0,0,38.0
pytest,testing/plugin/test_recwarn.py,4.4,🟢 Low,2,1,0.0,33,66.0
scikit-learn,sklearn/inspection/_plot/__init__.py,4.4,🟢 Low,2,2,0.0,1616,0.0
scikit-learn,sklearn/externals/array_api_compat/numpy/linalg.py,4.4,🟢 Low,4,2,0.0,443,101.0
requests,requests/packages/chardet2/mbcharsetprober.py,4.4,🟢 Low,1,1,0.0,0,46.0
requests,requests/packages/chardet2/charsetgroupprober.py,4.4,🟢 Low,1,1,0.0,0,61.0
flask,src/flask/__main__.py,4.4,🟢 Low,4,1,0.0,608,2.3333333333333335
click,tests/typing/typing_prompt.py,4.4,🟢 Low,1,1,0.0,0,24.0
scikit-learn,scikits/learn/datasets/nwis/data.py,4.4,🟢 Low,1,1,0.0,0,29.0
scikit-learn,examples/applications/outlier_detection_boston_housing.py,4.4,🟢 Low,1,1,0.0,0,64.0
scikit-learn,examples/em/pdfestimation.py,4.4,🟢 Low,1,1,0.0,0,29.0
scikit-learn,scikits/learn/pyem/data/pendigits/src/convert.py,4.3,🟢 Low,1,1,0.0,0,19.0
scikit-learn,skeletons/exercise_01_language_train_model.py,4.3,🟢 Low,4,2,0.0,356,21.333333333333332
scikit-learn,examples/tutorial/plot_iris_exercice.py,4.3,🟢 Low,1,1,0.0,0,42.0
scikit-learn,scikits/learn/feature_agglomeration/feature_agglomeration.py,4.3,🟢 Low,1,1,0.0,0,32.0
pytest,doc/ja/example/assertion/test_setup_flow_example.py,4.3,🟢 Low,1,1,0.0,0,17.0
scikit-learn,scikits/learn/machine/em2/setup.py,4.3,🟢 Low,1,1,0.0,0,16.0
pytest,py/path/cacheutil.py,4.3,🟢 Low,1,1,0.0,0,69.0
django,django/contrib/gis/geos/geometries.py,4.3,🟢 Low,1,1,0.0,0,242.0
scikit-learn,doc/tutorial/text_analytics/tutorial/sphinxtoghpages.py,4.3,🟢 Low,2,1,0.0,4,249.0
scikit-learn,scikits/learn/machine/manifold_learning/matrix/diagonal_matrix_lib.h,4.3,🟢 Low,1,1,0.0,0,77.0
pytest,py/c-extension/greenlet/switch_mips_unix.h,4.3,🟢 Low,1,1,1.0,0,19.0
pytest,py/cmdline/testing/test_convert_unittest.py,4.2,🟢 Low,1,1,0.0,0,341.0
scikit-learn,sklearn/externals/array_api_extra/_delegation.py,4.2,🟢 Low,5,1,0.0,443,139.8
scikit-learn,sklearn/externals/joblib/_memmapping_reducer.py,4.2,🟢 Low,1,1,0.0,0,210.0
pytest,testing/plugin/test_capture.py,4.2,🟢 Low,2,1,0.0,33,349.0
scikit-learn,scikits/learn/src/cblas/ATL_sreftrsvLTU.c,4.2,🟢 Low,2,1,0.0,283,23.0
scikit-learn,scikits/learn/src/cblas/ATL_sreftrsvLTN.c,4.2,🟢 Low,2,1,0.0,283,23.0
scikit-learn,scikits/learn/src/cblas/ATL_sreftrsv.c,4.2,🟢 Low,2,1,0.0,283,67.0
requests,requests/packages/urllib3/packages/mimetools_choose_boundary/__init__.py,4.2,🟢 Low,1,1,0.0,0,29.0
scikit-learn,scikits/learn/datasets/nwis/src/convert.py,4.2,🟢 Low,1,1,0.0,0,17.0
scikit-learn,doc/tutorial/text_analytics/tutorial/conf.py,4.2,🟢 Low,2,1,0.0,4,28.0
django,django-docs/build.py,4.2,🟢 Low,1,1,0.0,0,36.0
scikit-learn,scikits/learn/metrics/tests/test_check_pairwise_arrays.py,4.2,🟢 Low,1,1,1.0,0,37.0
scikit-learn,scikits/learn/src/cblas/ATL_drefrot.c,4.1,🟢 Low,2,1,0.0,350,51.0
requests,requests/packages/chardet/gb2312freq.py,4.1,🟢 Low,4,3,0.0,1775,332.5
scikit-learn,scikits/learn/src/cblas/ATL_sreftrsvUTN.c,4.1,🟢 Low,2,1,0.0,283,22.0
django,media/js/admin/CollapsedFieldsets.js,4.1,🟢 Low,1,1,0.0,0,57.0
scikit-learn,scikits/learn/src/cblas/ATL_sreftrsvUNU.c,4.1,🟢 Low,2,1,0.0,283,22.0
scikit-learn,scikits/learn/src/cblas/ATL_sreftrsvUNN.c,4.1,🟢 Low,2,1,0.0,283,22.0
scikit-learn,doc/sphinxext/docscrape_sphinx.py,4.1,🟢 Low,1,1,0.0,0,191.0
django,tests/special_headers/tests.py,4.1,🟢 Low,2,1,0.0,0,57.0
scikit-learn,scikits/learn/src/cblas/ATL_sreftrsvUTU.c,4.1,🟢 Low,2,1,0.0,283,22.0
scikit-learn,scikits/learn/src/cblas/ATL_sreftrsvLNU.c,4.1,🟢 Low,2,1,0.0,283,21.0
django,tests/generic_views/detail.py,4.1,🟢 Low,2,1,0.0,0,83.0
scikit-learn,scikits/learn/src/cblas/ATL_sreftrsvLNN.c,4.1,🟢 Low,2,1,0.0,283,21.0
scikit-learn,scikits/learn/meanshift.py,4.1,🟢 Low,1,1,0.0,0,52.0
scikit-learn,scikits/learn/pyem/test_reg.py,4.1,🟢 Low,1,1,0.0,0,17.0
django,examples/manage.py,4.1,🟢 Low,1,1,0.0,0,9.0
django,tests/testapp/models/or_lookups.py,4.1,🟢 Low,1,1,1.0,0,46.0
scikit-learn,sklearn/externals/array_api_compat/common/_linalg.py,4.0,🟢 Low,4,2,0.0,443,154.25
scikit-learn,scikits/learn/tree_model/classifier.py,4.0,🟢 Low,1,1,0.0,0,39.0
rich,examples/overflow.py,4.0,🟢 Low,2,1,0.0,0,9.0
scikit-learn,scikits/learn/ball_tree.c,4.0,🟢 Low,2,2,0.0,1,6388.0
scikit-learn,sklearn/externals/joblib/externals/loky/backend/semlock.py,4.0,🟢 Low,1,1,0.0,0,198.0
django,tests/compat_checks/tests.py,3.9,🟢 Low,1,1,0.0,0,68.0
requests,requests/packages/chardet/escprober.py,3.9,🟢 Low,4,3,0.0,1775,51.0
pytest,py/apigen/api.js,3.9,🟢 Low,2,1,0.0,1,10.5
scikit-learn,examples/semisupervised/plot_label_propagation_versus_svm_iris.py,3.9,🟢 Low,1,1,0.0,0,40.0
requests,requests/packages/chardet2/sbcsgroupprober.py,3.8,🟢 Low,1,1,0.0,0,35.0
django,django/utils/simplejson/jsonfilter.py,3.8,🟢 Low,1,1,1.0,0,35.0
scikit-learn,scikits/learn/linear_model/stochastic_gradient/base.py,3.8,🟢 Low,2,1,0.0,0,101.0
django,django/db/backends/ado_mssql/client.py,3.8,🟢 Low,1,1,0.0,0,2.0
scikit-learn,scikits/learn/machine/manifold_learning/stats/gm.py,3.8,🟢 Low,1,1,0.0,0,16.0
django,tests/modeltests/repr/models.py,3.8,🟢 Low,1,1,0.0,0,18.0
scikit-learn,sklearn/externals/array_api_compat/torch/fft.py,3.8,🟢 Low,4,2,0.0,443,69.5
scikit-learn,sklearn/datasets/_svmlight_format.py,3.8,🟢 Low,1,1,0.0,0,177.0
django,django/views/comments/userflags.py,3.8,🟢 Low,1,1,0.0,0,61.0
scikit-learn,sklearn/externals/array_api_extra/__init__.py,3.7,🟢 Low,5,1,0.0,443,39.0
scikit-learn,scikits/learn/src/cblas/ATL_drefrotg.c,3.7,🟢 Low,2,1,0.0,350,28.0
scikit-learn,scikits/learn/feature_selection/univ_scores.py,3.7,🟢 Low,1,1,0.0,0,19.0
scikit-learn,sklearn/cross_decomposition/_cca_.py,3.7,🟢 Low,1,1,0.0,0,10.0
pytest,py/io/test/test_fdcapture.py,3.7,🟢 Low,1,1,0.0,0,51.0
django,django/newforms/formsets.py,3.7,🟢 Low,1,1,0.0,0,185.0
pytest,testing/plugin/test_doctest.py,3.7,🟢 Low,2,1,0.0,33,97.0
scikit-learn,scikits/learn/tree_model/normalise.py,3.7,🟢 Low,1,1,0.0,0,64.0
pytest,py/path/__init__.py,3.6,🟢 Low,2,2,0.0,11,0.0
pytest,py/execnet/__init__.py,3.6,🟢 Low,2,2,0.0,11,0.0
pytest,py/magic/__init__.py,3.6,🟢 Low,2,2,0.0,11,0.0
pytest,py/process/__init__.py,3.6,🟢 Low,2,2,0.0,11,0.0
pytest,py/net/pipelayer.py,3.6,🟢 Low,1,1,0.0,0,244.0
scikit-learn,scikits/learn/src/cblas/ATL_dreftpsvLTU.c,3.6,🟢 Low,1,1,0.0,0,23.0
scikit-learn,scikits/learn/src/cblas/ATL_dreftpsvUTU.c,3.6,🟢 Low,1,1,0.0,0,22.0
scikit-learn,scikits/learn/src/cblas/ATL_dreftpsvLNN.c,3.6,🟢 Low,1,1,0.0,0,22.0
scikit-learn,scikits/learn/src/cblas/ATL_dreftpsvLNU.c,3.6,🟢 Low,1,1,0.0,0,22.0
scikit-learn,scikits/learn/src/cblas/ATL_dreftpsvLTN.c,3.6,🟢 Low,1,1,0.0,0,23.0
scikit-learn,examples/tutorial/plot_svm_iris.py,3.6,🟢 Low,1,1,1.0,0,26.0
scikit-learn,scikits/learn/pyem/pyem/setup.py,3.6,🟢 Low,1,1,0.0,0,21.0
scikit-learn,scikits/learn/src/cblas/ATL_dreftpsvUNN.c,3.6,🟢 Low,1,1,0.0,0,23.0
scikit-learn,scikits/learn/src/cblas/ATL_dreftpsvUTN.c,3.6,🟢 Low,1,1,0.0,0,22.0
requests,backup.py,3.6,🟢 Low,3,1,0.0,2,239.0
scikit-learn,scikits/learn/src/cblas/ATL_dreftpsvUNU.c,3.6,🟢 Low,1,1,0.0,0,23.0
scikit-learn,sklearn/utils/large_scale.c,3.5,🟢 Low,1,1,0.0,0,4560.0
scikit-learn,examples/semisupervised/plot_label_propagation_structure.py,3.5,🟢 Low,1,1,0.0,0,40.0
scikit-learn,sklearn/externals/array_api_compat/cupy/_aliases.py,3.5,🟢 Low,4,2,0.0,443,132.75
scikit-learn,scikits/learn/machine/manifold_learning/regression/PCA.py,3.5,🟢 Low,1,1,0.0,0,18.0
requests,requests/packages/oauthlib/oauth2/draft25/utils.py,3.5,🟢 Low,1,1,0.0,0,17.0
django,tests/generic_views/edit.py,3.5,🟢 Low,2,1,0.0,0,262.0
django,tests/generic_views/base.py,3.5,🟢 Low,2,1,0.0,0,240.0
scikit-learn,scikits/learn/src/cblas/cblas_xerbla.c,3.5,🟢 Low,2,1,0.0,451,17.0
scikit-learn,scikits/learn/src/cblas/cblas_ddot.c,3.5,🟢 Low,2,1,0.0,451,36.0
scikit-learn,sklearn/preprocessing/src/_preprocessing.c,3.5,🟢 Low,3,2,0.0,1,3196.0
click,tests/test_utils_2/test_style.py,3.5,🟢 Low,1,1,0.0,0,48.0
scikit-learn,scikits/learn/src/minilearn.c,3.4,🟢 Low,1,1,1.0,0,2508.0
scikit-learn,scikits/learn/univariate_selection.py,3.4,🟢 Low,1,1,0.0,0,73.0
django,django/utils/unittest/runner.py,3.4,🟢 Low,1,1,1.0,0,166.0
scikit-learn,scikits/learn/machine/manifold_learning/stats/laplace.py,3.4,🟢 Low,1,1,0.0,0,47.0
scikit-learn,examples/cluster/plot_adjustment_for_chance.py,3.4,🟢 Low,1,1,0.0,0,62.0
scikit-learn,scikits/learn/src/linear.cpp,3.4,🟢 Low,2,1,0.0,2,1754.0
pytest,pytest/plugin/pytest_default.py,3.4,🟢 Low,1,1,0.0,0,63.0
scikit-learn,scikits/learn/glm/sparse/src/cd_fast.c,3.4,🟢 Low,1,1,0.0,0,3521.0
requests,requests/packages/oauthlib/oauth1/rfc5849/utils.py,3.4,🟢 Low,1,1,0.0,0,47.0
scikit-learn,scikits/learn/machine/manifold_learning/stats/gaussian.py,3.4,🟢 Low,1,1,0.0,0,47.0
scikit-learn,examples/tutorial/plot_iris_dataset_3class.py,3.3,🟢 Low,2,1,0.0,3,19.0
pytest,py/test/host.py,3.3,🟢 Low,1,1,0.0,0,32.0
scikit-learn,doc/themes/scikit-learn/static/pyparsing.py,3.3,🟢 Low,1,1,0.0,0,2311.0
pytest,src/_pytest/approx.py,3.3,🟢 Low,2,1,0.5,1,565.0
requests,requests/packages/chardet/mbcharsetprober.py,3.3,🟢 Low,5,3,0.0,1775,46.6
scikit-learn,examples/gaussian_process/plot_gp_regression_noise.py,3.3,🟢 Low,1,1,0.0,0,34.0
scikit-learn,scikits/learn/src/cblas/ATL_dreftrsvLTN.c,3.3,🟢 Low,2,1,0.0,350,23.0
scikit-learn,scikits/learn/src/cblas/atlas_misc.h,3.3,🟢 Low,2,1,0.0,350,51.0
requests,requests/packages/chardet/charsetgroupprober.py,3.3,🟢 Low,5,3,0.0,1775,64.6
scikit-learn,scikits/learn/src/cblas/ATL_dreftrsvLTU.c,3.3,🟢 Low,2,1,0.0,350,23.0
scikit-learn,scikits/learn/pyem/data/iris/data.py,3.2,🟢 Low,1,1,0.0,0,69.0
django,tests/view_tests/tests/shortcuts.py,3.2,🟢 Low,1,1,0.0,0,49.0
scikit-learn,scikits/learn/decomposition/fastica.py,3.2,🟢 Low,2,1,0.0,0,151.0
click,tests/test_utils_2/test_confirm.py,3.2,🟢 Low,1,1,0.0,0,38.0
pytest,pytest/plugin/pytest_resultlog.py,3.2,🟢 Low,2,1,0.0,3,79.0
requests,requests/packages/charade/sjisprober.py,3.2,🟢 Low,2,1,0.0,2,54.5
requests,requests/packages/charade/escprober.py,3.2,🟢 Low,2,1,0.0,2,50.5
scikit-learn,sklearn/externals/array_api_compat/common/_aliases.py,3.1,🟢 Low,4,2,0.0,286,460.75
scikit-learn,sklearn/externals/array_api_extra/_lib/_lazy.py,3.1,🟢 Low,5,1,0.0,443,160.8
requests,requests/packages/chardet/langcyrillicmodel.py,3.1,🟢 Low,5,3,0.0,1775,281.8
pytest,py/apigen/source/testing/test_browser.py,3.1,🟢 Low,1,1,0.0,0,66.0
requests,requests/packages/charade/big5freq.py,3.1,🟢 Low,2,1,0.0,2,877.0
pytest,pytest/plugin/pytest__pytest.py,3.1,🟢 Low,1,1,0.0,0,104.0
scikit-learn,examples/tutorial/plot_pca_3d.py,3.1,🟢 Low,1,1,0.0,0,50.0
scikit-learn,sklearn/decomposition/_online_lda.py,3.0,🟢 Low,1,1,0.0,0,299.0
scikit-learn,scikits/learn/sgd/src/sgd_fast.c,3.0,🟢 Low,2,1,0.5,0,6898.0
requests,requests/packages/charade/eucjpprober.py,3.0,🟢 Low,2,1,0.0,2,53.0
scikit-learn,sklearn/externals/joblib/externals/loky/reusable_executor.py,3.0,🟢 Low,1,1,0.0,0,126.0
requests,requests/packages/chardet/eucjpprober.py,3.0,🟢 Low,5,3,0.0,1775,51.8
pytest,pytest/config.py,3.0,🟢 Low,1,1,0.0,0,307.0
requests,requests/packages/chardet2/sbcharsetprober.py,3.0,🟢 Low,1,1,0.0,0,68.0
click,tests/test_utils_2/test_echo.py,3.0,🟢 Low,1,1,0.0,0,126.0
requests,requests/packages/chardet2/charsetprober.py,3.0,🟢 Low,1,1,0.0,0,23.0
scikit-learn,scikits/learn/cluster/_ward_dist.c,2.9,🟢 Low,1,1,0.0,0,2963.0
requests,requests/packages/chardet/euckrfreq.py,2.9,🟢 Low,4,3,0.0,1775,350.5
requests,requests/packages/chardet2/mbcsgroupprober.py,2.9,🟢 Low,1,1,0.0,0,20.0
pytest,pytest/plugin/pytest_pastebin.py,2.9,🟢 Low,2,1,0.0,3,56.0
django,tests/template_tests/response.py,2.9,🟢 Low,1,1,0.0,0,250.0
django,django/parts/media/photos.py,2.9,🟢 Low,1,1,0.0,0,5.0
pytest,pytest/plugin/pytest_recwarn.py,2.8,🟢 Low,2,1,0.0,3,68.0
requests,requests/packages/chardet/euctwfreq.py,2.8,🟢 Low,4,3,0.0,1775,359.5
scikit-learn,scikits/learn/covariance/shrunk_covariance.py,2.8,🟢 Low,1,1,0.0,0,23.0
django,django/conf/project_template/settings/urls/main.py,2.8,🟢 Low,1,1,1.0,0,3.0
requests,requests/packages/chardet/escsm.py,2.8,🟢 Low,5,3,0.0,1775,197.8
django,media/js/admin/add_calendars.js,2.8,🟢 Low,1,1,0.0,0,106.0
django,tests/forms_tests/tests/widgets.py,2.8,🟢 Low,1,1,0.0,0,818.0
scikit-learn,sklearn/externals/array_api_compat/cupy/linalg.py,2.8,🟢 Low,3,1,0.0,443,37.0
scikit-learn,doc/tutorial/machine_learning_map/jquery.maphilight.js,2.8,🟢 Low,1,1,0.0,0,296.0
scikit-learn,sklearn/externals/array_api_extra/_lib/__init__.py,2.8,🟢 Low,2,1,0.0,152,1.0
scikit-learn,scikits/learn/gpml/regression_models.py,2.7,🟢 Low,1,1,0.0,0,18.0
pytest,py/apigen/tracer/testing/package/submodule/__init__.py,2.7,🟢 Low,1,1,0.0,0,10.0
scikit-learn,scikits/learn/machine/manifold_learning/matrix/expression_template_iterators.h,2.7,🟢 Low,1,1,0.0,0,445.0
requests,test_requests_async.py,2.7,🟢 Low,1,1,0.0,0,35.0
django,django/contrib/admin/static/admin/js/vendor/select2/i18n/bs.js,2.7,🟢 Low,2,2,0.0,299,1.0
pytest,py/test/tkinter/testing/test_backend.py,2.7,🟢 Low,2,1,0.0,0,169.0
django,django/contrib/admin/static/admin/js/vendor/select2/i18n/sl.js,2.7,🟢 Low,2,2,0.0,299,1.0
django,django/contrib/admin/static/admin/js/vendor/select2/i18n/af.js,2.7,🟢 Low,2,2,0.0,299,1.0
django,django/contrib/admin/static/admin/js/vendor/select2/i18n/hsb.js,2.7,🟢 Low,2,2,0.0,299,1.0
django,django/contrib/admin/static/admin/js/vendor/select2/i18n/hy.js,2.7,🟢 Low,2,2,0.0,299,1.0
django,django/contrib/admin/static/admin/js/vendor/select2/i18n/ka.js,2.7,🟢 Low,2,2,0.0,299,1.0
django,django/contrib/admin/static/admin/js/vendor/select2/i18n/dsb.js,2.7,🟢 Low,2,2,0.0,299,1.0
django,django/contrib/admin/static/admin/js/vendor/select2/i18n/tk.js,2.7,🟢 Low,2,2,0.0,299,1.0
django,django/contrib/admin/static/admin/js/vendor/select2/i18n/bn.js,2.7,🟢 Low,2,2,0.0,299,1.0
pytest,py/test/tkinter/testing/data/filetest.py,2.7,🟢 Low,1,1,0.0,0,10.0
scikit-learn,examples/tutorial/plot_ols.py,2.7,🟢 Low,1,1,0.0,0,21.0
django,django/contrib/admin/static/admin/js/vendor/select2/i18n/ne.js,2.7,🟢 Low,2,2,0.0,299,1.0
django,django/contrib/admin/static/admin/js/vendor/select2/i18n/sq.js,2.7,🟢 Low,2,2,0.0,299,1.0
django,django/contrib/admin/static/admin/js/vendor/select2/i18n/ps.js,2.7,🟢 Low,2,2,0.0,299,1.0
requests,requests/packages/oauthlib/oauth1/rfc5849/parameters.py,2.6,🟢 Low,1,1,0.0,0,34.0
django,django/conf/app_template/urls/app_name.py,2.6,🟢 Low,1,1,0.0,0,3.0
requests,requests/packages/chardet/langbulgarianmodel.py,2.6,🟢 Low,5,3,0.0,1775,181.0
scikit-learn,scikits/learn/src/cblas/cblas_daxpy.c,2.6,🟢 Low,2,1,0.0,451,44.0
scikit-learn,examples/species_distribution_modeling.py,2.6,🟢 Low,1,1,0.0,0,129.0
pytest,py/net/test/test_pipelayer.py,2.6,🟢 Low,1,1,0.0,0,197.0
scikit-learn,examples/ensemble/plot_adaboost_iris.py,2.6,🟢 Low,1,1,0.0,0,56.0
requests,requests/packages/oauthlib/oauth2/draft25/tokens.py,2.6,🟢 Low,1,1,0.0,0,57.0
scikit-learn,scikits/learn/src/tron.cpp,2.6,🟢 Low,1,1,0.0,0,186.0
pytest,py/magic/testing/test_autopath.py,2.6,🟢 Low,1,1,0.0,0,82.0
requests,requests/packages/chardet2/langcyrillicmodel.py,2.6,🟢 Low,1,1,0.0,0,281.0
scikit-learn,scikits/learn/clustering/affinity_propagation_.py,2.6,🟢 Low,1,1,0.0,0,81.0
requests,requests/packages/urllib3/__collections.py,2.6,🟢 Low,1,1,0.0,0,664.0
scikit-learn,sklearn/utils/_graph_tools.c,2.6,🟢 Low,1,1,0.0,0,6382.0
pytest,py/misc/stdoutcapture.py,2.6,🟢 Low,1,1,0.0,0,61.0
scikit-learn,scikits/learn/clustering/mean_shift_.py,2.6,🟢 Low,1,1,0.0,0,79.0
scikit-learn,scikits/learn/covariance/oas.py,2.6,🟢 Low,1,1,0.0,0,23.0
scikit-learn,sklearn/utils/mst/_traversal.c,2.6,🟢 Low,1,1,0.0,0,7549.0
pytest,py/apigen/rest/htmlhandlers.py,2.6,🟢 Low,1,1,0.0,0,74.0
scikit-learn,sklearn/utils/lgamma.cpp,2.6,🟢 Low,1,1,0.0,0,963.0
django,django/tests/template_inheritance.py,2.6,🟢 Low,1,1,0.0,0,50.0
requests,requests/packages/chardet/langhungarianmodel.py,2.6,🟢 Low,5,3,0.0,1775,181.0
scikit-learn,scikits/learn/ga/tree_opt.py,2.6,🟢 Low,2,1,0.0,0,146.0
requests,requests/packages/chardet/langgreekmodel.py,2.6,🟢 Low,5,3,0.0,1775,181.0
scikit-learn,scikits/learn/gpml/correlation_models.py,2.6,🟢 Low,1,1,0.0,0,90.0
django,django/conf/urls/flatfiles.py,2.6,🟢 Low,1,1,0.0,0,4.0
scikit-learn,scikits/learn/linear_model/benchmarks/bench_lasso.py,2.5,🟢 Low,1,1,0.0,0,79.0
scikit-learn,examples/tutorial/plot_stock_market.py,2.5,🟢 Low,1,1,0.0,0,169.0
click,tests/test_utils_2/test_open_file.py,2.5,🟢 Low,1,1,0.0,0,87.0
scikit-learn,sklearn/externals/array_api_extra/_lib/_utils/_helpers.py,2.5,🟢 Low,5,1,0.0,443,211.2
scikit-learn,sklearn/utils/_min_spanning_tree.c,2.5,🟢 Low,1,1,0.0,0,4227.0
django,tests/view_tests/tests/debug.py,2.5,🟢 Low,1,1,0.0,0,382.0
scikit-learn,scikits/learn/pyem/data/pendigits/data.py,2.5,🟢 Low,1,1,0.0,0,127.0
requests,requests/packages/oauthlib/oauth1/rfc5849/signature.py,2.5,🟢 Low,1,1,0.0,0,103.0
requests,requests/packages/chardet/langthaimodel.py,2.5,🟢 Low,5,3,0.0,1775,155.8
pytest,py/test/rsession/rsync_remote.py,2.5,🟢 Low,1,1,0.0,0,76.0
django,django/tests/template_tests.py,2.4,🟢 Low,1,1,0.0,0,584.0
scikit-learn,scikits/learn/machine/manifold_learning/matrix/iterator_based_functions.h,2.4,🟢 Low,1,1,0.0,0,315.0
pytest,py/builtin/__init__.py,2.4,🟢 Low,2,2,0.0,11,0.0
scikit-learn,scikits/learn/machine/manifold_learning/matrix/sub_matrix_lib.h,2.4,🟢 Low,1,1,0.0,0,287.0
pytest,py/log/__init__.py,2.4,🟢 Low,2,2,0.0,11,0.0
scikit-learn,scikits/learn/machine/manifold_learning/matrix/sub_vector_matrix_lib.h,2.4,🟢 Low,1,1,0.0,0,337.0
scikit-learn,scikits/learn/machine/manifold_learning/matrix/type_traits.h,2.4,🟢 Low,1,1,0.0,0,469.0
pytest,py/xmlobj/__init__.py,2.4,🟢 Low,2,2,0.0,11,0.0
requests,requests/packages/chardet/hebrewprober.py,2.4,🟢 Low,5,3,0.0,1775,73.4
scikit-learn,scikits/learn/machine/manifold_learning/matrix/matrix_functions.h,2.4,🟢 Low,1,1,0.0,0,734.0
pytest,py/compat/__init__.py,2.4,🟢 Low,2,2,0.0,11,0.0
requests,requests/packages/charade/euckrfreq.py,2.4,🟢 Low,2,1,0.0,2,550.0
scikit-learn,sklearn/externals/array_api_compat/dask/array/_info.py,2.4,🟢 Low,4,2,0.0,443,157.75
django,examples/urls.py,2.4,🟢 Low,1,1,0.0,0,5.0
django,media/js/getElementsBySelector.js,2.4,🟢 Low,1,1,0.0,0,137.0
scikit-learn,scikits/learn/src/blas/blasp.h,2.3,🟢 Low,1,1,0.0,0,279.0
scikit-learn,scikits/learn/machine/manifold_learning/matrix/sub_matrix_iterator.h,2.3,🟢 Low,1,1,0.0,0,111.0
pytest,py/test/testing/test_host.py,2.3,🟢 Low,1,1,0.0,0,42.0
scikit-learn,sklearn/preprocessing/preprocessing.py,2.3,🟢 Low,1,1,0.0,0,272.0
django,django/tests/cache_tests.py,2.3,🟢 Low,1,1,0.0,0,90.0
requests,requests/packages/chardet2/codingstatemachine.py,2.3,🟢 Low,1,1,0.0,0,21.0
scikit-learn,scikits/learn/machine/manifold_learning/matrix/diagonal_matrix_iterator.h,2.3,🟢 Low,1,1,0.0,0,105.0
scikit-learn,sklearn/experimental/__init__.py,2.3,🟢 Low,3,2,0.0,1914,0.0
requests,requests/packages/chardet/langhebrewmodel.py,2.3,🟢 Low,5,3,0.0,1775,155.8
requests,requests/packages/poster/encode.py,2.3,🟢 Low,1,1,0.0,0,232.0
requests,requests/packages/chardet/chardistribution.py,2.3,🟢 Low,5,3,0.0,1775,121.8
scikit-learn,scikits/learn/datasets/german/german.py,2.2,🟢 Low,2,1,0.0,0,4082.0
requests,requests/packages/chardet2/langhungarianmodel.py,2.2,🟢 Low,1,1,0.0,0,181.0
scikit-learn,scikits/learn/machine/manifold_learning/matrix/dynamic_container_matrix.h,2.2,🟢 Low,1,1,0.0,0,707.0
scikit-learn,scikits/learn/machine/manifold_learning/matrix/expression_template.h,2.2,🟢 Low,1,1,0.0,0,589.0
pytest,py/builtin/testing/test_set.py,2.2,🟢 Low,1,1,0.0,0,10.0
django,examples/settings.py,2.2,🟢 Low,1,1,0.0,0,3.0
requests,requests/packages/chardet2/langbulgarianmodel.py,2.2,🟢 Low,1,1,0.0,0,181.0
requests,requests/packages/chardet2/langgreekmodel.py,2.2,🟢 Low,1,1,0.0,0,181.0
django,tests/forms_tests/tests/error_messages.py,2.2,🟢 Low,1,1,0.0,0,226.0
scikit-learn,scikits/learn/datasets/pendigits/testing/pendigits_tes.py,2.2,🟢 Low,1,1,0.0,0,3036.0
requests,requests/packages/charade/hebrewprober.py,2.2,🟢 Low,2,1,0.0,2,73.0
django,media/js/core.js,2.2,🟢 Low,1,1,0.0,0,91.0
django,django/templatetags/comments.py,2.2,🟢 Low,1,1,0.0,0,272.0
scikit-learn,scikits/learn/machine/manifold_learning/matrix/sub_vector_matrix_iterator.h,2.2,🟢 Low,1,1,0.0,0,293.0
requests,tests/api_tests.py,2.2,🟢 Low,1,1,0.0,0,176.0
pytest,py/execnet/script/quitserver.py,2.1,🟢 Low,1,1,0.0,0,8.0
pytest,py/misc/testing/test_simplecapture.py,2.1,🟢 Low,1,1,0.0,0,79.0
requests,requests/packages/chardet/euckrprober.py,2.1,🟢 Low,5,3,0.0,1775,12.8
requests,requests/packages/chardet/big5prober.py,2.1,🟢 Low,5,3,0.0,1775,12.8
pytest,py/c-extension/greenlet/test_remote.py,2.1,🟢 Low,1,1,0.0,0,55.0
pytest,py/c-extension/greenlet/test_throw.py,2.1,🟢 Low,1,1,0.0,0,85.0
scikit-learn,doc/themes/scikit-learn/static/doctools.js,2.1,🟢 Low,1,1,0.0,0,157.0
django,tests/regressiontests/markup/tests.py,2.1,🟢 Low,1,1,0.0,0,55.0
requests,requests/packages/chardet2/escsm.py,2.1,🟢 Low,1,1,0.0,0,197.0
pytest,py/code/testing/test_cpython_features.py,2.1,🟢 Low,1,1,0.0,0,14.0
pytest,py/test/testing/test_raises.py,2.1,🟢 Low,1,1,0.0,0,12.0
pytest,py/test/tkinter/tksession.py,2.1,🟢 Low,1,1,0.0,0,12.0
requests,requests/packages/charade/charsetgroupprober.py,2.1,🟢 Low,2,1,0.0,2,69.0
requests,requests/packages/charade/jisfreq.py,2.1,🟢 Low,2,1,0.0,2,520.0
django,media/js/SelectBox.js,2.1,🟢 Low,1,1,0.0,0,104.0
pytest,py/path/extpy/testing/inc_test_extpy.py,2.1,🟢 Low,1,1,0.0,0,12.0
pytest,py/test/testing/test_deprecated.py,2.1,🟢 Low,1,1,0.0,0,27.0
requests,requests/packages/chardet2/euckrfreq.py,2.1,🟢 Low,1,1,0.0,0,550.0
pytest,py/env.py,2.1,🟢 Low,1,1,0.0,0,27.0
requests,requests/packages/chardet2/jisfreq.py,2.1,🟢 Low,1,1,0.0,0,520.0
pytest,py/builtin/testing/test_reversed.py,2.1,🟢 Low,1,1,0.0,0,13.0
click,tests/test_utils_2/test_sentinel.py,2.0,🟢 Low,1,1,0.0,0,43.0
scikit-learn,scikits/learn/machine/manifold_learning/matrix/static_container_matrix.h,2.0,🟢 Low,2,1,0.0,0,213.0
requests,requests/packages/chardet2/langhebrewmodel.py,2.0,🟢 Low,1,1,0.0,0,156.0
pytest,py/builtin/sorted.py,2.0,🟢 Low,1,1,0.0,0,28.0
requests,tests/integration_tests.py,2.0,🟢 Low,1,1,0.0,0,311.0
requests,requests/packages/chardet2/langthaimodel.py,2.0,🟢 Low,1,1,0.0,0,156.0
pytest,py/magic/testing/test_patch.py,2.0,🟢 Low,1,1,0.0,0,26.0
requests,requests/packages/chardet2/jpcntx.py,2.0,🟢 Low,1,1,0.0,0,156.0
requests,requests/packages/chardet2/chardistribution.py,2.0,🟢 Low,1,1,0.0,0,116.0
requests,requests/packages/chardet2/big5freq.py,2.0,🟢 Low,1,1,0.0,0,877.0
pytest,py/apigen/tracer/magic.py,1.9,🟢 Low,1,1,0.0,0,44.0
pytest,py/test/rsession/testing/runtest.py,1.9,🟢 Low,1,1,0.0,0,40.0
scikit-learn,scikits/learn/machine/manifold_learning/regression/neighboors/neighboorsFromMatrix.h,1.9,🟢 Low,1,1,0.0,0,188.0
scikit-learn,sklearn/externals/array_api_extra/_lib/_backends.py,1.9,🟢 Low,4,1,0.0,443,32.75
scikit-learn,sklearn/externals/array_api_extra/_lib/_funcs.py,1.9,🟢 Low,5,1,0.0,443,374.4
scikit-learn,scikits/learn/pyem/data/pendigits/pendigits.py,1.9,🟢 Low,1,1,0.0,0,10994.0
scikit-learn,scikits/learn/machine/manifold_learning/regression/neighbors/neighboorsFromMatrix.h,1.9,🟢 Low,1,1,1.0,0,188.0
requests,requests/packages/oauthlib/common.py,1.9,🟢 Low,1,1,0.0,0,104.0
requests,requests/packages/chardet/gb2312prober.py,1.9,🟢 Low,5,3,0.0,1775,12.8
requests,requests/packages/chardet/euctwprober.py,1.9,🟢 Low,5,3,0.0,1775,12.8
pytest,py/log/testing/test_logger.py,1.9,🟢 Low,1,1,0.0,0,80.0
django,media/js/calendar.js,1.9,🟢 Low,1,1,0.0,0,114.0
requests,requests/packages/charade/langbulgarianmodel.py,1.9,🟢 Low,2,1,0.0,2,198.0
django,media/js/SelectFilter2.js,1.9,🟢 Low,1,1,0.0,0,99.0
django,media/js/admin/ordering.js,1.9,🟢 Low,1,1,0.0,0,114.0
requests,requests/packages/charade/langthaimodel.py,1.9,🟢 Low,2,1,0.0,2,155.0
django,django/contrib/sitemap/views.py,1.9,🟢 Low,1,1,1.0,0,28.0
pytest,py/magic/viewtype.py,1.9,🟢 Low,1,1,0.0,0,48.0
pytest,py/path/svn/cache.py,1.8,🟢 Low,1,1,0.0,0,40.0
scikit-learn,sklearn/covariance/_shrunk_covariance_.py,1.8,🟢 Low,1,1,0.0,0,144.0
pytest,py/magic/testing/test_invoke.py,1.8,🟢 Low,1,1,0.0,0,24.0
scikit-learn,scikits/learn/pyem/pyem/tests/test_densities.py,1.8,🟢 Low,2,1,0.0,0,63.5
pytest,py/test/tkinter/testing/test_reportsession.py,1.8,🟢 Low,1,1,0.0,0,34.0
scikit-learn,scikits/learn/machine/manifold_learning/matrix/matrix_lib.h,1.8,🟢 Low,1,1,0.0,0,286.0
pytest,py/test/rsession/testing/example1.py,1.8,🟢 Low,1,1,0.0,0,8.0
scikit-learn,scikits/learn/src/cblas/ATL_dtpsv.c,1.8,🟢 Low,1,1,0.0,0,64.0
pytest,py/test/tkinter/event.py,1.8,🟢 Low,1,1,0.0,0,14.0
requests,requests/packages/charade/escsm.py,1.8,🟢 Low,2,1,0.0,2,197.0
scikit-learn,sklearn/externals/array_api_extra/testing.py,1.8,🟢 Low,5,1,0.0,443,179.4
pytest,py/path/extpy/testing/inc_pseudofs.py,1.8,🟢 Low,1,1,0.0,0,8.0
requests,requests/packages/oauthlib/oauth2/draft25/__init__.py,1.7,🟢 Low,1,1,0.0,0,111.0
pytest,py/test/rsession/testing/example2.py,1.7,🟢 Low,1,1,0.0,0,21.0
requests,requests/packages/chardet2/mbcssm.py,1.7,🟢 Low,1,1,0.0,0,426.0
pytest,py/builtin/testing/test_sorted.py,1.7,🟢 Low,1,1,0.0,0,22.0
pytest,py/apigen/tracer/testing/package/submodule/pak/mod.py,1.7,🟢 Low,1,1,0.0,0,7.0
requests,requests/packages/charade/euctwfreq.py,1.7,🟢 Low,2,1,0.0,2,379.0
scikit-learn,examples/callbacks/plot_callback_support.py,1.7,🟢 Low,1,1,1.0,0,179.0
django,tests/modeltests/test_client/management.py,1.7,🟢 Low,1,1,0.0,0,7.0
scikit-learn,scikits/learn/ga/ga_gnm.py,1.7,🟢 Low,2,1,0.0,0,19.0
pytest,py/path/local/common.py,1.7,🟢 Low,1,1,0.0,0,21.0
pytest,py/test/terminal/__init__.py,1.6,🟢 Low,1,1,0.0,0,0.0
pytest,py/test/rsession/testing/__init__.py,1.6,🟢 Low,1,1,0.0,0,0.0
pytest,py/log/testing/__init__.py,1.6,🟢 Low,1,1,0.0,0,0.0
pytest,py/process/testing/__init__.py,1.6,🟢 Low,1,1,0.0,0,0.0
pytest,py/execnet/testing/__init__.py,1.6,🟢 Low,1,1,0.0,0,0.0
pytest,py/io/test/test_dupfile.py,1.6,🟢 Low,1,1,0.0,0,18.0
pytest,py/io/test/__init__.py,1.6,🟢 Low,1,1,0.0,0,0.0
pytest,py/test/rsession/__init__.py,1.6,🟢 Low,1,1,0.0,0,0.0
pytest,py/thread/testing/__init__.py,1.6,🟢 Low,1,1,0.0,0,0.0
scikit-learn,scikits/learn/pyem/pyem/online_em.py,1.6,🟢 Low,2,1,0.0,0,166.0
pytest,py/path/testing/__init__.py,1.6,🟢 Low,1,1,0.0,0,0.0
pytest,py/thread/__init__.py,1.6,🟢 Low,1,1,0.0,0,0.0
pytest,py/magic/testing/__init__.py,1.6,🟢 Low,1,1,0.0,0,0.0
pytest,py/path/extpy/testing/__init__.py,1.6,🟢 Low,1,1,0.0,0,0.0
pytest,py/tool/__init__.py,1.6,🟢 Low,1,1,0.0,0,0.0
pytest,py/tool/testing/__init__.py,1.6,🟢 Low,1,1,0.0,0,0.0
pytest,py/apigen/rest/testing/test_htmlhandlers.py,1.6,🟢 Low,1,1,0.0,0,40.0
pytest,py/xmlobj/testing/__init__.py,1.6,🟢 Low,1,1,0.0,0,0.0
requests,requests/packages/oauthlib/oauth2/draft25/parameters.py,1.6,🟢 Low,1,1,0.0,0,48.0
rich,rich/_unicode_data/unicode5-2-0.py,1.6,🟢 Low,5,1,0.0,4,411.8
pytest,py/path/extpy/__init__.py,1.6,🟢 Low,1,1,0.0,0,0.0
rich,rich/_unicode_data/unicode6-0-0.py,1.6,🟢 Low,5,1,0.0,4,419.8
rich,rich/_unicode_data/unicode6-1-0.py,1.6,🟢 Low,5,1,0.0,4,430.8
rich,rich/_unicode_data/unicode6-2-0.py,1.6,🟢 Low,5,1,0.0,4,430.8
rich,rich/_unicode_data/unicode6-3-0.py,1.6,🟢 Low,5,1,0.0,4,431.8
pytest,py/builtin/testing/__init__.py,1.6,🟢 Low,1,1,0.0,0,0.0
pytest,py/path/local/__init__.py,1.6,🟢 Low,1,1,0.0,0,0.0
pytest,py/path/local/testing/__init__.py,1.6,🟢 Low,1,1,0.0,0,0.0
pytest,py/path/svn/__init__.py,1.6,🟢 Low,1,1,0.0,0,0.0
pytest,py/compat/testing/__init__.py,1.6,🟢 Low,1,1,0.0,0,0.0
pytest,py/path/svn/testing/__init__.py,1.6,🟢 Low,1,1,0.0,0,0.0
scikit-learn,scikits/learn/machine/manifold_learning/matrix/inversion.h,1.5,🟢 Low,1,1,0.0,0,160.0
scikit-learn,scikits/learn/pyem/src/pure_den.c,1.5,🟢 Low,2,1,0.0,0,351.0
scikit-learn,scikits/learn/datasets/heart/heart.py,1.5,🟢 Low,1,1,0.0,0,355.0
pytest,py/test/tkinter/testing/test_repository.py,1.5,🟢 Low,1,1,0.0,0,117.0
pytest,py/test/tkinter/repository.py,1.5,🟢 Low,1,1,0.0,0,112.0
django,django/contrib/admin/static/admin/js/vendor/select2/select2.full.min.js,1.5,🟢 Low,3,2,0.0,1090,1.6666666666666667
requests,requests/packages/chardet2/gb2312freq.py,1.5,🟢 Low,1,1,0.0,0,426.0
django,django/contrib/admin/static/admin/js/vendor/select2/i18n/pt-BR.js,1.5,🟢 Low,3,2,0.0,1090,1.0
django,django/contrib/admin/static/admin/js/vendor/select2/i18n/es.js,1.5,🟢 Low,3,2,0.0,1090,1.0
django,django/contrib/admin/static/admin/js/vendor/select2/i18n/nb.js,1.5,🟢 Low,3,2,0.0,1090,1.0
pytest,py/c-extension/greenlet/dummy_greenlet.py,1.5,🟢 Low,1,1,0.0,0,106.0
django,django/contrib/admin/static/admin/js/vendor/select2/i18n/ms.js,1.5,🟢 Low,3,2,0.0,1090,1.0
pytest,py/magic/invoke.py,1.5,🟢 Low,1,1,0.0,0,14.0
django,django/contrib/admin/static/admin/js/vendor/select2/i18n/mk.js,1.5,🟢 Low,3,2,0.0,1090,1.0
requests,requests/packages/chardet2/euctwfreq.py,1.5,🟢 Low,1,1,0.0,0,379.0
django,django/contrib/admin/static/admin/js/vendor/select2/i18n/lv.js,1.5,🟢 Low,3,2,0.0,1090,1.0
django,django/contrib/admin/static/admin/js/vendor/select2/i18n/lt.js,1.5,🟢 Low,3,2,0.0,1090,1.0
django,django/contrib/admin/static/admin/js/vendor/select2/i18n/ko.js,1.5,🟢 Low,3,2,0.0,1090,1.0
django,django/contrib/admin/static/admin/js/vendor/select2/i18n/km.js,1.5,🟢 Low,3,2,0.0,1090,1.0
django,django/contrib/admin/static/admin/js/vendor/select2/i18n/en.js,1.5,🟢 Low,3,2,0.0,1090,1.0
django,django/contrib/admin/static/admin/js/vendor/select2/i18n/ja.js,1.5,🟢 Low,3,2,0.0,1090,1.0
django,django/contrib/admin/static/admin/js/vendor/select2/i18n/it.js,1.5,🟢 Low,3,2,0.0,1090,1.0
django,django/contrib/admin/static/admin/js/vendor/select2/i18n/is.js,1.5,🟢 Low,3,2,0.0,1090,1.0
django,django/contrib/admin/static/admin/js/vendor/select2/i18n/id.js,1.5,🟢 Low,3,2,0.0,1090,1.0
django,django/contrib/admin/static/admin/js/vendor/select2/i18n/hu.js,1.5,🟢 Low,3,2,0.0,1090,1.0
django,django/contrib/admin/static/admin/js/vendor/select2/i18n/hr.js,1.5,🟢 Low,3,2,0.0,1090,1.0
django,django/contrib/admin/static/admin/js/vendor/select2/i18n/hi.js,1.5,🟢 Low,3,2,0.0,1090,1.0
django,django/contrib/admin/static/admin/js/vendor/select2/i18n/he.js,1.5,🟢 Low,3,2,0.0,1090,1.0
pytest,py/apigen/source/browser.py,1.5,🟢 Low,1,1,0.0,0,106.0
django,django/contrib/admin/static/admin/js/vendor/select2/i18n/gl.js,1.5,🟢 Low,3,2,0.0,1090,1.0
pytest,py/apigen/rest/testing/someothermodule.py,1.5,🟢 Low,1,1,0.0,0,4.0
django,django/contrib/admin/static/admin/js/vendor/select2/i18n/fr.js,1.5,🟢 Low,3,2,0.0,1090,1.0
django,django/contrib/admin/static/admin/js/vendor/select2/i18n/fi.js,1.5,🟢 Low,3,2,0.0,1090,1.0
django,django/contrib/admin/static/admin/js/vendor/select2/i18n/fa.js,1.5,🟢 Low,3,2,0.0,1090,1.0
django,django/contrib/admin/static/admin/js/vendor/select2/i18n/eu.js,1.5,🟢 Low,3,2,0.0,1090,1.0
django,django/contrib/admin/static/admin/js/vendor/select2/i18n/pl.js,1.5,🟢 Low,3,2,0.0,1090,1.0
django,django/contrib/admin/static/admin/js/vendor/select2/i18n/nl.js,1.5,🟢 Low,3,2,0.0,1090,1.0
django,django/contrib/admin/static/admin/js/vendor/select2/i18n/el.js,1.5,🟢 Low,3,2,0.0,1090,1.0
django,django/contrib/admin/static/admin/js/vendor/select2/i18n/zh-TW.js,1.5,🟢 Low,3,2,0.0,1090,1.0
django,tests/othertests/urlpatterns_reverse.py,1.5,🟢 Low,1,1,0.0,0,43.0
django,django/contrib/admin/static/admin/js/vendor/select2/i18n/zh-CN.js,1.5,🟢 Low,3,2,0.0,1090,1.0
django,django/contrib/admin/static/admin/js/vendor/select2/i18n/ar.js,1.5,🟢 Low,3,2,0.0,1090,1.0
django,django/contrib/admin/static/admin/js/vendor/select2/i18n/vi.js,1.5,🟢 Low,3,2,0.0,1090,1.0
django,django/contrib/admin/static/admin/js/vendor/select2/i18n/uk.js,1.5,🟢 Low,3,2,0.0,1090,1.0
pytest,py/compat/testing/test_subprocess.py,1.5,🟢 Low,1,1,0.0,0,432.0
django,django/contrib/admin/static/admin/js/vendor/select2/i18n/tr.js,1.5,🟢 Low,3,2,0.0,1090,1.0
django,django/contrib/admin/static/admin/js/vendor/select2/i18n/th.js,1.5,🟢 Low,3,2,0.0,1090,1.0
django,django/contrib/admin/static/admin/js/vendor/select2/i18n/sv.js,1.5,🟢 Low,3,2,0.0,1090,1.0
django,django/contrib/admin/static/admin/js/vendor/select2/i18n/pt.js,1.5,🟢 Low,3,2,0.0,1090,1.0
django,django/contrib/admin/static/admin/js/vendor/select2/i18n/az.js,1.5,🟢 Low,3,2,0.0,1090,1.0
django,django/contrib/admin/static/admin/js/vendor/select2/i18n/bg.js,1.5,🟢 Low,3,2,0.0,1090,1.0
django,django/contrib/admin/static/admin/js/vendor/select2/i18n/sr.js,1.5,🟢 Low,3,2,0.0,1090,1.0
django,django/contrib/admin/static/admin/js/vendor/select2/i18n/ca.js,1.5,🟢 Low,3,2,0.0,1090,1.0
django,django/contrib/admin/static/admin/js/vendor/select2/i18n/sk.js,1.5,🟢 Low,3,2,0.0,1090,1.0
django,django/contrib/admin/static/admin/js/vendor/select2/i18n/de.js,1.5,🟢 Low,3,2,0.0,1090,1.0
requests,requests/packages/charade/gb2312freq.py,1.5,🟢 Low,2,1,0.0,2,426.0
django,django/contrib/admin/static/admin/js/vendor/select2/i18n/ro.js,1.5,🟢 Low,3,2,0.0,1090,1.0
django,django/contrib/admin/static/admin/js/vendor/select2/i18n/da.js,1.5,🟢 Low,3,2,0.0,1090,1.0
django,django/contrib/admin/static/admin/js/vendor/select2/i18n/ru.js,1.5,🟢 Low,3,2,0.0,1090,1.0
django,django/contrib/admin/static/admin/js/vendor/select2/i18n/sr-Cyrl.js,1.5,🟢 Low,3,2,0.0,1090,1.0
django,django/contrib/admin/static/admin/js/vendor/select2/i18n/cs.js,1.5,🟢 Low,3,2,0.0,1090,1.0
django,django/contrib/admin/static/admin/js/vendor/select2/i18n/et.js,1.5,🟢 Low,3,2,0.0,1090,1.0
pytest,py/builtin/reversed.py,1.4,🟢 Low,1,1,0.0,0,26.0
rich,rich/_unicode_data/unicode5-1-0.py,1.4,🟢 Low,5,1,0.0,4,383.8
pytest,py/test/rsession/conftest.py,1.4,🟢 Low,1,1,0.0,0,9.0
pytest,py/c-extension/conftest.py,1.4,🟢 Low,1,1,0.0,0,3.0
requests,requests/packages/urllib3/six.py,1.4,🟢 Low,1,1,0.0,0,265.0
scikit-learn,scikits/learn/machine/manifold_learning/matrix/sub_vector_lib.h,1.4,🟢 Low,1,1,0.0,0,121.0
pytest,py/misc/capture.py,1.4,🟢 Low,1,1,0.0,0,41.0
pytest,py/execnet/script/xx.py,1.4,🟢 Low,1,1,0.0,0,8.0
django,media/js/dateparse.js,1.4,🟢 Low,1,1,0.0,0,189.0
scikit-learn,scikits/learn/pyem/profile_data/profile_online_em.py,1.4,🟢 Low,1,1,0.0,0,141.0
pytest,py/rest/transform.py,1.4,🟢 Low,1,1,0.0,0,148.0
scikit-learn,web/conf.py,1.3,🟢 Low,1,1,0.0,0,18.0
rich,rich/_unicode_data/unicode17-0-0.py,1.3,🟢 Low,5,1,0.0,4,645.0
pytest,py/apigen/tracer/testing/test_model.py,1.3,🟢 Low,1,1,0.0,0,87.0
pytest,py/builtin/set.py,1.3,🟢 Low,1,1,0.0,0,301.0
scikit-learn,scikits/learn/machine/manifold_learning/matrix/container_iterator.h,1.3,🟢 Low,1,1,0.0,0,108.0
pytest,py/c-extension/greenlet/switch_ppc_macosx.h,1.3,🟢 Low,1,1,0.0,0,22.0
pytest,py/c-extension/greenlet/switch_ppc_unix.h,1.3,🟢 Low,1,1,0.0,0,21.0
pytest,py/c-extension/greenlet/switch_x86_msvc.h,1.3,🟢 Low,1,1,0.0,0,25.0
scikit-learn,sklearn/utils/lgamma.c,1.3,🟢 Low,1,1,0.0,0,1111.0
scikit-learn,sklearn/utils/largescale.c,1.3,🟢 Low,1,1,0.0,0,4560.0
scikit-learn,sklearn/externals/array_api_extra/_lib/_testing.py,1.3,🟢 Low,5,1,0.0,443,97.0
pytest,py/compat/subprocess.py,1.3,🟢 Low,1,1,0.0,0,511.0
django,media/js/admin/DateTimeShortcuts.js,1.3,🟢 Low,1,1,0.0,0,135.0
pytest,py/misc/simplecapture.py,1.3,🟢 Low,1,1,0.0,0,36.0
pytest,py/test/rsession/testing/test_config.py,1.3,🟢 Low,1,1,0.0,0,19.0
pytest,py/magic/patch.py,1.2,🟢 Low,1,1,0.0,0,15.0
pytest,py/apigen/tracer/permastore.py,1.2,🟢 Low,1,1,0.0,0,74.0
pytest,py/apigen/apigen.js,1.2,🟢 Low,1,1,0.0,0,10.0
scikit-learn,scikits/learn/machine/manifold_learning/matrix/pointer_matrix.h,1.2,🟢 Low,1,1,0.0,0,118.0
pytest,py/apigen/source/path.py,1.2,🟢 Low,1,1,0.0,0,2.0
pytest,py/test/tkinter/util.py,1.2,🟢 Low,1,1,0.0,0,218.0
pytest,py/compat/testing/test_textwrap.py,1.2,🟢 Low,1,1,0.0,0,355.0
pytest,py/apigen/tracer/model.py,1.2,🟢 Low,1,1,0.0,0,209.0
django,django/template/signals.py,1.2,🟢 Low,1,1,0.0,0,1.0
django,django/newforms/extras/__init__.py,1.2,🟢 Low,1,1,0.0,0,1.0
pytest,py/compat/testing/test_optparse.py,1.2,🟢 Low,1,1,0.0,0,1171.0
pytest,py/c-extension/greenlet/test_generator_nested.py,1.2,🟢 Low,1,1,0.0,0,122.0
pytest,py/compat/optparse.py,1.2,🟢 Low,1,1,0.0,0,915.0
pytest,py/compat/testing/_findpy.py,1.2,🟢 Low,1,1,0.0,0,24.0
pytest,py/apigen/rest/genrest.py,1.2,🟢 Low,1,1,0.0,0,423.0
pytest,py/test/rsession/webdata/json.py,1.1,🟢 Low,1,1,0.0,0,264.0
pytest,py/builtin/enumerate.py,1.1,🟢 Low,1,1,0.0,0,9.0
pytest,py/apigen/tracer/testing/test_desc.py,1.1,🟢 Low,1,1,0.0,0,18.0
pytest,py/c-extension/greenlet/greenlet.h,1.1,🟢 Low,1,1,0.0,0,21.0
pytest,py/apigen/rest/testing/somemodule.py,1.1,🟢 Low,1,1,0.0,0,5.0
rich,rich/_unicode_data/unicode15-1-0.py,1.1,🟢 Low,5,1,0.0,4,624.0
rich,rich/_unicode_data/unicode16-0-0.py,1.1,🟢 Low,5,1,0.0,4,637.0
pytest,py/magic/testing/test_viewtype.py,1.1,🟢 Low,1,1,0.0,0,40.0
rich,rich/_unicode_data/unicode15-0-0.py,1.1,🟢 Low,5,1,0.0,4,625.0
pytest,py/test/tkinter/tkgui.py,1.1,🟢 Low,1,1,0.0,0,406.0
click,tests/test_utils_2/test_echo_via_pager.py,1.1,🟢 Low,1,1,0.0,0,200.0
pytest,py/test/tkinter/testing/test_util.py,1.1,🟢 Low,1,1,0.0,0,82.0
pytest,py/path/local/win.py,1.1,🟢 Low,1,1,0.0,0,23.0
pytest,py/apigen/tracer/tracer.py,1.1,🟢 Low,1,1,0.0,0,38.0
pytest,py/c-extension/greenlet/switch_amd64_unix.h,1.0,🟢 Low,1,1,0.0,0,19.0
pytest,py/test/rsession/rsync.py,1.0,🟢 Low,1,1,0.0,0,106.0
rich,rich/_unicode_data/unicode9-0-0.py,1.0,🟢 Low,5,1,0.0,4,550.4
pytest,py/c-extension/greenlet/switch_x86_unix.h,1.0,🟢 Low,1,1,0.0,0,19.0
rich,rich/_unicode_data/unicode14-0-0.py,1.0,🟢 Low,5,1,0.0,4,615.0
pytest,py/compat/testing/test_doctest.py,1.0,🟢 Low,1,1,0.0,0,73.0
requests,requests/packages/chardet2/hebrewprober.py,1.0,🟢 Low,1,1,0.0,0,70.0
rich,rich/_unicode_data/unicode10-0-0.py,1.0,🟢 Low,5,1,0.0,4,563.4
rich,rich/_unicode_data/unicode11-0-0.py,1.0,🟢 Low,5,1,0.0,4,578.2
rich,rich/_unicode_data/unicode12-0-0.py,1.0,🟢 Low,5,1,0.0,4,590.2
rich,rich/_unicode_data/unicode12-1-0.py,1.0,🟢 Low,5,1,0.0,4,589.2
rich,rich/_unicode_data/unicode13-0-0.py,1.0,🟢 Low,5,1,0.0,4,601.2
pytest,py/path/svn/xsvnbinding.py,0.9,🟢 Low,1,1,0.0,0,70.0
pytest,py/c-extension/greenlet/switch_sparc_sun_gcc.h,0.9,🟢 Low,1,1,0.0,0,23.0
django,tests/deprecation/test_warn_about_implementation.py,0.9,🟢 Low,1,1,0.0,0,180.0
rich,rich/_unicode_data/unicode7-0-0.py,0.9,🟢 Low,5,1,0.0,4,457.8
rich,rich/_unicode_data/unicode8-0-0.py,0.9,🟢 Low,5,1,0.0,4,465.8
pytest,py/tool/testing/test_utestconvert.py,0.9,🟢 Low,1,1,0.0,0,341.0
pytest,py/c-extension/greenlet/setup.py,0.9,🟢 Low,1,1,0.0,0,7.0
rich,rich/_unicode_data/unicode5-0-0.py,0.9,🟢 Low,5,1,0.0,4,364.8
pytest,py/compat/testing/test_doctest2.py,0.9,🟢 Low,1,1,0.0,0,33.0
rich,rich/_unicode_data/unicode4-1-0.py,0.9,🟢 Low,5,1,0.0,4,359.8
pytest,py/path/extpy/extpy.py,0.8,🟢 Low,1,1,0.0,0,184.0
pytest,py/compat/textwrap.py,0.8,🟢 Low,1,1,0.0,0,125.0
pytest,py/path/extpy/testing/test_extpy.py,0.7,🟢 Low,1,1,0.0,0,133.0
pytest,py/c-extension/greenlet/switch_s390_unix.h,0.7,🟢 Low,1,1,0.0,0,18.0
pytest,py/builtin/testing/test_enumerate.py,0.7,🟢 Low,1,1,0.0,0,6.0
pytest,py/apigen/tracer/testing/package/submodule/pak/somenamespace.py,0.7,🟢 Low,1,1,0.0,0,4.0
pytest,py/path/extpy/testing/test_data/no_trailing_newline.py,0.7,🟢 Low,1,1,0.0,0,3.0
pytest,py/apigen/tracer/testing/runtest.py,0.7,🟢 Low,1,1,0.0,0,4.0
